split,class,filename,filepath,file_size_kb,hash
train,apple,Image_1.jpg,C:\Users\Computer\OneDrive\เดสก์ท็อป\imageprocessing-prj\data\train\apple\Image_1.jpg,1591.03,a12171c58c67ab73fe56f9f5d6c08b50
train,apple,Image_10.jpg,C:\Users\Computer\OneDrive\เดสก์ท็อป\imageprocessing-prj\data\train\apple\Image_10.jpg,130.93,1e913f53585c8e8a1271ce5acb14f135
train,apple,Image_16.jpg,C:\Users\Computer\OneDrive\เดสก์ท็อป\imageprocessing-prj\data\train\apple\Image_16.jpg,23.43,1e9a53296e88003c6f283d4d5d8acae4
train,apple,Image_17.jpg,C:\Users\Computer\OneDrive\เดสก์ท็อป\imageprocessing-prj\data\train\apple\Image_17.jpg,162.46,acf1f371ceea24968e662662c52bda91
train,apple,Image_18.jpg,C:\Users\Computer\OneDrive\เดสก์ท็อป\imageprocessing-prj\data\train\apple\Image_18.jpg,66.83,72e2d4fd38ae54902fd059fd674d7fcc
train,apple,Image_19.jpg,C:\Users\Computer\OneDrive\เดสก์ท็อป\imageprocessing-prj\data\train\apple\Image_19.jpg,383.6,567dceec576d9b516fd8e45a1b66ad90
train,apple,Image_2.jpg,C:\Users\Computer\OneDrive\เดสก์ท็อป\imageprocessing-prj\data\train\apple\Image_2.jpg,74.17,d3998252f568bd9135733a89656de32a
train,apple,Image_20.jpg,C:\Users\Computer\OneDrive\เดสก์ท็อป\imageprocessing-prj\data\train\apple\Image_20.jpg,94.71,ab88982f26be95131170a156312c1075
train,apple,Image_21.jpg,C:\Users\Computer\OneDrive\เดสก์ท็อป\imageprocessing-prj\data\train\apple\Image_21.jpg,876.87,19561cd60769eb1dfb5a89275de24768
train,apple,Image_23.jpg,C:\Users\Computer\OneDrive\เดสก์ท็อป\imageprocessing-prj\data\train\apple\Image_23.jpg,70.63,9b69a20593f2d85fa5c2ae32cdde29d0
train,apple,Image_24.jpg,C:\Users\Computer\OneDrive\เดสก์ท็อป\imageprocessing-prj\data\train\apple\Image_24.jpg,70.01,81fe8fcf008e31f1b07a9f1a276fc64b
train,apple,Image_25.jpg,C:\Users\Computer\OneDrive\เดสก์ท็อป\imageprocessing-prj\data\train\apple\Image_25.jpg,123.66,880a047a41fcce8cb5432b07ddd5a84f
train,apple,Image_26.jpg,C:\Users\Computer\OneDrive\เดสก์ท็อป\imageprocessing-prj\data\train\apple\Image_26.jpg,83.14,855ef0b09fd650e49fcc7a7159a7d78a
train,apple,Image_27.jpg,C:\Users\Computer\OneDrive\เดสก์ท็อป\imageprocessing-prj\data\train\apple\Image_27.jpg,47.31,90a3b5c8e501b2b71825f40c0d20e018
train,apple,Image_28.jpg,C:\Users\Computer\OneDrive\เดสก์ท็อป\imageprocessing-prj\data\train\apple\Image_28.jpg,70.24,9f5991171654a2611cb09cb96dda667f
train,apple,Image_3.jpg,C:\Users\Computer\OneDrive\เดสก์ท็อป\imageprocessing-prj\data\train\apple\Image_3.jpg,348.61,be2f7c93b3eef067a60282118af7f7c8
train,apple,Image_31.jpg,C:\Users\Computer\OneDrive\เดสก์ท็อป\imageprocessing-prj\data\train\apple\Image_31.jpg,52.76,03585c1d470cba1be15a4a0a0f7b70f4
train,apple,Image_32.jpg,C:\Users\Computer\OneDrive\เดสก์ท็อป\imageprocessing-prj\data\train\apple\Image_32.jpg,158.04,c0f58334999198d3d01b4da9426a1c18
train,apple,Image_33.jpg,C:\Users\Computer\OneDrive\เดสก์ท็อป\imageprocessing-prj\data\train\apple\Image_33.jpg,191.24,dcb1d25e06aab3e5bffed5fc651b30ac
train,apple,Image_34.jpg,C:\Users\Computer\OneDrive\เดสก์ท็อป\imageprocessing-prj\data\train\apple\Image_34.jpg,7554.87,1f24ab0897bb0136e4363bf0928f2bc1
train,apple,Image_35.png,C:\Users\Computer\OneDrive\เดสก์ท็อป\imageprocessing-prj\data\train\apple\Image_35.png,222.23,4a948b2726c11bb185b7e5a0e1665a00
train,apple,Image_36.jpg,C:\Users\Computer\OneDrive\เดสก์ท็อป\imageprocessing-prj\data\train\apple\Image_36.jpg,77.08,ea9b7a916b6776904a68d1e9f42749f2
train,apple,Image_37.jpg,C:\Users\Computer\OneDrive\เดสก์ท็อป\imageprocessing-prj\data\train\apple\Image_37.jpg,42.83,86eaa94068cb1bad77861385ab9e0b1a
train,apple,Image_38.jpg,C:\Users\Computer\OneDrive\เดสก์ท็อป\imageprocessing-prj\data\train\apple\Image_38.jpg,56.65,5211e28689a1dc0d0c7b051578b4898b
train,apple,Image_39.jpg,C:\Users\Computer\OneDrive\เดสก์ท็อป\imageprocessing-prj\data\train\apple\Image_39.jpg,1755.31,189cce13180952787661b8db7d09a351
train,apple,Image_40.jpg,C:\Users\Computer\OneDrive\เดสก์ท็อป\imageprocessing-prj\data\train\apple\Image_40.jpg,639.39,bee3a324c2fb848326c555a510eb0383
train,apple,Image_41.jpg,C:\Users\Computer\OneDrive\เดสก์ท็อป\imageprocessing-prj\data\train\apple\Image_41.jpg,155.51,7d7128536c4b287e1be94e109bc3f345
train,apple,Image_42.jpg,C:\Users\Computer\OneDrive\เดสก์ท็อป\imageprocessing-prj\data\train\apple\Image_42.jpg,1414.76,40f3f017db0fc0cd44c8c4ec85adcd85
train,apple,Image_43.jpg,C:\Users\Computer\OneDrive\เดสก์ท็อป\imageprocessing-prj\data\train\apple\Image_43.jpg,320.02,0d4cac842c402b9a8f207f5bd1122d38
train,apple,Image_44.jpg,C:\Users\Computer\OneDrive\เดสก์ท็อป\imageprocessing-prj\data\train\apple\Image_44.jpg,72.93,88cf9f7308eaf1c01ffe0cdc6caa84eb
train,apple,Image_45.jpg,C:\Users\Computer\OneDrive\เดสก์ท็อป\imageprocessing-prj\data\train\apple\Image_45.jpg,94.58,19edc9d3a44445cca5ca9bb5328eb883
train,apple,Image_47.jpg,C:\Users\Computer\OneDrive\เดสก์ท็อป\imageprocessing-prj\data\train\apple\Image_47.jpg,103.81,275abedb91ff0a1a4d9d1644765c4732
train,apple,Image_48.jpg,C:\Users\Computer\OneDrive\เดสก์ท็อป\imageprocessing-prj\data\train\apple\Image_48.jpg,174.12,ce690f783f48ba6024b9ce2bd0706554
train,apple,Image_49.jpg,C:\Users\Computer\OneDrive\เดสก์ท็อป\imageprocessing-prj\data\train\apple\Image_49.jpg,55.75,7e3ba0ed06e9e368f78b7843960a4cfe
train,apple,Image_5.JPG,C:\Users\Computer\OneDrive\เดสก์ท็อป\imageprocessing-prj\data\train\apple\Image_5.JPG,155.14,fce5895e1376ea8402c256eecedc103f
train,apple,Image_50.jpg,C:\Users\Computer\OneDrive\เดสก์ท็อป\imageprocessing-prj\data\train\apple\Image_50.jpg,3716.19,40c0f1b30e52f939325975121c2538c4
train,apple,Image_51.jpg,C:\Users\Computer\OneDrive\เดสก์ท็อป\imageprocessing-prj\data\train\apple\Image_51.jpg,920.82,68d60a7d1c13a7ded3bdf3dd1bb2ddd4
train,apple,Image_52.jpg,C:\Users\Computer\OneDrive\เดสก์ท็อป\imageprocessing-prj\data\train\apple\Image_52.jpg,271.83,6071e154f36247f9b1bc26a990fb4fce
train,apple,Image_53.png,C:\Users\Computer\OneDrive\เดสก์ท็อป\imageprocessing-prj\data\train\apple\Image_53.png,1526.04,5cf9e3c42df3de45ea1149599235bfa8
train,apple,Image_54.jpg,C:\Users\Computer\OneDrive\เดสก์ท็อป\imageprocessing-prj\data\train\apple\Image_54.jpg,105.1,513a849620590062f2e6657f0b6a2cdb
train,apple,Image_55.jpg,C:\Users\Computer\OneDrive\เดสก์ท็อป\imageprocessing-prj\data\train\apple\Image_55.jpg,838.71,21508719f5562dca6637ef7e952dd00a
train,apple,Image_56.jpg,C:\Users\Computer\OneDrive\เดสก์ท็อป\imageprocessing-prj\data\train\apple\Image_56.jpg,10.33,028494b4507d0e34bd45b61d419909e5
train,apple,Image_57.jpg,C:\Users\Computer\OneDrive\เดสก์ท็อป\imageprocessing-prj\data\train\apple\Image_57.jpg,702.93,2a59412bb425ef3bcc52d1474d314f2f
train,apple,Image_58.jpg,C:\Users\Computer\OneDrive\เดสก์ท็อป\imageprocessing-prj\data\train\apple\Image_58.jpg,181.56,b6e50acfa3fa0a05e5856c1df1b29023
train,apple,Image_59.png,C:\Users\Computer\OneDrive\เดสก์ท็อป\imageprocessing-prj\data\train\apple\Image_59.png,696.04,8d4c5420a4e31f20aca0b9684539ddf1
train,apple,Image_6.jpg,C:\Users\Computer\OneDrive\เดสก์ท็อป\imageprocessing-prj\data\train\apple\Image_6.jpg,710.95,60569a8e86c02032d90fc4ce23a6b6c5
train,apple,Image_60.jpg,C:\Users\Computer\OneDrive\เดสก์ท็อป\imageprocessing-prj\data\train\apple\Image_60.jpg,3777.99,e0e6aedab6c1d1272d14084a489f0fad
train,apple,Image_61.jpg,C:\Users\Computer\OneDrive\เดสก์ท็อป\imageprocessing-prj\data\train\apple\Image_61.jpg,117.8,923cfa82da38d6dc713d8cbe4550a7d4
train,apple,Image_62.jpg,C:\Users\Computer\OneDrive\เดสก์ท็อป\imageprocessing-prj\data\train\apple\Image_62.jpg,2038.01,9ff0904c745b78d643fdb3ffcd56b437
train,apple,Image_63.jpg,C:\Users\Computer\OneDrive\เดสก์ท็อป\imageprocessing-prj\data\train\apple\Image_63.jpg,63.94,61e04fab368d45d067567e8bae79060d
train,apple,Image_64.jpg,C:\Users\Computer\OneDrive\เดสก์ท็อป\imageprocessing-prj\data\train\apple\Image_64.jpg,20.84,4a676b98b5b688da77e8b21225a5d982
train,apple,Image_65.png,C:\Users\Computer\OneDrive\เดสก์ท็อป\imageprocessing-prj\data\train\apple\Image_65.png,56.23,c078f77e0a28f20a0e14af0a6dc75d7a
train,apple,Image_67.jpg,C:\Users\Computer\OneDrive\เดสก์ท็อป\imageprocessing-prj\data\train\apple\Image_67.jpg,35.06,e3e7d9d0912afc893ac1e5be74b70c24
train,apple,Image_68.jpg,C:\Users\Computer\OneDrive\เดสก์ท็อป\imageprocessing-prj\data\train\apple\Image_68.jpg,106.06,0ca719e1531d2e04d6c465144781feac
train,apple,Image_69.jpg,C:\Users\Computer\OneDrive\เดสก์ท็อป\imageprocessing-prj\data\train\apple\Image_69.jpg,2521.52,22e9817e544765fd78640aba2a5f8adf
train,apple,Image_7.jpg,C:\Users\Computer\OneDrive\เดสก์ท็อป\imageprocessing-prj\data\train\apple\Image_7.jpg,174.71,fac8266b9e1de84ce084fe045be34028
train,apple,Image_71.png,C:\Users\Computer\OneDrive\เดสก์ท็อป\imageprocessing-prj\data\train\apple\Image_71.png,3527.29,8a2be31a66044979c624be16b13ea0a5
train,apple,Image_76.png,C:\Users\Computer\OneDrive\เดสก์ท็อป\imageprocessing-prj\data\train\apple\Image_76.png,167.87,e5cafafe3b3c65d0477b5a8670db91fd
train,apple,Image_78.jpg,C:\Users\Computer\OneDrive\เดสก์ท็อป\imageprocessing-prj\data\train\apple\Image_78.jpg,1491.67,7bd25226383412a95e9a37d57053553b
train,apple,Image_80.jpg,C:\Users\Computer\OneDrive\เดสก์ท็อป\imageprocessing-prj\data\train\apple\Image_80.jpg,138.8,5a4d30f7c3289bf93fe535e62ee05b3c
train,apple,Image_81.png,C:\Users\Computer\OneDrive\เดสก์ท็อป\imageprocessing-prj\data\train\apple\Image_81.png,1548.5,9bc20a3a033a61c5b582078180a162b7
train,apple,Image_82.jpg,C:\Users\Computer\OneDrive\เดสก์ท็อป\imageprocessing-prj\data\train\apple\Image_82.jpg,43.69,bf0e3f4e0d594d00d17262d193775a73
train,apple,Image_83.png,C:\Users\Computer\OneDrive\เดสก์ท็อป\imageprocessing-prj\data\train\apple\Image_83.png,48.95,74e7a66a028f28eb9ced8321b8b13394
train,apple,Image_86.jpg,C:\Users\Computer\OneDrive\เดสก์ท็อป\imageprocessing-prj\data\train\apple\Image_86.jpg,495.71,115f1198c2046e8986d38099f04766e5
train,apple,Image_87.jpg,C:\Users\Computer\OneDrive\เดสก์ท็อป\imageprocessing-prj\data\train\apple\Image_87.jpg,603.99,1ca078e168581dd259a6a431fd89ec85
train,apple,Image_9.jpg,C:\Users\Computer\OneDrive\เดสก์ท็อป\imageprocessing-prj\data\train\apple\Image_9.jpg,585.97,24a6fdcb7ddc58530dd513a0191fdf97
train,apple,Image_90.jpg,C:\Users\Computer\OneDrive\เดสก์ท็อป\imageprocessing-prj\data\train\apple\Image_90.jpg,26.92,df2f56ebec09744801430e5309cc8c80
train,apple,Image_92.png,C:\Users\Computer\OneDrive\เดสก์ท็อป\imageprocessing-prj\data\train\apple\Image_92.png,1343.85,e00922409de1cc1ed8840556363fe6ac
train,banana,Image_1.jpg,C:\Users\Computer\OneDrive\เดสก์ท็อป\imageprocessing-prj\data\train\banana\Image_1.jpg,59.87,589c6beca423dbc5f47de0a7cb605e7f
train,banana,Image_100.jpg,C:\Users\Computer\OneDrive\เดสก์ท็อป\imageprocessing-prj\data\train\banana\Image_100.jpg,147.37,b5995bcfc854137668f9da06aca879c5
train,banana,Image_11.png,C:\Users\Computer\OneDrive\เดสก์ท็อป\imageprocessing-prj\data\train\banana\Image_11.png,20.83,66265d7c473b547de06761b8f58290d7
train,banana,Image_13.jpg,C:\Users\Computer\OneDrive\เดสก์ท็อป\imageprocessing-prj\data\train\banana\Image_13.jpg,58.75,84268c34b4de7883efff5b7948de6220
train,banana,Image_14.jpg,C:\Users\Computer\OneDrive\เดสก์ท็อป\imageprocessing-prj\data\train\banana\Image_14.jpg,154.82,7a2488e45143469d3d3cb9d813c30a5c
train,banana,Image_15.jpg,C:\Users\Computer\OneDrive\เดสก์ท็อป\imageprocessing-prj\data\train\banana\Image_15.jpg,21.49,76352e470363fd214ba07bcd053c9bd9
train,banana,Image_16.jpg,C:\Users\Computer\OneDrive\เดสก์ท็อป\imageprocessing-prj\data\train\banana\Image_16.jpg,82.9,17dc570ca9c1158e07225cb276f64b75
train,banana,Image_21.JPG,C:\Users\Computer\OneDrive\เดสก์ท็อป\imageprocessing-prj\data\train\banana\Image_21.JPG,185.21,e31571cf3d9dcac71be99dfbc8030890
train,banana,Image_23.jpg,C:\Users\Computer\OneDrive\เดสก์ท็อป\imageprocessing-prj\data\train\banana\Image_23.jpg,283.18,3c4423bc64b8d55dca47caf916ec74cf
train,banana,Image_24.jpg,C:\Users\Computer\OneDrive\เดสก์ท็อป\imageprocessing-prj\data\train\banana\Image_24.jpg,30.81,83c331e78f86fce00a6da9bdac89016d
train,banana,Image_25.jpg,C:\Users\Computer\OneDrive\เดสก์ท็อป\imageprocessing-prj\data\train\banana\Image_25.jpg,35.55,31958f5c1d0d93eaf81ae759da2b9173
train,banana,Image_27.jpg,C:\Users\Computer\OneDrive\เดสก์ท็อป\imageprocessing-prj\data\train\banana\Image_27.jpg,305.04,4eb3ba6e5810e83896fa9ca1e56f905b
train,banana,Image_28.jpg,C:\Users\Computer\OneDrive\เดสก์ท็อป\imageprocessing-prj\data\train\banana\Image_28.jpg,21.92,a4dcd5546a0f737c009db6758b2e85e2
train,banana,Image_3.jpg,C:\Users\Computer\OneDrive\เดสก์ท็อป\imageprocessing-prj\data\train\banana\Image_3.jpg,64.94,ac7d96bd00e4df398b0fe65a2c945d24
train,banana,Image_31.jpg,C:\Users\Computer\OneDrive\เดสก์ท็อป\imageprocessing-prj\data\train\banana\Image_31.jpg,385.22,4cacabeeb13321ce06d9a89fdc75df37
train,banana,Image_32.jpg,C:\Users\Computer\OneDrive\เดสก์ท็อป\imageprocessing-prj\data\train\banana\Image_32.jpg,1471.12,0456b9d69ef2eab4fb1e56595d7f2f18
train,banana,Image_37.jpg,C:\Users\Computer\OneDrive\เดสก์ท็อป\imageprocessing-prj\data\train\banana\Image_37.jpg,224.96,60354784881c11ad41b91c4b30bfbffb
train,banana,Image_4.jpg,C:\Users\Computer\OneDrive\เดสก์ท็อป\imageprocessing-prj\data\train\banana\Image_4.jpg,220.54,474d2b203a4588ef3be16cf45808066c
train,banana,Image_40.jpg,C:\Users\Computer\OneDrive\เดสก์ท็อป\imageprocessing-prj\data\train\banana\Image_40.jpg,452.33,27bd77b7a2a0a4c6ba8f97576fd0225d
train,banana,Image_41.jpg,C:\Users\Computer\OneDrive\เดสก์ท็อป\imageprocessing-prj\data\train\banana\Image_41.jpg,45.71,c025ed845ab1eeb4cbe03d05fa1dbd99
train,banana,Image_42.jpg,C:\Users\Computer\OneDrive\เดสก์ท็อป\imageprocessing-prj\data\train\banana\Image_42.jpg,77.46,c32143148efc0811535badd418920e35
train,banana,Image_43.png,C:\Users\Computer\OneDrive\เดสก์ท็อป\imageprocessing-prj\data\train\banana\Image_43.png,91.19,0ead58e39a354fd15f0eb5a6cac791d3
train,banana,Image_44.jpg,C:\Users\Computer\OneDrive\เดสก์ท็อป\imageprocessing-prj\data\train\banana\Image_44.jpg,334.14,87d508e5cacaada40242dc733617a5e6
train,banana,Image_45.jpg,C:\Users\Computer\OneDrive\เดสก์ท็อป\imageprocessing-prj\data\train\banana\Image_45.jpg,440.61,e977c2778eb2b5bbc223595ef4ed8f63
train,banana,Image_46.jpg,C:\Users\Computer\OneDrive\เดสก์ท็อป\imageprocessing-prj\data\train\banana\Image_46.jpg,108.89,1491de68187ac2658b6386fbb00494fc
train,banana,Image_47.jpg,C:\Users\Computer\OneDrive\เดสก์ท็อป\imageprocessing-prj\data\train\banana\Image_47.jpg,931.79,1cbce7ca8b2fe051d066f3c348b6c7b5
train,banana,Image_48.png,C:\Users\Computer\OneDrive\เดสก์ท็อป\imageprocessing-prj\data\train\banana\Image_48.png,904.28,b68ce613e38948927ff9f3fadba634b7
train,banana,Image_49.jpg,C:\Users\Computer\OneDrive\เดสก์ท็อป\imageprocessing-prj\data\train\banana\Image_49.jpg,175.74,2e5699dc7bfd5031e2a598583ea22043
train,banana,Image_5.jpg,C:\Users\Computer\OneDrive\เดสก์ท็อป\imageprocessing-prj\data\train\banana\Image_5.jpg,48.3,a12947c18f587f9e6bf9d629e7400466
train,banana,Image_50.jpg,C:\Users\Computer\OneDrive\เดสก์ท็อป\imageprocessing-prj\data\train\banana\Image_50.jpg,223.92,ec5c0de7675cc8f6dd18225be835696d
train,banana,Image_51.jpeg,C:\Users\Computer\OneDrive\เดสก์ท็อป\imageprocessing-prj\data\train\banana\Image_51.jpeg,48.28,44f4ed055e0716376bbc7e7e94393dbb
train,banana,Image_52.jpg,C:\Users\Computer\OneDrive\เดสก์ท็อป\imageprocessing-prj\data\train\banana\Image_52.jpg,50.82,f20ee534f6ab83d43b9a6704eaa06d24
train,banana,Image_53.png,C:\Users\Computer\OneDrive\เดสก์ท็อป\imageprocessing-prj\data\train\banana\Image_53.png,80.87,3c933200b27dfe0475b9597dcc9611e6
train,banana,Image_54.jpg,C:\Users\Computer\OneDrive\เดสก์ท็อป\imageprocessing-prj\data\train\banana\Image_54.jpg,20.08,dd62442b0aba244a111436408ab9e216
train,banana,Image_55.jpg,C:\Users\Computer\OneDrive\เดสก์ท็อป\imageprocessing-prj\data\train\banana\Image_55.jpg,13.61,a39ee80f375a87f703aa4c3d689b3ef9
train,banana,Image_56.jpg,C:\Users\Computer\OneDrive\เดสก์ท็อป\imageprocessing-prj\data\train\banana\Image_56.jpg,1085.36,20014a6269fb041cf4a602122c32eb5d
train,banana,Image_57.jpg,C:\Users\Computer\OneDrive\เดสก์ท็อป\imageprocessing-prj\data\train\banana\Image_57.jpg,37.28,85be769acb199f0df6333ef140911daa
train,banana,Image_58.png,C:\Users\Computer\OneDrive\เดสก์ท็อป\imageprocessing-prj\data\train\banana\Image_58.png,205.26,39daae515fadfb60282bda66b89c9f84
train,banana,Image_59.jpg,C:\Users\Computer\OneDrive\เดสก์ท็อป\imageprocessing-prj\data\train\banana\Image_59.jpg,192.51,9581e4b8a30e6c1020569e550cc15f7a
train,banana,Image_6.jpg,C:\Users\Computer\OneDrive\เดสก์ท็อป\imageprocessing-prj\data\train\banana\Image_6.jpg,67.15,783f74323f64aae38c200769fe659ed4
train,banana,Image_61.png,C:\Users\Computer\OneDrive\เดสก์ท็อป\imageprocessing-prj\data\train\banana\Image_61.png,27.85,09648a08b631caf0a1fd8d1c83d66d77
train,banana,Image_62.jpg,C:\Users\Computer\OneDrive\เดสก์ท็อป\imageprocessing-prj\data\train\banana\Image_62.jpg,22.98,fee277f6042d351d931d30fc90d85fd1
train,banana,Image_63.jpg,C:\Users\Computer\OneDrive\เดสก์ท็อป\imageprocessing-prj\data\train\banana\Image_63.jpg,16.62,1cd7adb473c6d1d86b04a02a12de4bc5
train,banana,Image_64.jpg,C:\Users\Computer\OneDrive\เดสก์ท็อป\imageprocessing-prj\data\train\banana\Image_64.jpg,142.11,29203d5537b0c5d0a713f00f0723f144
train,banana,Image_65.png,C:\Users\Computer\OneDrive\เดสก์ท็อป\imageprocessing-prj\data\train\banana\Image_65.png,4101.71,0f3cc1b69f7046e6355687263aead9ee
train,banana,Image_66.jpg,C:\Users\Computer\OneDrive\เดสก์ท็อป\imageprocessing-prj\data\train\banana\Image_66.jpg,158.77,79716aafa4728dcbbc18d31b8f91a3b0
train,banana,Image_67.jpg,C:\Users\Computer\OneDrive\เดสก์ท็อป\imageprocessing-prj\data\train\banana\Image_67.jpg,259.67,d830262913335961eddb97dbdc22cbcc
train,banana,Image_68.jpg,C:\Users\Computer\OneDrive\เดสก์ท็อป\imageprocessing-prj\data\train\banana\Image_68.jpg,856.44,861d47ce86ac1e5860effc053db6e011
train,banana,Image_69.jpg,C:\Users\Computer\OneDrive\เดสก์ท็อป\imageprocessing-prj\data\train\banana\Image_69.jpg,29.3,fc879820ada147860f4df1b747a53ab4
train,banana,Image_71.jpg,C:\Users\Computer\OneDrive\เดสก์ท็อป\imageprocessing-prj\data\train\banana\Image_71.jpg,82.54,cbe232e17b3c374b85ea0a001b633dce
train,banana,Image_72.jpg,C:\Users\Computer\OneDrive\เดสก์ท็อป\imageprocessing-prj\data\train\banana\Image_72.jpg,43.05,276b87eb71527321fe40c2c449425e0e
train,banana,Image_73.jpg,C:\Users\Computer\OneDrive\เดสก์ท็อป\imageprocessing-prj\data\train\banana\Image_73.jpg,42.36,2ba3b1e0cd153887bf66f14d93e218ef
train,banana,Image_75.jpg,C:\Users\Computer\OneDrive\เดสก์ท็อป\imageprocessing-prj\data\train\banana\Image_75.jpg,12.14,9fa6ae8938504234985d9d8d461ec511
train,banana,Image_76.jpg,C:\Users\Computer\OneDrive\เดสก์ท็อป\imageprocessing-prj\data\train\banana\Image_76.jpg,160.81,7ed2a782aaf8bb59b79552e2cd5752f7
train,banana,Image_77.jpg,C:\Users\Computer\OneDrive\เดสก์ท็อป\imageprocessing-prj\data\train\banana\Image_77.jpg,9.23,a45ecc9f4bbf1b619bb261b6b73c16cb
train,banana,Image_79.jpg,C:\Users\Computer\OneDrive\เดสก์ท็อป\imageprocessing-prj\data\train\banana\Image_79.jpg,703.26,f7f26cc14d15b9795afbbee5319133b7
train,banana,Image_8.jpg,C:\Users\Computer\OneDrive\เดสก์ท็อป\imageprocessing-prj\data\train\banana\Image_8.jpg,149.21,c5dec3137131153810431a5b52ae7f06
train,banana,Image_80.png,C:\Users\Computer\OneDrive\เดสก์ท็อป\imageprocessing-prj\data\train\banana\Image_80.png,119.46,7b262ff8f7c94876d38866128e273ce0
train,banana,Image_81.jpeg,C:\Users\Computer\OneDrive\เดสก์ท็อป\imageprocessing-prj\data\train\banana\Image_81.jpeg,22.35,56e8568d1d9e1bd1e4e844d5e56ec632
train,banana,Image_82.jpg,C:\Users\Computer\OneDrive\เดสก์ท็อป\imageprocessing-prj\data\train\banana\Image_82.jpg,57.08,eef92c85db81f012e5f69baf07da680a
train,banana,Image_83.png,C:\Users\Computer\OneDrive\เดสก์ท็อป\imageprocessing-prj\data\train\banana\Image_83.png,147.0,4cdc710337478b776eaa59f2c87ee9ca
train,banana,Image_84.jpg,C:\Users\Computer\OneDrive\เดสก์ท็อป\imageprocessing-prj\data\train\banana\Image_84.jpg,203.67,319db1559c4f3399b507d09043bd2135
train,banana,Image_85.jpg,C:\Users\Computer\OneDrive\เดสก์ท็อป\imageprocessing-prj\data\train\banana\Image_85.jpg,29.27,5d8cc876736a8be25e9c6f4e86f23cc3
train,banana,Image_86.jpg,C:\Users\Computer\OneDrive\เดสก์ท็อป\imageprocessing-prj\data\train\banana\Image_86.jpg,49.85,f36770a4261c00fe9b3fbda6c16e85c7
train,banana,Image_88.png,C:\Users\Computer\OneDrive\เดสก์ท็อป\imageprocessing-prj\data\train\banana\Image_88.png,4877.83,ebdd728720086ff230294b9744aec986
train,banana,Image_89.jpg,C:\Users\Computer\OneDrive\เดสก์ท็อป\imageprocessing-prj\data\train\banana\Image_89.jpg,7986.09,b0dc623ea512d1da365eb5b945879cfd
train,banana,Image_9.jpg,C:\Users\Computer\OneDrive\เดสก์ท็อป\imageprocessing-prj\data\train\banana\Image_9.jpg,86.75,6c82e85d50e2bccd73273e1850cb6f39
train,banana,Image_90.jpg,C:\Users\Computer\OneDrive\เดสก์ท็อป\imageprocessing-prj\data\train\banana\Image_90.jpg,119.56,8bfdd190ca3b8f132cd3743e7eb1c868
train,banana,Image_91.jpg,C:\Users\Computer\OneDrive\เดสก์ท็อป\imageprocessing-prj\data\train\banana\Image_91.jpg,8574.86,6b1ddcafdbadb9266fc175f49fa1f4a7
train,banana,Image_92.jpg,C:\Users\Computer\OneDrive\เดสก์ท็อป\imageprocessing-prj\data\train\banana\Image_92.jpg,1647.35,3cd67dcc3360df4a3fa5c7f13b444743
train,banana,Image_93.jpg,C:\Users\Computer\OneDrive\เดสก์ท็อป\imageprocessing-prj\data\train\banana\Image_93.jpg,59.87,589c6beca423dbc5f47de0a7cb605e7f
train,banana,Image_95.jpg,C:\Users\Computer\OneDrive\เดสก์ท็อป\imageprocessing-prj\data\train\banana\Image_95.jpg,64.94,ac7d96bd00e4df398b0fe65a2c945d24
train,banana,Image_96.jpg,C:\Users\Computer\OneDrive\เดสก์ท็อป\imageprocessing-prj\data\train\banana\Image_96.jpg,220.54,474d2b203a4588ef3be16cf45808066c
train,banana,Image_97.jpg,C:\Users\Computer\OneDrive\เดสก์ท็อป\imageprocessing-prj\data\train\banana\Image_97.jpg,48.3,a12947c18f587f9e6bf9d629e7400466
train,banana,Image_98.jpg,C:\Users\Computer\OneDrive\เดสก์ท็อป\imageprocessing-prj\data\train\banana\Image_98.jpg,67.15,783f74323f64aae38c200769fe659ed4
train,beetroot,Image_1.jpg,C:\Users\Computer\OneDrive\เดสก์ท็อป\imageprocessing-prj\data\train\beetroot\Image_1.jpg,1141.21,48c12ef3f9afb0189f52acbf73c3a439
train,beetroot,Image_10.jpg,C:\Users\Computer\OneDrive\เดสก์ท็อป\imageprocessing-prj\data\train\beetroot\Image_10.jpg,436.11,ce0b7dd3ebd94684293757b88b707eb1
train,beetroot,Image_100.jpg,C:\Users\Computer\OneDrive\เดสก์ท็อป\imageprocessing-prj\data\train\beetroot\Image_100.jpg,436.11,ce0b7dd3ebd94684293757b88b707eb1
train,beetroot,Image_11.jpg,C:\Users\Computer\OneDrive\เดสก์ท็อป\imageprocessing-prj\data\train\beetroot\Image_11.jpg,160.08,104738ff18ba9ed6638082c26dbd2c4a
train,beetroot,Image_12.jpg,C:\Users\Computer\OneDrive\เดสก์ท็อป\imageprocessing-prj\data\train\beetroot\Image_12.jpg,898.64,62588c9ab659175ff81392333d6a9456
train,beetroot,Image_13.jpg,C:\Users\Computer\OneDrive\เดสก์ท็อป\imageprocessing-prj\data\train\beetroot\Image_13.jpg,127.04,b18d6077e126b8f02d9689a58379ebfc
train,beetroot,Image_14.jpg,C:\Users\Computer\OneDrive\เดสก์ท็อป\imageprocessing-prj\data\train\beetroot\Image_14.jpg,467.3,07f44d7b7de4c97ba344f166c01d7ccd
train,beetroot,Image_15.jpg,C:\Users\Computer\OneDrive\เดสก์ท็อป\imageprocessing-prj\data\train\beetroot\Image_15.jpg,428.81,d75b3fea3ed2724d02eae5b099c86689
train,beetroot,Image_16.jpg,C:\Users\Computer\OneDrive\เดสก์ท็อป\imageprocessing-prj\data\train\beetroot\Image_16.jpg,98.91,aad8cf9c3d3118ffc8c67649f5de3b48
train,beetroot,Image_17.jpg,C:\Users\Computer\OneDrive\เดสก์ท็อป\imageprocessing-prj\data\train\beetroot\Image_17.jpg,71.75,0d33d2a258245a6af1ab9fd51097d057
train,beetroot,Image_18.jpg,C:\Users\Computer\OneDrive\เดสก์ท็อป\imageprocessing-prj\data\train\beetroot\Image_18.jpg,242.12,54e80e5fb50497c75d5d63b163b0552b
train,beetroot,Image_19.jpg,C:\Users\Computer\OneDrive\เดสก์ท็อป\imageprocessing-prj\data\train\beetroot\Image_19.jpg,5146.96,0520ad13ec69f2a4ab0780d129d8d07c
train,beetroot,Image_2.jpg,C:\Users\Computer\OneDrive\เดสก์ท็อป\imageprocessing-prj\data\train\beetroot\Image_2.jpg,806.29,5ad71f7cd82dbfa034e1e798e9b4cb89
train,beetroot,Image_20.jpg,C:\Users\Computer\OneDrive\เดสก์ท็อป\imageprocessing-prj\data\train\beetroot\Image_20.jpg,48.65,38685fddf8a353a65dc0b1338057d132
train,beetroot,Image_21.JPG,C:\Users\Computer\OneDrive\เดสก์ท็อป\imageprocessing-prj\data\train\beetroot\Image_21.JPG,300.53,dd657304cdfe4944bb4a0c324522db09
train,beetroot,Image_22.jpg,C:\Users\Computer\OneDrive\เดสก์ท็อป\imageprocessing-prj\data\train\beetroot\Image_22.jpg,206.5,55ebf53f33491891d7c94f93dd3051a9
train,beetroot,Image_23.jpg,C:\Users\Computer\OneDrive\เดสก์ท็อป\imageprocessing-prj\data\train\beetroot\Image_23.jpg,1152.34,6c481690a77e5d976e3d67f80283cf95
train,beetroot,Image_24.jpg,C:\Users\Computer\OneDrive\เดสก์ท็อป\imageprocessing-prj\data\train\beetroot\Image_24.jpg,147.93,b9159856dc04c387e8d305aa21a3ada5
train,beetroot,Image_25.jpg,C:\Users\Computer\OneDrive\เดสก์ท็อป\imageprocessing-prj\data\train\beetroot\Image_25.jpg,59.63,51be586992cd22603801b89bd18f44cc
train,beetroot,Image_26.jpg,C:\Users\Computer\OneDrive\เดสก์ท็อป\imageprocessing-prj\data\train\beetroot\Image_26.jpg,110.33,f8aa3ebcf8813fccf58c297e4426517e
train,beetroot,Image_27.jpg,C:\Users\Computer\OneDrive\เดสก์ท็อป\imageprocessing-prj\data\train\beetroot\Image_27.jpg,308.64,6079a52ef06a6805d8327b711ac7a181
train,beetroot,Image_28.jpg,C:\Users\Computer\OneDrive\เดสก์ท็อป\imageprocessing-prj\data\train\beetroot\Image_28.jpg,139.95,f39173f70c0f2a4554b7d29ae7e7a8c7
train,beetroot,Image_29.jpg,C:\Users\Computer\OneDrive\เดสก์ท็อป\imageprocessing-prj\data\train\beetroot\Image_29.jpg,97.02,d9207877afee7e8188d0908f159ac9dd
train,beetroot,Image_3.jpg,C:\Users\Computer\OneDrive\เดสก์ท็อป\imageprocessing-prj\data\train\beetroot\Image_3.jpg,198.2,edf671c9b63572bfff886517c9a6c33c
train,beetroot,Image_30.jpg,C:\Users\Computer\OneDrive\เดสก์ท็อป\imageprocessing-prj\data\train\beetroot\Image_30.jpg,50.64,d6b374d6cc5c69e7c07f4a539a8bebb3
train,beetroot,Image_31.jpg,C:\Users\Computer\OneDrive\เดสก์ท็อป\imageprocessing-prj\data\train\beetroot\Image_31.jpg,97.06,c58865db809aa173f1b044422eb2a17f
train,beetroot,Image_32.jpg,C:\Users\Computer\OneDrive\เดสก์ท็อป\imageprocessing-prj\data\train\beetroot\Image_32.jpg,203.93,c0f7fb58187041c7b3e43f478ad291ed
train,beetroot,Image_33.jpg,C:\Users\Computer\OneDrive\เดสก์ท็อป\imageprocessing-prj\data\train\beetroot\Image_33.jpg,217.26,e32c4dea6e23a0e75ddde0dd8044e69c
train,beetroot,Image_34.jpg,C:\Users\Computer\OneDrive\เดสก์ท็อป\imageprocessing-prj\data\train\beetroot\Image_34.jpg,20.6,c7f63ed847184ebc006b4beccfa6a86d
train,beetroot,Image_35.jpg,C:\Users\Computer\OneDrive\เดสก์ท็อป\imageprocessing-prj\data\train\beetroot\Image_35.jpg,206.06,7544a0f6da6c6f2067fc98fc88afdf0c
train,beetroot,Image_36.jpg,C:\Users\Computer\OneDrive\เดสก์ท็อป\imageprocessing-prj\data\train\beetroot\Image_36.jpg,142.39,affb635233c87d2a3fe94dcdc5835ef1
train,beetroot,Image_37.jpg,C:\Users\Computer\OneDrive\เดสก์ท็อป\imageprocessing-prj\data\train\beetroot\Image_37.jpg,24.29,b502a87769926492668234bf12125962
train,beetroot,Image_38.jpg,C:\Users\Computer\OneDrive\เดสก์ท็อป\imageprocessing-prj\data\train\beetroot\Image_38.jpg,375.76,9d801c4d952f909aa1cdf6fcc286e753
train,beetroot,Image_39.jpg,C:\Users\Computer\OneDrive\เดสก์ท็อป\imageprocessing-prj\data\train\beetroot\Image_39.jpg,542.72,54744bc64c51e0d077cdd2364f6e3020
train,beetroot,Image_4.jpg,C:\Users\Computer\OneDrive\เดสก์ท็อป\imageprocessing-prj\data\train\beetroot\Image_4.jpg,175.86,0b6fd6ec10d1dae8fcebe80c55dcdd20
train,beetroot,Image_40.jpg,C:\Users\Computer\OneDrive\เดสก์ท็อป\imageprocessing-prj\data\train\beetroot\Image_40.jpg,124.85,bd53151a358fbd060717e858ddc075cd
train,beetroot,Image_41.jpg,C:\Users\Computer\OneDrive\เดสก์ท็อป\imageprocessing-prj\data\train\beetroot\Image_41.jpg,360.29,9ce8cca063aaf4c5421111bb9295a0d8
train,beetroot,Image_42.jpg,C:\Users\Computer\OneDrive\เดสก์ท็อป\imageprocessing-prj\data\train\beetroot\Image_42.jpg,625.32,fa62258b280f5174f33428405ac7b565
train,beetroot,Image_43.jpg,C:\Users\Computer\OneDrive\เดสก์ท็อป\imageprocessing-prj\data\train\beetroot\Image_43.jpg,66.8,584eef114bb33500724e10c2412ea572
train,beetroot,Image_44.jpg,C:\Users\Computer\OneDrive\เดสก์ท็อป\imageprocessing-prj\data\train\beetroot\Image_44.jpg,113.79,ee249bdd84a7b7744387164ab3ce9b82
train,beetroot,Image_45.jpg,C:\Users\Computer\OneDrive\เดสก์ท็อป\imageprocessing-prj\data\train\beetroot\Image_45.jpg,17.12,03f11ba2d7d8ac24c1be41363141c18b
train,beetroot,Image_46.jpg,C:\Users\Computer\OneDrive\เดสก์ท็อป\imageprocessing-prj\data\train\beetroot\Image_46.jpg,186.29,489c762a0481dae4c29a333901219c77
train,beetroot,Image_47.jpg,C:\Users\Computer\OneDrive\เดสก์ท็อป\imageprocessing-prj\data\train\beetroot\Image_47.jpg,38.42,cff8807a1beab93b09be4b4952d42504
train,beetroot,Image_48.jpg,C:\Users\Computer\OneDrive\เดสก์ท็อป\imageprocessing-prj\data\train\beetroot\Image_48.jpg,283.5,8cd6e3d1a09d985b1aea3cd4ac73dec5
train,beetroot,Image_49.jpg,C:\Users\Computer\OneDrive\เดสก์ท็อป\imageprocessing-prj\data\train\beetroot\Image_49.jpg,650.52,682d825a64c659c7bf1e441737c30c25
train,beetroot,Image_5.jpg,C:\Users\Computer\OneDrive\เดสก์ท็อป\imageprocessing-prj\data\train\beetroot\Image_5.jpg,170.62,6f0b7bfd8998b074ace2bc862700117b
train,beetroot,Image_50.jpg,C:\Users\Computer\OneDrive\เดสก์ท็อป\imageprocessing-prj\data\train\beetroot\Image_50.jpg,44.88,c8b00fe5a7a0af3acb13b6ff5d32696c
train,beetroot,Image_51.jpg,C:\Users\Computer\OneDrive\เดสก์ท็อป\imageprocessing-prj\data\train\beetroot\Image_51.jpg,63.4,5ecdd5a04f612c1ed41ddcaeb2293b36
train,beetroot,Image_52.jpg,C:\Users\Computer\OneDrive\เดสก์ท็อป\imageprocessing-prj\data\train\beetroot\Image_52.jpg,736.56,d0fbc43fd71989246dd8542ba0220372
train,beetroot,Image_53.jpg,C:\Users\Computer\OneDrive\เดสก์ท็อป\imageprocessing-prj\data\train\beetroot\Image_53.jpg,9.95,602db24d77987ee1ae6a0b1ce7861a2e
train,beetroot,Image_54.png,C:\Users\Computer\OneDrive\เดสก์ท็อป\imageprocessing-prj\data\train\beetroot\Image_54.png,1129.96,2a29a32e49fd13c7e2e7d6de119362a8
train,beetroot,Image_55.jpg,C:\Users\Computer\OneDrive\เดสก์ท็อป\imageprocessing-prj\data\train\beetroot\Image_55.jpg,118.95,63f1eff7599ca49ad681fef0198b36e0
train,beetroot,Image_56.jpg,C:\Users\Computer\OneDrive\เดสก์ท็อป\imageprocessing-prj\data\train\beetroot\Image_56.jpg,225.46,ca0e0ecc66f4ff041418eb1433dd34c0
train,beetroot,Image_58.jpg,C:\Users\Computer\OneDrive\เดสก์ท็อป\imageprocessing-prj\data\train\beetroot\Image_58.jpg,207.95,1896401d93103022af02d30a11ccffdf
train,beetroot,Image_6.jpg,C:\Users\Computer\OneDrive\เดสก์ท็อป\imageprocessing-prj\data\train\beetroot\Image_6.jpg,2389.13,462e11ab0ca54cf4c13ebeb6f6f5ae5b
train,beetroot,Image_61.jpg,C:\Users\Computer\OneDrive\เดสก์ท็อป\imageprocessing-prj\data\train\beetroot\Image_61.jpg,57.23,dd40f871304dc2ca2a99e742e6dde267
train,beetroot,Image_62.jpg,C:\Users\Computer\OneDrive\เดสก์ท็อป\imageprocessing-prj\data\train\beetroot\Image_62.jpg,41.94,22579a7ccda66d82420235ce0b6931c8
train,beetroot,Image_63.jpg,C:\Users\Computer\OneDrive\เดสก์ท็อป\imageprocessing-prj\data\train\beetroot\Image_63.jpg,238.1,42d0ef6cc810c1ee67ba8db174cb393c
train,beetroot,Image_64.jpg,C:\Users\Computer\OneDrive\เดสก์ท็อป\imageprocessing-prj\data\train\beetroot\Image_64.jpg,109.83,24866f74eef650f524f0e04af785c952
train,beetroot,Image_65.jpg,C:\Users\Computer\OneDrive\เดสก์ท็อป\imageprocessing-prj\data\train\beetroot\Image_65.jpg,782.24,d15eb26d2b7ca640eb68843ab7b6e3be
train,beetroot,Image_66.jpg,C:\Users\Computer\OneDrive\เดสก์ท็อป\imageprocessing-prj\data\train\beetroot\Image_66.jpg,325.44,19fc493f7e5a303bb3ea547baa2259ae
train,beetroot,Image_68.jpg,C:\Users\Computer\OneDrive\เดสก์ท็อป\imageprocessing-prj\data\train\beetroot\Image_68.jpg,7351.73,559f895ce8ce07643ec1abdb12b2b892
train,beetroot,Image_69.jpg,C:\Users\Computer\OneDrive\เดสก์ท็อป\imageprocessing-prj\data\train\beetroot\Image_69.jpg,359.33,d509b522bf6ee35d5c91e4d14607238a
train,beetroot,Image_7.jpg,C:\Users\Computer\OneDrive\เดสก์ท็อป\imageprocessing-prj\data\train\beetroot\Image_7.jpg,421.34,39392a4a10dd4463ca621e884c749b9f
train,beetroot,Image_72.jpg,C:\Users\Computer\OneDrive\เดสก์ท็อป\imageprocessing-prj\data\train\beetroot\Image_72.jpg,19.84,33f6322a808de394a44b3eb13aaaeb22
train,beetroot,Image_75.jpg,C:\Users\Computer\OneDrive\เดสก์ท็อป\imageprocessing-prj\data\train\beetroot\Image_75.jpg,43.47,be82f0d253417d820a3517d076382972
train,beetroot,Image_76.jpg,C:\Users\Computer\OneDrive\เดสก์ท็อป\imageprocessing-prj\data\train\beetroot\Image_76.jpg,176.11,0d9aad4ea2d1f98a8da606b50c322ce9
train,beetroot,Image_77.jpg,C:\Users\Computer\OneDrive\เดสก์ท็อป\imageprocessing-prj\data\train\beetroot\Image_77.jpg,334.15,0477d2183376ea02b5b63cf4bd0135a5
train,beetroot,Image_78.jpg,C:\Users\Computer\OneDrive\เดสก์ท็อป\imageprocessing-prj\data\train\beetroot\Image_78.jpg,41.27,d064cb579c940dd343b19147fc3b965e
train,beetroot,Image_79.jpg,C:\Users\Computer\OneDrive\เดสก์ท็อป\imageprocessing-prj\data\train\beetroot\Image_79.jpg,84.14,970dfabd145f89a14146c07360d312ba
train,beetroot,Image_8.jpg,C:\Users\Computer\OneDrive\เดสก์ท็อป\imageprocessing-prj\data\train\beetroot\Image_8.jpg,227.79,cc6e617b404980aaf862da9334a86f0c
train,beetroot,Image_81.jpg,C:\Users\Computer\OneDrive\เดสก์ท็อป\imageprocessing-prj\data\train\beetroot\Image_81.jpg,24.12,e5af45a709fe6885e022103065c753fc
train,beetroot,Image_83.jpg,C:\Users\Computer\OneDrive\เดสก์ท็อป\imageprocessing-prj\data\train\beetroot\Image_83.jpg,123.81,dcf5d7ce7331c4dbf0dff73acff0cedc
train,beetroot,Image_84.png,C:\Users\Computer\OneDrive\เดสก์ท็อป\imageprocessing-prj\data\train\beetroot\Image_84.png,234.8,9e6e9258543edd5e5fe8ec6b2d11bfe9
train,beetroot,Image_86.png,C:\Users\Computer\OneDrive\เดสก์ท็อป\imageprocessing-prj\data\train\beetroot\Image_86.png,79.35,d9c0f5176cedbea70822d1f50feaad7f
train,beetroot,Image_87.jpg,C:\Users\Computer\OneDrive\เดสก์ท็อป\imageprocessing-prj\data\train\beetroot\Image_87.jpg,59.5,64a6e1c05239d9180cdc614a7a5e633d
train,beetroot,Image_89.jpg,C:\Users\Computer\OneDrive\เดสก์ท็อป\imageprocessing-prj\data\train\beetroot\Image_89.jpg,152.78,f74621f66c0a7daac501cf88f251f40e
train,beetroot,Image_9.jpg,C:\Users\Computer\OneDrive\เดสก์ท็อป\imageprocessing-prj\data\train\beetroot\Image_9.jpg,1292.64,21181f1c59f0306ea351532f166fe5c8
train,beetroot,Image_90.jpg,C:\Users\Computer\OneDrive\เดสก์ท็อป\imageprocessing-prj\data\train\beetroot\Image_90.jpg,150.29,4c3ce7729299f6d8fbe70ad3352485be
train,beetroot,Image_91.jpg,C:\Users\Computer\OneDrive\เดสก์ท็อป\imageprocessing-prj\data\train\beetroot\Image_91.jpg,1141.21,48c12ef3f9afb0189f52acbf73c3a439
train,beetroot,Image_92.jpg,C:\Users\Computer\OneDrive\เดสก์ท็อป\imageprocessing-prj\data\train\beetroot\Image_92.jpg,806.29,5ad71f7cd82dbfa034e1e798e9b4cb89
train,beetroot,Image_93.jpg,C:\Users\Computer\OneDrive\เดสก์ท็อป\imageprocessing-prj\data\train\beetroot\Image_93.jpg,198.2,edf671c9b63572bfff886517c9a6c33c
train,beetroot,Image_94.jpg,C:\Users\Computer\OneDrive\เดสก์ท็อป\imageprocessing-prj\data\train\beetroot\Image_94.jpg,175.86,0b6fd6ec10d1dae8fcebe80c55dcdd20
train,beetroot,Image_95.jpg,C:\Users\Computer\OneDrive\เดสก์ท็อป\imageprocessing-prj\data\train\beetroot\Image_95.jpg,170.62,6f0b7bfd8998b074ace2bc862700117b
train,beetroot,Image_96.jpg,C:\Users\Computer\OneDrive\เดสก์ท็อป\imageprocessing-prj\data\train\beetroot\Image_96.jpg,2389.13,462e11ab0ca54cf4c13ebeb6f6f5ae5b
train,beetroot,Image_97.jpg,C:\Users\Computer\OneDrive\เดสก์ท็อป\imageprocessing-prj\data\train\beetroot\Image_97.jpg,421.34,39392a4a10dd4463ca621e884c749b9f
train,beetroot,Image_98.jpg,C:\Users\Computer\OneDrive\เดสก์ท็อป\imageprocessing-prj\data\train\beetroot\Image_98.jpg,227.79,cc6e617b404980aaf862da9334a86f0c
train,beetroot,Image_99.jpg,C:\Users\Computer\OneDrive\เดสก์ท็อป\imageprocessing-prj\data\train\beetroot\Image_99.jpg,1292.64,21181f1c59f0306ea351532f166fe5c8
train,bell pepper,Image_1.jpg,C:\Users\Computer\OneDrive\เดสก์ท็อป\imageprocessing-prj\data\train\bell pepper\Image_1.jpg,4268.56,e3dcccb06b4dd21a05c3c04c4338dbf1
train,bell pepper,Image_10.jpg,C:\Users\Computer\OneDrive\เดสก์ท็อป\imageprocessing-prj\data\train\bell pepper\Image_10.jpg,122.48,7bced1f3b83f47be377b4d870a3df6c9
train,bell pepper,Image_100.jpg,C:\Users\Computer\OneDrive\เดสก์ท็อป\imageprocessing-prj\data\train\bell pepper\Image_100.jpg,3753.21,a3f8634e8d38557faab1f6ab41f9decd
train,bell pepper,Image_11.jpg,C:\Users\Computer\OneDrive\เดสก์ท็อป\imageprocessing-prj\data\train\bell pepper\Image_11.jpg,319.82,c8cc0a3a34ec2ebd6261ac9c8aa22876
train,bell pepper,Image_12.jpg,C:\Users\Computer\OneDrive\เดสก์ท็อป\imageprocessing-prj\data\train\bell pepper\Image_12.jpg,179.12,8cdd2bf844e86c76fe2c7edd846f8c49
train,bell pepper,Image_13.jpg,C:\Users\Computer\OneDrive\เดสก์ท็อป\imageprocessing-prj\data\train\bell pepper\Image_13.jpg,114.29,56d7bb55cdb800645ee13e78f4dc59db
train,bell pepper,Image_14.jpg,C:\Users\Computer\OneDrive\เดสก์ท็อป\imageprocessing-prj\data\train\bell pepper\Image_14.jpg,196.73,8b13d50bb116e3e6b2b203d209596928
train,bell pepper,Image_15.jpg,C:\Users\Computer\OneDrive\เดสก์ท็อป\imageprocessing-prj\data\train\bell pepper\Image_15.jpg,32.94,077c9d841288adb6623ebdfc625f52f0
train,bell pepper,Image_16.jpg,C:\Users\Computer\OneDrive\เดสก์ท็อป\imageprocessing-prj\data\train\bell pepper\Image_16.jpg,686.74,9f6892c71f62784e8b5c8c982248cf5b
train,bell pepper,Image_19.jpg,C:\Users\Computer\OneDrive\เดสก์ท็อป\imageprocessing-prj\data\train\bell pepper\Image_19.jpg,42.08,a63fd0e0cb12e063353f690864656c87
train,bell pepper,Image_2.jpg,C:\Users\Computer\OneDrive\เดสก์ท็อป\imageprocessing-prj\data\train\bell pepper\Image_2.jpg,67.06,57d8e9c0e24be1e228680b4fc8a36c7f
train,bell pepper,Image_20.jpg,C:\Users\Computer\OneDrive\เดสก์ท็อป\imageprocessing-prj\data\train\bell pepper\Image_20.jpg,181.75,cd22a9ad92d32e78af28b5f084f0dfad
train,bell pepper,Image_21.jpg,C:\Users\Computer\OneDrive\เดสก์ท็อป\imageprocessing-prj\data\train\bell pepper\Image_21.jpg,2780.84,0b0a2fcb3e17bfce267c0f965823b41b
train,bell pepper,Image_22.jpg,C:\Users\Computer\OneDrive\เดสก์ท็อป\imageprocessing-prj\data\train\bell pepper\Image_22.jpg,1306.44,e534c02df137a20b490d5517a2681f56
train,bell pepper,Image_23.jpg,C:\Users\Computer\OneDrive\เดสก์ท็อป\imageprocessing-prj\data\train\bell pepper\Image_23.jpg,131.59,ab4678067c7e0863a2d0d247c3b8fda9
train,bell pepper,Image_24.jpg,C:\Users\Computer\OneDrive\เดสก์ท็อป\imageprocessing-prj\data\train\bell pepper\Image_24.jpg,319.19,8a052faf6fd399037f8b0c71b552d65d
train,bell pepper,Image_25.jpg,C:\Users\Computer\OneDrive\เดสก์ท็อป\imageprocessing-prj\data\train\bell pepper\Image_25.jpg,55.32,4b14efeda68a26ba74fa8337c7760959
train,bell pepper,Image_26.jpg,C:\Users\Computer\OneDrive\เดสก์ท็อป\imageprocessing-prj\data\train\bell pepper\Image_26.jpg,1943.69,ab7ff6010fd430f3aa047999a8225c4b
train,bell pepper,Image_27.jpg,C:\Users\Computer\OneDrive\เดสก์ท็อป\imageprocessing-prj\data\train\bell pepper\Image_27.jpg,209.14,00193c4bbc4eb2489305c08c942f236e
train,bell pepper,Image_28.jpg,C:\Users\Computer\OneDrive\เดสก์ท็อป\imageprocessing-prj\data\train\bell pepper\Image_28.jpg,137.14,2d7b9a8656670f54a78d4fe140103aeb
train,bell pepper,Image_29.jpg,C:\Users\Computer\OneDrive\เดสก์ท็อป\imageprocessing-prj\data\train\bell pepper\Image_29.jpg,170.1,0597a6e57a931b56a9cd1fd9853bacab
train,bell pepper,Image_3.jpeg,C:\Users\Computer\OneDrive\เดสก์ท็อป\imageprocessing-prj\data\train\bell pepper\Image_3.jpeg,75.43,cb5689b141bde6126cfff57434297809
train,bell pepper,Image_30.jpg,C:\Users\Computer\OneDrive\เดสก์ท็อป\imageprocessing-prj\data\train\bell pepper\Image_30.jpg,62.03,250b96ddcfdc239d634428ee8063f276
train,bell pepper,Image_31.jpeg,C:\Users\Computer\OneDrive\เดสก์ท็อป\imageprocessing-prj\data\train\bell pepper\Image_31.jpeg,41.33,d2285669c4ea2e740749f0a208e9d1d3
train,bell pepper,Image_32.JPG,C:\Users\Computer\OneDrive\เดสก์ท็อป\imageprocessing-prj\data\train\bell pepper\Image_32.JPG,286.18,bce9069613e3ac93ed35109d9879dcaa
train,bell pepper,Image_33.jpg,C:\Users\Computer\OneDrive\เดสก์ท็อป\imageprocessing-prj\data\train\bell pepper\Image_33.jpg,43.75,09403b73708677ba37834a8a72fb3f1f
train,bell pepper,Image_34.jpg,C:\Users\Computer\OneDrive\เดสก์ท็อป\imageprocessing-prj\data\train\bell pepper\Image_34.jpg,412.72,3bbd40ad7b3b9307815b9de6dae4f0d8
train,bell pepper,Image_35.jpg,C:\Users\Computer\OneDrive\เดสก์ท็อป\imageprocessing-prj\data\train\bell pepper\Image_35.jpg,145.3,e63013c7aa300f481555ccd3cccefb15
train,bell pepper,Image_36.jpg,C:\Users\Computer\OneDrive\เดสก์ท็อป\imageprocessing-prj\data\train\bell pepper\Image_36.jpg,72.57,4cf9e9080853c685e8d08938da9975af
train,bell pepper,Image_37.jpg,C:\Users\Computer\OneDrive\เดสก์ท็อป\imageprocessing-prj\data\train\bell pepper\Image_37.jpg,17.42,4b495fa56d8e1dfa81cb9c1d545f623b
train,bell pepper,Image_38.jpg,C:\Users\Computer\OneDrive\เดสก์ท็อป\imageprocessing-prj\data\train\bell pepper\Image_38.jpg,34.77,e6bf0253e8906d35aac4eadc327a4eda
train,bell pepper,Image_39.jpg,C:\Users\Computer\OneDrive\เดสก์ท็อป\imageprocessing-prj\data\train\bell pepper\Image_39.jpg,56.32,e6b4e221c1264ab4d327f80b06767a8c
train,bell pepper,Image_4.jpg,C:\Users\Computer\OneDrive\เดสก์ท็อป\imageprocessing-prj\data\train\bell pepper\Image_4.jpg,3753.21,a3f8634e8d38557faab1f6ab41f9decd
train,bell pepper,Image_40.jpg,C:\Users\Computer\OneDrive\เดสก์ท็อป\imageprocessing-prj\data\train\bell pepper\Image_40.jpg,51.69,b992302ff9b6f772b71e84a01415920c
train,bell pepper,Image_41.png,C:\Users\Computer\OneDrive\เดสก์ท็อป\imageprocessing-prj\data\train\bell pepper\Image_41.png,602.5,b83fc529a90b9a826d58cf2d512e92bb
train,bell pepper,Image_42.jpg,C:\Users\Computer\OneDrive\เดสก์ท็อป\imageprocessing-prj\data\train\bell pepper\Image_42.jpg,185.44,8c9e49ddc23e22c93cbbccfd694b829b
train,bell pepper,Image_43.jpg,C:\Users\Computer\OneDrive\เดสก์ท็อป\imageprocessing-prj\data\train\bell pepper\Image_43.jpg,80.86,3a599e76520d48fdf469e6d9947e7713
train,bell pepper,Image_44.jpg,C:\Users\Computer\OneDrive\เดสก์ท็อป\imageprocessing-prj\data\train\bell pepper\Image_44.jpg,57.92,c50887d35b5ba1af9bcb66c4f7d67cb0
train,bell pepper,Image_45.jpg,C:\Users\Computer\OneDrive\เดสก์ท็อป\imageprocessing-prj\data\train\bell pepper\Image_45.jpg,31.57,92daa67d2625d8c0599febd1872760d6
train,bell pepper,Image_46.png,C:\Users\Computer\OneDrive\เดสก์ท็อป\imageprocessing-prj\data\train\bell pepper\Image_46.png,495.35,9b23ad03a5acfd6fd6e42962e1f8fcaf
train,bell pepper,Image_47.png,C:\Users\Computer\OneDrive\เดสก์ท็อป\imageprocessing-prj\data\train\bell pepper\Image_47.png,109.65,146d0d32a1e2357f6baf8fcade890bbd
train,bell pepper,Image_48.png,C:\Users\Computer\OneDrive\เดสก์ท็อป\imageprocessing-prj\data\train\bell pepper\Image_48.png,4912.29,18baf1355f11cea92ab06fa21ee221ec
train,bell pepper,Image_49.jpg,C:\Users\Computer\OneDrive\เดสก์ท็อป\imageprocessing-prj\data\train\bell pepper\Image_49.jpg,268.05,c197f3c540192067b08b7484233238df
train,bell pepper,Image_5.jpg,C:\Users\Computer\OneDrive\เดสก์ท็อป\imageprocessing-prj\data\train\bell pepper\Image_5.jpg,70.01,e8d3df5ed0e3b687362b62cfc3a97169
train,bell pepper,Image_50.jpg,C:\Users\Computer\OneDrive\เดสก์ท็อป\imageprocessing-prj\data\train\bell pepper\Image_50.jpg,77.29,d9dff46721ab85375ec96e9cd8812df2
train,bell pepper,Image_51.jpg,C:\Users\Computer\OneDrive\เดสก์ท็อป\imageprocessing-prj\data\train\bell pepper\Image_51.jpg,86.04,4ce2a5e2b8f0fc9766f4f8de6f60b73a
train,bell pepper,Image_52.jpg,C:\Users\Computer\OneDrive\เดสก์ท็อป\imageprocessing-prj\data\train\bell pepper\Image_52.jpg,43.16,e65bcea043ee4b7d0fdaa380ce2a27c4
train,bell pepper,Image_53.jpg,C:\Users\Computer\OneDrive\เดสก์ท็อป\imageprocessing-prj\data\train\bell pepper\Image_53.jpg,2326.63,4713da3a3a8aeb855882d63296072216
train,bell pepper,Image_54.jpg,C:\Users\Computer\OneDrive\เดสก์ท็อป\imageprocessing-prj\data\train\bell pepper\Image_54.jpg,97.99,163a607f74aa84ded305a76750b3c111
train,bell pepper,Image_55.jpg,C:\Users\Computer\OneDrive\เดสก์ท็อป\imageprocessing-prj\data\train\bell pepper\Image_55.jpg,120.53,a7afc2a498924be45b96884fba2c94b7
train,bell pepper,Image_56.jpg,C:\Users\Computer\OneDrive\เดสก์ท็อป\imageprocessing-prj\data\train\bell pepper\Image_56.jpg,28.84,7bf5eedb95858f59da2be24ecf0f2e91
train,bell pepper,Image_57.jpg,C:\Users\Computer\OneDrive\เดสก์ท็อป\imageprocessing-prj\data\train\bell pepper\Image_57.jpg,144.03,8c0a103d554c380effd498c3799b6229
train,bell pepper,Image_6.jpg,C:\Users\Computer\OneDrive\เดสก์ท็อป\imageprocessing-prj\data\train\bell pepper\Image_6.jpg,82.24,c0c9c100e21733c16c8154a4d545fcf0
train,bell pepper,Image_60.jpg,C:\Users\Computer\OneDrive\เดสก์ท็อป\imageprocessing-prj\data\train\bell pepper\Image_60.jpg,178.05,50f279a53a1f5010c55dcffc40d47713
train,bell pepper,Image_61.jpg,C:\Users\Computer\OneDrive\เดสก์ท็อป\imageprocessing-prj\data\train\bell pepper\Image_61.jpg,58.38,8d26fdab5503c02dd8a2a695e7a941e5
train,bell pepper,Image_62.jpg,C:\Users\Computer\OneDrive\เดสก์ท็อป\imageprocessing-prj\data\train\bell pepper\Image_62.jpg,22.8,29800e6df3b9b0a47144b359543edb71
train,bell pepper,Image_63.jpg,C:\Users\Computer\OneDrive\เดสก์ท็อป\imageprocessing-prj\data\train\bell pepper\Image_63.jpg,143.51,8a7a0ead5ea328a32a3d1396ff2e88e3
train,bell pepper,Image_64.jpg,C:\Users\Computer\OneDrive\เดสก์ท็อป\imageprocessing-prj\data\train\bell pepper\Image_64.jpg,67.94,7b42d87102f1a584412d885ea6e29882
train,bell pepper,Image_65.jpg,C:\Users\Computer\OneDrive\เดสก์ท็อป\imageprocessing-prj\data\train\bell pepper\Image_65.jpg,105.12,91d6c0c1c54bafae94dd15ba1ac0789b
train,bell pepper,Image_66.jpg,C:\Users\Computer\OneDrive\เดสก์ท็อป\imageprocessing-prj\data\train\bell pepper\Image_66.jpg,612.72,69fdc2a9e1ffd6b8d35be927da5870d4
train,bell pepper,Image_67.png,C:\Users\Computer\OneDrive\เดสก์ท็อป\imageprocessing-prj\data\train\bell pepper\Image_67.png,495.35,9b23ad03a5acfd6fd6e42962e1f8fcaf
train,bell pepper,Image_68.jpeg,C:\Users\Computer\OneDrive\เดสก์ท็อป\imageprocessing-prj\data\train\bell pepper\Image_68.jpeg,69.5,42e21b992e1f0847e5176b3ec3a7225b
train,bell pepper,Image_69.jpg,C:\Users\Computer\OneDrive\เดสก์ท็อป\imageprocessing-prj\data\train\bell pepper\Image_69.jpg,100.97,064e2c4afc569b34142ca87f6e7ae1f0
train,bell pepper,Image_7.jpg,C:\Users\Computer\OneDrive\เดสก์ท็อป\imageprocessing-prj\data\train\bell pepper\Image_7.jpg,1806.1,65350806dd46f1bbc05b58b45e6c25f2
train,bell pepper,Image_70.jpg,C:\Users\Computer\OneDrive\เดสก์ท็อป\imageprocessing-prj\data\train\bell pepper\Image_70.jpg,315.33,0d751640bc39e55ef7ecad26a8fd6b99
train,bell pepper,Image_71.jpg,C:\Users\Computer\OneDrive\เดสก์ท็อป\imageprocessing-prj\data\train\bell pepper\Image_71.jpg,238.23,a959e0f2dd29332e4fc542966be77550
train,bell pepper,Image_72.png,C:\Users\Computer\OneDrive\เดสก์ท็อป\imageprocessing-prj\data\train\bell pepper\Image_72.png,153.51,d7c6defcbf09089e6a0a58086e1f55f4
train,bell pepper,Image_73.jpg,C:\Users\Computer\OneDrive\เดสก์ท็อป\imageprocessing-prj\data\train\bell pepper\Image_73.jpg,205.65,43013aa53baee2f06dad79b5e4d8ce20
train,bell pepper,Image_74.jpg,C:\Users\Computer\OneDrive\เดสก์ท็อป\imageprocessing-prj\data\train\bell pepper\Image_74.jpg,133.88,8ee387ce7e192460afff72d675a1de81
train,bell pepper,Image_75.jpg,C:\Users\Computer\OneDrive\เดสก์ท็อป\imageprocessing-prj\data\train\bell pepper\Image_75.jpg,16.9,a23df7c86b4bb60e05da094be23e355c
train,bell pepper,Image_76.jpg,C:\Users\Computer\OneDrive\เดสก์ท็อป\imageprocessing-prj\data\train\bell pepper\Image_76.jpg,154.14,c1e170276ab0ada457756bfdc9504133
train,bell pepper,Image_77.jpg,C:\Users\Computer\OneDrive\เดสก์ท็อป\imageprocessing-prj\data\train\bell pepper\Image_77.jpg,59.55,e34ca5e3a9f991daed966179f22b96d5
train,bell pepper,Image_78.jpg,C:\Users\Computer\OneDrive\เดสก์ท็อป\imageprocessing-prj\data\train\bell pepper\Image_78.jpg,54.41,506e8be18186f509dc247e865968fbb5
train,bell pepper,Image_79.JPG,C:\Users\Computer\OneDrive\เดสก์ท็อป\imageprocessing-prj\data\train\bell pepper\Image_79.JPG,13.31,437fd1c3e58654f8f48c8e88e9305986
train,bell pepper,Image_8.jpg,C:\Users\Computer\OneDrive\เดสก์ท็อป\imageprocessing-prj\data\train\bell pepper\Image_8.jpg,6606.99,151176718fb6743be76c83adaac2156b
train,bell pepper,Image_82.jpg,C:\Users\Computer\OneDrive\เดสก์ท็อป\imageprocessing-prj\data\train\bell pepper\Image_82.jpg,2617.38,ba78e1bdbed3630e55bd3abfaff06dd4
train,bell pepper,Image_83.jpg,C:\Users\Computer\OneDrive\เดสก์ท็อป\imageprocessing-prj\data\train\bell pepper\Image_83.jpg,93.9,e38af25cae838fe6245416982874b77e
train,bell pepper,Image_84.jpg,C:\Users\Computer\OneDrive\เดสก์ท็อป\imageprocessing-prj\data\train\bell pepper\Image_84.jpg,187.83,5cd8b2008a449de7e3fe1d57f5ee38b9
train,bell pepper,Image_85.jpg,C:\Users\Computer\OneDrive\เดสก์ท็อป\imageprocessing-prj\data\train\bell pepper\Image_85.jpg,90.11,63f419111ecfdf40b8c4677434efed0f
train,bell pepper,Image_86.jpg,C:\Users\Computer\OneDrive\เดสก์ท็อป\imageprocessing-prj\data\train\bell pepper\Image_86.jpg,108.32,c9cc0ab90c39fbd754867829bcd628f3
train,bell pepper,Image_88.jpg,C:\Users\Computer\OneDrive\เดสก์ท็อป\imageprocessing-prj\data\train\bell pepper\Image_88.jpg,37.63,e597f59bd68ed464be4e642f1df5523b
train,bell pepper,Image_89.jpg,C:\Users\Computer\OneDrive\เดสก์ท็อป\imageprocessing-prj\data\train\bell pepper\Image_89.jpg,124.04,a78597d2981f84a7220cacb99d4d6c15
train,bell pepper,Image_9.jpg,C:\Users\Computer\OneDrive\เดสก์ท็อป\imageprocessing-prj\data\train\bell pepper\Image_9.jpg,161.8,3bc0af283a4343b35666a64abd95a2f3
train,bell pepper,Image_90.jpg,C:\Users\Computer\OneDrive\เดสก์ท็อป\imageprocessing-prj\data\train\bell pepper\Image_90.jpg,36.66,83e7974e38730f594d84df2b00e03aa6
train,bell pepper,Image_93.jpg,C:\Users\Computer\OneDrive\เดสก์ท็อป\imageprocessing-prj\data\train\bell pepper\Image_93.jpg,5174.83,66a1b730fdafdb3b1e18a52259083521
train,bell pepper,Image_94.jpg,C:\Users\Computer\OneDrive\เดสก์ท็อป\imageprocessing-prj\data\train\bell pepper\Image_94.jpg,4524.53,44b51c2d27b5998508720ef3967e9357
train,bell pepper,Image_95.jpg,C:\Users\Computer\OneDrive\เดสก์ท็อป\imageprocessing-prj\data\train\bell pepper\Image_95.jpg,160.96,af14b6d3d8f96fceb23e2936f45b8025
train,bell pepper,Image_97.jpg,C:\Users\Computer\OneDrive\เดสก์ท็อป\imageprocessing-prj\data\train\bell pepper\Image_97.jpg,4268.56,e3dcccb06b4dd21a05c3c04c4338dbf1
train,bell pepper,Image_98.jpg,C:\Users\Computer\OneDrive\เดสก์ท็อป\imageprocessing-prj\data\train\bell pepper\Image_98.jpg,67.06,57d8e9c0e24be1e228680b4fc8a36c7f
train,bell pepper,Image_99.jpeg,C:\Users\Computer\OneDrive\เดสก์ท็อป\imageprocessing-prj\data\train\bell pepper\Image_99.jpeg,75.43,cb5689b141bde6126cfff57434297809
train,cabbage,Image_1.jpg,C:\Users\Computer\OneDrive\เดสก์ท็อป\imageprocessing-prj\data\train\cabbage\Image_1.jpg,269.4,36531ddc4360a223e90fb23e2ef97509
train,cabbage,Image_10.jpg,C:\Users\Computer\OneDrive\เดสก์ท็อป\imageprocessing-prj\data\train\cabbage\Image_10.jpg,515.92,887567d231ce233e73c67b05363b37ea
train,cabbage,Image_100.jpg,C:\Users\Computer\OneDrive\เดสก์ท็อป\imageprocessing-prj\data\train\cabbage\Image_100.jpg,515.92,887567d231ce233e73c67b05363b37ea
train,cabbage,Image_11.jpg,C:\Users\Computer\OneDrive\เดสก์ท็อป\imageprocessing-prj\data\train\cabbage\Image_11.jpg,85.53,e6a2efc3a23cc4b7046df74dfada7e26
train,cabbage,Image_12.jpg,C:\Users\Computer\OneDrive\เดสก์ท็อป\imageprocessing-prj\data\train\cabbage\Image_12.jpg,255.56,c41012e306ccf1bbb0c6a08fb8b0b6ed
train,cabbage,Image_13.jpg,C:\Users\Computer\OneDrive\เดสก์ท็อป\imageprocessing-prj\data\train\cabbage\Image_13.jpg,1143.92,6e1f3d562cb4f37325d1709063952da9
train,cabbage,Image_14.jpg,C:\Users\Computer\OneDrive\เดสก์ท็อป\imageprocessing-prj\data\train\cabbage\Image_14.jpg,62.78,669eb33e4fecc7f1e8ae50ce0e38a061
train,cabbage,Image_15.jpg,C:\Users\Computer\OneDrive\เดสก์ท็อป\imageprocessing-prj\data\train\cabbage\Image_15.jpg,712.14,177a635c2bf358d54f23399e745514c5
train,cabbage,Image_16.jpg,C:\Users\Computer\OneDrive\เดสก์ท็อป\imageprocessing-prj\data\train\cabbage\Image_16.jpg,137.43,9af9bdfed21ffeb37018bfab3b6f5a50
train,cabbage,Image_17.jpg,C:\Users\Computer\OneDrive\เดสก์ท็อป\imageprocessing-prj\data\train\cabbage\Image_17.jpg,162.75,84327813fe3f06feab34d9dbf005d4cf
train,cabbage,Image_18.jpg,C:\Users\Computer\OneDrive\เดสก์ท็อป\imageprocessing-prj\data\train\cabbage\Image_18.jpg,135.51,bfa935e7709181a2ef209880fc0bdc00
train,cabbage,Image_2.jpg,C:\Users\Computer\OneDrive\เดสก์ท็อป\imageprocessing-prj\data\train\cabbage\Image_2.jpg,1392.77,90f7a464706bb449b92a24588d80ab45
train,cabbage,Image_20.jpg,C:\Users\Computer\OneDrive\เดสก์ท็อป\imageprocessing-prj\data\train\cabbage\Image_20.jpg,120.22,8c608d6315dce27051d036fb955ad09a
train,cabbage,Image_21.jpg,C:\Users\Computer\OneDrive\เดสก์ท็อป\imageprocessing-prj\data\train\cabbage\Image_21.jpg,95.8,c14e5ee5b6229da3589567a4c380ab50
train,cabbage,Image_22.jpg,C:\Users\Computer\OneDrive\เดสก์ท็อป\imageprocessing-prj\data\train\cabbage\Image_22.jpg,142.45,fb791a69d2915be42b60033dbae21d97
train,cabbage,Image_23.jpg,C:\Users\Computer\OneDrive\เดสก์ท็อป\imageprocessing-prj\data\train\cabbage\Image_23.jpg,620.6,aaa9c06b2f1f50f44946a23bfb574b6a
train,cabbage,Image_24.jpg,C:\Users\Computer\OneDrive\เดสก์ท็อป\imageprocessing-prj\data\train\cabbage\Image_24.jpg,193.1,21401fb2c5bd7d5327cf9e450d24ec0e
train,cabbage,Image_25.jpg,C:\Users\Computer\OneDrive\เดสก์ท็อป\imageprocessing-prj\data\train\cabbage\Image_25.jpg,296.66,7ee58acf604829b52bc01f3e330c5a1f
train,cabbage,Image_26.JPG,C:\Users\Computer\OneDrive\เดสก์ท็อป\imageprocessing-prj\data\train\cabbage\Image_26.JPG,255.28,d7f821fdc540b7de84de90be24669239
train,cabbage,Image_27.jpg,C:\Users\Computer\OneDrive\เดสก์ท็อป\imageprocessing-prj\data\train\cabbage\Image_27.jpg,135.64,1daebb762393dd440b47e0945e0d2383
train,cabbage,Image_28.jpg,C:\Users\Computer\OneDrive\เดสก์ท็อป\imageprocessing-prj\data\train\cabbage\Image_28.jpg,605.61,3cf0b9f955e6260da8a5766af03fdaf0
train,cabbage,Image_29.jpg,C:\Users\Computer\OneDrive\เดสก์ท็อป\imageprocessing-prj\data\train\cabbage\Image_29.jpg,46.65,def676d31cc6a21d8653ced0e32d8b63
train,cabbage,Image_3.jpg,C:\Users\Computer\OneDrive\เดสก์ท็อป\imageprocessing-prj\data\train\cabbage\Image_3.jpg,94.08,814c3b2ae406c2fbde47bea4478556a6
train,cabbage,Image_30.jpg,C:\Users\Computer\OneDrive\เดสก์ท็อป\imageprocessing-prj\data\train\cabbage\Image_30.jpg,151.44,44b902b146ce93486e197b591d083c87
train,cabbage,Image_31.jpg,C:\Users\Computer\OneDrive\เดสก์ท็อป\imageprocessing-prj\data\train\cabbage\Image_31.jpg,882.04,64d2cb28135921d2ad3eb1e3ea368f8d
train,cabbage,Image_32.jpg,C:\Users\Computer\OneDrive\เดสก์ท็อป\imageprocessing-prj\data\train\cabbage\Image_32.jpg,30.8,3dadebf4aa0e15f2ca29d89655689fe8
train,cabbage,Image_33.jpg,C:\Users\Computer\OneDrive\เดสก์ท็อป\imageprocessing-prj\data\train\cabbage\Image_33.jpg,47.33,59a497f45a9aae1213f659e3289757ee
train,cabbage,Image_34.jpg,C:\Users\Computer\OneDrive\เดสก์ท็อป\imageprocessing-prj\data\train\cabbage\Image_34.jpg,4093.34,8340fbe2b5dc49a445b0d273f705b7a3
train,cabbage,Image_35.jpg,C:\Users\Computer\OneDrive\เดสก์ท็อป\imageprocessing-prj\data\train\cabbage\Image_35.jpg,187.97,ccae9e6cf6cbc4120e59e76835558715
train,cabbage,Image_36.jpeg,C:\Users\Computer\OneDrive\เดสก์ท็อป\imageprocessing-prj\data\train\cabbage\Image_36.jpeg,16.44,7382ed5296a0b600bce579aa17bfc5f8
train,cabbage,Image_37.jpg,C:\Users\Computer\OneDrive\เดสก์ท็อป\imageprocessing-prj\data\train\cabbage\Image_37.jpg,37.6,87a781f55425e473b5a10313d09ef5c4
train,cabbage,Image_38.jpg,C:\Users\Computer\OneDrive\เดสก์ท็อป\imageprocessing-prj\data\train\cabbage\Image_38.jpg,27.74,52bf826da08e7a4660f8d33a5a56236e
train,cabbage,Image_39.jpg,C:\Users\Computer\OneDrive\เดสก์ท็อป\imageprocessing-prj\data\train\cabbage\Image_39.jpg,164.1,54a9f408643aacd5e76567356e05132c
train,cabbage,Image_4.jpg,C:\Users\Computer\OneDrive\เดสก์ท็อป\imageprocessing-prj\data\train\cabbage\Image_4.jpg,1674.73,8ad38b8810250643fd52d4e684d2776d
train,cabbage,Image_42.jpg,C:\Users\Computer\OneDrive\เดสก์ท็อป\imageprocessing-prj\data\train\cabbage\Image_42.jpg,43.39,6b57b9d73dd42d3345986d1715037225
train,cabbage,Image_43.jpg,C:\Users\Computer\OneDrive\เดสก์ท็อป\imageprocessing-prj\data\train\cabbage\Image_43.jpg,536.83,91f0f7b5b6b20b76d0669b5b54642bce
train,cabbage,Image_44.jpg,C:\Users\Computer\OneDrive\เดสก์ท็อป\imageprocessing-prj\data\train\cabbage\Image_44.jpg,225.41,d55256d0ae8ce424cc8ab570f09e55e2
train,cabbage,Image_45.jpg,C:\Users\Computer\OneDrive\เดสก์ท็อป\imageprocessing-prj\data\train\cabbage\Image_45.jpg,174.72,dc06e226739fdb3ad79d86114432863c
train,cabbage,Image_46.jpg,C:\Users\Computer\OneDrive\เดสก์ท็อป\imageprocessing-prj\data\train\cabbage\Image_46.jpg,63.67,971fbd487bbbbf2aa66039fd0dbea0f2
train,cabbage,Image_47.JPG,C:\Users\Computer\OneDrive\เดสก์ท็อป\imageprocessing-prj\data\train\cabbage\Image_47.JPG,140.97,39e859f335d3d4f6277b5b0a820b9794
train,cabbage,Image_48.jpg,C:\Users\Computer\OneDrive\เดสก์ท็อป\imageprocessing-prj\data\train\cabbage\Image_48.jpg,784.19,dfd53058e8e971cd08f9e085ccff64fd
train,cabbage,Image_49.JPG,C:\Users\Computer\OneDrive\เดสก์ท็อป\imageprocessing-prj\data\train\cabbage\Image_49.JPG,482.6,7fa15c61698dd912717d895340389414
train,cabbage,Image_5.jpg,C:\Users\Computer\OneDrive\เดสก์ท็อป\imageprocessing-prj\data\train\cabbage\Image_5.jpg,2275.43,c12558ae62443df8a11cfce0077cf366
train,cabbage,Image_50.jpg,C:\Users\Computer\OneDrive\เดสก์ท็อป\imageprocessing-prj\data\train\cabbage\Image_50.jpg,22.1,4c9a2f507ef06b3accb56feaca15f676
train,cabbage,Image_51.jpg,C:\Users\Computer\OneDrive\เดสก์ท็อป\imageprocessing-prj\data\train\cabbage\Image_51.jpg,2439.4,5c0e8bab84e96931ec1d43a4580196b4
train,cabbage,Image_52.jpg,C:\Users\Computer\OneDrive\เดสก์ท็อป\imageprocessing-prj\data\train\cabbage\Image_52.jpg,214.87,36814c888a82365b56558e2e9d045ade
train,cabbage,Image_53.jpg,C:\Users\Computer\OneDrive\เดสก์ท็อป\imageprocessing-prj\data\train\cabbage\Image_53.jpg,75.27,2598521344446415413908adeb39b1f4
train,cabbage,Image_54.jpg,C:\Users\Computer\OneDrive\เดสก์ท็อป\imageprocessing-prj\data\train\cabbage\Image_54.jpg,74.13,40a96b95e71fe6e31591f41ac5746ac7
train,cabbage,Image_55.jpg,C:\Users\Computer\OneDrive\เดสก์ท็อป\imageprocessing-prj\data\train\cabbage\Image_55.jpg,98.12,a99c6a5dc992a4d5015de25283ed7548
train,cabbage,Image_56.jpg,C:\Users\Computer\OneDrive\เดสก์ท็อป\imageprocessing-prj\data\train\cabbage\Image_56.jpg,646.71,692f643392073c0831a9e49cb91358cf
train,cabbage,Image_57.jpg,C:\Users\Computer\OneDrive\เดสก์ท็อป\imageprocessing-prj\data\train\cabbage\Image_57.jpg,49.09,e4675a04d3c03566afcca5ae733e8ba1
train,cabbage,Image_58.jpg,C:\Users\Computer\OneDrive\เดสก์ท็อป\imageprocessing-prj\data\train\cabbage\Image_58.jpg,579.0,379bb539c0d8dff1994dbd6ec9a85a0c
train,cabbage,Image_59.jpg,C:\Users\Computer\OneDrive\เดสก์ท็อป\imageprocessing-prj\data\train\cabbage\Image_59.jpg,2493.76,73c734e11bd2ead9f278f78e9a1ad2a9
train,cabbage,Image_6.jpg,C:\Users\Computer\OneDrive\เดสก์ท็อป\imageprocessing-prj\data\train\cabbage\Image_6.jpg,182.29,ffbc2981b702f5e9dc384d892e3f5e86
train,cabbage,Image_60.JPG,C:\Users\Computer\OneDrive\เดสก์ท็อป\imageprocessing-prj\data\train\cabbage\Image_60.JPG,168.28,13407fc0bbd1d6ebf0293124de8fb646
train,cabbage,Image_61.jpg,C:\Users\Computer\OneDrive\เดสก์ท็อป\imageprocessing-prj\data\train\cabbage\Image_61.jpg,174.62,fa7aa3f27a76ddd365498417861fd4b7
train,cabbage,Image_63.png,C:\Users\Computer\OneDrive\เดสก์ท็อป\imageprocessing-prj\data\train\cabbage\Image_63.png,785.94,af41da723278d501baa3502e3d28bb30
train,cabbage,Image_65.jpg,C:\Users\Computer\OneDrive\เดสก์ท็อป\imageprocessing-prj\data\train\cabbage\Image_65.jpg,24.3,e92c11102290b4495403b7830db0e877
train,cabbage,Image_66.jpg,C:\Users\Computer\OneDrive\เดสก์ท็อป\imageprocessing-prj\data\train\cabbage\Image_66.jpg,90.02,15dab718bbed56dc2f643454e0a91b97
train,cabbage,Image_67.jpg,C:\Users\Computer\OneDrive\เดสก์ท็อป\imageprocessing-prj\data\train\cabbage\Image_67.jpg,410.69,982f4074614169f643a22a667eb904ae
train,cabbage,Image_68.jpg,C:\Users\Computer\OneDrive\เดสก์ท็อป\imageprocessing-prj\data\train\cabbage\Image_68.jpg,74.53,1c37c315a420ea42f4e1891853203c63
train,cabbage,Image_69.JPG,C:\Users\Computer\OneDrive\เดสก์ท็อป\imageprocessing-prj\data\train\cabbage\Image_69.JPG,2228.37,f27dae6cd9ca8e380785110860d1a199
train,cabbage,Image_7.jpg,C:\Users\Computer\OneDrive\เดสก์ท็อป\imageprocessing-prj\data\train\cabbage\Image_7.jpg,238.4,6818061ebbaac8bcffc21625a62da204
train,cabbage,Image_70.jpg,C:\Users\Computer\OneDrive\เดสก์ท็อป\imageprocessing-prj\data\train\cabbage\Image_70.jpg,7111.78,1a71d2c50d4e9d5350c45bf877ba1c32
train,cabbage,Image_71.jpg,C:\Users\Computer\OneDrive\เดสก์ท็อป\imageprocessing-prj\data\train\cabbage\Image_71.jpg,235.22,aeaa57085d8d853b51dbc1c6e2ee10a8
train,cabbage,Image_72.jpg,C:\Users\Computer\OneDrive\เดสก์ท็อป\imageprocessing-prj\data\train\cabbage\Image_72.jpg,25.39,4210fc1d34cf7e71b29dce71568c4eca
train,cabbage,Image_73.jpg,C:\Users\Computer\OneDrive\เดสก์ท็อป\imageprocessing-prj\data\train\cabbage\Image_73.jpg,169.26,1f80a4e88dc28478cffcb627afd53362
train,cabbage,Image_74.jpg,C:\Users\Computer\OneDrive\เดสก์ท็อป\imageprocessing-prj\data\train\cabbage\Image_74.jpg,45.47,32ef5822db41883fa951e67fff1e5c87
train,cabbage,Image_75.jpg,C:\Users\Computer\OneDrive\เดสก์ท็อป\imageprocessing-prj\data\train\cabbage\Image_75.jpg,21.58,d4664c34d91217c3677c6b4e1a43446c
train,cabbage,Image_76.jpg,C:\Users\Computer\OneDrive\เดสก์ท็อป\imageprocessing-prj\data\train\cabbage\Image_76.jpg,101.88,74384d5856fe42ecf400603e8b321fa0
train,cabbage,Image_77.jpg,C:\Users\Computer\OneDrive\เดสก์ท็อป\imageprocessing-prj\data\train\cabbage\Image_77.jpg,4789.48,256ada177c3d3aeb9ed03b66813c6c15
train,cabbage,Image_78.jpg,C:\Users\Computer\OneDrive\เดสก์ท็อป\imageprocessing-prj\data\train\cabbage\Image_78.jpg,718.61,e06fb95fd604c9bf0c4c70796f5b57c7
train,cabbage,Image_79.jpg,C:\Users\Computer\OneDrive\เดสก์ท็อป\imageprocessing-prj\data\train\cabbage\Image_79.jpg,1126.56,9f6fb3fadde0802a26facb27d2b4ff4c
train,cabbage,Image_8.jpg,C:\Users\Computer\OneDrive\เดสก์ท็อป\imageprocessing-prj\data\train\cabbage\Image_8.jpg,555.12,82cb81d60b542e3b6fd4dcfd9130f557
train,cabbage,Image_80.jpg,C:\Users\Computer\OneDrive\เดสก์ท็อป\imageprocessing-prj\data\train\cabbage\Image_80.jpg,122.59,da84442cf24fa5c301cc7c28cbda980e
train,cabbage,Image_81.jpg,C:\Users\Computer\OneDrive\เดสก์ท็อป\imageprocessing-prj\data\train\cabbage\Image_81.jpg,22.38,4c68d8d4598be03fb75435685d4978bb
train,cabbage,Image_85.jpg,C:\Users\Computer\OneDrive\เดสก์ท็อป\imageprocessing-prj\data\train\cabbage\Image_85.jpg,18.62,362d51ffbd7f9281a56aee106f4f105b
train,cabbage,Image_86.jpeg,C:\Users\Computer\OneDrive\เดสก์ท็อป\imageprocessing-prj\data\train\cabbage\Image_86.jpeg,29.17,96a4d718142867f644202aa1f32542a3
train,cabbage,Image_87.jpg,C:\Users\Computer\OneDrive\เดสก์ท็อป\imageprocessing-prj\data\train\cabbage\Image_87.jpg,59.33,470e69496ee7ddf19b60ccd1b9d99507
train,cabbage,Image_88.jpg,C:\Users\Computer\OneDrive\เดสก์ท็อป\imageprocessing-prj\data\train\cabbage\Image_88.jpg,89.47,49d5194e243856f3509a90608bc3e668
train,cabbage,Image_89.jpg,C:\Users\Computer\OneDrive\เดสก์ท็อป\imageprocessing-prj\data\train\cabbage\Image_89.jpg,56.79,e481602da38386c044907e743370da58
train,cabbage,Image_9.jpg,C:\Users\Computer\OneDrive\เดสก์ท็อป\imageprocessing-prj\data\train\cabbage\Image_9.jpg,298.83,4acf615f40b2c2cc0cec8353ab593cb9
train,cabbage,Image_90.jpg,C:\Users\Computer\OneDrive\เดสก์ท็อป\imageprocessing-prj\data\train\cabbage\Image_90.jpg,63.5,88f098e5accbb43464dc27e7f451a114
train,cabbage,Image_91.jpg,C:\Users\Computer\OneDrive\เดสก์ท็อป\imageprocessing-prj\data\train\cabbage\Image_91.jpg,269.4,36531ddc4360a223e90fb23e2ef97509
train,cabbage,Image_92.jpg,C:\Users\Computer\OneDrive\เดสก์ท็อป\imageprocessing-prj\data\train\cabbage\Image_92.jpg,1392.77,90f7a464706bb449b92a24588d80ab45
train,cabbage,Image_93.jpg,C:\Users\Computer\OneDrive\เดสก์ท็อป\imageprocessing-prj\data\train\cabbage\Image_93.jpg,94.08,814c3b2ae406c2fbde47bea4478556a6
train,cabbage,Image_94.jpg,C:\Users\Computer\OneDrive\เดสก์ท็อป\imageprocessing-prj\data\train\cabbage\Image_94.jpg,1674.73,8ad38b8810250643fd52d4e684d2776d
train,cabbage,Image_95.jpg,C:\Users\Computer\OneDrive\เดสก์ท็อป\imageprocessing-prj\data\train\cabbage\Image_95.jpg,2275.43,c12558ae62443df8a11cfce0077cf366
train,cabbage,Image_96.jpg,C:\Users\Computer\OneDrive\เดสก์ท็อป\imageprocessing-prj\data\train\cabbage\Image_96.jpg,182.29,ffbc2981b702f5e9dc384d892e3f5e86
train,cabbage,Image_97.jpg,C:\Users\Computer\OneDrive\เดสก์ท็อป\imageprocessing-prj\data\train\cabbage\Image_97.jpg,238.4,6818061ebbaac8bcffc21625a62da204
train,cabbage,Image_98.jpg,C:\Users\Computer\OneDrive\เดสก์ท็อป\imageprocessing-prj\data\train\cabbage\Image_98.jpg,555.12,82cb81d60b542e3b6fd4dcfd9130f557
train,cabbage,Image_99.jpg,C:\Users\Computer\OneDrive\เดสก์ท็อป\imageprocessing-prj\data\train\cabbage\Image_99.jpg,298.83,4acf615f40b2c2cc0cec8353ab593cb9
train,capsicum,Image_1.jpg,C:\Users\Computer\OneDrive\เดสก์ท็อป\imageprocessing-prj\data\train\capsicum\Image_1.jpg,232.49,7228ca89271c9fc347ac51467d26e74e
train,capsicum,Image_10.jpg,C:\Users\Computer\OneDrive\เดสก์ท็อป\imageprocessing-prj\data\train\capsicum\Image_10.jpg,188.96,34727b8ce35de2044a95afc5891d77c0
train,capsicum,Image_100.JPG,C:\Users\Computer\OneDrive\เดสก์ท็อป\imageprocessing-prj\data\train\capsicum\Image_100.JPG,243.37,e6a67b3957418780a9f2a9999dcaf567
train,capsicum,Image_11.JPG,C:\Users\Computer\OneDrive\เดสก์ท็อป\imageprocessing-prj\data\train\capsicum\Image_11.JPG,3165.09,3b86d7fbec8daf9631ec2fe2314a8e66
train,capsicum,Image_12.jpg,C:\Users\Computer\OneDrive\เดสก์ท็อป\imageprocessing-prj\data\train\capsicum\Image_12.jpg,73.75,c4a63d426dbc0f209fd04a04455b30b6
train,capsicum,Image_13.jpg,C:\Users\Computer\OneDrive\เดสก์ท็อป\imageprocessing-prj\data\train\capsicum\Image_13.jpg,16.69,0ff6827c21ab0663efa24febe6e8f300
train,capsicum,Image_14.jpg,C:\Users\Computer\OneDrive\เดสก์ท็อป\imageprocessing-prj\data\train\capsicum\Image_14.jpg,53.97,b51dbb326d0614a877c716bf5b2f10e7
train,capsicum,Image_15.jpg,C:\Users\Computer\OneDrive\เดสก์ท็อป\imageprocessing-prj\data\train\capsicum\Image_15.jpg,56.63,d0a255a514e2382d8b014fa8f3b6675c
train,capsicum,Image_16.jpg,C:\Users\Computer\OneDrive\เดสก์ท็อป\imageprocessing-prj\data\train\capsicum\Image_16.jpg,132.66,434032d57d87d2b0db9ea8e074010fc7
train,capsicum,Image_17.jpg,C:\Users\Computer\OneDrive\เดสก์ท็อป\imageprocessing-prj\data\train\capsicum\Image_17.jpg,2721.76,281467a90669d903048e2531dec396bb
train,capsicum,Image_18.jpg,C:\Users\Computer\OneDrive\เดสก์ท็อป\imageprocessing-prj\data\train\capsicum\Image_18.jpg,71.97,39e3e92ac28ffdf86b918e51e9e0f6af
train,capsicum,Image_19.jpg,C:\Users\Computer\OneDrive\เดสก์ท็อป\imageprocessing-prj\data\train\capsicum\Image_19.jpg,59.13,c98295e1972a9500e7a59ada38fba081
train,capsicum,Image_2.jpg,C:\Users\Computer\OneDrive\เดสก์ท็อป\imageprocessing-prj\data\train\capsicum\Image_2.jpg,527.06,046e8aa641764251a569c3d1ab074b52
train,capsicum,Image_20.jpg,C:\Users\Computer\OneDrive\เดสก์ท็อป\imageprocessing-prj\data\train\capsicum\Image_20.jpg,157.11,37e3cf83cd2e52767f9f7b3a45b379ed
train,capsicum,Image_21.jpg,C:\Users\Computer\OneDrive\เดสก์ท็อป\imageprocessing-prj\data\train\capsicum\Image_21.jpg,33.92,d26cf07962a83c1489e4460cf9c9eebf
train,capsicum,Image_22.jpg,C:\Users\Computer\OneDrive\เดสก์ท็อป\imageprocessing-prj\data\train\capsicum\Image_22.jpg,803.15,3108a402b9665f5f30d571283fcafdce
train,capsicum,Image_23.jpg,C:\Users\Computer\OneDrive\เดสก์ท็อป\imageprocessing-prj\data\train\capsicum\Image_23.jpg,234.03,305e0b31ab8a1fd38ce1b97808f74e6e
train,capsicum,Image_24.jpg,C:\Users\Computer\OneDrive\เดสก์ท็อป\imageprocessing-prj\data\train\capsicum\Image_24.jpg,183.41,527268081b901e4e882f178762dd9154
train,capsicum,Image_25.jpg,C:\Users\Computer\OneDrive\เดสก์ท็อป\imageprocessing-prj\data\train\capsicum\Image_25.jpg,70.88,ff60a7927dc02a4f4d3a3e0fa45f4f94
train,capsicum,Image_26.jpg,C:\Users\Computer\OneDrive\เดสก์ท็อป\imageprocessing-prj\data\train\capsicum\Image_26.jpg,2074.26,39679b3667f7293e2464336dedea6a9f
train,capsicum,Image_27.jpg,C:\Users\Computer\OneDrive\เดสก์ท็อป\imageprocessing-prj\data\train\capsicum\Image_27.jpg,119.33,bf56c8bce080e1b06795364ff731adca
train,capsicum,Image_28.jpg,C:\Users\Computer\OneDrive\เดสก์ท็อป\imageprocessing-prj\data\train\capsicum\Image_28.jpg,1348.57,dbe061a411d63ac720ac98ca922ef3d2
train,capsicum,Image_29.jpg,C:\Users\Computer\OneDrive\เดสก์ท็อป\imageprocessing-prj\data\train\capsicum\Image_29.jpg,770.92,42596b56b4b517ac04499d24a407a7b5
train,capsicum,Image_3.JPG,C:\Users\Computer\OneDrive\เดสก์ท็อป\imageprocessing-prj\data\train\capsicum\Image_3.JPG,243.37,e6a67b3957418780a9f2a9999dcaf567
train,capsicum,Image_30.jpg,C:\Users\Computer\OneDrive\เดสก์ท็อป\imageprocessing-prj\data\train\capsicum\Image_30.jpg,45.12,9e586b6d7c183d821a1490464d8e200a
train,capsicum,Image_31.jpg,C:\Users\Computer\OneDrive\เดสก์ท็อป\imageprocessing-prj\data\train\capsicum\Image_31.jpg,27.0,25d532c0117f4ad703c0874d9ea12c26
train,capsicum,Image_32.jpg,C:\Users\Computer\OneDrive\เดสก์ท็อป\imageprocessing-prj\data\train\capsicum\Image_32.jpg,124.12,82d7dd1a2d7c7ef0dd0096ae653b62ea
train,capsicum,Image_33.jpg,C:\Users\Computer\OneDrive\เดสก์ท็อป\imageprocessing-prj\data\train\capsicum\Image_33.jpg,192.15,7b36509a989720fb3e8b469bb8bb26ed
train,capsicum,Image_34.jpg,C:\Users\Computer\OneDrive\เดสก์ท็อป\imageprocessing-prj\data\train\capsicum\Image_34.jpg,109.11,282238e7f16619b66ea37b60a52f5568
train,capsicum,Image_35.jpg,C:\Users\Computer\OneDrive\เดสก์ท็อป\imageprocessing-prj\data\train\capsicum\Image_35.jpg,44.39,200fff81ec2d4f27e915a8eac2eaafa6
train,capsicum,Image_36.jpg,C:\Users\Computer\OneDrive\เดสก์ท็อป\imageprocessing-prj\data\train\capsicum\Image_36.jpg,63.1,a0770b474925d946e1cae73bbc61ce84
train,capsicum,Image_37.jpg,C:\Users\Computer\OneDrive\เดสก์ท็อป\imageprocessing-prj\data\train\capsicum\Image_37.jpg,41.98,1ac187e6ad7aa636922c5e868ceadff1
train,capsicum,Image_38.jpg,C:\Users\Computer\OneDrive\เดสก์ท็อป\imageprocessing-prj\data\train\capsicum\Image_38.jpg,54.19,722ad3ad59777ad88e7a50a406e797cc
train,capsicum,Image_39.jpg,C:\Users\Computer\OneDrive\เดสก์ท็อป\imageprocessing-prj\data\train\capsicum\Image_39.jpg,1519.92,1fad2e14f6a85b9f8a578c72861bd10e
train,capsicum,Image_4.jpg,C:\Users\Computer\OneDrive\เดสก์ท็อป\imageprocessing-prj\data\train\capsicum\Image_4.jpg,62.03,250b96ddcfdc239d634428ee8063f276
train,capsicum,Image_40.jpg,C:\Users\Computer\OneDrive\เดสก์ท็อป\imageprocessing-prj\data\train\capsicum\Image_40.jpg,281.4,c6dcc776c56a44174f90287e46ae495b
train,capsicum,Image_41.jpg,C:\Users\Computer\OneDrive\เดสก์ท็อป\imageprocessing-prj\data\train\capsicum\Image_41.jpg,29.77,aa94bbfa0ba7007b9c739fcbe4de0c4b
train,capsicum,Image_42.jpg,C:\Users\Computer\OneDrive\เดสก์ท็อป\imageprocessing-prj\data\train\capsicum\Image_42.jpg,16.0,e04a58ddea31856a982aa08fca8dc9dc
train,capsicum,Image_43.jpg,C:\Users\Computer\OneDrive\เดสก์ท็อป\imageprocessing-prj\data\train\capsicum\Image_43.jpg,66.89,6eb3ce5632e42373d6f7f6fa24e05de9
train,capsicum,Image_45.jpg,C:\Users\Computer\OneDrive\เดสก์ท็อป\imageprocessing-prj\data\train\capsicum\Image_45.jpg,122.5,b588d423e29be6297124ce8e0ef6874a
train,capsicum,Image_46.jpg,C:\Users\Computer\OneDrive\เดสก์ท็อป\imageprocessing-prj\data\train\capsicum\Image_46.jpg,255.76,5b18735612295ce9b68c0e13832e0c47
train,capsicum,Image_47.jpg,C:\Users\Computer\OneDrive\เดสก์ท็อป\imageprocessing-prj\data\train\capsicum\Image_47.jpg,45.9,e510340dafb67eb6819394b68d44af63
train,capsicum,Image_48.jpg,C:\Users\Computer\OneDrive\เดสก์ท็อป\imageprocessing-prj\data\train\capsicum\Image_48.jpg,71.72,83663e504685be8c044403c0a3bc1384
train,capsicum,Image_49.png,C:\Users\Computer\OneDrive\เดสก์ท็อป\imageprocessing-prj\data\train\capsicum\Image_49.png,229.41,ef59e2fddbc4cf66fe5c789ef7369571
train,capsicum,Image_5.jpg,C:\Users\Computer\OneDrive\เดสก์ท็อป\imageprocessing-prj\data\train\capsicum\Image_5.jpg,104.0,181a72fc70db9768654ae2178634f638
train,capsicum,Image_50.jpg,C:\Users\Computer\OneDrive\เดสก์ท็อป\imageprocessing-prj\data\train\capsicum\Image_50.jpg,32.02,51cbc0f58552baefefec62571e56c2fa
train,capsicum,Image_51.jpg,C:\Users\Computer\OneDrive\เดสก์ท็อป\imageprocessing-prj\data\train\capsicum\Image_51.jpg,316.76,e7e4cc724761eb6f4034626dd2c4236e
train,capsicum,Image_53.jpg,C:\Users\Computer\OneDrive\เดสก์ท็อป\imageprocessing-prj\data\train\capsicum\Image_53.jpg,18.6,23ffe3ca68aabc13f20fd746acbc2c76
train,capsicum,Image_54.jpg,C:\Users\Computer\OneDrive\เดสก์ท็อป\imageprocessing-prj\data\train\capsicum\Image_54.jpg,1929.46,99f5cba27d1b7aeda76ad5be49af8764
train,capsicum,Image_55.jpg,C:\Users\Computer\OneDrive\เดสก์ท็อป\imageprocessing-prj\data\train\capsicum\Image_55.jpg,11.62,2b598553bb7bce2f0ee9a8cacda64c9f
train,capsicum,Image_56.jpg,C:\Users\Computer\OneDrive\เดสก์ท็อป\imageprocessing-prj\data\train\capsicum\Image_56.jpg,35.44,86facca878f578411fcdeeffc3345628
train,capsicum,Image_6.jpg,C:\Users\Computer\OneDrive\เดสก์ท็อป\imageprocessing-prj\data\train\capsicum\Image_6.jpg,2400.33,ccb18e51d0cccbc7ce34edda47cd279a
train,capsicum,Image_60.jpg,C:\Users\Computer\OneDrive\เดสก์ท็อป\imageprocessing-prj\data\train\capsicum\Image_60.jpg,333.63,4fa466066a02b7897daf030b9f0cec17
train,capsicum,Image_62.jpg,C:\Users\Computer\OneDrive\เดสก์ท็อป\imageprocessing-prj\data\train\capsicum\Image_62.jpg,137.11,3e2c90408a62b961237dbe6ca675db12
train,capsicum,Image_64.jpg,C:\Users\Computer\OneDrive\เดสก์ท็อป\imageprocessing-prj\data\train\capsicum\Image_64.jpg,79.61,6370257ee5a72ecc64b2d162a0141cfb
train,capsicum,Image_65.jpg,C:\Users\Computer\OneDrive\เดสก์ท็อป\imageprocessing-prj\data\train\capsicum\Image_65.jpg,924.55,e318305f8ac03ad65f3d75f4332188d3
train,capsicum,Image_66.jpg,C:\Users\Computer\OneDrive\เดสก์ท็อป\imageprocessing-prj\data\train\capsicum\Image_66.jpg,18.65,b18201991714d3fc65e52eb21182b8b7
train,capsicum,Image_67.jpg,C:\Users\Computer\OneDrive\เดสก์ท็อป\imageprocessing-prj\data\train\capsicum\Image_67.jpg,121.25,60af7cbbfa82855815aac0e13b22ae3d
train,capsicum,Image_68.jpg,C:\Users\Computer\OneDrive\เดสก์ท็อป\imageprocessing-prj\data\train\capsicum\Image_68.jpg,94.19,2ad385ad6c749ebde182998271a36b1d
train,capsicum,Image_69.jpg,C:\Users\Computer\OneDrive\เดสก์ท็อป\imageprocessing-prj\data\train\capsicum\Image_69.jpg,61.24,22aecba3e0995ac188c5b9e759c3220d
train,capsicum,Image_7.jpg,C:\Users\Computer\OneDrive\เดสก์ท็อป\imageprocessing-prj\data\train\capsicum\Image_7.jpg,570.4,2473b65040c72354f21b668c79a148bf
train,capsicum,Image_70.jpg,C:\Users\Computer\OneDrive\เดสก์ท็อป\imageprocessing-prj\data\train\capsicum\Image_70.jpg,151.56,cf8477db6792ba9dd8485aec2490f0ca
train,capsicum,Image_71.jpeg,C:\Users\Computer\OneDrive\เดสก์ท็อป\imageprocessing-prj\data\train\capsicum\Image_71.jpeg,78.35,e671d40d948bffea64447ed90be2d89e
train,capsicum,Image_73.jpg,C:\Users\Computer\OneDrive\เดสก์ท็อป\imageprocessing-prj\data\train\capsicum\Image_73.jpg,36.36,0a2d7673c5644fc8b824e1690982fff2
train,capsicum,Image_74.jpg,C:\Users\Computer\OneDrive\เดสก์ท็อป\imageprocessing-prj\data\train\capsicum\Image_74.jpg,98.93,12b3061f0738d3172f014a895e2f32b6
train,capsicum,Image_75.jpg,C:\Users\Computer\OneDrive\เดสก์ท็อป\imageprocessing-prj\data\train\capsicum\Image_75.jpg,16.65,ff282997b0f7b84643ad320da84fa658
train,capsicum,Image_76.jpg,C:\Users\Computer\OneDrive\เดสก์ท็อป\imageprocessing-prj\data\train\capsicum\Image_76.jpg,58.71,f04b34da912e26e8fb77a263e4363efd
train,capsicum,Image_78.jpg,C:\Users\Computer\OneDrive\เดสก์ท็อป\imageprocessing-prj\data\train\capsicum\Image_78.jpg,31.86,339da5a07a13cb922106d7511071974e
train,capsicum,Image_79.JPG,C:\Users\Computer\OneDrive\เดสก์ท็อป\imageprocessing-prj\data\train\capsicum\Image_79.JPG,436.79,7d6c6f08ce405c9fd25870bf0c8dbc1c
train,capsicum,Image_8.jpg,C:\Users\Computer\OneDrive\เดสก์ท็อป\imageprocessing-prj\data\train\capsicum\Image_8.jpg,1369.92,a2d78db13f823381b19ceba03e4f835c
train,capsicum,Image_80.jpg,C:\Users\Computer\OneDrive\เดสก์ท็อป\imageprocessing-prj\data\train\capsicum\Image_80.jpg,75.61,aa57a4a19ea0b12b72b92ce978e6459e
train,capsicum,Image_81.jpg,C:\Users\Computer\OneDrive\เดสก์ท็อป\imageprocessing-prj\data\train\capsicum\Image_81.jpg,37.63,e597f59bd68ed464be4e642f1df5523b
train,capsicum,Image_82.jpg,C:\Users\Computer\OneDrive\เดสก์ท็อป\imageprocessing-prj\data\train\capsicum\Image_82.jpg,36.93,c0f0936688fdc6b4ca64c9f602d0fad8
train,capsicum,Image_83.jpg,C:\Users\Computer\OneDrive\เดสก์ท็อป\imageprocessing-prj\data\train\capsicum\Image_83.jpg,15.14,8d1f821785cb38e19f4e69b6d0cf826c
train,capsicum,Image_84.jpg,C:\Users\Computer\OneDrive\เดสก์ท็อป\imageprocessing-prj\data\train\capsicum\Image_84.jpg,60.74,8b6bdbf80f040e5813424ae076adbcc7
train,capsicum,Image_85.jpg,C:\Users\Computer\OneDrive\เดสก์ท็อป\imageprocessing-prj\data\train\capsicum\Image_85.jpg,235.17,9777e320a2330b2b6df12d216903966b
train,capsicum,Image_86.jpg,C:\Users\Computer\OneDrive\เดสก์ท็อป\imageprocessing-prj\data\train\capsicum\Image_86.jpg,238.55,e4e0d47fe59aae4e7daaf2d2e91d8e0b
train,capsicum,Image_87.jpg,C:\Users\Computer\OneDrive\เดสก์ท็อป\imageprocessing-prj\data\train\capsicum\Image_87.jpg,29.08,95ab005ecd336d538357f4002161f926
train,capsicum,Image_88.jpeg,C:\Users\Computer\OneDrive\เดสก์ท็อป\imageprocessing-prj\data\train\capsicum\Image_88.jpeg,54.1,507e7a0f2018ef5d7d6a0012f82fce8b
train,capsicum,Image_89.jpg,C:\Users\Computer\OneDrive\เดสก์ท็อป\imageprocessing-prj\data\train\capsicum\Image_89.jpg,83.12,4a0f5935bb5ff46324bbb03c4462342b
train,capsicum,Image_9.jpg,C:\Users\Computer\OneDrive\เดสก์ท็อป\imageprocessing-prj\data\train\capsicum\Image_9.jpg,657.04,285c9e891ccd81c98b5f4f66a4f140e1
train,capsicum,Image_90.jpg,C:\Users\Computer\OneDrive\เดสก์ท็อป\imageprocessing-prj\data\train\capsicum\Image_90.jpg,32.5,215058f03a1d97fbb4b3351728d6e946
train,capsicum,Image_92.jpg,C:\Users\Computer\OneDrive\เดสก์ท็อป\imageprocessing-prj\data\train\capsicum\Image_92.jpg,12.31,7865f4bb27281f66346167f5305a7a4d
train,capsicum,Image_93.jpg,C:\Users\Computer\OneDrive\เดสก์ท็อป\imageprocessing-prj\data\train\capsicum\Image_93.jpg,107.86,f0ab058a5c352edd40a78eabe62892b9
train,capsicum,Image_95.png,C:\Users\Computer\OneDrive\เดสก์ท็อป\imageprocessing-prj\data\train\capsicum\Image_95.png,30.79,b84ffc4095646d0848b8e86e5ca8513b
train,capsicum,Image_96.JPG,C:\Users\Computer\OneDrive\เดสก์ท็อป\imageprocessing-prj\data\train\capsicum\Image_96.JPG,1461.51,0c24d9ada588276bd5e7542496cff65d
train,capsicum,Image_97.jpg,C:\Users\Computer\OneDrive\เดสก์ท็อป\imageprocessing-prj\data\train\capsicum\Image_97.jpg,170.44,2f26456174b95d52587fc2a1f9395d43
train,capsicum,Image_98.jpg,C:\Users\Computer\OneDrive\เดสก์ท็อป\imageprocessing-prj\data\train\capsicum\Image_98.jpg,232.49,7228ca89271c9fc347ac51467d26e74e
train,capsicum,Image_99.jpg,C:\Users\Computer\OneDrive\เดสก์ท็อป\imageprocessing-prj\data\train\capsicum\Image_99.jpg,527.06,046e8aa641764251a569c3d1ab074b52
train,carrot,Image_1.jpg,C:\Users\Computer\OneDrive\เดสก์ท็อป\imageprocessing-prj\data\train\carrot\Image_1.jpg,190.73,817a812fb4483c6b4969ffc0700fcaa1
train,carrot,Image_10.jpeg,C:\Users\Computer\OneDrive\เดสก์ท็อป\imageprocessing-prj\data\train\carrot\Image_10.jpeg,80.65,116aa7c0177c05f2238b420e3490b504
train,carrot,Image_100.jpg,C:\Users\Computer\OneDrive\เดสก์ท็อป\imageprocessing-prj\data\train\carrot\Image_100.jpg,76.48,a86d4ac5a0e3b3aa7a5d2b6a477351ca
train,carrot,Image_11.jpg,C:\Users\Computer\OneDrive\เดสก์ท็อป\imageprocessing-prj\data\train\carrot\Image_11.jpg,1928.75,bf40e3f5336429d9726cc5bd717bb080
train,carrot,Image_12.jpg,C:\Users\Computer\OneDrive\เดสก์ท็อป\imageprocessing-prj\data\train\carrot\Image_12.jpg,96.75,d905973c230bdf27269ef0762a85f4b8
train,carrot,Image_13.jpg,C:\Users\Computer\OneDrive\เดสก์ท็อป\imageprocessing-prj\data\train\carrot\Image_13.jpg,127.33,4555846d2ff88d64a8219caacb843bfb
train,carrot,Image_14.jpeg,C:\Users\Computer\OneDrive\เดสก์ท็อป\imageprocessing-prj\data\train\carrot\Image_14.jpeg,221.23,8c1ef407f0fb750e0ce85d430f79581b
train,carrot,Image_15.jpg,C:\Users\Computer\OneDrive\เดสก์ท็อป\imageprocessing-prj\data\train\carrot\Image_15.jpg,204.43,732c27e16119c2dc8e27040d25538cf0
train,carrot,Image_17.jpeg,C:\Users\Computer\OneDrive\เดสก์ท็อป\imageprocessing-prj\data\train\carrot\Image_17.jpeg,17.71,de65ce955858ce88bebdd1e0f9e82798
train,carrot,Image_2.jpg,C:\Users\Computer\OneDrive\เดสก์ท็อป\imageprocessing-prj\data\train\carrot\Image_2.jpg,103.4,ae5de4d0454de4b2b4c91f14847ab2d3
train,carrot,Image_20.jpg,C:\Users\Computer\OneDrive\เดสก์ท็อป\imageprocessing-prj\data\train\carrot\Image_20.jpg,21.8,c7f5fa87b60d89032b662572d1bdbe7e
train,carrot,Image_23.jpg,C:\Users\Computer\OneDrive\เดสก์ท็อป\imageprocessing-prj\data\train\carrot\Image_23.jpg,178.43,4e112f68975c6b94aa3da77c59510f76
train,carrot,Image_24.jpg,C:\Users\Computer\OneDrive\เดสก์ท็อป\imageprocessing-prj\data\train\carrot\Image_24.jpg,88.95,a3e908abd5e28fca17e19d2cce02990d
train,carrot,Image_25.jpg,C:\Users\Computer\OneDrive\เดสก์ท็อป\imageprocessing-prj\data\train\carrot\Image_25.jpg,37.36,70ee68379cee653579e82d5b1d123023
train,carrot,Image_26.jpg,C:\Users\Computer\OneDrive\เดสก์ท็อป\imageprocessing-prj\data\train\carrot\Image_26.jpg,495.53,162827a8af65a881635a7157e138ddbe
train,carrot,Image_27.jpg,C:\Users\Computer\OneDrive\เดสก์ท็อป\imageprocessing-prj\data\train\carrot\Image_27.jpg,118.14,3353f9ccedc1c930025d918de8863a37
train,carrot,Image_28.jpg,C:\Users\Computer\OneDrive\เดสก์ท็อป\imageprocessing-prj\data\train\carrot\Image_28.jpg,42.3,8c6c004ddb3dc61fb6b5db311efb4c65
train,carrot,Image_29.jpg,C:\Users\Computer\OneDrive\เดสก์ท็อป\imageprocessing-prj\data\train\carrot\Image_29.jpg,44.61,08063414666818d8f15a0d619cfe50bf
train,carrot,Image_3.jpg,C:\Users\Computer\OneDrive\เดสก์ท็อป\imageprocessing-prj\data\train\carrot\Image_3.jpg,373.04,33c50d435b73833f0fa4de54a4445271
train,carrot,Image_31.jpg,C:\Users\Computer\OneDrive\เดสก์ท็อป\imageprocessing-prj\data\train\carrot\Image_31.jpg,682.56,83ca439c832f7fb6dd6b3c980546db54
train,carrot,Image_32.jpg,C:\Users\Computer\OneDrive\เดสก์ท็อป\imageprocessing-prj\data\train\carrot\Image_32.jpg,152.6,9d4535b2caadaa3a252bfda7bc8ad9a8
train,carrot,Image_34.jpg,C:\Users\Computer\OneDrive\เดสก์ท็อป\imageprocessing-prj\data\train\carrot\Image_34.jpg,49.36,60581a873e9fd6305a8bb56defb27de6
train,carrot,Image_35.jpg,C:\Users\Computer\OneDrive\เดสก์ท็อป\imageprocessing-prj\data\train\carrot\Image_35.jpg,189.62,045690cb97e75ef53b281501ac3fb2d5
train,carrot,Image_36.jpg,C:\Users\Computer\OneDrive\เดสก์ท็อป\imageprocessing-prj\data\train\carrot\Image_36.jpg,53.7,4eab571ee74c49a00eaa1a668a6a2a0d
train,carrot,Image_37.jpg,C:\Users\Computer\OneDrive\เดสก์ท็อป\imageprocessing-prj\data\train\carrot\Image_37.jpg,257.38,36372c2d98d45a9028131399f5c02a7d
train,carrot,Image_40.jpg,C:\Users\Computer\OneDrive\เดสก์ท็อป\imageprocessing-prj\data\train\carrot\Image_40.jpg,71.37,9398606467ac47ab904c08ec85c2407e
train,carrot,Image_41.jpg,C:\Users\Computer\OneDrive\เดสก์ท็อป\imageprocessing-prj\data\train\carrot\Image_41.jpg,28.58,38eb21b8c1214a2d41cbd1130f0d1efd
train,carrot,Image_42.jpg,C:\Users\Computer\OneDrive\เดสก์ท็อป\imageprocessing-prj\data\train\carrot\Image_42.jpg,170.96,7f1b050ff8618919faa7f7682f7c3575
train,carrot,Image_44.png,C:\Users\Computer\OneDrive\เดสก์ท็อป\imageprocessing-prj\data\train\carrot\Image_44.png,539.91,f3ce42f54d8c7f7e5538caa493841fc6
train,carrot,Image_46.jpg,C:\Users\Computer\OneDrive\เดสก์ท็อป\imageprocessing-prj\data\train\carrot\Image_46.jpg,52.54,0723e249e977bc3ee9324fcf1351ce1c
train,carrot,Image_47.jpg,C:\Users\Computer\OneDrive\เดสก์ท็อป\imageprocessing-prj\data\train\carrot\Image_47.jpg,126.72,cb3cd65d71a53ae214ecfcb79522a0a8
train,carrot,Image_49.jpg,C:\Users\Computer\OneDrive\เดสก์ท็อป\imageprocessing-prj\data\train\carrot\Image_49.jpg,3884.88,fafc36f6ae958c76f2d2cab9ed72fd9d
train,carrot,Image_5.jpg,C:\Users\Computer\OneDrive\เดสก์ท็อป\imageprocessing-prj\data\train\carrot\Image_5.jpg,57.14,c8fd324c69bdd2dd2b1eae0fd8334670
train,carrot,Image_50.jpg,C:\Users\Computer\OneDrive\เดสก์ท็อป\imageprocessing-prj\data\train\carrot\Image_50.jpg,34.88,888f80c5a83ed05207600abe2c58a81b
train,carrot,Image_51.jpg,C:\Users\Computer\OneDrive\เดสก์ท็อป\imageprocessing-prj\data\train\carrot\Image_51.jpg,26.21,4cfec69624070ad739d297e811b8dded
train,carrot,Image_52.jpg,C:\Users\Computer\OneDrive\เดสก์ท็อป\imageprocessing-prj\data\train\carrot\Image_52.jpg,81.18,4274751f32a1944ce37cdf146fed8fb6
train,carrot,Image_53.jpg,C:\Users\Computer\OneDrive\เดสก์ท็อป\imageprocessing-prj\data\train\carrot\Image_53.jpg,50.42,af7ec991e6ba6399b86ff9b3d3b9dc3e
train,carrot,Image_54.jpg,C:\Users\Computer\OneDrive\เดสก์ท็อป\imageprocessing-prj\data\train\carrot\Image_54.jpg,97.78,e41388f985034c36541c461338f000b9
train,carrot,Image_55.jpg,C:\Users\Computer\OneDrive\เดสก์ท็อป\imageprocessing-prj\data\train\carrot\Image_55.jpg,188.27,3de00019f0266f0965b634d0ea34f001
train,carrot,Image_56.jpg,C:\Users\Computer\OneDrive\เดสก์ท็อป\imageprocessing-prj\data\train\carrot\Image_56.jpg,3110.5,ad6547cf9cbdf41181a5e96641fa2f29
train,carrot,Image_57.jpg,C:\Users\Computer\OneDrive\เดสก์ท็อป\imageprocessing-prj\data\train\carrot\Image_57.jpg,98.82,7e0545438dbabe6c690b46b0d1bb03d9
train,carrot,Image_58.jpg,C:\Users\Computer\OneDrive\เดสก์ท็อป\imageprocessing-prj\data\train\carrot\Image_58.jpg,719.91,5669a432da03fc56f8003be47fb2d4df
train,carrot,Image_59.jpg,C:\Users\Computer\OneDrive\เดสก์ท็อป\imageprocessing-prj\data\train\carrot\Image_59.jpg,280.41,5edc1198bcd19db4ff38b1ac0af2229c
train,carrot,Image_6.jpg,C:\Users\Computer\OneDrive\เดสก์ท็อป\imageprocessing-prj\data\train\carrot\Image_6.jpg,334.27,efc312f054773d1f1fd7a77a1e28b9f1
train,carrot,Image_60.jpg,C:\Users\Computer\OneDrive\เดสก์ท็อป\imageprocessing-prj\data\train\carrot\Image_60.jpg,66.74,ea29c83572b64b42b717165a49aa0dbf
train,carrot,Image_61.jpg,C:\Users\Computer\OneDrive\เดสก์ท็อป\imageprocessing-prj\data\train\carrot\Image_61.jpg,378.76,6420953e5c95e631ca36d7bc6f64afe0
train,carrot,Image_62.png,C:\Users\Computer\OneDrive\เดสก์ท็อป\imageprocessing-prj\data\train\carrot\Image_62.png,3092.79,b6bdfcb8b33b40138b1251891c6f3c79
train,carrot,Image_63.jpg,C:\Users\Computer\OneDrive\เดสก์ท็อป\imageprocessing-prj\data\train\carrot\Image_63.jpg,1842.02,bb73b578ce2d1b242f257865bf69e920
train,carrot,Image_64.jpg,C:\Users\Computer\OneDrive\เดสก์ท็อป\imageprocessing-prj\data\train\carrot\Image_64.jpg,168.33,3a1e61910df7e9e9f8862fbd8092bd81
train,carrot,Image_65.jpg,C:\Users\Computer\OneDrive\เดสก์ท็อป\imageprocessing-prj\data\train\carrot\Image_65.jpg,63.03,844f7652119e86f374378d7c3dbf615e
train,carrot,Image_66.jpg,C:\Users\Computer\OneDrive\เดสก์ท็อป\imageprocessing-prj\data\train\carrot\Image_66.jpg,89.41,0b678efa72b0452fddb8db4571da5ac3
train,carrot,Image_67.jpg,C:\Users\Computer\OneDrive\เดสก์ท็อป\imageprocessing-prj\data\train\carrot\Image_67.jpg,112.9,0dff90a0dd5a77253f622b8190a9c7fc
train,carrot,Image_68.png,C:\Users\Computer\OneDrive\เดสก์ท็อป\imageprocessing-prj\data\train\carrot\Image_68.png,23.45,125c786d1850e8e8472017892df57e54
train,carrot,Image_69.jpg,C:\Users\Computer\OneDrive\เดสก์ท็อป\imageprocessing-prj\data\train\carrot\Image_69.jpg,33.73,babc170df12b7764f3537628ac18316a
train,carrot,Image_7.jpg,C:\Users\Computer\OneDrive\เดสก์ท็อป\imageprocessing-prj\data\train\carrot\Image_7.jpg,76.48,a86d4ac5a0e3b3aa7a5d2b6a477351ca
train,carrot,Image_70.jpg,C:\Users\Computer\OneDrive\เดสก์ท็อป\imageprocessing-prj\data\train\carrot\Image_70.jpg,34.17,cb3b30b9af84bb5735eb7d6e9875df80
train,carrot,Image_71.jpg,C:\Users\Computer\OneDrive\เดสก์ท็อป\imageprocessing-prj\data\train\carrot\Image_71.jpg,37.36,9386a7e04a3ab89fae7b50c590566fcd
train,carrot,Image_72.jpg,C:\Users\Computer\OneDrive\เดสก์ท็อป\imageprocessing-prj\data\train\carrot\Image_72.jpg,123.53,24599df4a517d83438e09f7d30601dd6
train,carrot,Image_73.jpeg,C:\Users\Computer\OneDrive\เดสก์ท็อป\imageprocessing-prj\data\train\carrot\Image_73.jpeg,44.17,5191b4e0998d94df9eef5879ca715feb
train,carrot,Image_75.jpg,C:\Users\Computer\OneDrive\เดสก์ท็อป\imageprocessing-prj\data\train\carrot\Image_75.jpg,87.27,2746af67ac57fe424cc22916077dee37
train,carrot,Image_76.jpg,C:\Users\Computer\OneDrive\เดสก์ท็อป\imageprocessing-prj\data\train\carrot\Image_76.jpg,115.82,bc5456cbadf7bcce17cbaebbf047b699
train,carrot,Image_77.jpg,C:\Users\Computer\OneDrive\เดสก์ท็อป\imageprocessing-prj\data\train\carrot\Image_77.jpg,757.82,c396183b37965b0b5f540112a1c57792
train,carrot,Image_78.jpg,C:\Users\Computer\OneDrive\เดสก์ท็อป\imageprocessing-prj\data\train\carrot\Image_78.jpg,143.19,43c09fd77c2aec6c8a3f325e174d3ba6
train,carrot,Image_79.jpg,C:\Users\Computer\OneDrive\เดสก์ท็อป\imageprocessing-prj\data\train\carrot\Image_79.jpg,112.22,8a2d91c5e2177b13fc4c7d4ee8112af2
train,carrot,Image_8.JPG,C:\Users\Computer\OneDrive\เดสก์ท็อป\imageprocessing-prj\data\train\carrot\Image_8.JPG,179.59,f2fcc902192f9f3d242587326597e8c8
train,carrot,Image_80.png,C:\Users\Computer\OneDrive\เดสก์ท็อป\imageprocessing-prj\data\train\carrot\Image_80.png,1619.19,0698a292cc298c826611f539bf68d415
train,carrot,Image_81.jpg,C:\Users\Computer\OneDrive\เดสก์ท็อป\imageprocessing-prj\data\train\carrot\Image_81.jpg,50.5,8db4876ca3a3845476d3317d6b72b76b
train,carrot,Image_82.jpg,C:\Users\Computer\OneDrive\เดสก์ท็อป\imageprocessing-prj\data\train\carrot\Image_82.jpg,9512.12,d1046c4859bc53a4867e3fbdc7d17b8f
train,carrot,Image_83.jpg,C:\Users\Computer\OneDrive\เดสก์ท็อป\imageprocessing-prj\data\train\carrot\Image_83.jpg,48.67,1a14d63ca788da9f1ddc56fe18b64716
train,carrot,Image_84.jpg,C:\Users\Computer\OneDrive\เดสก์ท็อป\imageprocessing-prj\data\train\carrot\Image_84.jpg,18.89,d7abad96bfa8ca1c7132b68a0358f3ae
train,carrot,Image_85.jpg,C:\Users\Computer\OneDrive\เดสก์ท็อป\imageprocessing-prj\data\train\carrot\Image_85.jpg,18.42,622a7fabf7a3887ab773b482517400fd
train,carrot,Image_86.jpg,C:\Users\Computer\OneDrive\เดสก์ท็อป\imageprocessing-prj\data\train\carrot\Image_86.jpg,65.3,eb67345284d947e95f2dacb7aca9c589
train,carrot,Image_88.jpg,C:\Users\Computer\OneDrive\เดสก์ท็อป\imageprocessing-prj\data\train\carrot\Image_88.jpg,213.0,761e871f18c208302b1c2a370fe7a87e
train,carrot,Image_89.jpg,C:\Users\Computer\OneDrive\เดสก์ท็อป\imageprocessing-prj\data\train\carrot\Image_89.jpg,129.9,32168251b68bc32b786966edf22464d9
train,carrot,Image_9.jpg,C:\Users\Computer\OneDrive\เดสก์ท็อป\imageprocessing-prj\data\train\carrot\Image_9.jpg,200.04,480c98d564de2494595fb9049d959fb0
train,carrot,Image_90.jpg,C:\Users\Computer\OneDrive\เดสก์ท็อป\imageprocessing-prj\data\train\carrot\Image_90.jpg,76.79,3f9d67cb7d2a2611b9cae09d97809c66
train,carrot,Image_91.jpg,C:\Users\Computer\OneDrive\เดสก์ท็อป\imageprocessing-prj\data\train\carrot\Image_91.jpg,62.41,c9272d9bcdc6a9adb1e5802eac48a09d
train,carrot,Image_93.jpg,C:\Users\Computer\OneDrive\เดสก์ท็อป\imageprocessing-prj\data\train\carrot\Image_93.jpg,66.7,a9c1211357bc72744a5a4f893906d7f2
train,carrot,Image_94.jpg,C:\Users\Computer\OneDrive\เดสก์ท็อป\imageprocessing-prj\data\train\carrot\Image_94.jpg,190.73,817a812fb4483c6b4969ffc0700fcaa1
train,carrot,Image_96.jpg,C:\Users\Computer\OneDrive\เดสก์ท็อป\imageprocessing-prj\data\train\carrot\Image_96.jpg,373.04,33c50d435b73833f0fa4de54a4445271
train,carrot,Image_98.jpg,C:\Users\Computer\OneDrive\เดสก์ท็อป\imageprocessing-prj\data\train\carrot\Image_98.jpg,57.14,c8fd324c69bdd2dd2b1eae0fd8334670
train,carrot,Image_99.jpg,C:\Users\Computer\OneDrive\เดสก์ท็อป\imageprocessing-prj\data\train\carrot\Image_99.jpg,334.27,efc312f054773d1f1fd7a77a1e28b9f1
train,cauliflower,Image_1.jpg,C:\Users\Computer\OneDrive\เดสก์ท็อป\imageprocessing-prj\data\train\cauliflower\Image_1.jpg,361.07,a8c9ec79fa57d0a9ed5b07c49e23eb09
train,cauliflower,Image_10.jpg,C:\Users\Computer\OneDrive\เดสก์ท็อป\imageprocessing-prj\data\train\cauliflower\Image_10.jpg,285.05,36417dacbf35ea2e2e6b89d23f3c6d5e
train,cauliflower,Image_100.jpg,C:\Users\Computer\OneDrive\เดสก์ท็อป\imageprocessing-prj\data\train\cauliflower\Image_100.jpg,90.25,7443e61b0ae143ac8d310eb5cd81e411
train,cauliflower,Image_11.jpg,C:\Users\Computer\OneDrive\เดสก์ท็อป\imageprocessing-prj\data\train\cauliflower\Image_11.jpg,330.66,18ea9fad8665eaf4f47df4a181f6625f
train,cauliflower,Image_12.jpg,C:\Users\Computer\OneDrive\เดสก์ท็อป\imageprocessing-prj\data\train\cauliflower\Image_12.jpg,74.3,7f1578a179674ad97dadc69361bfa826
train,cauliflower,Image_13.jpg,C:\Users\Computer\OneDrive\เดสก์ท็อป\imageprocessing-prj\data\train\cauliflower\Image_13.jpg,161.44,a978a49002ff70f5dbd3d9b0854953a6
train,cauliflower,Image_14.jpg,C:\Users\Computer\OneDrive\เดสก์ท็อป\imageprocessing-prj\data\train\cauliflower\Image_14.jpg,722.55,a5a0561039ac4ca1f7fa45aefb553492
train,cauliflower,Image_15.jpg,C:\Users\Computer\OneDrive\เดสก์ท็อป\imageprocessing-prj\data\train\cauliflower\Image_15.jpg,142.9,3b053f96f1d91bc54a888bc126a222fc
train,cauliflower,Image_16.jpg,C:\Users\Computer\OneDrive\เดสก์ท็อป\imageprocessing-prj\data\train\cauliflower\Image_16.jpg,751.15,10d79ea727ac1c348e43d2bf5ddd9059
train,cauliflower,Image_17.jpg,C:\Users\Computer\OneDrive\เดสก์ท็อป\imageprocessing-prj\data\train\cauliflower\Image_17.jpg,114.13,0ecf468fc898dff88ed68ba0497fe3ac
train,cauliflower,Image_18.jpg,C:\Users\Computer\OneDrive\เดสก์ท็อป\imageprocessing-prj\data\train\cauliflower\Image_18.jpg,194.83,582f571e32cba3dd8936410506fc2b5a
train,cauliflower,Image_19.jpg,C:\Users\Computer\OneDrive\เดสก์ท็อป\imageprocessing-prj\data\train\cauliflower\Image_19.jpg,150.59,cf7a2b323ead305c2037abb406ae75f0
train,cauliflower,Image_2.jpg,C:\Users\Computer\OneDrive\เดสก์ท็อป\imageprocessing-prj\data\train\cauliflower\Image_2.jpg,869.97,a9bb5f4e2784a4e038cbae92634cef10
train,cauliflower,Image_20.jpg,C:\Users\Computer\OneDrive\เดสก์ท็อป\imageprocessing-prj\data\train\cauliflower\Image_20.jpg,647.23,dc5efccec1561d987250e23b1f84ecee
train,cauliflower,Image_21.png,C:\Users\Computer\OneDrive\เดสก์ท็อป\imageprocessing-prj\data\train\cauliflower\Image_21.png,289.57,f49ec4cc4e33666be5944dd18cf91654
train,cauliflower,Image_22.jpg,C:\Users\Computer\OneDrive\เดสก์ท็อป\imageprocessing-prj\data\train\cauliflower\Image_22.jpg,30.38,95bc3d32906ba877b4f5cecbfabd471a
train,cauliflower,Image_23.jpg,C:\Users\Computer\OneDrive\เดสก์ท็อป\imageprocessing-prj\data\train\cauliflower\Image_23.jpg,50.76,8fc6b74917c512f816fa6e1298752a27
train,cauliflower,Image_24.jpg,C:\Users\Computer\OneDrive\เดสก์ท็อป\imageprocessing-prj\data\train\cauliflower\Image_24.jpg,170.45,0add444478d1dff63d74dcd101eed16a
train,cauliflower,Image_25.JPG,C:\Users\Computer\OneDrive\เดสก์ท็อป\imageprocessing-prj\data\train\cauliflower\Image_25.JPG,8.67,0dbdacd246ee200cf4c4f215c9accda2
train,cauliflower,Image_26.jpg,C:\Users\Computer\OneDrive\เดสก์ท็อป\imageprocessing-prj\data\train\cauliflower\Image_26.jpg,416.99,a745ed5b21f6a0df715fb4e2da6ac350
train,cauliflower,Image_27.jpg,C:\Users\Computer\OneDrive\เดสก์ท็อป\imageprocessing-prj\data\train\cauliflower\Image_27.jpg,1010.91,cc8e0f65c918a0fb43ec2daec17f3e44
train,cauliflower,Image_28.jpg,C:\Users\Computer\OneDrive\เดสก์ท็อป\imageprocessing-prj\data\train\cauliflower\Image_28.jpg,68.79,9ad0c3dcc904eb407bb11864d8c86423
train,cauliflower,Image_29.jpg,C:\Users\Computer\OneDrive\เดสก์ท็อป\imageprocessing-prj\data\train\cauliflower\Image_29.jpg,40.69,a091d867688c505f68682ee0108fd8df
train,cauliflower,Image_3.jpg,C:\Users\Computer\OneDrive\เดสก์ท็อป\imageprocessing-prj\data\train\cauliflower\Image_3.jpg,288.45,403e5db8379db6fe6dd811e927b281b9
train,cauliflower,Image_30.jpg,C:\Users\Computer\OneDrive\เดสก์ท็อป\imageprocessing-prj\data\train\cauliflower\Image_30.jpg,127.25,33d5dd6b99daadb6e4f7008fb1f4f0b6
train,cauliflower,Image_31.jpg,C:\Users\Computer\OneDrive\เดสก์ท็อป\imageprocessing-prj\data\train\cauliflower\Image_31.jpg,912.24,b04a6ffe01b8c7153ca762d9d9c9151d
train,cauliflower,Image_32.jpg,C:\Users\Computer\OneDrive\เดสก์ท็อป\imageprocessing-prj\data\train\cauliflower\Image_32.jpg,103.29,bcc786ef9c990e0136c419e3c74e2787
train,cauliflower,Image_33.png,C:\Users\Computer\OneDrive\เดสก์ท็อป\imageprocessing-prj\data\train\cauliflower\Image_33.png,510.77,5adbbc63be3512798a907a54caf8262d
train,cauliflower,Image_34.JPG,C:\Users\Computer\OneDrive\เดสก์ท็อป\imageprocessing-prj\data\train\cauliflower\Image_34.JPG,250.6,51999bf4c31f1fde8889331a522a9326
train,cauliflower,Image_35.jpg,C:\Users\Computer\OneDrive\เดสก์ท็อป\imageprocessing-prj\data\train\cauliflower\Image_35.jpg,40.87,5ade88246b2c70f7ece10ef0bf2db6ac
train,cauliflower,Image_36.jpg,C:\Users\Computer\OneDrive\เดสก์ท็อป\imageprocessing-prj\data\train\cauliflower\Image_36.jpg,344.9,d50d4256633fd4a874aa4ae77b15d0a4
train,cauliflower,Image_37.jpg,C:\Users\Computer\OneDrive\เดสก์ท็อป\imageprocessing-prj\data\train\cauliflower\Image_37.jpg,84.18,67670747a5df1963f2abdc4485c06b9b
train,cauliflower,Image_38.jpg,C:\Users\Computer\OneDrive\เดสก์ท็อป\imageprocessing-prj\data\train\cauliflower\Image_38.jpg,25.07,a8ddbb40bd33f5c3d23a39cce6b52dc2
train,cauliflower,Image_39.png,C:\Users\Computer\OneDrive\เดสก์ท็อป\imageprocessing-prj\data\train\cauliflower\Image_39.png,142.46,6c686488051b16acd270dda478ac29d3
train,cauliflower,Image_4.jpg,C:\Users\Computer\OneDrive\เดสก์ท็อป\imageprocessing-prj\data\train\cauliflower\Image_4.jpg,90.25,7443e61b0ae143ac8d310eb5cd81e411
train,cauliflower,Image_40.jpg,C:\Users\Computer\OneDrive\เดสก์ท็อป\imageprocessing-prj\data\train\cauliflower\Image_40.jpg,90.22,6a0b3f6f2ec1f8ac7bfdb25eb7269955
train,cauliflower,Image_41.jpg,C:\Users\Computer\OneDrive\เดสก์ท็อป\imageprocessing-prj\data\train\cauliflower\Image_41.jpg,22.18,53b7d1f767b78e743c77c7b83b3888d5
train,cauliflower,Image_42.jpg,C:\Users\Computer\OneDrive\เดสก์ท็อป\imageprocessing-prj\data\train\cauliflower\Image_42.jpg,289.08,89f217d7a05b8ad1a2644fd15c5f6e68
train,cauliflower,Image_43.jpg,C:\Users\Computer\OneDrive\เดสก์ท็อป\imageprocessing-prj\data\train\cauliflower\Image_43.jpg,432.1,5e49a0e4b9417a89ff71bd93eedff97a
train,cauliflower,Image_44.jpg,C:\Users\Computer\OneDrive\เดสก์ท็อป\imageprocessing-prj\data\train\cauliflower\Image_44.jpg,402.4,0874250a27492963a19e998861877652
train,cauliflower,Image_47.jpg,C:\Users\Computer\OneDrive\เดสก์ท็อป\imageprocessing-prj\data\train\cauliflower\Image_47.jpg,68.05,a65400ea9eab1ede76bae6005827c935
train,cauliflower,Image_48.png,C:\Users\Computer\OneDrive\เดสก์ท็อป\imageprocessing-prj\data\train\cauliflower\Image_48.png,400.14,b982fee245dc2091b7b017936066ccfa
train,cauliflower,Image_49.jpg,C:\Users\Computer\OneDrive\เดสก์ท็อป\imageprocessing-prj\data\train\cauliflower\Image_49.jpg,188.67,022c8b016fc42c6a9d244ac90f747d80
train,cauliflower,Image_5.JPG,C:\Users\Computer\OneDrive\เดสก์ท็อป\imageprocessing-prj\data\train\cauliflower\Image_5.JPG,1883.77,778069bf08a41b7e7da97aae288f7614
train,cauliflower,Image_50.jpg,C:\Users\Computer\OneDrive\เดสก์ท็อป\imageprocessing-prj\data\train\cauliflower\Image_50.jpg,569.44,7660115f6f1a9b88d8632a423c391b60
train,cauliflower,Image_52.png,C:\Users\Computer\OneDrive\เดสก์ท็อป\imageprocessing-prj\data\train\cauliflower\Image_52.png,481.56,bb123ed48778118bfc495053d597521d
train,cauliflower,Image_53.jpg,C:\Users\Computer\OneDrive\เดสก์ท็อป\imageprocessing-prj\data\train\cauliflower\Image_53.jpg,202.23,856552e98e4de3dcc20b5ecfa3ad5347
train,cauliflower,Image_55.jpg,C:\Users\Computer\OneDrive\เดสก์ท็อป\imageprocessing-prj\data\train\cauliflower\Image_55.jpg,255.01,b60eaefd56ecf6b9a4269005f8d338c7
train,cauliflower,Image_56.jpg,C:\Users\Computer\OneDrive\เดสก์ท็อป\imageprocessing-prj\data\train\cauliflower\Image_56.jpg,69.1,7971fe5b44b2a031b2ba0fa87e161458
train,cauliflower,Image_57.jpg,C:\Users\Computer\OneDrive\เดสก์ท็อป\imageprocessing-prj\data\train\cauliflower\Image_57.jpg,62.79,b5b3d5fdd31e13f774811ca41a22f76b
train,cauliflower,Image_58.jpg,C:\Users\Computer\OneDrive\เดสก์ท็อป\imageprocessing-prj\data\train\cauliflower\Image_58.jpg,49.3,71dfba781bc3b9d34b423ace9cf10c98
train,cauliflower,Image_59.jpg,C:\Users\Computer\OneDrive\เดสก์ท็อป\imageprocessing-prj\data\train\cauliflower\Image_59.jpg,25.35,ca87cf2e87da8b2afed09280e4ac1026
train,cauliflower,Image_6.jpg,C:\Users\Computer\OneDrive\เดสก์ท็อป\imageprocessing-prj\data\train\cauliflower\Image_6.jpg,4018.7,426e6fdfcf3468c0b4c243dc3ccf72c2
train,cauliflower,Image_60.jpg,C:\Users\Computer\OneDrive\เดสก์ท็อป\imageprocessing-prj\data\train\cauliflower\Image_60.jpg,139.2,c32c94980e15113fb667c0dc4c8f6f5a
train,cauliflower,Image_61.jpg,C:\Users\Computer\OneDrive\เดสก์ท็อป\imageprocessing-prj\data\train\cauliflower\Image_61.jpg,36.15,29ca752660b39d6d9490a85f7d85ce52
train,cauliflower,Image_62.jpg,C:\Users\Computer\OneDrive\เดสก์ท็อป\imageprocessing-prj\data\train\cauliflower\Image_62.jpg,74.73,b5454d719437be78c2ead2b51ba2808c
train,cauliflower,Image_63.jpg,C:\Users\Computer\OneDrive\เดสก์ท็อป\imageprocessing-prj\data\train\cauliflower\Image_63.jpg,66.18,dbbcb982cbd32529114da4d680c542bc
train,cauliflower,Image_65.jpg,C:\Users\Computer\OneDrive\เดสก์ท็อป\imageprocessing-prj\data\train\cauliflower\Image_65.jpg,32.71,a8a628f76a11f6cf27b9ba998789e96c
train,cauliflower,Image_66.jpg,C:\Users\Computer\OneDrive\เดสก์ท็อป\imageprocessing-prj\data\train\cauliflower\Image_66.jpg,130.44,3f684391e87c086cfa40be12c888df78
train,cauliflower,Image_7.jpg,C:\Users\Computer\OneDrive\เดสก์ท็อป\imageprocessing-prj\data\train\cauliflower\Image_7.jpg,176.41,307a741e21455d14eb2e5d5b30f8404a
train,cauliflower,Image_70.jpg,C:\Users\Computer\OneDrive\เดสก์ท็อป\imageprocessing-prj\data\train\cauliflower\Image_70.jpg,67.78,a318619b112e7cf469cd375ed5c8b007
train,cauliflower,Image_71.jpg,C:\Users\Computer\OneDrive\เดสก์ท็อป\imageprocessing-prj\data\train\cauliflower\Image_71.jpg,17.48,f4b9f07c1f1ab1a80cd2bdb9993e7f11
train,cauliflower,Image_73.jpg,C:\Users\Computer\OneDrive\เดสก์ท็อป\imageprocessing-prj\data\train\cauliflower\Image_73.jpg,61.12,8a5cdf1436bfe72c67f131ac3cd9eb15
train,cauliflower,Image_74.jpg,C:\Users\Computer\OneDrive\เดสก์ท็อป\imageprocessing-prj\data\train\cauliflower\Image_74.jpg,131.45,04606eae5c2deee84d9a8e551f0ba83d
train,cauliflower,Image_75.jpg,C:\Users\Computer\OneDrive\เดสก์ท็อป\imageprocessing-prj\data\train\cauliflower\Image_75.jpg,134.35,e91579f03345f576e906d118fb604452
train,cauliflower,Image_76.jpg,C:\Users\Computer\OneDrive\เดสก์ท็อป\imageprocessing-prj\data\train\cauliflower\Image_76.jpg,191.51,07574af4f76020001e8c154d655c54b0
train,cauliflower,Image_77.jpg,C:\Users\Computer\OneDrive\เดสก์ท็อป\imageprocessing-prj\data\train\cauliflower\Image_77.jpg,4438.65,51001543ed596b1967bc7cbe379dd6f2
train,cauliflower,Image_8.jpg,C:\Users\Computer\OneDrive\เดสก์ท็อป\imageprocessing-prj\data\train\cauliflower\Image_8.jpg,89.76,c69840eacad8014ab920a633598d5080
train,cauliflower,Image_82.jpg,C:\Users\Computer\OneDrive\เดสก์ท็อป\imageprocessing-prj\data\train\cauliflower\Image_82.jpg,139.46,3cb40913b51ec418b3e927f5854c3156
train,cauliflower,Image_85.jpg,C:\Users\Computer\OneDrive\เดสก์ท็อป\imageprocessing-prj\data\train\cauliflower\Image_85.jpg,249.94,bb202d3b10554a49b9b81b6e7c8f82e7
train,cauliflower,Image_88.jpg,C:\Users\Computer\OneDrive\เดสก์ท็อป\imageprocessing-prj\data\train\cauliflower\Image_88.jpg,42.9,20a0d46a12e59252c0180ddcfd59ca11
train,cauliflower,Image_89.jpg,C:\Users\Computer\OneDrive\เดสก์ท็อป\imageprocessing-prj\data\train\cauliflower\Image_89.jpg,110.86,db72bf8a9419cd80f8633b64704afdf6
train,cauliflower,Image_9.jpg,C:\Users\Computer\OneDrive\เดสก์ท็อป\imageprocessing-prj\data\train\cauliflower\Image_9.jpg,149.98,6eb1bd1ea584d5c4913ed8c859a59165
train,cauliflower,Image_93.jpg,C:\Users\Computer\OneDrive\เดสก์ท็อป\imageprocessing-prj\data\train\cauliflower\Image_93.jpg,78.03,b3ed815b64dd2a9cdd373a2d90f6c008
train,cauliflower,Image_95.jpg,C:\Users\Computer\OneDrive\เดสก์ท็อป\imageprocessing-prj\data\train\cauliflower\Image_95.jpg,699.87,47bb190fd6970c5501d152e76fcb7d3c
train,cauliflower,Image_96.jpg,C:\Users\Computer\OneDrive\เดสก์ท็อป\imageprocessing-prj\data\train\cauliflower\Image_96.jpg,283.5,e41010fa1c456872f9508e4ce10d0665
train,cauliflower,Image_97.jpg,C:\Users\Computer\OneDrive\เดสก์ท็อป\imageprocessing-prj\data\train\cauliflower\Image_97.jpg,361.07,a8c9ec79fa57d0a9ed5b07c49e23eb09
train,cauliflower,Image_98.jpg,C:\Users\Computer\OneDrive\เดสก์ท็อป\imageprocessing-prj\data\train\cauliflower\Image_98.jpg,869.97,a9bb5f4e2784a4e038cbae92634cef10
train,cauliflower,Image_99.jpg,C:\Users\Computer\OneDrive\เดสก์ท็อป\imageprocessing-prj\data\train\cauliflower\Image_99.jpg,288.45,403e5db8379db6fe6dd811e927b281b9
train,chilli pepper,Image_1.jpg,C:\Users\Computer\OneDrive\เดสก์ท็อป\imageprocessing-prj\data\train\chilli pepper\Image_1.jpg,258.53,1019cf5856c6f181773cef3a97d7d1d8
train,chilli pepper,Image_10.jpg,C:\Users\Computer\OneDrive\เดสก์ท็อป\imageprocessing-prj\data\train\chilli pepper\Image_10.jpg,124.61,129e693662d6bba5fee62eab226aa424
train,chilli pepper,Image_11.jpg,C:\Users\Computer\OneDrive\เดสก์ท็อป\imageprocessing-prj\data\train\chilli pepper\Image_11.jpg,33.55,3c89d82882285a3821602dcd1a9b027f
train,chilli pepper,Image_12.JPG,C:\Users\Computer\OneDrive\เดสก์ท็อป\imageprocessing-prj\data\train\chilli pepper\Image_12.JPG,182.83,63a897c1a5480e5a72593ed3061c648f
train,chilli pepper,Image_13.jpg,C:\Users\Computer\OneDrive\เดสก์ท็อป\imageprocessing-prj\data\train\chilli pepper\Image_13.jpg,97.42,11663710410b9a8939846c4a6eb7bef6
train,chilli pepper,Image_14.jpg,C:\Users\Computer\OneDrive\เดสก์ท็อป\imageprocessing-prj\data\train\chilli pepper\Image_14.jpg,142.83,d431df6535128606976270a2eec217c4
train,chilli pepper,Image_15.jpg,C:\Users\Computer\OneDrive\เดสก์ท็อป\imageprocessing-prj\data\train\chilli pepper\Image_15.jpg,163.54,20790603d724089047aff05a8c3e3c93
train,chilli pepper,Image_16.JPG,C:\Users\Computer\OneDrive\เดสก์ท็อป\imageprocessing-prj\data\train\chilli pepper\Image_16.JPG,160.93,62ff768df18ae75872faeec806ebe9e5
train,chilli pepper,Image_17.jpg,C:\Users\Computer\OneDrive\เดสก์ท็อป\imageprocessing-prj\data\train\chilli pepper\Image_17.jpg,39.43,c5eb06d581edc3467a7719cef3417d1f
train,chilli pepper,Image_18.jpg,C:\Users\Computer\OneDrive\เดสก์ท็อป\imageprocessing-prj\data\train\chilli pepper\Image_18.jpg,837.01,c3e934c816118c152e34c18f75f4745c
train,chilli pepper,Image_20.jpg,C:\Users\Computer\OneDrive\เดสก์ท็อป\imageprocessing-prj\data\train\chilli pepper\Image_20.jpg,160.9,03312eaca9a224c2ad0203e10b73eff3
train,chilli pepper,Image_21.jpg,C:\Users\Computer\OneDrive\เดสก์ท็อป\imageprocessing-prj\data\train\chilli pepper\Image_21.jpg,129.15,05d62abd84066f9f2536860a0e3060c3
train,chilli pepper,Image_22.jpg,C:\Users\Computer\OneDrive\เดสก์ท็อป\imageprocessing-prj\data\train\chilli pepper\Image_22.jpg,36.08,02a40d2462935019ae8d8de9085bcfbb
train,chilli pepper,Image_23.jpg,C:\Users\Computer\OneDrive\เดสก์ท็อป\imageprocessing-prj\data\train\chilli pepper\Image_23.jpg,152.67,6d1e6aed7776efc6a6938f78b549d329
train,chilli pepper,Image_24.jpg,C:\Users\Computer\OneDrive\เดสก์ท็อป\imageprocessing-prj\data\train\chilli pepper\Image_24.jpg,92.96,8112294ddbe78e5c819427718ad24218
train,chilli pepper,Image_25.jpg,C:\Users\Computer\OneDrive\เดสก์ท็อป\imageprocessing-prj\data\train\chilli pepper\Image_25.jpg,92.72,487ea558b99b1cf10894112de67dcd7b
train,chilli pepper,Image_26.jpg,C:\Users\Computer\OneDrive\เดสก์ท็อป\imageprocessing-prj\data\train\chilli pepper\Image_26.jpg,78.3,4173691c375c7990d115720d4268a9f5
train,chilli pepper,Image_27.jpg,C:\Users\Computer\OneDrive\เดสก์ท็อป\imageprocessing-prj\data\train\chilli pepper\Image_27.jpg,50.46,cdf431f6ebde1f9b5e16503c5028bec5
train,chilli pepper,Image_28.png,C:\Users\Computer\OneDrive\เดสก์ท็อป\imageprocessing-prj\data\train\chilli pepper\Image_28.png,166.44,f536d241835c0ae51b7e6cada30d03fb
train,chilli pepper,Image_29.jpg,C:\Users\Computer\OneDrive\เดสก์ท็อป\imageprocessing-prj\data\train\chilli pepper\Image_29.jpg,118.38,7d6727f45d22170ba82dc423912f0e05
train,chilli pepper,Image_3.jpg,C:\Users\Computer\OneDrive\เดสก์ท็อป\imageprocessing-prj\data\train\chilli pepper\Image_3.jpg,78.67,f89daff1bbab86bb43855c98abb80f31
train,chilli pepper,Image_30.jpg,C:\Users\Computer\OneDrive\เดสก์ท็อป\imageprocessing-prj\data\train\chilli pepper\Image_30.jpg,39.61,440f08fdface9ea73f423692242fb471
train,chilli pepper,Image_31.jpg,C:\Users\Computer\OneDrive\เดสก์ท็อป\imageprocessing-prj\data\train\chilli pepper\Image_31.jpg,58.48,ae8ab759aeb3fb68a8c0ba10b306877a
train,chilli pepper,Image_32.jpg,C:\Users\Computer\OneDrive\เดสก์ท็อป\imageprocessing-prj\data\train\chilli pepper\Image_32.jpg,24.19,7d1435518e690b96e5f6fff2899af6ac
train,chilli pepper,Image_33.jpg,C:\Users\Computer\OneDrive\เดสก์ท็อป\imageprocessing-prj\data\train\chilli pepper\Image_33.jpg,134.28,111eff1a0f64db993e1ea134b7d7e6d2
train,chilli pepper,Image_34.jpg,C:\Users\Computer\OneDrive\เดสก์ท็อป\imageprocessing-prj\data\train\chilli pepper\Image_34.jpg,432.01,d20b1e87ea7123db3f27019dfc0bdda1
train,chilli pepper,Image_35.jpg,C:\Users\Computer\OneDrive\เดสก์ท็อป\imageprocessing-prj\data\train\chilli pepper\Image_35.jpg,129.04,fd8f1e34cb3823486e4a9e08efe88101
train,chilli pepper,Image_36.jpg,C:\Users\Computer\OneDrive\เดสก์ท็อป\imageprocessing-prj\data\train\chilli pepper\Image_36.jpg,136.09,371852a7c65b36ed80f6a5c5c04f98e4
train,chilli pepper,Image_37.jpg,C:\Users\Computer\OneDrive\เดสก์ท็อป\imageprocessing-prj\data\train\chilli pepper\Image_37.jpg,105.29,e29095cc8ac3f92e69cd43c76990602a
train,chilli pepper,Image_38.jpg,C:\Users\Computer\OneDrive\เดสก์ท็อป\imageprocessing-prj\data\train\chilli pepper\Image_38.jpg,75.53,3fc9aafa122592c14670e42f8597af00
train,chilli pepper,Image_39.jpg,C:\Users\Computer\OneDrive\เดสก์ท็อป\imageprocessing-prj\data\train\chilli pepper\Image_39.jpg,199.42,2ad8168071b8c262cd33817b7ab81e5e
train,chilli pepper,Image_4.jpg,C:\Users\Computer\OneDrive\เดสก์ท็อป\imageprocessing-prj\data\train\chilli pepper\Image_4.jpg,558.03,1161b9b04c5a1b4ac4f41d42704be55d
train,chilli pepper,Image_40.jpg,C:\Users\Computer\OneDrive\เดสก์ท็อป\imageprocessing-prj\data\train\chilli pepper\Image_40.jpg,22.44,acd46875bbcb1977152fd7a85066d384
train,chilli pepper,Image_41.jpg,C:\Users\Computer\OneDrive\เดสก์ท็อป\imageprocessing-prj\data\train\chilli pepper\Image_41.jpg,37.3,1286416b44eea8f36c6b142591f6e907
train,chilli pepper,Image_42.jpg,C:\Users\Computer\OneDrive\เดสก์ท็อป\imageprocessing-prj\data\train\chilli pepper\Image_42.jpg,66.4,66323270ea33523de92a422589abcbb5
train,chilli pepper,Image_43.jpg,C:\Users\Computer\OneDrive\เดสก์ท็อป\imageprocessing-prj\data\train\chilli pepper\Image_43.jpg,301.47,616911bc90ed43f754e7f40176a5010f
train,chilli pepper,Image_44.JPG,C:\Users\Computer\OneDrive\เดสก์ท็อป\imageprocessing-prj\data\train\chilli pepper\Image_44.JPG,137.2,17224ca687a80fe2a78bb25e9f8aef81
train,chilli pepper,Image_45.jpg,C:\Users\Computer\OneDrive\เดสก์ท็อป\imageprocessing-prj\data\train\chilli pepper\Image_45.jpg,1347.87,3240bb11e59a45a229fcef26b1efb488
train,chilli pepper,Image_47.JPG,C:\Users\Computer\OneDrive\เดสก์ท็อป\imageprocessing-prj\data\train\chilli pepper\Image_47.JPG,170.13,f5afdd36f5ca37a12b7d635fede5ad2f
train,chilli pepper,Image_48.jpg,C:\Users\Computer\OneDrive\เดสก์ท็อป\imageprocessing-prj\data\train\chilli pepper\Image_48.jpg,139.57,10b60d380c334df44b816c602167359b
train,chilli pepper,Image_49.jpg,C:\Users\Computer\OneDrive\เดสก์ท็อป\imageprocessing-prj\data\train\chilli pepper\Image_49.jpg,68.83,9f118f3390f79e688ba2b764b43db3b7
train,chilli pepper,Image_5.jpg,C:\Users\Computer\OneDrive\เดสก์ท็อป\imageprocessing-prj\data\train\chilli pepper\Image_5.jpg,188.01,502819395e0f99b51c4e8cdcaf06cef3
train,chilli pepper,Image_50.jpg,C:\Users\Computer\OneDrive\เดสก์ท็อป\imageprocessing-prj\data\train\chilli pepper\Image_50.jpg,30.9,96a3cc3feef5030683719b9bb64f936a
train,chilli pepper,Image_51.jpg,C:\Users\Computer\OneDrive\เดสก์ท็อป\imageprocessing-prj\data\train\chilli pepper\Image_51.jpg,124.77,38d1ee087d3fc38282e38de8de0928ec
train,chilli pepper,Image_52.jpg,C:\Users\Computer\OneDrive\เดสก์ท็อป\imageprocessing-prj\data\train\chilli pepper\Image_52.jpg,87.32,46b5af6ced04899ee96f5696025f2330
train,chilli pepper,Image_53.jpg,C:\Users\Computer\OneDrive\เดสก์ท็อป\imageprocessing-prj\data\train\chilli pepper\Image_53.jpg,76.08,a7490a43b385f3453c37670cc9bee67f
train,chilli pepper,Image_54.jpeg,C:\Users\Computer\OneDrive\เดสก์ท็อป\imageprocessing-prj\data\train\chilli pepper\Image_54.jpeg,34.87,ec7a44c6fa1877af73554809c7c0b4c7
train,chilli pepper,Image_55.jpg,C:\Users\Computer\OneDrive\เดสก์ท็อป\imageprocessing-prj\data\train\chilli pepper\Image_55.jpg,288.1,5d88a317927bfe74447dba18f44f24d1
train,chilli pepper,Image_56.jpg,C:\Users\Computer\OneDrive\เดสก์ท็อป\imageprocessing-prj\data\train\chilli pepper\Image_56.jpg,1994.75,0f7208cf11fb2775694251461a8589ac
train,chilli pepper,Image_57.jpg,C:\Users\Computer\OneDrive\เดสก์ท็อป\imageprocessing-prj\data\train\chilli pepper\Image_57.jpg,137.89,f447495134fb73ea14e52cdc22a02840
train,chilli pepper,Image_59.jpg,C:\Users\Computer\OneDrive\เดสก์ท็อป\imageprocessing-prj\data\train\chilli pepper\Image_59.jpg,118.65,d947b1884c0c11229918c19a5c46cfeb
train,chilli pepper,Image_6.png,C:\Users\Computer\OneDrive\เดสก์ท็อป\imageprocessing-prj\data\train\chilli pepper\Image_6.png,1764.9,807dbb930cfd802bd00718b9a603eaa1
train,chilli pepper,Image_60.jpg,C:\Users\Computer\OneDrive\เดสก์ท็อป\imageprocessing-prj\data\train\chilli pepper\Image_60.jpg,124.35,5437e52bf5e1777cfe96da8a5d30557b
train,chilli pepper,Image_61.jpg,C:\Users\Computer\OneDrive\เดสก์ท็อป\imageprocessing-prj\data\train\chilli pepper\Image_61.jpg,79.79,bc1f15b68ab0f3e608c936826515f066
train,chilli pepper,Image_62.jpg,C:\Users\Computer\OneDrive\เดสก์ท็อป\imageprocessing-prj\data\train\chilli pepper\Image_62.jpg,78.25,0e5b0cace221b7570fcb9e8595de392f
train,chilli pepper,Image_63.jpg,C:\Users\Computer\OneDrive\เดสก์ท็อป\imageprocessing-prj\data\train\chilli pepper\Image_63.jpg,17.53,aef9cf9eab0161d1d3cfc37afa11ee5a
train,chilli pepper,Image_64.jpg,C:\Users\Computer\OneDrive\เดสก์ท็อป\imageprocessing-prj\data\train\chilli pepper\Image_64.jpg,325.79,fea122ee27dc9171cbaf1e2915e90175
train,chilli pepper,Image_65.jpg,C:\Users\Computer\OneDrive\เดสก์ท็อป\imageprocessing-prj\data\train\chilli pepper\Image_65.jpg,461.44,f6cb4398156137d56f2ad17c1e1d4c75
train,chilli pepper,Image_66.jpg,C:\Users\Computer\OneDrive\เดสก์ท็อป\imageprocessing-prj\data\train\chilli pepper\Image_66.jpg,118.55,a2e977e5994a754ca44d1fdbe4ad5be5
train,chilli pepper,Image_67.jpg,C:\Users\Computer\OneDrive\เดสก์ท็อป\imageprocessing-prj\data\train\chilli pepper\Image_67.jpg,98.97,601559d502eeb695d60536ade66d5a9c
train,chilli pepper,Image_68.jpg,C:\Users\Computer\OneDrive\เดสก์ท็อป\imageprocessing-prj\data\train\chilli pepper\Image_68.jpg,176.73,91b4179d38c017fcb6c95f52c3c336a4
train,chilli pepper,Image_69.jpg,C:\Users\Computer\OneDrive\เดสก์ท็อป\imageprocessing-prj\data\train\chilli pepper\Image_69.jpg,180.49,a1464e2a5b8eb32d391a78de9ac64347
train,chilli pepper,Image_7.jpeg,C:\Users\Computer\OneDrive\เดสก์ท็อป\imageprocessing-prj\data\train\chilli pepper\Image_7.jpeg,63.06,f52c29be69a55ae8294b7f3c8a2389cc
train,chilli pepper,Image_70.jpg,C:\Users\Computer\OneDrive\เดสก์ท็อป\imageprocessing-prj\data\train\chilli pepper\Image_70.jpg,112.27,ba6988d36b65a8b66da752d520b93c4c
train,chilli pepper,Image_71.jpg,C:\Users\Computer\OneDrive\เดสก์ท็อป\imageprocessing-prj\data\train\chilli pepper\Image_71.jpg,163.14,395ac81bf6390d96212026953cea8872
train,chilli pepper,Image_72.jpg,C:\Users\Computer\OneDrive\เดสก์ท็อป\imageprocessing-prj\data\train\chilli pepper\Image_72.jpg,53.66,bad48599ace423e8efb9bf3f6511a5e3
train,chilli pepper,Image_73.jpg,C:\Users\Computer\OneDrive\เดสก์ท็อป\imageprocessing-prj\data\train\chilli pepper\Image_73.jpg,161.45,d3b26f432f2361378aec1e9897c99d66
train,chilli pepper,Image_74.jpg,C:\Users\Computer\OneDrive\เดสก์ท็อป\imageprocessing-prj\data\train\chilli pepper\Image_74.jpg,156.22,1eb35bed018fe40abfaa48a859edca5d
train,chilli pepper,Image_78.JPG,C:\Users\Computer\OneDrive\เดสก์ท็อป\imageprocessing-prj\data\train\chilli pepper\Image_78.JPG,78.88,b0bf2c82b3f8c5a51a9e360472be68c4
train,chilli pepper,Image_79.jpg,C:\Users\Computer\OneDrive\เดสก์ท็อป\imageprocessing-prj\data\train\chilli pepper\Image_79.jpg,79.1,bfca80cb92e983c5b538b2dd0ac1dbf0
train,chilli pepper,Image_8.jpg,C:\Users\Computer\OneDrive\เดสก์ท็อป\imageprocessing-prj\data\train\chilli pepper\Image_8.jpg,136.0,bd2236d1122cf8ce1101c1bf455e24cc
train,chilli pepper,Image_81.jpg,C:\Users\Computer\OneDrive\เดสก์ท็อป\imageprocessing-prj\data\train\chilli pepper\Image_81.jpg,99.0,edd4382528ed181e990e93b970f9e566
train,chilli pepper,Image_83.jpg,C:\Users\Computer\OneDrive\เดสก์ท็อป\imageprocessing-prj\data\train\chilli pepper\Image_83.jpg,108.53,6be4a215a43acb6f07571689d89f6ae0
train,chilli pepper,Image_84.jpg,C:\Users\Computer\OneDrive\เดสก์ท็อป\imageprocessing-prj\data\train\chilli pepper\Image_84.jpg,1550.4,0ddab5564366e98fd243b5dec0397365
train,chilli pepper,Image_87.jpg,C:\Users\Computer\OneDrive\เดสก์ท็อป\imageprocessing-prj\data\train\chilli pepper\Image_87.jpg,267.87,70b6ff95589e119a24ba3837752433b7
train,chilli pepper,Image_88.JPG,C:\Users\Computer\OneDrive\เดสก์ท็อป\imageprocessing-prj\data\train\chilli pepper\Image_88.JPG,123.71,a2c612a5e1c0e38756ce248128dae7c1
train,chilli pepper,Image_89.jpg,C:\Users\Computer\OneDrive\เดสก์ท็อป\imageprocessing-prj\data\train\chilli pepper\Image_89.jpg,179.14,150942c707d80069c125f3ca31f0a8b1
train,chilli pepper,Image_9.jpg,C:\Users\Computer\OneDrive\เดสก์ท็อป\imageprocessing-prj\data\train\chilli pepper\Image_9.jpg,103.2,6c48c69b5a82932729e7bea1b29cf6ca
train,chilli pepper,Image_90.jpg,C:\Users\Computer\OneDrive\เดสก์ท็อป\imageprocessing-prj\data\train\chilli pepper\Image_90.jpg,45.5,455eac8f011df6ecb606ac81006862d3
train,chilli pepper,Image_91.jpg,C:\Users\Computer\OneDrive\เดสก์ท็อป\imageprocessing-prj\data\train\chilli pepper\Image_91.jpg,98.84,27e91c295fd1a3f198e9114a8d1f2595
train,chilli pepper,Image_92.jpg,C:\Users\Computer\OneDrive\เดสก์ท็อป\imageprocessing-prj\data\train\chilli pepper\Image_92.jpg,20.82,9a8f8eb3f675ab92a21aa15699125e8f
train,chilli pepper,Image_94.jpg,C:\Users\Computer\OneDrive\เดสก์ท็อป\imageprocessing-prj\data\train\chilli pepper\Image_94.jpg,106.65,b0cfcead075b6c53ea8f5808d803b3ea
train,chilli pepper,Image_95.png,C:\Users\Computer\OneDrive\เดสก์ท็อป\imageprocessing-prj\data\train\chilli pepper\Image_95.png,1504.76,f8050925c2bb00dede7f4c733781364b
train,chilli pepper,Image_96.jpg,C:\Users\Computer\OneDrive\เดสก์ท็อป\imageprocessing-prj\data\train\chilli pepper\Image_96.jpg,88.01,5f7591585bf37441101df3848888cb79
train,chilli pepper,Image_97.jpg,C:\Users\Computer\OneDrive\เดสก์ท็อป\imageprocessing-prj\data\train\chilli pepper\Image_97.jpg,39.78,b6b2a6ebeb216c87406ceaced8503112
train,chilli pepper,Image_98.jpg,C:\Users\Computer\OneDrive\เดสก์ท็อป\imageprocessing-prj\data\train\chilli pepper\Image_98.jpg,175.37,25a2c8fe37830243f016e26f906d24f5
train,chilli pepper,Image_99.jpg,C:\Users\Computer\OneDrive\เดสก์ท็อป\imageprocessing-prj\data\train\chilli pepper\Image_99.jpg,258.53,1019cf5856c6f181773cef3a97d7d1d8
train,corn,Image_1.jpg,C:\Users\Computer\OneDrive\เดสก์ท็อป\imageprocessing-prj\data\train\corn\Image_1.jpg,533.25,7274d948afe8727871153db270236f49
train,corn,Image_10.jpg,C:\Users\Computer\OneDrive\เดสก์ท็อป\imageprocessing-prj\data\train\corn\Image_10.jpg,328.67,80fe6072d1c9fa8a0c60843d5650ad44
train,corn,Image_100.jpg,C:\Users\Computer\OneDrive\เดสก์ท็อป\imageprocessing-prj\data\train\corn\Image_100.jpg,201.99,36b7ef076598ae060514362959d0cbaf
train,corn,Image_11.jpg,C:\Users\Computer\OneDrive\เดสก์ท็อป\imageprocessing-prj\data\train\corn\Image_11.jpg,71.63,a579741a6f4aff6ecb77ab195a279b4c
train,corn,Image_12.jpg,C:\Users\Computer\OneDrive\เดสก์ท็อป\imageprocessing-prj\data\train\corn\Image_12.jpg,262.74,c8fcd4c28ef0a1d616727e291eaf6fc3
train,corn,Image_13.jpg,C:\Users\Computer\OneDrive\เดสก์ท็อป\imageprocessing-prj\data\train\corn\Image_13.jpg,998.66,3ed2b244d2e718d1aff362b4f0dd608e
train,corn,Image_14.jpg,C:\Users\Computer\OneDrive\เดสก์ท็อป\imageprocessing-prj\data\train\corn\Image_14.jpg,244.07,f57c1ec1ea244e8710eb5b7a7dc3306e
train,corn,Image_15.jpg,C:\Users\Computer\OneDrive\เดสก์ท็อป\imageprocessing-prj\data\train\corn\Image_15.jpg,335.48,48c1d7089c3a3c8c1e14f4ee398ab324
train,corn,Image_16.jpg,C:\Users\Computer\OneDrive\เดสก์ท็อป\imageprocessing-prj\data\train\corn\Image_16.jpg,193.27,bb7fa19c3d1f27ef768a3aa2bc2f8736
train,corn,Image_17.jpg,C:\Users\Computer\OneDrive\เดสก์ท็อป\imageprocessing-prj\data\train\corn\Image_17.jpg,163.21,c143e4182d38a5c3b411cc32118796ff
train,corn,Image_18.jpg,C:\Users\Computer\OneDrive\เดสก์ท็อป\imageprocessing-prj\data\train\corn\Image_18.jpg,449.78,cb70aefab32433c181fd4da8bb00b45c
train,corn,Image_2.jpg,C:\Users\Computer\OneDrive\เดสก์ท็อป\imageprocessing-prj\data\train\corn\Image_2.jpg,1471.53,104af04b58c12805589e534d638c14d5
train,corn,Image_20.png,C:\Users\Computer\OneDrive\เดสก์ท็อป\imageprocessing-prj\data\train\corn\Image_20.png,657.17,0bc3bf31beab5b5539312bd4179e6db1
train,corn,Image_21.jpg,C:\Users\Computer\OneDrive\เดสก์ท็อป\imageprocessing-prj\data\train\corn\Image_21.jpg,240.88,d778bb1afa563a5e0dd669a8046c63dd
train,corn,Image_22.jpg,C:\Users\Computer\OneDrive\เดสก์ท็อป\imageprocessing-prj\data\train\corn\Image_22.jpg,3472.43,78a60cabe6c249306d3baadbc921de9f
train,corn,Image_23.jpg,C:\Users\Computer\OneDrive\เดสก์ท็อป\imageprocessing-prj\data\train\corn\Image_23.jpg,112.81,cb751a0591e12a366d63af8d2ea40f0c
train,corn,Image_24.jpg,C:\Users\Computer\OneDrive\เดสก์ท็อป\imageprocessing-prj\data\train\corn\Image_24.jpg,117.97,f1ebf7ee5720514fae4c73a4d301c551
train,corn,Image_25.jpg,C:\Users\Computer\OneDrive\เดสก์ท็อป\imageprocessing-prj\data\train\corn\Image_25.jpg,250.5,d502ca06bb79c8965ba8c6f2f466947c
train,corn,Image_26.jpg,C:\Users\Computer\OneDrive\เดสก์ท็อป\imageprocessing-prj\data\train\corn\Image_26.jpg,64.39,ffcdc34dcb7c7664e6288095f325fa72
train,corn,Image_27.jpg,C:\Users\Computer\OneDrive\เดสก์ท็อป\imageprocessing-prj\data\train\corn\Image_27.jpg,355.54,dde8a56ae3822d862f22318d22e08993
train,corn,Image_28.jpg,C:\Users\Computer\OneDrive\เดสก์ท็อป\imageprocessing-prj\data\train\corn\Image_28.jpg,153.46,aa86934d48ff6f91c1846639241dd684
train,corn,Image_29.jpg,C:\Users\Computer\OneDrive\เดสก์ท็อป\imageprocessing-prj\data\train\corn\Image_29.jpg,117.9,ad9d29d42ebb0612fe732d3e713bef18
train,corn,Image_3.jpg,C:\Users\Computer\OneDrive\เดสก์ท็อป\imageprocessing-prj\data\train\corn\Image_3.jpg,2263.59,194bf0c5d567ccbc7c53007a4d2551a7
train,corn,Image_30.jpg,C:\Users\Computer\OneDrive\เดสก์ท็อป\imageprocessing-prj\data\train\corn\Image_30.jpg,6032.93,135b9152a2d87350c1a2a4bb8b06f6d2
train,corn,Image_31.jpg,C:\Users\Computer\OneDrive\เดสก์ท็อป\imageprocessing-prj\data\train\corn\Image_31.jpg,8351.49,4db2ca63507361334ac5ac2f48d93433
train,corn,Image_32.png,C:\Users\Computer\OneDrive\เดสก์ท็อป\imageprocessing-prj\data\train\corn\Image_32.png,1449.55,9fa305a5f9f9cb2ff8bd893fabcf6789
train,corn,Image_33.jpg,C:\Users\Computer\OneDrive\เดสก์ท็อป\imageprocessing-prj\data\train\corn\Image_33.jpg,265.13,b01c5c51d8843484d3825339d9d0da2d
train,corn,Image_34.JPG,C:\Users\Computer\OneDrive\เดสก์ท็อป\imageprocessing-prj\data\train\corn\Image_34.JPG,165.77,47c251eea57e8cff38e933eec55c370e
train,corn,Image_35.jpg,C:\Users\Computer\OneDrive\เดสก์ท็อป\imageprocessing-prj\data\train\corn\Image_35.jpg,51.57,1bbeddfd6720c38f1ce76ab5283cc5e6
train,corn,Image_37.jpg,C:\Users\Computer\OneDrive\เดสก์ท็อป\imageprocessing-prj\data\train\corn\Image_37.jpg,50.02,7cacf137e851ba5795b261ba3aa2e663
train,corn,Image_38.jpg,C:\Users\Computer\OneDrive\เดสก์ท็อป\imageprocessing-prj\data\train\corn\Image_38.jpg,134.9,ba6e3230e52f86f160a57765aa6ecdb1
train,corn,Image_39.jpg,C:\Users\Computer\OneDrive\เดสก์ท็อป\imageprocessing-prj\data\train\corn\Image_39.jpg,40.44,63a7cd4bbf9153e9f8b21bd169a9b813
train,corn,Image_4.jpg,C:\Users\Computer\OneDrive\เดสก์ท็อป\imageprocessing-prj\data\train\corn\Image_4.jpg,138.47,4f32701b78c0cd8c0414859ebb806a89
train,corn,Image_40.jpg,C:\Users\Computer\OneDrive\เดสก์ท็อป\imageprocessing-prj\data\train\corn\Image_40.jpg,58.66,0b1abbf61a45b67da175fb24675bf263
train,corn,Image_41.jpg,C:\Users\Computer\OneDrive\เดสก์ท็อป\imageprocessing-prj\data\train\corn\Image_41.jpg,187.3,d923f0a711bab5295c92f2352e0c0ccd
train,corn,Image_42.jpg,C:\Users\Computer\OneDrive\เดสก์ท็อป\imageprocessing-prj\data\train\corn\Image_42.jpg,92.5,21cdb25b47055170e13cfb39dbab12cc
train,corn,Image_45.jpg,C:\Users\Computer\OneDrive\เดสก์ท็อป\imageprocessing-prj\data\train\corn\Image_45.jpg,154.08,c77203ba1f271f6f8aaf6d40842f2a39
train,corn,Image_47.jpg,C:\Users\Computer\OneDrive\เดสก์ท็อป\imageprocessing-prj\data\train\corn\Image_47.jpg,870.25,52b98a6ce1465fb67e98c1d22ba88474
train,corn,Image_48.jpg,C:\Users\Computer\OneDrive\เดสก์ท็อป\imageprocessing-prj\data\train\corn\Image_48.jpg,88.32,86dbb821b20bf3423bd7485904110ba1
train,corn,Image_49.jpg,C:\Users\Computer\OneDrive\เดสก์ท็อป\imageprocessing-prj\data\train\corn\Image_49.jpg,172.83,a5b205de442a3cad5c6301026edaf03e
train,corn,Image_5.jpg,C:\Users\Computer\OneDrive\เดสก์ท็อป\imageprocessing-prj\data\train\corn\Image_5.jpg,6602.03,2f7fadf414beb681cb7509d756853360
train,corn,Image_50.jpg,C:\Users\Computer\OneDrive\เดสก์ท็อป\imageprocessing-prj\data\train\corn\Image_50.jpg,571.11,6fdb8ed1dcfa9d4161c1941fa62054d6
train,corn,Image_51.jpg,C:\Users\Computer\OneDrive\เดสก์ท็อป\imageprocessing-prj\data\train\corn\Image_51.jpg,112.53,7a28daeb2c04ef281ebf9135ed29efb6
train,corn,Image_52.jpg,C:\Users\Computer\OneDrive\เดสก์ท็อป\imageprocessing-prj\data\train\corn\Image_52.jpg,73.4,79e8cf524965eee32b5a7f6afcd1c660
train,corn,Image_53.jpg,C:\Users\Computer\OneDrive\เดสก์ท็อป\imageprocessing-prj\data\train\corn\Image_53.jpg,125.97,3de448a0b845e1ed7ffd0f208a809265
train,corn,Image_54.jpg,C:\Users\Computer\OneDrive\เดสก์ท็อป\imageprocessing-prj\data\train\corn\Image_54.jpg,177.98,d05ad43e0964c6b65baf9e7887a8d11d
train,corn,Image_55.jpg,C:\Users\Computer\OneDrive\เดสก์ท็อป\imageprocessing-prj\data\train\corn\Image_55.jpg,3728.08,21896073628b57a5e3cc758dfaeef471
train,corn,Image_56.jpg,C:\Users\Computer\OneDrive\เดสก์ท็อป\imageprocessing-prj\data\train\corn\Image_56.jpg,153.16,d16be6bc0e11e8b6a6a20de15377dc4c
train,corn,Image_57.jpg,C:\Users\Computer\OneDrive\เดสก์ท็อป\imageprocessing-prj\data\train\corn\Image_57.jpg,2028.84,f91642d18236c16e488e67b9633ca148
train,corn,Image_58.jpg,C:\Users\Computer\OneDrive\เดสก์ท็อป\imageprocessing-prj\data\train\corn\Image_58.jpg,53.17,487206a2268089d8fd947f8ed09e2e1f
train,corn,Image_59.jpg,C:\Users\Computer\OneDrive\เดสก์ท็อป\imageprocessing-prj\data\train\corn\Image_59.jpg,15.34,321bb7345634787c659a2a779dab67aa
train,corn,Image_6.jpg,C:\Users\Computer\OneDrive\เดสก์ท็อป\imageprocessing-prj\data\train\corn\Image_6.jpg,201.99,36b7ef076598ae060514362959d0cbaf
train,corn,Image_60.jpg,C:\Users\Computer\OneDrive\เดสก์ท็อป\imageprocessing-prj\data\train\corn\Image_60.jpg,108.85,59490cd80981aa8eed91d8eac9ec67ac
train,corn,Image_61.jpg,C:\Users\Computer\OneDrive\เดสก์ท็อป\imageprocessing-prj\data\train\corn\Image_61.jpg,149.49,b232f1e3bcb4d63f1fbcb61d8de435ef
train,corn,Image_62.jpg,C:\Users\Computer\OneDrive\เดสก์ท็อป\imageprocessing-prj\data\train\corn\Image_62.jpg,847.92,05192715e1c35ca04a3beec3b76e3ac2
train,corn,Image_63.jpg,C:\Users\Computer\OneDrive\เดสก์ท็อป\imageprocessing-prj\data\train\corn\Image_63.jpg,741.91,3bd51cf3dc0b6ac92c47e387433bc1a6
train,corn,Image_65.jpg,C:\Users\Computer\OneDrive\เดสก์ท็อป\imageprocessing-prj\data\train\corn\Image_65.jpg,68.73,441d7e016b60e95a86161e580ee816a0
train,corn,Image_66.jpg,C:\Users\Computer\OneDrive\เดสก์ท็อป\imageprocessing-prj\data\train\corn\Image_66.jpg,157.59,9e0a76bf07fd5b6c4c0cbfeb5c59a414
train,corn,Image_67.jpg,C:\Users\Computer\OneDrive\เดสก์ท็อป\imageprocessing-prj\data\train\corn\Image_67.jpg,146.88,2014282e972941dc142401961ff793a3
train,corn,Image_68.jpg,C:\Users\Computer\OneDrive\เดสก์ท็อป\imageprocessing-prj\data\train\corn\Image_68.jpg,957.48,b94c55cd9193f4ea5c43c742e057303c
train,corn,Image_7.jpg,C:\Users\Computer\OneDrive\เดสก์ท็อป\imageprocessing-prj\data\train\corn\Image_7.jpg,160.7,67be92811dc1df52d95bb88196ed0051
train,corn,Image_71.jpg,C:\Users\Computer\OneDrive\เดสก์ท็อป\imageprocessing-prj\data\train\corn\Image_71.jpg,123.45,0c5e5c9702154a2fff9bf22146d50c43
train,corn,Image_72.jpg,C:\Users\Computer\OneDrive\เดสก์ท็อป\imageprocessing-prj\data\train\corn\Image_72.jpg,60.76,70b15942057b1340f5c46133bb29ec05
train,corn,Image_73.jpg,C:\Users\Computer\OneDrive\เดสก์ท็อป\imageprocessing-prj\data\train\corn\Image_73.jpg,89.16,f2c5e4a8f0d974983101889db91a2d45
train,corn,Image_74.jpg,C:\Users\Computer\OneDrive\เดสก์ท็อป\imageprocessing-prj\data\train\corn\Image_74.jpg,98.41,c5065abfb6dc894cb92ab35b15f22bd9
train,corn,Image_75.jpg,C:\Users\Computer\OneDrive\เดสก์ท็อป\imageprocessing-prj\data\train\corn\Image_75.jpg,285.22,dc242e5dc375e67d458be80c88540336
train,corn,Image_78.jpg,C:\Users\Computer\OneDrive\เดสก์ท็อป\imageprocessing-prj\data\train\corn\Image_78.jpg,195.67,3305d4f3ffa3209cc07c1fc550b7227a
train,corn,Image_79.jpg,C:\Users\Computer\OneDrive\เดสก์ท็อป\imageprocessing-prj\data\train\corn\Image_79.jpg,233.69,4df51324f283e6c3d2ddf2681629c0a2
train,corn,Image_8.jpg,C:\Users\Computer\OneDrive\เดสก์ท็อป\imageprocessing-prj\data\train\corn\Image_8.jpg,165.97,dd9da97cafb7c0984d65fefa7aaded11
train,corn,Image_81.jpg,C:\Users\Computer\OneDrive\เดสก์ท็อป\imageprocessing-prj\data\train\corn\Image_81.jpg,113.22,22adb76df4903e38d5f35174d6696d9e
train,corn,Image_82.jpg,C:\Users\Computer\OneDrive\เดสก์ท็อป\imageprocessing-prj\data\train\corn\Image_82.jpg,32.32,0b8ae34ee00fc0131e65f9ba7a0b872c
train,corn,Image_83.jpg,C:\Users\Computer\OneDrive\เดสก์ท็อป\imageprocessing-prj\data\train\corn\Image_83.jpg,146.58,6e1a8e528910b0c2d273fee4813bb37e
train,corn,Image_84.jpg,C:\Users\Computer\OneDrive\เดสก์ท็อป\imageprocessing-prj\data\train\corn\Image_84.jpg,553.6,48107f8f4e1a6209418ef13c345b6e3c
train,corn,Image_85.jpg,C:\Users\Computer\OneDrive\เดสก์ท็อป\imageprocessing-prj\data\train\corn\Image_85.jpg,839.33,ca60f66fa8afc831d7e821e3f8b00088
train,corn,Image_86.jpg,C:\Users\Computer\OneDrive\เดสก์ท็อป\imageprocessing-prj\data\train\corn\Image_86.jpg,304.5,e029f07dcdc9c01f3f33d74f54f2562a
train,corn,Image_89.jpg,C:\Users\Computer\OneDrive\เดสก์ท็อป\imageprocessing-prj\data\train\corn\Image_89.jpg,1143.38,9b3a60521325bf52795c4d37393e72bb
train,corn,Image_9.jpg,C:\Users\Computer\OneDrive\เดสก์ท็อป\imageprocessing-prj\data\train\corn\Image_9.jpg,305.62,96851be2e53d728ff43df4f95ebd163a
train,corn,Image_90.jpg,C:\Users\Computer\OneDrive\เดสก์ท็อป\imageprocessing-prj\data\train\corn\Image_90.jpg,78.56,37eb4f13ee911179e79f9aa7abcf4e91
train,corn,Image_91.jpg,C:\Users\Computer\OneDrive\เดสก์ท็อป\imageprocessing-prj\data\train\corn\Image_91.jpg,421.35,7477de5b3f5359b0aa6ff75707b39e7c
train,corn,Image_92.jpg,C:\Users\Computer\OneDrive\เดสก์ท็อป\imageprocessing-prj\data\train\corn\Image_92.jpg,205.54,78461084b3244755abca5f4de8d5d859
train,corn,Image_93.jpg,C:\Users\Computer\OneDrive\เดสก์ท็อป\imageprocessing-prj\data\train\corn\Image_93.jpg,237.73,01bcc04e5a0f5c729fb097ce9c6191c2
train,corn,Image_94.jpg,C:\Users\Computer\OneDrive\เดสก์ท็อป\imageprocessing-prj\data\train\corn\Image_94.jpg,1624.95,2e075bb4854f25b3c4ba54169f2680df
train,corn,Image_95.jpg,C:\Users\Computer\OneDrive\เดสก์ท็อป\imageprocessing-prj\data\train\corn\Image_95.jpg,533.25,7274d948afe8727871153db270236f49
train,corn,Image_96.jpg,C:\Users\Computer\OneDrive\เดสก์ท็อป\imageprocessing-prj\data\train\corn\Image_96.jpg,1471.53,104af04b58c12805589e534d638c14d5
train,corn,Image_97.jpg,C:\Users\Computer\OneDrive\เดสก์ท็อป\imageprocessing-prj\data\train\corn\Image_97.jpg,2263.59,194bf0c5d567ccbc7c53007a4d2551a7
train,corn,Image_98.jpg,C:\Users\Computer\OneDrive\เดสก์ท็อป\imageprocessing-prj\data\train\corn\Image_98.jpg,138.47,4f32701b78c0cd8c0414859ebb806a89
train,corn,Image_99.jpg,C:\Users\Computer\OneDrive\เดสก์ท็อป\imageprocessing-prj\data\train\corn\Image_99.jpg,6602.03,2f7fadf414beb681cb7509d756853360
train,cucumber,Image_1.jpg,C:\Users\Computer\OneDrive\เดสก์ท็อป\imageprocessing-prj\data\train\cucumber\Image_1.jpg,2732.53,e9e43ddbf1f6c428f38d7222040eaee1
train,cucumber,Image_10.jpg,C:\Users\Computer\OneDrive\เดสก์ท็อป\imageprocessing-prj\data\train\cucumber\Image_10.jpg,95.47,ef02cb56924b2869b01ba0774c7d6edc
train,cucumber,Image_100.jpg,C:\Users\Computer\OneDrive\เดสก์ท็อป\imageprocessing-prj\data\train\cucumber\Image_100.jpg,119.99,0254891970399727a288c1173e7eced4
train,cucumber,Image_11.jpg,C:\Users\Computer\OneDrive\เดสก์ท็อป\imageprocessing-prj\data\train\cucumber\Image_11.jpg,630.98,e6c093715697f871eb9cfb00909a66fd
train,cucumber,Image_12.jpg,C:\Users\Computer\OneDrive\เดสก์ท็อป\imageprocessing-prj\data\train\cucumber\Image_12.jpg,68.48,12e63f1fd3a15968ef274269d4885584
train,cucumber,Image_13.JPG,C:\Users\Computer\OneDrive\เดสก์ท็อป\imageprocessing-prj\data\train\cucumber\Image_13.JPG,2327.18,2b0ced68ec315777d509e369c3d78d86
train,cucumber,Image_14.jpg,C:\Users\Computer\OneDrive\เดสก์ท็อป\imageprocessing-prj\data\train\cucumber\Image_14.jpg,123.81,9117961fd5202fdfe6783d0d5ebeb279
train,cucumber,Image_15.jpg,C:\Users\Computer\OneDrive\เดสก์ท็อป\imageprocessing-prj\data\train\cucumber\Image_15.jpg,53.8,8f37f6d6ea2d0c4d13aaa5182d2cd4c9
train,cucumber,Image_16.jpg,C:\Users\Computer\OneDrive\เดสก์ท็อป\imageprocessing-prj\data\train\cucumber\Image_16.jpg,1070.77,b07e4e66682744579dd11bae90ee4bb9
train,cucumber,Image_17.jpg,C:\Users\Computer\OneDrive\เดสก์ท็อป\imageprocessing-prj\data\train\cucumber\Image_17.jpg,271.22,f0c88197107a277b4411b8d0e102f81c
train,cucumber,Image_18.jpg,C:\Users\Computer\OneDrive\เดสก์ท็อป\imageprocessing-prj\data\train\cucumber\Image_18.jpg,353.0,4d0352b55b3aa44950a30e2d62027675
train,cucumber,Image_19.jpg,C:\Users\Computer\OneDrive\เดสก์ท็อป\imageprocessing-prj\data\train\cucumber\Image_19.jpg,3528.08,823a5098960236c95c4133b37cacd8c2
train,cucumber,Image_2.jpg,C:\Users\Computer\OneDrive\เดสก์ท็อป\imageprocessing-prj\data\train\cucumber\Image_2.jpg,288.0,23f067cc5b70b54284283e7bd4abda92
train,cucumber,Image_20.jpg,C:\Users\Computer\OneDrive\เดสก์ท็อป\imageprocessing-prj\data\train\cucumber\Image_20.jpg,248.72,0ef6c59487c4c086386723ee5cc77379
train,cucumber,Image_21.jpg,C:\Users\Computer\OneDrive\เดสก์ท็อป\imageprocessing-prj\data\train\cucumber\Image_21.jpg,74.03,19e5eb16ddb506e2e7d053b350cb9321
train,cucumber,Image_22.jpg,C:\Users\Computer\OneDrive\เดสก์ท็อป\imageprocessing-prj\data\train\cucumber\Image_22.jpg,225.67,fc635fcfef3b708d7b535bf6c708dd24
train,cucumber,Image_23.jpg,C:\Users\Computer\OneDrive\เดสก์ท็อป\imageprocessing-prj\data\train\cucumber\Image_23.jpg,190.96,1c1cc2547aae5f09cec89bae6fce591f
train,cucumber,Image_24.jpg,C:\Users\Computer\OneDrive\เดสก์ท็อป\imageprocessing-prj\data\train\cucumber\Image_24.jpg,49.74,8b46b9005577c56537ffa9c1f0a4af21
train,cucumber,Image_25.jpg,C:\Users\Computer\OneDrive\เดสก์ท็อป\imageprocessing-prj\data\train\cucumber\Image_25.jpg,239.27,c4df059b5ed01cdf05ade9826d00739d
train,cucumber,Image_26.jpg,C:\Users\Computer\OneDrive\เดสก์ท็อป\imageprocessing-prj\data\train\cucumber\Image_26.jpg,31.93,a53e1b36fdcea83ca7b6b1fff7cf4020
train,cucumber,Image_27.jpg,C:\Users\Computer\OneDrive\เดสก์ท็อป\imageprocessing-prj\data\train\cucumber\Image_27.jpg,231.72,6a0ac169f504d27ae92ae2e94b715009
train,cucumber,Image_28.jpg,C:\Users\Computer\OneDrive\เดสก์ท็อป\imageprocessing-prj\data\train\cucumber\Image_28.jpg,259.88,1c12254e5cb6ff02874c0d8470a8d5de
train,cucumber,Image_29.jpg,C:\Users\Computer\OneDrive\เดสก์ท็อป\imageprocessing-prj\data\train\cucumber\Image_29.jpg,3797.97,70124eadd4a0eb057f5cc1cc9b0ce5c4
train,cucumber,Image_3.jpg,C:\Users\Computer\OneDrive\เดสก์ท็อป\imageprocessing-prj\data\train\cucumber\Image_3.jpg,36.35,2818f7b5cd1a0014f0f8be3b3526264b
train,cucumber,Image_30.jpg,C:\Users\Computer\OneDrive\เดสก์ท็อป\imageprocessing-prj\data\train\cucumber\Image_30.jpg,113.71,37525e45d2dd752ffdfc70b3e4c82598
train,cucumber,Image_31.jpg,C:\Users\Computer\OneDrive\เดสก์ท็อป\imageprocessing-prj\data\train\cucumber\Image_31.jpg,133.06,d74bcb0bf31957a9648203ebe2adf9e2
train,cucumber,Image_32.jpg,C:\Users\Computer\OneDrive\เดสก์ท็อป\imageprocessing-prj\data\train\cucumber\Image_32.jpg,466.54,0331ce1a4f0c73abb1ede8ce8e6d1010
train,cucumber,Image_33.jpg,C:\Users\Computer\OneDrive\เดสก์ท็อป\imageprocessing-prj\data\train\cucumber\Image_33.jpg,404.09,7195256feee77536a857d6debab82b9b
train,cucumber,Image_34.jpg,C:\Users\Computer\OneDrive\เดสก์ท็อป\imageprocessing-prj\data\train\cucumber\Image_34.jpg,322.4,163bdcd39f60c4a3a6f85b2e9b6bccbd
train,cucumber,Image_35.jpg,C:\Users\Computer\OneDrive\เดสก์ท็อป\imageprocessing-prj\data\train\cucumber\Image_35.jpg,295.08,cabfcc77a48c60344aca764735326198
train,cucumber,Image_36.jpeg,C:\Users\Computer\OneDrive\เดสก์ท็อป\imageprocessing-prj\data\train\cucumber\Image_36.jpeg,84.15,723c4607e29f8ccb27469a842d23fd54
train,cucumber,Image_37.jpg,C:\Users\Computer\OneDrive\เดสก์ท็อป\imageprocessing-prj\data\train\cucumber\Image_37.jpg,76.51,1c3fdd02bcffed74de57557ca595919d
train,cucumber,Image_38.png,C:\Users\Computer\OneDrive\เดสก์ท็อป\imageprocessing-prj\data\train\cucumber\Image_38.png,1078.95,088813db397752b10417133eabb084b0
train,cucumber,Image_39.jpg,C:\Users\Computer\OneDrive\เดสก์ท็อป\imageprocessing-prj\data\train\cucumber\Image_39.jpg,241.44,f99b20ab7403fdcede66f4167aac4461
train,cucumber,Image_4.jpg,C:\Users\Computer\OneDrive\เดสก์ท็อป\imageprocessing-prj\data\train\cucumber\Image_4.jpg,165.92,1bb1cd1f420e665dd650bf717ea15b5c
train,cucumber,Image_40.jpg,C:\Users\Computer\OneDrive\เดสก์ท็อป\imageprocessing-prj\data\train\cucumber\Image_40.jpg,254.83,4378ff67ddf48d618736df52788b9f43
train,cucumber,Image_41.png,C:\Users\Computer\OneDrive\เดสก์ท็อป\imageprocessing-prj\data\train\cucumber\Image_41.png,202.79,520a8104b5542c90eef226fd0e948889
train,cucumber,Image_42.png,C:\Users\Computer\OneDrive\เดสก์ท็อป\imageprocessing-prj\data\train\cucumber\Image_42.png,290.01,b15eff11aab8f502cbcf4f176fccf057
train,cucumber,Image_43.jpg,C:\Users\Computer\OneDrive\เดสก์ท็อป\imageprocessing-prj\data\train\cucumber\Image_43.jpg,567.82,28728ca1da3679f1b60bf4eba22a4af2
train,cucumber,Image_44.jpg,C:\Users\Computer\OneDrive\เดสก์ท็อป\imageprocessing-prj\data\train\cucumber\Image_44.jpg,752.14,c31f8294f1784eeb8f07b88d60b62452
train,cucumber,Image_45.jpg,C:\Users\Computer\OneDrive\เดสก์ท็อป\imageprocessing-prj\data\train\cucumber\Image_45.jpg,258.61,17518b48b2fbc63b481119e249d77592
train,cucumber,Image_46.jpg,C:\Users\Computer\OneDrive\เดสก์ท็อป\imageprocessing-prj\data\train\cucumber\Image_46.jpg,5.47,9d2c6adbe1cd731b2b5ac3e3b6a043cb
train,cucumber,Image_47.jpg,C:\Users\Computer\OneDrive\เดสก์ท็อป\imageprocessing-prj\data\train\cucumber\Image_47.jpg,2342.74,0b7ba4dd3270c9a8459b8a7a8219e720
train,cucumber,Image_48.jpg,C:\Users\Computer\OneDrive\เดสก์ท็อป\imageprocessing-prj\data\train\cucumber\Image_48.jpg,172.37,c8c9d2d1c73dcecf129c4799bfda74b2
train,cucumber,Image_49.JPG,C:\Users\Computer\OneDrive\เดสก์ท็อป\imageprocessing-prj\data\train\cucumber\Image_49.JPG,206.94,6ecb004ee741ebd215bcecc35c77cf8c
train,cucumber,Image_5.jpg,C:\Users\Computer\OneDrive\เดสก์ท็อป\imageprocessing-prj\data\train\cucumber\Image_5.jpg,42.32,2127d63c46fda4cd7cbdbaa46f0044d5
train,cucumber,Image_50.JPG,C:\Users\Computer\OneDrive\เดสก์ท็อป\imageprocessing-prj\data\train\cucumber\Image_50.JPG,84.2,d6afd665633b0eded3cd762bae0d06be
train,cucumber,Image_52.jpg,C:\Users\Computer\OneDrive\เดสก์ท็อป\imageprocessing-prj\data\train\cucumber\Image_52.jpg,1541.95,13737a46c42904da24bf663c1274bace
train,cucumber,Image_53.JPG,C:\Users\Computer\OneDrive\เดสก์ท็อป\imageprocessing-prj\data\train\cucumber\Image_53.JPG,299.39,9a89dd8a03a1fe5789b94777690daa3d
train,cucumber,Image_54.png,C:\Users\Computer\OneDrive\เดสก์ท็อป\imageprocessing-prj\data\train\cucumber\Image_54.png,6394.2,f6217ea79d0b7ea8a207521fd48ece1d
train,cucumber,Image_55.png,C:\Users\Computer\OneDrive\เดสก์ท็อป\imageprocessing-prj\data\train\cucumber\Image_55.png,278.66,c568801a79b3ee9209891c4ba61684bf
train,cucumber,Image_56.jpg,C:\Users\Computer\OneDrive\เดสก์ท็อป\imageprocessing-prj\data\train\cucumber\Image_56.jpg,212.92,aa0f4e70a08d10a1ba4cd73a06fc36e8
train,cucumber,Image_57.jpg,C:\Users\Computer\OneDrive\เดสก์ท็อป\imageprocessing-prj\data\train\cucumber\Image_57.jpg,1329.03,979efdf75d15b39736f8789e9a25daf2
train,cucumber,Image_58.jpg,C:\Users\Computer\OneDrive\เดสก์ท็อป\imageprocessing-prj\data\train\cucumber\Image_58.jpg,145.49,5b9efea5158ce16dbff07dccd562c349
train,cucumber,Image_59.png,C:\Users\Computer\OneDrive\เดสก์ท็อป\imageprocessing-prj\data\train\cucumber\Image_59.png,89.39,d7d9e313bc962a6df785a00a0b896927
train,cucumber,Image_6.jpg,C:\Users\Computer\OneDrive\เดสก์ท็อป\imageprocessing-prj\data\train\cucumber\Image_6.jpg,103.1,c86159fb50da86a58a039f321161de7f
train,cucumber,Image_61.jpg,C:\Users\Computer\OneDrive\เดสก์ท็อป\imageprocessing-prj\data\train\cucumber\Image_61.jpg,7.67,c5c1d3571044fd9f7b0bd553d7c94a5e
train,cucumber,Image_63.jpg,C:\Users\Computer\OneDrive\เดสก์ท็อป\imageprocessing-prj\data\train\cucumber\Image_63.jpg,1163.73,fc9e02f56128811759ea4249116efebf
train,cucumber,Image_64.jpg,C:\Users\Computer\OneDrive\เดสก์ท็อป\imageprocessing-prj\data\train\cucumber\Image_64.jpg,188.92,d778d4a5d3ac60f97bb09d08b6c3855f
train,cucumber,Image_66.jpg,C:\Users\Computer\OneDrive\เดสก์ท็อป\imageprocessing-prj\data\train\cucumber\Image_66.jpg,158.1,8df513d1929f7f2d146c7a83f121b921
train,cucumber,Image_68.jpg,C:\Users\Computer\OneDrive\เดสก์ท็อป\imageprocessing-prj\data\train\cucumber\Image_68.jpg,35.5,da9a3636b6f9c59768820c0958022529
train,cucumber,Image_69.jpg,C:\Users\Computer\OneDrive\เดสก์ท็อป\imageprocessing-prj\data\train\cucumber\Image_69.jpg,24.04,e9958be7c9a79e6ac1f0bec70843e0f6
train,cucumber,Image_7.jpg,C:\Users\Computer\OneDrive\เดสก์ท็อป\imageprocessing-prj\data\train\cucumber\Image_7.jpg,506.63,8317a240f91ce04e9ca402a45b189183
train,cucumber,Image_70.jpg,C:\Users\Computer\OneDrive\เดสก์ท็อป\imageprocessing-prj\data\train\cucumber\Image_70.jpg,143.36,34f675f3fdb5d25dbb1d13f5eb28e233
train,cucumber,Image_71.jpg,C:\Users\Computer\OneDrive\เดสก์ท็อป\imageprocessing-prj\data\train\cucumber\Image_71.jpg,1369.72,fb5fa853e02bcd78b269a5d5fec7d137
train,cucumber,Image_73.jpg,C:\Users\Computer\OneDrive\เดสก์ท็อป\imageprocessing-prj\data\train\cucumber\Image_73.jpg,22.69,6f49b6ec933f08ec240d0d41843411e5
train,cucumber,Image_74.jpg,C:\Users\Computer\OneDrive\เดสก์ท็อป\imageprocessing-prj\data\train\cucumber\Image_74.jpg,140.76,b4573307af556598fc51341e500d43ca
train,cucumber,Image_75.jpg,C:\Users\Computer\OneDrive\เดสก์ท็อป\imageprocessing-prj\data\train\cucumber\Image_75.jpg,222.71,14db28d86645c19baaacb755d1124b3d
train,cucumber,Image_76.JPG,C:\Users\Computer\OneDrive\เดสก์ท็อป\imageprocessing-prj\data\train\cucumber\Image_76.JPG,28.89,26dc7d55196125384f18c01f5634367d
train,cucumber,Image_77.jpg,C:\Users\Computer\OneDrive\เดสก์ท็อป\imageprocessing-prj\data\train\cucumber\Image_77.jpg,15.17,7826c17c5aca517627217c48188cb0a0
train,cucumber,Image_78.jpg,C:\Users\Computer\OneDrive\เดสก์ท็อป\imageprocessing-prj\data\train\cucumber\Image_78.jpg,124.64,adbdb004a7120f86b384d086f57ddc8e
train,cucumber,Image_79.jpg,C:\Users\Computer\OneDrive\เดสก์ท็อป\imageprocessing-prj\data\train\cucumber\Image_79.jpg,54.6,e6dd256eaa2fe85eaad4ccb5e6fba9b9
train,cucumber,Image_8.jpg,C:\Users\Computer\OneDrive\เดสก์ท็อป\imageprocessing-prj\data\train\cucumber\Image_8.jpg,119.99,0254891970399727a288c1173e7eced4
train,cucumber,Image_80.jpeg,C:\Users\Computer\OneDrive\เดสก์ท็อป\imageprocessing-prj\data\train\cucumber\Image_80.jpeg,159.92,30effdb74ba383cad0bdce51d7ee040d
train,cucumber,Image_81.jpg,C:\Users\Computer\OneDrive\เดสก์ท็อป\imageprocessing-prj\data\train\cucumber\Image_81.jpg,1167.23,ebefb6b7e46688891797229f571a1d38
train,cucumber,Image_82.png,C:\Users\Computer\OneDrive\เดสก์ท็อป\imageprocessing-prj\data\train\cucumber\Image_82.png,488.87,c5122be6bf946a0ae5a2cd944d0855de
train,cucumber,Image_83.jpg,C:\Users\Computer\OneDrive\เดสก์ท็อป\imageprocessing-prj\data\train\cucumber\Image_83.jpg,43.59,f3185e4ed61d44eaa5bae6697159885c
train,cucumber,Image_84.jpg,C:\Users\Computer\OneDrive\เดสก์ท็อป\imageprocessing-prj\data\train\cucumber\Image_84.jpg,55.35,4b3f958b27f23e846a691bb048f15c40
train,cucumber,Image_85.jpg,C:\Users\Computer\OneDrive\เดสก์ท็อป\imageprocessing-prj\data\train\cucumber\Image_85.jpg,339.15,edeb88d66202db03a3c3a814316d0a88
train,cucumber,Image_86.jpg,C:\Users\Computer\OneDrive\เดสก์ท็อป\imageprocessing-prj\data\train\cucumber\Image_86.jpg,182.32,fe04671fac8deae8abd88f074b41c2bd
train,cucumber,Image_87.jpg,C:\Users\Computer\OneDrive\เดสก์ท็อป\imageprocessing-prj\data\train\cucumber\Image_87.jpg,231.82,1862bc3d030ce2d1112b392ef99508ed
train,cucumber,Image_88.jpg,C:\Users\Computer\OneDrive\เดสก์ท็อป\imageprocessing-prj\data\train\cucumber\Image_88.jpg,221.59,c2556ee8f5740fa55bfb3158a5da26e4
train,cucumber,Image_89.jpg,C:\Users\Computer\OneDrive\เดสก์ท็อป\imageprocessing-prj\data\train\cucumber\Image_89.jpg,46.2,76b264f2fd219aff246382194dcd2db1
train,cucumber,Image_9.jpg,C:\Users\Computer\OneDrive\เดสก์ท็อป\imageprocessing-prj\data\train\cucumber\Image_9.jpg,362.56,2f24c57fd4cc202477e3376b541929d1
train,cucumber,Image_90.jpg,C:\Users\Computer\OneDrive\เดสก์ท็อป\imageprocessing-prj\data\train\cucumber\Image_90.jpg,129.51,230e3315cfeb7ab528940625114c6023
train,cucumber,Image_91.jpeg,C:\Users\Computer\OneDrive\เดสก์ท็อป\imageprocessing-prj\data\train\cucumber\Image_91.jpeg,65.59,c9a9738e5380ee24a4c22cdb8b88c8f2
train,cucumber,Image_92.JPG,C:\Users\Computer\OneDrive\เดสก์ท็อป\imageprocessing-prj\data\train\cucumber\Image_92.JPG,278.65,66525f4ffa08a2319e161b2d0bb2f0e5
train,cucumber,Image_93.jpg,C:\Users\Computer\OneDrive\เดสก์ท็อป\imageprocessing-prj\data\train\cucumber\Image_93.jpg,2732.53,e9e43ddbf1f6c428f38d7222040eaee1
train,cucumber,Image_94.jpg,C:\Users\Computer\OneDrive\เดสก์ท็อป\imageprocessing-prj\data\train\cucumber\Image_94.jpg,288.0,23f067cc5b70b54284283e7bd4abda92
train,cucumber,Image_95.jpg,C:\Users\Computer\OneDrive\เดสก์ท็อป\imageprocessing-prj\data\train\cucumber\Image_95.jpg,36.35,2818f7b5cd1a0014f0f8be3b3526264b
train,cucumber,Image_96.jpg,C:\Users\Computer\OneDrive\เดสก์ท็อป\imageprocessing-prj\data\train\cucumber\Image_96.jpg,165.92,1bb1cd1f420e665dd650bf717ea15b5c
train,cucumber,Image_97.jpg,C:\Users\Computer\OneDrive\เดสก์ท็อป\imageprocessing-prj\data\train\cucumber\Image_97.jpg,42.32,2127d63c46fda4cd7cbdbaa46f0044d5
train,cucumber,Image_98.jpg,C:\Users\Computer\OneDrive\เดสก์ท็อป\imageprocessing-prj\data\train\cucumber\Image_98.jpg,103.1,c86159fb50da86a58a039f321161de7f
train,cucumber,Image_99.jpg,C:\Users\Computer\OneDrive\เดสก์ท็อป\imageprocessing-prj\data\train\cucumber\Image_99.jpg,506.63,8317a240f91ce04e9ca402a45b189183
train,eggplant,Image_1.jpg,C:\Users\Computer\OneDrive\เดสก์ท็อป\imageprocessing-prj\data\train\eggplant\Image_1.jpg,3238.8,038ab3be44a817516bfaefb3e89cdf13
train,eggplant,Image_10.jpg,C:\Users\Computer\OneDrive\เดสก์ท็อป\imageprocessing-prj\data\train\eggplant\Image_10.jpg,71.75,1d9e91aae9b31429ab93545d0be360dd
train,eggplant,Image_100.jpg,C:\Users\Computer\OneDrive\เดสก์ท็อป\imageprocessing-prj\data\train\eggplant\Image_100.jpg,611.73,8c4b181ac8810df73d12767d9d9d73d4
train,eggplant,Image_11.jpg,C:\Users\Computer\OneDrive\เดสก์ท็อป\imageprocessing-prj\data\train\eggplant\Image_11.jpg,242.37,640c774050a802958fff7b2401cd96aa
train,eggplant,Image_12.jpg,C:\Users\Computer\OneDrive\เดสก์ท็อป\imageprocessing-prj\data\train\eggplant\Image_12.jpg,976.74,1092a60282a53ad062b14bd2b4a6bb74
train,eggplant,Image_13.jpg,C:\Users\Computer\OneDrive\เดสก์ท็อป\imageprocessing-prj\data\train\eggplant\Image_13.jpg,65.64,cf50163d0d6c0e29940ef6f2a806e4b8
train,eggplant,Image_14.jpg,C:\Users\Computer\OneDrive\เดสก์ท็อป\imageprocessing-prj\data\train\eggplant\Image_14.jpg,68.52,9ed25df96d9009e2db90136e093fd1b5
train,eggplant,Image_15.jpg,C:\Users\Computer\OneDrive\เดสก์ท็อป\imageprocessing-prj\data\train\eggplant\Image_15.jpg,243.5,729ddf72fb5b0c778ae83b64030885a8
train,eggplant,Image_16.jpg,C:\Users\Computer\OneDrive\เดสก์ท็อป\imageprocessing-prj\data\train\eggplant\Image_16.jpg,1562.84,3bbf2c438b822eeea91679380988ae48
train,eggplant,Image_17.jpg,C:\Users\Computer\OneDrive\เดสก์ท็อป\imageprocessing-prj\data\train\eggplant\Image_17.jpg,152.31,0a5cc7c39c86983e684d3fd6889e6e93
train,eggplant,Image_18.jpg,C:\Users\Computer\OneDrive\เดสก์ท็อป\imageprocessing-prj\data\train\eggplant\Image_18.jpg,738.61,e12265f631b9c701807a731600061e19
train,eggplant,Image_19.jpg,C:\Users\Computer\OneDrive\เดสก์ท็อป\imageprocessing-prj\data\train\eggplant\Image_19.jpg,52.33,20b503385cc09836a17cd6da5502b20c
train,eggplant,Image_2.jpg,C:\Users\Computer\OneDrive\เดสก์ท็อป\imageprocessing-prj\data\train\eggplant\Image_2.jpg,650.91,1a7738894c08ab7af3e9be7c0dd5c40b
train,eggplant,Image_20.jpg,C:\Users\Computer\OneDrive\เดสก์ท็อป\imageprocessing-prj\data\train\eggplant\Image_20.jpg,252.72,e091a7d09c94a87699f6dfc056fa5ed7
train,eggplant,Image_21.jpg,C:\Users\Computer\OneDrive\เดสก์ท็อป\imageprocessing-prj\data\train\eggplant\Image_21.jpg,981.85,9797fc134076b101142008cfd0d53bca
train,eggplant,Image_22.jpg,C:\Users\Computer\OneDrive\เดสก์ท็อป\imageprocessing-prj\data\train\eggplant\Image_22.jpg,90.97,9f0afc114d087bf6a542f948cf728530
train,eggplant,Image_23.JPG,C:\Users\Computer\OneDrive\เดสก์ท็อป\imageprocessing-prj\data\train\eggplant\Image_23.JPG,332.87,47b31ae83d70f271962f73bad24b168b
train,eggplant,Image_24.jpg,C:\Users\Computer\OneDrive\เดสก์ท็อป\imageprocessing-prj\data\train\eggplant\Image_24.jpg,281.56,e8d13c659f7deac399c5ed6bd7e72947
train,eggplant,Image_25.JPG,C:\Users\Computer\OneDrive\เดสก์ท็อป\imageprocessing-prj\data\train\eggplant\Image_25.JPG,311.06,3f3b1a03ef8b288f0e3587b9ca1a0680
train,eggplant,Image_26.png,C:\Users\Computer\OneDrive\เดสก์ท็อป\imageprocessing-prj\data\train\eggplant\Image_26.png,361.17,74c6c35a2a6e097d88482a49ea508b58
train,eggplant,Image_27.jpg,C:\Users\Computer\OneDrive\เดสก์ท็อป\imageprocessing-prj\data\train\eggplant\Image_27.jpg,128.31,4c906e394daa257711d989847e28b556
train,eggplant,Image_28.jpg,C:\Users\Computer\OneDrive\เดสก์ท็อป\imageprocessing-prj\data\train\eggplant\Image_28.jpg,3556.79,d94601716f2e85202f911fe4edd41de6
train,eggplant,Image_29.jpg,C:\Users\Computer\OneDrive\เดสก์ท็อป\imageprocessing-prj\data\train\eggplant\Image_29.jpg,81.8,714d5691e76083be1d74737b989e6a98
train,eggplant,Image_3.jpg,C:\Users\Computer\OneDrive\เดสก์ท็อป\imageprocessing-prj\data\train\eggplant\Image_3.jpg,185.33,678195537a88009cef1caa0042a69085
train,eggplant,Image_30.jpg,C:\Users\Computer\OneDrive\เดสก์ท็อป\imageprocessing-prj\data\train\eggplant\Image_30.jpg,12.53,2371bb3f4d1fc8b8b50a5ff2fa0059af
train,eggplant,Image_31.jpg,C:\Users\Computer\OneDrive\เดสก์ท็อป\imageprocessing-prj\data\train\eggplant\Image_31.jpg,179.59,939aef53586bcb896c7bcc9785f76e1b
train,eggplant,Image_32.jpg,C:\Users\Computer\OneDrive\เดสก์ท็อป\imageprocessing-prj\data\train\eggplant\Image_32.jpg,125.06,751c3cf6805f1af64b0c52987045a906
train,eggplant,Image_33.jpg,C:\Users\Computer\OneDrive\เดสก์ท็อป\imageprocessing-prj\data\train\eggplant\Image_33.jpg,199.73,59ce212f60ba7c5bd9f194182288e4b9
train,eggplant,Image_34.JPG,C:\Users\Computer\OneDrive\เดสก์ท็อป\imageprocessing-prj\data\train\eggplant\Image_34.JPG,1364.49,85f40c3dcb09b76d10b0a8519f1b2eae
train,eggplant,Image_35.jpg,C:\Users\Computer\OneDrive\เดสก์ท็อป\imageprocessing-prj\data\train\eggplant\Image_35.jpg,56.19,cb709db3c15f56b5f29928dd20627796
train,eggplant,Image_36.jpg,C:\Users\Computer\OneDrive\เดสก์ท็อป\imageprocessing-prj\data\train\eggplant\Image_36.jpg,74.45,1b06bafc22ccb4120ca16194477df58f
train,eggplant,Image_37.jpg,C:\Users\Computer\OneDrive\เดสก์ท็อป\imageprocessing-prj\data\train\eggplant\Image_37.jpg,169.5,5b0b6ad94aa4059c3bb947fb5bf70e5d
train,eggplant,Image_38.png,C:\Users\Computer\OneDrive\เดสก์ท็อป\imageprocessing-prj\data\train\eggplant\Image_38.png,566.31,c59aa0633ad4e4c439e907c4194c06cb
train,eggplant,Image_39.jpg,C:\Users\Computer\OneDrive\เดสก์ท็อป\imageprocessing-prj\data\train\eggplant\Image_39.jpg,39.68,b1c8150a99ef5630e0d8c1ac0017fc42
train,eggplant,Image_4.jpg,C:\Users\Computer\OneDrive\เดสก์ท็อป\imageprocessing-prj\data\train\eggplant\Image_4.jpg,1802.99,fe6ef053e500b05683bcf542bbe97ccc
train,eggplant,Image_40.png,C:\Users\Computer\OneDrive\เดสก์ท็อป\imageprocessing-prj\data\train\eggplant\Image_40.png,722.11,fb62054731b9cc5479ed0b4c37f97969
train,eggplant,Image_41.jpg,C:\Users\Computer\OneDrive\เดสก์ท็อป\imageprocessing-prj\data\train\eggplant\Image_41.jpg,265.57,0492b321d90bce51165b7ea46340fce9
train,eggplant,Image_42.jpg,C:\Users\Computer\OneDrive\เดสก์ท็อป\imageprocessing-prj\data\train\eggplant\Image_42.jpg,33.87,d85d74a2f5309f13c279d47c77a39b4a
train,eggplant,Image_43.jpg,C:\Users\Computer\OneDrive\เดสก์ท็อป\imageprocessing-prj\data\train\eggplant\Image_43.jpg,34.02,96a7d144489e52b4df4e4226ec47e04c
train,eggplant,Image_44.jpg,C:\Users\Computer\OneDrive\เดสก์ท็อป\imageprocessing-prj\data\train\eggplant\Image_44.jpg,203.24,c9c19721003d4333e18a6c6da52bb9ce
train,eggplant,Image_45.jpg,C:\Users\Computer\OneDrive\เดสก์ท็อป\imageprocessing-prj\data\train\eggplant\Image_45.jpg,131.66,997511ff515c50837453f881e53bcf78
train,eggplant,Image_46.jpg,C:\Users\Computer\OneDrive\เดสก์ท็อป\imageprocessing-prj\data\train\eggplant\Image_46.jpg,244.97,0c6ead63e6a93f8995b1b349f607544f
train,eggplant,Image_47.jpg,C:\Users\Computer\OneDrive\เดสก์ท็อป\imageprocessing-prj\data\train\eggplant\Image_47.jpg,30.59,11185ee0bd42ad070884eab1440ba582
train,eggplant,Image_48.jpg,C:\Users\Computer\OneDrive\เดสก์ท็อป\imageprocessing-prj\data\train\eggplant\Image_48.jpg,85.79,6a9dc8d089deda37bd935bad749ae42c
train,eggplant,Image_5.jpg,C:\Users\Computer\OneDrive\เดสก์ท็อป\imageprocessing-prj\data\train\eggplant\Image_5.jpg,94.39,788c95e5f0f106bea52ab895ef99584f
train,eggplant,Image_51.jpg,C:\Users\Computer\OneDrive\เดสก์ท็อป\imageprocessing-prj\data\train\eggplant\Image_51.jpg,43.81,b4a101936a8b8020f5a15f30f763cc45
train,eggplant,Image_54.png,C:\Users\Computer\OneDrive\เดสก์ท็อป\imageprocessing-prj\data\train\eggplant\Image_54.png,265.46,edf37ec82ed98cda2c4ecb17cdd52e6d
train,eggplant,Image_55.jpg,C:\Users\Computer\OneDrive\เดสก์ท็อป\imageprocessing-prj\data\train\eggplant\Image_55.jpg,1394.86,f28d9be0ea1caba2fe26aea1b321c5dc
train,eggplant,Image_56.jpg,C:\Users\Computer\OneDrive\เดสก์ท็อป\imageprocessing-prj\data\train\eggplant\Image_56.jpg,149.9,fbe20422ef2fd676c875681f448d6b62
train,eggplant,Image_58.jpg,C:\Users\Computer\OneDrive\เดสก์ท็อป\imageprocessing-prj\data\train\eggplant\Image_58.jpg,90.15,88348deb9ca11c4652bfde6827e538f5
train,eggplant,Image_59.jpg,C:\Users\Computer\OneDrive\เดสก์ท็อป\imageprocessing-prj\data\train\eggplant\Image_59.jpg,393.75,b6a6a13c45d7e006eab9f8e538f64b68
train,eggplant,Image_6.jpg,C:\Users\Computer\OneDrive\เดสก์ท็อป\imageprocessing-prj\data\train\eggplant\Image_6.jpg,611.73,8c4b181ac8810df73d12767d9d9d73d4
train,eggplant,Image_61.jpg,C:\Users\Computer\OneDrive\เดสก์ท็อป\imageprocessing-prj\data\train\eggplant\Image_61.jpg,31.2,969786fff7edb913e08e3d2d7a43e11d
train,eggplant,Image_62.jpg,C:\Users\Computer\OneDrive\เดสก์ท็อป\imageprocessing-prj\data\train\eggplant\Image_62.jpg,645.67,a0aadeb6b2e6e78fd8c7b16bc2ff7b1d
train,eggplant,Image_63.jpg,C:\Users\Computer\OneDrive\เดสก์ท็อป\imageprocessing-prj\data\train\eggplant\Image_63.jpg,765.05,f31b92086dafc49929641da549b46188
train,eggplant,Image_64.jpg,C:\Users\Computer\OneDrive\เดสก์ท็อป\imageprocessing-prj\data\train\eggplant\Image_64.jpg,2497.75,64ae0d78089eab92a65dac92b3053ce0
train,eggplant,Image_65.jpg,C:\Users\Computer\OneDrive\เดสก์ท็อป\imageprocessing-prj\data\train\eggplant\Image_65.jpg,54.84,7a2a5b2e512f83595791cbedae9f92b1
train,eggplant,Image_66.jpg,C:\Users\Computer\OneDrive\เดสก์ท็อป\imageprocessing-prj\data\train\eggplant\Image_66.jpg,914.31,473576c3941abc3e57eb4284bbd61d9d
train,eggplant,Image_67.jpg,C:\Users\Computer\OneDrive\เดสก์ท็อป\imageprocessing-prj\data\train\eggplant\Image_67.jpg,33.78,4e40bb6c38a0b714b2ab887aac6966d7
train,eggplant,Image_68.jpg,C:\Users\Computer\OneDrive\เดสก์ท็อป\imageprocessing-prj\data\train\eggplant\Image_68.jpg,276.82,c3a96edb7750d6672aadc3d48751c95f
train,eggplant,Image_69.jpg,C:\Users\Computer\OneDrive\เดสก์ท็อป\imageprocessing-prj\data\train\eggplant\Image_69.jpg,241.59,c34007ae9082eb3ea0d91983d7cdfb2d
train,eggplant,Image_7.jpg,C:\Users\Computer\OneDrive\เดสก์ท็อป\imageprocessing-prj\data\train\eggplant\Image_7.jpg,287.88,a10cf08549a24e78c692b4b356b991df
train,eggplant,Image_71.jpg,C:\Users\Computer\OneDrive\เดสก์ท็อป\imageprocessing-prj\data\train\eggplant\Image_71.jpg,145.82,95712eb5197d707f44570c52af232a44
train,eggplant,Image_72.jpg,C:\Users\Computer\OneDrive\เดสก์ท็อป\imageprocessing-prj\data\train\eggplant\Image_72.jpg,226.88,db38b41106fef7da6b63ed4615b67bf1
train,eggplant,Image_73.jpg,C:\Users\Computer\OneDrive\เดสก์ท็อป\imageprocessing-prj\data\train\eggplant\Image_73.jpg,146.89,fdfd71c288712c981da1450b596d5687
train,eggplant,Image_74.jpg,C:\Users\Computer\OneDrive\เดสก์ท็อป\imageprocessing-prj\data\train\eggplant\Image_74.jpg,24.35,5bdeeee949fb74b285d32dbf81f8623c
train,eggplant,Image_78.jpg,C:\Users\Computer\OneDrive\เดสก์ท็อป\imageprocessing-prj\data\train\eggplant\Image_78.jpg,122.58,fb2767acfe28fdf76529581c971e657b
train,eggplant,Image_79.jpg,C:\Users\Computer\OneDrive\เดสก์ท็อป\imageprocessing-prj\data\train\eggplant\Image_79.jpg,145.78,16110cae5191b812007422f2f6d6b9b1
train,eggplant,Image_8.jpg,C:\Users\Computer\OneDrive\เดสก์ท็อป\imageprocessing-prj\data\train\eggplant\Image_8.jpg,3270.73,3db2d3add42b1ab0d6db963a0de6cb7d
train,eggplant,Image_80.jpg,C:\Users\Computer\OneDrive\เดสก์ท็อป\imageprocessing-prj\data\train\eggplant\Image_80.jpg,169.99,4258887eaa4aa4285186da8db4f624f6
train,eggplant,Image_81.jpg,C:\Users\Computer\OneDrive\เดสก์ท็อป\imageprocessing-prj\data\train\eggplant\Image_81.jpg,90.04,244fdaf55f3c38b02d62bf72eaf61b94
train,eggplant,Image_82.jpg,C:\Users\Computer\OneDrive\เดสก์ท็อป\imageprocessing-prj\data\train\eggplant\Image_82.jpg,39.06,ddb2dbdaeb40192abc1c586680070a90
train,eggplant,Image_84.jpg,C:\Users\Computer\OneDrive\เดสก์ท็อป\imageprocessing-prj\data\train\eggplant\Image_84.jpg,173.94,3ae81b746a61a73a150d690cfe13ad67
train,eggplant,Image_87.jpg,C:\Users\Computer\OneDrive\เดสก์ท็อป\imageprocessing-prj\data\train\eggplant\Image_87.jpg,896.8,4b21baae7a2d22cad649bda59a136855
train,eggplant,Image_89.jpg,C:\Users\Computer\OneDrive\เดสก์ท็อป\imageprocessing-prj\data\train\eggplant\Image_89.jpg,47.83,86e78a759dd823906b69aab23c8e6716
train,eggplant,Image_9.jpg,C:\Users\Computer\OneDrive\เดสก์ท็อป\imageprocessing-prj\data\train\eggplant\Image_9.jpg,157.49,8792df1a1df535bcf5d95630fbdea0de
train,eggplant,Image_92.jpg,C:\Users\Computer\OneDrive\เดสก์ท็อป\imageprocessing-prj\data\train\eggplant\Image_92.jpg,79.59,4a792e9ff2960df7b2ec4028e06f5297
train,eggplant,Image_93.jpg,C:\Users\Computer\OneDrive\เดสก์ท็อป\imageprocessing-prj\data\train\eggplant\Image_93.jpg,65.54,7db62862b215fa74076998b5b5527b54
train,eggplant,Image_94.jpg,C:\Users\Computer\OneDrive\เดสก์ท็อป\imageprocessing-prj\data\train\eggplant\Image_94.jpg,3238.8,038ab3be44a817516bfaefb3e89cdf13
train,eggplant,Image_95.jpg,C:\Users\Computer\OneDrive\เดสก์ท็อป\imageprocessing-prj\data\train\eggplant\Image_95.jpg,650.91,1a7738894c08ab7af3e9be7c0dd5c40b
train,eggplant,Image_96.jpg,C:\Users\Computer\OneDrive\เดสก์ท็อป\imageprocessing-prj\data\train\eggplant\Image_96.jpg,185.33,678195537a88009cef1caa0042a69085
train,eggplant,Image_97.jpg,C:\Users\Computer\OneDrive\เดสก์ท็อป\imageprocessing-prj\data\train\eggplant\Image_97.jpg,1802.99,fe6ef053e500b05683bcf542bbe97ccc
train,eggplant,Image_98.jpg,C:\Users\Computer\OneDrive\เดสก์ท็อป\imageprocessing-prj\data\train\eggplant\Image_98.jpg,94.39,788c95e5f0f106bea52ab895ef99584f
train,eggplant,Image_99.jpg,C:\Users\Computer\OneDrive\เดสก์ท็อป\imageprocessing-prj\data\train\eggplant\Image_99.jpg,262.4,85faeb4a8ade837a8c32f3a2f8fd174e
train,garlic,Image_1.jpg,C:\Users\Computer\OneDrive\เดสก์ท็อป\imageprocessing-prj\data\train\garlic\Image_1.jpg,497.81,4bf20faf9df86b3b06373409bf38c1a1
train,garlic,Image_10.jpg,C:\Users\Computer\OneDrive\เดสก์ท็อป\imageprocessing-prj\data\train\garlic\Image_10.jpg,128.9,a6c9c1c6743073747f5cfd6daf41f992
train,garlic,Image_100.jpg,C:\Users\Computer\OneDrive\เดสก์ท็อป\imageprocessing-prj\data\train\garlic\Image_100.jpg,101.74,5f7a693f8cc43be1a856e8732badf80c
train,garlic,Image_11.jpg,C:\Users\Computer\OneDrive\เดสก์ท็อป\imageprocessing-prj\data\train\garlic\Image_11.jpg,2423.69,c1da66989f1af8359de14a29c28ca706
train,garlic,Image_12.jpg,C:\Users\Computer\OneDrive\เดสก์ท็อป\imageprocessing-prj\data\train\garlic\Image_12.jpg,79.68,7da36336171058fdfd97a2868f3cdd9d
train,garlic,Image_13.jpg,C:\Users\Computer\OneDrive\เดสก์ท็อป\imageprocessing-prj\data\train\garlic\Image_13.jpg,4573.04,6832d7d0f4baf0d9b9240f078c0bd157
train,garlic,Image_14.jpg,C:\Users\Computer\OneDrive\เดสก์ท็อป\imageprocessing-prj\data\train\garlic\Image_14.jpg,1341.34,0f3317ce83485ec24fa751fc4b24707b
train,garlic,Image_15.jpg,C:\Users\Computer\OneDrive\เดสก์ท็อป\imageprocessing-prj\data\train\garlic\Image_15.jpg,138.86,42d62624dcb44b014ec4006568d80bc3
train,garlic,Image_16.jpg,C:\Users\Computer\OneDrive\เดสก์ท็อป\imageprocessing-prj\data\train\garlic\Image_16.jpg,714.59,334eb115e651ea2fb4ea0f44e4e7c59d
train,garlic,Image_17.jpg,C:\Users\Computer\OneDrive\เดสก์ท็อป\imageprocessing-prj\data\train\garlic\Image_17.jpg,43.86,01e58d01c2f41a5a6252164de60b124d
train,garlic,Image_18.jpg,C:\Users\Computer\OneDrive\เดสก์ท็อป\imageprocessing-prj\data\train\garlic\Image_18.jpg,1100.36,69f746c6ba936b2830cac61d30f811b1
train,garlic,Image_19.jpg,C:\Users\Computer\OneDrive\เดสก์ท็อป\imageprocessing-prj\data\train\garlic\Image_19.jpg,281.63,59afcefe0712fd5228cf3f7d32d82db2
train,garlic,Image_2.jpg,C:\Users\Computer\OneDrive\เดสก์ท็อป\imageprocessing-prj\data\train\garlic\Image_2.jpg,134.93,ed9f6f1abe4ebcf33b68d197bc6ad254
train,garlic,Image_20.jpg,C:\Users\Computer\OneDrive\เดสก์ท็อป\imageprocessing-prj\data\train\garlic\Image_20.jpg,510.33,3f2e395f2702e97a668ab539286fcd82
train,garlic,Image_21.jpg,C:\Users\Computer\OneDrive\เดสก์ท็อป\imageprocessing-prj\data\train\garlic\Image_21.jpg,93.87,73121584d9fe02bc807a43aad9be4efd
train,garlic,Image_22.jpg,C:\Users\Computer\OneDrive\เดสก์ท็อป\imageprocessing-prj\data\train\garlic\Image_22.jpg,755.6,5cc00cef2c43e574c969c03b9a3bc961
train,garlic,Image_23.jpg,C:\Users\Computer\OneDrive\เดสก์ท็อป\imageprocessing-prj\data\train\garlic\Image_23.jpg,28.66,bff4f2f1278153388726691c1431b8df
train,garlic,Image_24.png,C:\Users\Computer\OneDrive\เดสก์ท็อป\imageprocessing-prj\data\train\garlic\Image_24.png,1516.45,2b793b6d2677f2e43ce47e69671b008e
train,garlic,Image_25.jpeg,C:\Users\Computer\OneDrive\เดสก์ท็อป\imageprocessing-prj\data\train\garlic\Image_25.jpeg,532.51,493420475ff1955ffd7e9f94ff750a1a
train,garlic,Image_26.jpg,C:\Users\Computer\OneDrive\เดสก์ท็อป\imageprocessing-prj\data\train\garlic\Image_26.jpg,134.79,c3f7dd5275f12ab0f073f18e45304051
train,garlic,Image_27.jpg,C:\Users\Computer\OneDrive\เดสก์ท็อป\imageprocessing-prj\data\train\garlic\Image_27.jpg,492.46,12bccf3fc20c8682cb6834f67129e2f3
train,garlic,Image_28.jpg,C:\Users\Computer\OneDrive\เดสก์ท็อป\imageprocessing-prj\data\train\garlic\Image_28.jpg,357.33,f753e1f3970c3e64db1f558da7f04408
train,garlic,Image_29.jpg,C:\Users\Computer\OneDrive\เดสก์ท็อป\imageprocessing-prj\data\train\garlic\Image_29.jpg,455.76,43cbec6ca2ab6a76eeaa806c3cb3c45b
train,garlic,Image_3.jpg,C:\Users\Computer\OneDrive\เดสก์ท็อป\imageprocessing-prj\data\train\garlic\Image_3.jpg,1237.22,750ee80645d877fc8b79a1d5d663744b
train,garlic,Image_30.jpg,C:\Users\Computer\OneDrive\เดสก์ท็อป\imageprocessing-prj\data\train\garlic\Image_30.jpg,716.77,72e6dce27c402deccb521e33a9824a94
train,garlic,Image_31.jpg,C:\Users\Computer\OneDrive\เดสก์ท็อป\imageprocessing-prj\data\train\garlic\Image_31.jpg,1131.27,b4ae83f9cc7cc1283eaadcd42861798b
train,garlic,Image_32.jpg,C:\Users\Computer\OneDrive\เดสก์ท็อป\imageprocessing-prj\data\train\garlic\Image_32.jpg,32.24,b9ce6225373ed334a1e35eda792f19c0
train,garlic,Image_33.jpg,C:\Users\Computer\OneDrive\เดสก์ท็อป\imageprocessing-prj\data\train\garlic\Image_33.jpg,28.3,cd0c78f6e71407877c9ef06a63fbb5d4
train,garlic,Image_34.jpg,C:\Users\Computer\OneDrive\เดสก์ท็อป\imageprocessing-prj\data\train\garlic\Image_34.jpg,659.69,3af54fcade8a764177dda6a9ffb1c33a
train,garlic,Image_35.png,C:\Users\Computer\OneDrive\เดสก์ท็อป\imageprocessing-prj\data\train\garlic\Image_35.png,164.38,c23675a2d0207956de0b4100f3afaa97
train,garlic,Image_36.png,C:\Users\Computer\OneDrive\เดสก์ท็อป\imageprocessing-prj\data\train\garlic\Image_36.png,78.67,7ecae1a7accaa252612a887ce58895b3
train,garlic,Image_37.jpg,C:\Users\Computer\OneDrive\เดสก์ท็อป\imageprocessing-prj\data\train\garlic\Image_37.jpg,41.91,fcebbb382e0855b10bf69090a2e6dec0
train,garlic,Image_38.jpg,C:\Users\Computer\OneDrive\เดสก์ท็อป\imageprocessing-prj\data\train\garlic\Image_38.jpg,83.62,eeac02470db1fe63cd0601c6531c30b9
train,garlic,Image_39.jpg,C:\Users\Computer\OneDrive\เดสก์ท็อป\imageprocessing-prj\data\train\garlic\Image_39.jpg,225.04,34548e6e35faa507d179a8326301aba4
train,garlic,Image_4.jpg,C:\Users\Computer\OneDrive\เดสก์ท็อป\imageprocessing-prj\data\train\garlic\Image_4.jpg,800.89,02244cc876cbe60b8e2d1ed5b67af565
train,garlic,Image_40.jpg,C:\Users\Computer\OneDrive\เดสก์ท็อป\imageprocessing-prj\data\train\garlic\Image_40.jpg,48.78,99f6cb5c716d4dd19ffe493503a49bb6
train,garlic,Image_41.jpg,C:\Users\Computer\OneDrive\เดสก์ท็อป\imageprocessing-prj\data\train\garlic\Image_41.jpg,65.55,87f43a83806aabac1c6b8d24471598f6
train,garlic,Image_42.png,C:\Users\Computer\OneDrive\เดสก์ท็อป\imageprocessing-prj\data\train\garlic\Image_42.png,298.51,1eeb6948777ee704dec0fb3586755f96
train,garlic,Image_43.jpg,C:\Users\Computer\OneDrive\เดสก์ท็อป\imageprocessing-prj\data\train\garlic\Image_43.jpg,45.85,ee7bfe4720f0581d92626bfc8ae1ed58
train,garlic,Image_44.jpg,C:\Users\Computer\OneDrive\เดสก์ท็อป\imageprocessing-prj\data\train\garlic\Image_44.jpg,134.1,bf2b1faf7522f97b7d80362567148dda
train,garlic,Image_45.png,C:\Users\Computer\OneDrive\เดสก์ท็อป\imageprocessing-prj\data\train\garlic\Image_45.png,478.54,896ae2d45068b02ba817c6226d94c84a
train,garlic,Image_46.jpg,C:\Users\Computer\OneDrive\เดสก์ท็อป\imageprocessing-prj\data\train\garlic\Image_46.jpg,75.49,e5185fb2c9cfafe7a8a38fad2767ceab
train,garlic,Image_47.JPG,C:\Users\Computer\OneDrive\เดสก์ท็อป\imageprocessing-prj\data\train\garlic\Image_47.JPG,145.04,b38b84ebfa6149b57e535413b9859098
train,garlic,Image_48.jpg,C:\Users\Computer\OneDrive\เดสก์ท็อป\imageprocessing-prj\data\train\garlic\Image_48.jpg,155.98,2668d367bc7b5bd3cf9c5179268c6402
train,garlic,Image_49.jpg,C:\Users\Computer\OneDrive\เดสก์ท็อป\imageprocessing-prj\data\train\garlic\Image_49.jpg,2487.54,273c04bac38ccaa3ec23f29c9a3e6c73
train,garlic,Image_5.jpg,C:\Users\Computer\OneDrive\เดสก์ท็อป\imageprocessing-prj\data\train\garlic\Image_5.jpg,101.74,5f7a693f8cc43be1a856e8732badf80c
train,garlic,Image_50.jpg,C:\Users\Computer\OneDrive\เดสก์ท็อป\imageprocessing-prj\data\train\garlic\Image_50.jpg,179.77,ad9aa4bf37ccceb0f4c59abf63d5a612
train,garlic,Image_51.jpg,C:\Users\Computer\OneDrive\เดสก์ท็อป\imageprocessing-prj\data\train\garlic\Image_51.jpg,236.99,8bd89596bca0d72a660e86fccb54cb49
train,garlic,Image_52.jpg,C:\Users\Computer\OneDrive\เดสก์ท็อป\imageprocessing-prj\data\train\garlic\Image_52.jpg,29.65,e0cc045afab10f348009e4558c29e61b
train,garlic,Image_53.jpg,C:\Users\Computer\OneDrive\เดสก์ท็อป\imageprocessing-prj\data\train\garlic\Image_53.jpg,330.78,3612b4dd4fa1de69c5c94f8465f2d383
train,garlic,Image_54.jpg,C:\Users\Computer\OneDrive\เดสก์ท็อป\imageprocessing-prj\data\train\garlic\Image_54.jpg,188.67,5f921e0a1adf06887779c74c60ac364f
train,garlic,Image_55.jpg,C:\Users\Computer\OneDrive\เดสก์ท็อป\imageprocessing-prj\data\train\garlic\Image_55.jpg,76.96,bcc2a874dfbbdaabc7c4668cc7981e44
train,garlic,Image_56.jpeg,C:\Users\Computer\OneDrive\เดสก์ท็อป\imageprocessing-prj\data\train\garlic\Image_56.jpeg,65.83,3371bb8ed0305256ff7fab1aa65e1f5e
train,garlic,Image_57.jpg,C:\Users\Computer\OneDrive\เดสก์ท็อป\imageprocessing-prj\data\train\garlic\Image_57.jpg,254.74,8c366beaa6788e937eb38343b1c89503
train,garlic,Image_58.jpg,C:\Users\Computer\OneDrive\เดสก์ท็อป\imageprocessing-prj\data\train\garlic\Image_58.jpg,65.25,ddcb3e72fdbb2924aeb0ab5e2fdff146
train,garlic,Image_59.png,C:\Users\Computer\OneDrive\เดสก์ท็อป\imageprocessing-prj\data\train\garlic\Image_59.png,185.5,03bbea5c803974a66847bf084577bd35
train,garlic,Image_6.jpg,C:\Users\Computer\OneDrive\เดสก์ท็อป\imageprocessing-prj\data\train\garlic\Image_6.jpg,330.23,b403af4c9271597b7f786101963a2059
train,garlic,Image_60.jpg,C:\Users\Computer\OneDrive\เดสก์ท็อป\imageprocessing-prj\data\train\garlic\Image_60.jpg,42.13,9dd2aecc13976af3e9d9efaa4156f55e
train,garlic,Image_61.jpg,C:\Users\Computer\OneDrive\เดสก์ท็อป\imageprocessing-prj\data\train\garlic\Image_61.jpg,93.01,dfc9ec14144e0d5fa506024ba70ab12f
train,garlic,Image_62.jpg,C:\Users\Computer\OneDrive\เดสก์ท็อป\imageprocessing-prj\data\train\garlic\Image_62.jpg,940.33,03e105ed5a7ff146230fc7cfee77c842
train,garlic,Image_63.jpg,C:\Users\Computer\OneDrive\เดสก์ท็อป\imageprocessing-prj\data\train\garlic\Image_63.jpg,218.46,a8f88bcefac0c1864555c358bf5feb96
train,garlic,Image_64.jpg,C:\Users\Computer\OneDrive\เดสก์ท็อป\imageprocessing-prj\data\train\garlic\Image_64.jpg,24.41,839f17e2bc63b1cce168673de6037f59
train,garlic,Image_65.jpg,C:\Users\Computer\OneDrive\เดสก์ท็อป\imageprocessing-prj\data\train\garlic\Image_65.jpg,57.41,47d6806bac149ada2347225a3c70ddeb
train,garlic,Image_66.jpg,C:\Users\Computer\OneDrive\เดสก์ท็อป\imageprocessing-prj\data\train\garlic\Image_66.jpg,63.64,3306be7c3015f787475b773a712b600a
train,garlic,Image_67.jpg,C:\Users\Computer\OneDrive\เดสก์ท็อป\imageprocessing-prj\data\train\garlic\Image_67.jpg,427.62,57869fb09d5040227ae0d4ccffe3b467
train,garlic,Image_68.jpg,C:\Users\Computer\OneDrive\เดสก์ท็อป\imageprocessing-prj\data\train\garlic\Image_68.jpg,51.91,753616d158cb7d3d7cce55ebee899c48
train,garlic,Image_69.jpg,C:\Users\Computer\OneDrive\เดสก์ท็อป\imageprocessing-prj\data\train\garlic\Image_69.jpg,57.76,fd0f0e5d8617de0548bc47fa003d5014
train,garlic,Image_7.jpg,C:\Users\Computer\OneDrive\เดสก์ท็อป\imageprocessing-prj\data\train\garlic\Image_7.jpg,130.65,5928e092f019ad727af454ef133f62cd
train,garlic,Image_71.jpg,C:\Users\Computer\OneDrive\เดสก์ท็อป\imageprocessing-prj\data\train\garlic\Image_71.jpg,48.86,d8549e9e59df257f7ce5602a8284ebeb
train,garlic,Image_74.jpg,C:\Users\Computer\OneDrive\เดสก์ท็อป\imageprocessing-prj\data\train\garlic\Image_74.jpg,306.0,83ed564419896c79a1f9d6eba9cceb25
train,garlic,Image_75.jpg,C:\Users\Computer\OneDrive\เดสก์ท็อป\imageprocessing-prj\data\train\garlic\Image_75.jpg,62.7,f450865a302baac07b4afe5c2535b669
train,garlic,Image_76.jpg,C:\Users\Computer\OneDrive\เดสก์ท็อป\imageprocessing-prj\data\train\garlic\Image_76.jpg,72.11,ea19e58d18a91f7eb403b7e978ee18c1
train,garlic,Image_77.jpg,C:\Users\Computer\OneDrive\เดสก์ท็อป\imageprocessing-prj\data\train\garlic\Image_77.jpg,424.2,8d1a3763718b4149246e60f7ba7029d0
train,garlic,Image_78.jpg,C:\Users\Computer\OneDrive\เดสก์ท็อป\imageprocessing-prj\data\train\garlic\Image_78.jpg,82.35,76208c4cce8fdc0a8b61c669114dcb7f
train,garlic,Image_8.jpg,C:\Users\Computer\OneDrive\เดสก์ท็อป\imageprocessing-prj\data\train\garlic\Image_8.jpg,173.31,050a5bd0f66f943418c14faafea5fe33
train,garlic,Image_81.jpg,C:\Users\Computer\OneDrive\เดสก์ท็อป\imageprocessing-prj\data\train\garlic\Image_81.jpg,5534.17,d351df9908a05f23422966cdab0dc34d
train,garlic,Image_82.jpg,C:\Users\Computer\OneDrive\เดสก์ท็อป\imageprocessing-prj\data\train\garlic\Image_82.jpg,322.36,2aa3a7499ed0df7f625443b556f44e68
train,garlic,Image_83.jpg,C:\Users\Computer\OneDrive\เดสก์ท็อป\imageprocessing-prj\data\train\garlic\Image_83.jpg,122.0,052540d714716805968f675999c42936
train,garlic,Image_84.jpg,C:\Users\Computer\OneDrive\เดสก์ท็อป\imageprocessing-prj\data\train\garlic\Image_84.jpg,741.74,827ad99db23bbcbb033cd9913b15b6c1
train,garlic,Image_85.jpg,C:\Users\Computer\OneDrive\เดสก์ท็อป\imageprocessing-prj\data\train\garlic\Image_85.jpg,106.37,3b4456c3002d608d5d12028aaa0adc32
train,garlic,Image_86.jpg,C:\Users\Computer\OneDrive\เดสก์ท็อป\imageprocessing-prj\data\train\garlic\Image_86.jpg,84.75,d5a4ed4b152e76793ecae9f0757c4341
train,garlic,Image_88.jpg,C:\Users\Computer\OneDrive\เดสก์ท็อป\imageprocessing-prj\data\train\garlic\Image_88.jpg,24.47,7be9dd25ceb7f9fdaa6d344bfdd2e962
train,garlic,Image_9.jpg,C:\Users\Computer\OneDrive\เดสก์ท็อป\imageprocessing-prj\data\train\garlic\Image_9.jpg,335.93,ee17f0d6d5bf78f726e8ddc6caf7fbcd
train,garlic,Image_90.jpg,C:\Users\Computer\OneDrive\เดสก์ท็อป\imageprocessing-prj\data\train\garlic\Image_90.jpg,183.51,6627c1686a437b115619c76cb16fdc71
train,garlic,Image_91.jpg,C:\Users\Computer\OneDrive\เดสก์ท็อป\imageprocessing-prj\data\train\garlic\Image_91.jpg,249.02,7b839b5804945c949d57a24f9e0704f6
train,garlic,Image_93.jpg,C:\Users\Computer\OneDrive\เดสก์ท็อป\imageprocessing-prj\data\train\garlic\Image_93.jpg,273.82,629d3f62ee8ab3056ac1250fc0f691cb
train,garlic,Image_94.jpg,C:\Users\Computer\OneDrive\เดสก์ท็อป\imageprocessing-prj\data\train\garlic\Image_94.jpg,2152.5,53238304168fc7220800a0bebaa9b80a
train,garlic,Image_95.jpg,C:\Users\Computer\OneDrive\เดสก์ท็อป\imageprocessing-prj\data\train\garlic\Image_95.jpg,271.62,85cf3f65b70da512ebca417d4bb61925
train,garlic,Image_96.jpg,C:\Users\Computer\OneDrive\เดสก์ท็อป\imageprocessing-prj\data\train\garlic\Image_96.jpg,497.81,4bf20faf9df86b3b06373409bf38c1a1
train,garlic,Image_97.jpg,C:\Users\Computer\OneDrive\เดสก์ท็อป\imageprocessing-prj\data\train\garlic\Image_97.jpg,134.93,ed9f6f1abe4ebcf33b68d197bc6ad254
train,garlic,Image_98.jpg,C:\Users\Computer\OneDrive\เดสก์ท็อป\imageprocessing-prj\data\train\garlic\Image_98.jpg,1237.22,750ee80645d877fc8b79a1d5d663744b
train,garlic,Image_99.jpg,C:\Users\Computer\OneDrive\เดสก์ท็อป\imageprocessing-prj\data\train\garlic\Image_99.jpg,800.89,02244cc876cbe60b8e2d1ed5b67af565
train,ginger,Image_1.jpg,C:\Users\Computer\OneDrive\เดสก์ท็อป\imageprocessing-prj\data\train\ginger\Image_1.jpg,151.21,b2d7113510bf892cb7872a5ebd5e107f
train,ginger,Image_10.jpg,C:\Users\Computer\OneDrive\เดสก์ท็อป\imageprocessing-prj\data\train\ginger\Image_10.jpg,2444.04,dc2cbebb1615d47049c117a2e8e25915
train,ginger,Image_100.jpg,C:\Users\Computer\OneDrive\เดสก์ท็อป\imageprocessing-prj\data\train\ginger\Image_100.jpg,448.39,3ca1def90c2c3b26aa93ee491120cb31
train,ginger,Image_11.jpg,C:\Users\Computer\OneDrive\เดสก์ท็อป\imageprocessing-prj\data\train\ginger\Image_11.jpg,2667.14,235168b791804a6b7beff13746a2445c
train,ginger,Image_12.jpg,C:\Users\Computer\OneDrive\เดสก์ท็อป\imageprocessing-prj\data\train\ginger\Image_12.jpg,51.05,e814d116ddb30d15f3407438edcb0c64
train,ginger,Image_13.jpg,C:\Users\Computer\OneDrive\เดสก์ท็อป\imageprocessing-prj\data\train\ginger\Image_13.jpg,891.31,c852c65a458807b3b64702940de8f0e8
train,ginger,Image_14.jpg,C:\Users\Computer\OneDrive\เดสก์ท็อป\imageprocessing-prj\data\train\ginger\Image_14.jpg,186.18,c960129e36b0b19479d0f1405163aeac
train,ginger,Image_15.jpg,C:\Users\Computer\OneDrive\เดสก์ท็อป\imageprocessing-prj\data\train\ginger\Image_15.jpg,109.91,250fcbf08aa54572a23d2cca6d1a5b74
train,ginger,Image_16.jpg,C:\Users\Computer\OneDrive\เดสก์ท็อป\imageprocessing-prj\data\train\ginger\Image_16.jpg,55.34,491ac2fae770b88182e41b51bab4332d
train,ginger,Image_17.jpg,C:\Users\Computer\OneDrive\เดสก์ท็อป\imageprocessing-prj\data\train\ginger\Image_17.jpg,699.78,bf6a979730b724dbfd20a09223a4893f
train,ginger,Image_18.jpg,C:\Users\Computer\OneDrive\เดสก์ท็อป\imageprocessing-prj\data\train\ginger\Image_18.jpg,166.82,4bb9b554cae04d95a82fe696c8879d59
train,ginger,Image_19.jpg,C:\Users\Computer\OneDrive\เดสก์ท็อป\imageprocessing-prj\data\train\ginger\Image_19.jpg,4600.14,f1ce3c70ce1f74f417383cf2d8500ae0
train,ginger,Image_2.jpg,C:\Users\Computer\OneDrive\เดสก์ท็อป\imageprocessing-prj\data\train\ginger\Image_2.jpg,459.62,539f9df79b91c497d01526263ac3c83b
train,ginger,Image_20.jpg,C:\Users\Computer\OneDrive\เดสก์ท็อป\imageprocessing-prj\data\train\ginger\Image_20.jpg,136.05,2188385108a31c3d7f8523508536a3a9
train,ginger,Image_21.jpg,C:\Users\Computer\OneDrive\เดสก์ท็อป\imageprocessing-prj\data\train\ginger\Image_21.jpg,428.78,85555d7bc76d006071fd441f30488b2d
train,ginger,Image_22.jpg,C:\Users\Computer\OneDrive\เดสก์ท็อป\imageprocessing-prj\data\train\ginger\Image_22.jpg,70.0,f3744b6e67ed70553525ee4d35e8e812
train,ginger,Image_24.jpg,C:\Users\Computer\OneDrive\เดสก์ท็อป\imageprocessing-prj\data\train\ginger\Image_24.jpg,21.93,bc7f370329d00752ff7f598d567d08e9
train,ginger,Image_25.jpg,C:\Users\Computer\OneDrive\เดสก์ท็อป\imageprocessing-prj\data\train\ginger\Image_25.jpg,80.21,e08de20402a1cb107289723e90b907c4
train,ginger,Image_26.jpg,C:\Users\Computer\OneDrive\เดสก์ท็อป\imageprocessing-prj\data\train\ginger\Image_26.jpg,38.25,ad7a5c5f368ad6193bd9ea7979636bb4
train,ginger,Image_27.jpg,C:\Users\Computer\OneDrive\เดสก์ท็อป\imageprocessing-prj\data\train\ginger\Image_27.jpg,950.41,9cebb8ec8c2aac3fcdaac552df5f3ff5
train,ginger,Image_28.jpg,C:\Users\Computer\OneDrive\เดสก์ท็อป\imageprocessing-prj\data\train\ginger\Image_28.jpg,68.39,9f8dd52cd2e8d238c582afda59d6155c
train,ginger,Image_29.png,C:\Users\Computer\OneDrive\เดสก์ท็อป\imageprocessing-prj\data\train\ginger\Image_29.png,391.88,57724f7de7bb1d64722b146934fcda9b
train,ginger,Image_3.jpg,C:\Users\Computer\OneDrive\เดสก์ท็อป\imageprocessing-prj\data\train\ginger\Image_3.jpg,448.39,3ca1def90c2c3b26aa93ee491120cb31
train,ginger,Image_30.jpg,C:\Users\Computer\OneDrive\เดสก์ท็อป\imageprocessing-prj\data\train\ginger\Image_30.jpg,19.06,4457683057c30715155ea7ba2f3cc7b1
train,ginger,Image_31.jpg,C:\Users\Computer\OneDrive\เดสก์ท็อป\imageprocessing-prj\data\train\ginger\Image_31.jpg,14.55,b680457280b946ceaff47cbd151ce727
train,ginger,Image_32.jpg,C:\Users\Computer\OneDrive\เดสก์ท็อป\imageprocessing-prj\data\train\ginger\Image_32.jpg,50.56,e093fd1bc774ddae8606f1439a95e7f9
train,ginger,Image_33.jpg,C:\Users\Computer\OneDrive\เดสก์ท็อป\imageprocessing-prj\data\train\ginger\Image_33.jpg,84.1,bc8208d351f809218936398b31e23281
train,ginger,Image_34.jpg,C:\Users\Computer\OneDrive\เดสก์ท็อป\imageprocessing-prj\data\train\ginger\Image_34.jpg,58.97,9f691e1c3c4589f015b02ed232391c64
train,ginger,Image_35.jpg,C:\Users\Computer\OneDrive\เดสก์ท็อป\imageprocessing-prj\data\train\ginger\Image_35.jpg,178.95,b599ff2de61a453223c81d67ca874132
train,ginger,Image_36.jpg,C:\Users\Computer\OneDrive\เดสก์ท็อป\imageprocessing-prj\data\train\ginger\Image_36.jpg,15.27,522fd5f77f2cdaf5d89a74d50da51ad9
train,ginger,Image_37.jpg,C:\Users\Computer\OneDrive\เดสก์ท็อป\imageprocessing-prj\data\train\ginger\Image_37.jpg,121.1,58373c3cbd1f2e0e691446841a517e92
train,ginger,Image_38.jpg,C:\Users\Computer\OneDrive\เดสก์ท็อป\imageprocessing-prj\data\train\ginger\Image_38.jpg,62.01,2b707515a05aef97833e7c271e8d2abb
train,ginger,Image_39.png,C:\Users\Computer\OneDrive\เดสก์ท็อป\imageprocessing-prj\data\train\ginger\Image_39.png,205.85,237c898f572256c8bbd5b0089510641a
train,ginger,Image_4.jpg,C:\Users\Computer\OneDrive\เดสก์ท็อป\imageprocessing-prj\data\train\ginger\Image_4.jpg,89.55,cabe4480c5fee6ca00f4613c1a50d74a
train,ginger,Image_40.jpg,C:\Users\Computer\OneDrive\เดสก์ท็อป\imageprocessing-prj\data\train\ginger\Image_40.jpg,285.77,9c47af78252f4b8b04f17885b770cf13
train,ginger,Image_41.jpg,C:\Users\Computer\OneDrive\เดสก์ท็อป\imageprocessing-prj\data\train\ginger\Image_41.jpg,99.98,de03ab66d3cd2c4e2f727eb62cee0630
train,ginger,Image_42.png,C:\Users\Computer\OneDrive\เดสก์ท็อป\imageprocessing-prj\data\train\ginger\Image_42.png,22.54,fa161139b1bd4eb8957201c329e67a2e
train,ginger,Image_43.jpg,C:\Users\Computer\OneDrive\เดสก์ท็อป\imageprocessing-prj\data\train\ginger\Image_43.jpg,132.77,b69d4b8e20f95b8fa9dd9753e7e98d5f
train,ginger,Image_5.jpg,C:\Users\Computer\OneDrive\เดสก์ท็อป\imageprocessing-prj\data\train\ginger\Image_5.jpg,121.33,f6382f47f6043e7f4079ed5482681e08
train,ginger,Image_53.jpg,C:\Users\Computer\OneDrive\เดสก์ท็อป\imageprocessing-prj\data\train\ginger\Image_53.jpg,334.9,10b3e642714204217ed19e98c19a71c5
train,ginger,Image_54.jpg,C:\Users\Computer\OneDrive\เดสก์ท็อป\imageprocessing-prj\data\train\ginger\Image_54.jpg,39.44,ecf0ed8d210747c2574dfd7326a35a44
train,ginger,Image_57.jpg,C:\Users\Computer\OneDrive\เดสก์ท็อป\imageprocessing-prj\data\train\ginger\Image_57.jpg,62.61,0e35db5b7786b22c19c6fbfdddf76541
train,ginger,Image_58.jpg,C:\Users\Computer\OneDrive\เดสก์ท็อป\imageprocessing-prj\data\train\ginger\Image_58.jpg,2628.49,c9bc316bf5c358b60b27d3a6f244b29b
train,ginger,Image_6.jpg,C:\Users\Computer\OneDrive\เดสก์ท็อป\imageprocessing-prj\data\train\ginger\Image_6.jpg,43.75,ce40aa03f42731f25a92d1c7a73ddc71
train,ginger,Image_60.jpg,C:\Users\Computer\OneDrive\เดสก์ท็อป\imageprocessing-prj\data\train\ginger\Image_60.jpg,70.26,ad2c61378db71e6072bd7bb44f1e477d
train,ginger,Image_61.jpg,C:\Users\Computer\OneDrive\เดสก์ท็อป\imageprocessing-prj\data\train\ginger\Image_61.jpg,611.59,5de48480beeedd918c58864de9242e6c
train,ginger,Image_62.jpg,C:\Users\Computer\OneDrive\เดสก์ท็อป\imageprocessing-prj\data\train\ginger\Image_62.jpg,42.47,3b130c030f510de5eb6b3b55ee6f63c1
train,ginger,Image_63.jpg,C:\Users\Computer\OneDrive\เดสก์ท็อป\imageprocessing-prj\data\train\ginger\Image_63.jpg,155.94,270e7e713a55c0639666343c0030c904
train,ginger,Image_64.jpg,C:\Users\Computer\OneDrive\เดสก์ท็อป\imageprocessing-prj\data\train\ginger\Image_64.jpg,56.45,7d097f8d8a2e7349c350f516175134e3
train,ginger,Image_67.jpg,C:\Users\Computer\OneDrive\เดสก์ท็อป\imageprocessing-prj\data\train\ginger\Image_67.jpg,6.86,7fb700b9ba4bbbddfeef9bef37355620
train,ginger,Image_68.jpg,C:\Users\Computer\OneDrive\เดสก์ท็อป\imageprocessing-prj\data\train\ginger\Image_68.jpg,25.78,27fbc33f2213054d8718282d6a2d6b67
train,ginger,Image_69.jpg,C:\Users\Computer\OneDrive\เดสก์ท็อป\imageprocessing-prj\data\train\ginger\Image_69.jpg,43.29,fb7e4bb01493e326daf9c3aaee37c908
train,ginger,Image_7.jpg,C:\Users\Computer\OneDrive\เดสก์ท็อป\imageprocessing-prj\data\train\ginger\Image_7.jpg,335.22,3bd9e75e3709e91168b96957f6ed599e
train,ginger,Image_71.jpg,C:\Users\Computer\OneDrive\เดสก์ท็อป\imageprocessing-prj\data\train\ginger\Image_71.jpg,147.39,c49875db0eda2f833b9bb4c04397fa72
train,ginger,Image_72.jpg,C:\Users\Computer\OneDrive\เดสก์ท็อป\imageprocessing-prj\data\train\ginger\Image_72.jpg,33.6,6717e862181da2679338201a7c7ee23c
train,ginger,Image_73.jpg,C:\Users\Computer\OneDrive\เดสก์ท็อป\imageprocessing-prj\data\train\ginger\Image_73.jpg,97.22,458fc9381ba07d539d2a44911d1f8368
train,ginger,Image_74.jpg,C:\Users\Computer\OneDrive\เดสก์ท็อป\imageprocessing-prj\data\train\ginger\Image_74.jpg,42.77,d171eaa97e12d7f074a8cdd352c624b3
train,ginger,Image_78.jpg,C:\Users\Computer\OneDrive\เดสก์ท็อป\imageprocessing-prj\data\train\ginger\Image_78.jpg,69.38,6d1535a5be18f8578fb0793dca86aca0
train,ginger,Image_79.jpg,C:\Users\Computer\OneDrive\เดสก์ท็อป\imageprocessing-prj\data\train\ginger\Image_79.jpg,11.14,1f015dac8db1d73a071dc87640f68779
train,ginger,Image_8.jpg,C:\Users\Computer\OneDrive\เดสก์ท็อป\imageprocessing-prj\data\train\ginger\Image_8.jpg,118.5,e4e375da073d23f427fb662a2d8da004
train,ginger,Image_82.jpeg,C:\Users\Computer\OneDrive\เดสก์ท็อป\imageprocessing-prj\data\train\ginger\Image_82.jpeg,1248.34,303005213f99ffce31645c4e60663c04
train,ginger,Image_85.jpg,C:\Users\Computer\OneDrive\เดสก์ท็อป\imageprocessing-prj\data\train\ginger\Image_85.jpg,33.42,5006b6107b20134c65276255a8482e70
train,ginger,Image_9.jpg,C:\Users\Computer\OneDrive\เดสก์ท็อป\imageprocessing-prj\data\train\ginger\Image_9.jpg,7767.82,d9dc335d29ff40d892b6e9fa37b4b7a1
train,ginger,Image_92.jpg,C:\Users\Computer\OneDrive\เดสก์ท็อป\imageprocessing-prj\data\train\ginger\Image_92.jpg,565.0,c66ba652b0a9fa15f4f110f7bf160540
train,ginger,Image_95.jpg,C:\Users\Computer\OneDrive\เดสก์ท็อป\imageprocessing-prj\data\train\ginger\Image_95.jpg,34.25,d763966a0ba35eae870fe738e87b8ed6
train,ginger,Image_96.jpg,C:\Users\Computer\OneDrive\เดสก์ท็อป\imageprocessing-prj\data\train\ginger\Image_96.jpg,252.48,44ce8966ff9b10c61ee0d4c3460bc44c
train,ginger,Image_98.jpg,C:\Users\Computer\OneDrive\เดสก์ท็อป\imageprocessing-prj\data\train\ginger\Image_98.jpg,151.21,b2d7113510bf892cb7872a5ebd5e107f
train,ginger,Image_99.jpg,C:\Users\Computer\OneDrive\เดสก์ท็อป\imageprocessing-prj\data\train\ginger\Image_99.jpg,459.62,539f9df79b91c497d01526263ac3c83b
train,grapes,Image_1.jpg,C:\Users\Computer\OneDrive\เดสก์ท็อป\imageprocessing-prj\data\train\grapes\Image_1.jpg,392.09,1207b79305b291bad4d26269ab3da736
train,grapes,Image_10.jpg,C:\Users\Computer\OneDrive\เดสก์ท็อป\imageprocessing-prj\data\train\grapes\Image_10.jpg,453.59,aa84f88f31b12dd05a0bfc77555a6e58
train,grapes,Image_100.jpeg,C:\Users\Computer\OneDrive\เดสก์ท็อป\imageprocessing-prj\data\train\grapes\Image_100.jpeg,134.7,fe143158b2320f21c277a9f9bca4d7a9
train,grapes,Image_11.jpg,C:\Users\Computer\OneDrive\เดสก์ท็อป\imageprocessing-prj\data\train\grapes\Image_11.jpg,301.09,f38c838fde53a7adaf1bba52b679469c
train,grapes,Image_12.jpg,C:\Users\Computer\OneDrive\เดสก์ท็อป\imageprocessing-prj\data\train\grapes\Image_12.jpg,269.12,8bc6b91255d53ee2e93c21ab00db09ec
train,grapes,Image_13.jpg,C:\Users\Computer\OneDrive\เดสก์ท็อป\imageprocessing-prj\data\train\grapes\Image_13.jpg,1518.63,83ce272029250397e7643845576dedf9
train,grapes,Image_14.jpg,C:\Users\Computer\OneDrive\เดสก์ท็อป\imageprocessing-prj\data\train\grapes\Image_14.jpg,1788.08,9006511d7bac7da695781c434c90bcc1
train,grapes,Image_15.jpg,C:\Users\Computer\OneDrive\เดสก์ท็อป\imageprocessing-prj\data\train\grapes\Image_15.jpg,428.42,3de7e48b8b21e8b8a2b06c804bbbd14a
train,grapes,Image_16.jpg,C:\Users\Computer\OneDrive\เดสก์ท็อป\imageprocessing-prj\data\train\grapes\Image_16.jpg,260.41,042dc37eba906dd5659befbc81c330b0
train,grapes,Image_17.jpg,C:\Users\Computer\OneDrive\เดสก์ท็อป\imageprocessing-prj\data\train\grapes\Image_17.jpg,641.63,25f18e4a9ef156648887b361026d8fe6
train,grapes,Image_18.jpg,C:\Users\Computer\OneDrive\เดสก์ท็อป\imageprocessing-prj\data\train\grapes\Image_18.jpg,191.31,1b4411d55e96dc4f98152d57ee2c471f
train,grapes,Image_19.jpg,C:\Users\Computer\OneDrive\เดสก์ท็อป\imageprocessing-prj\data\train\grapes\Image_19.jpg,75.41,3a338c19b146533666787c951bedf478
train,grapes,Image_2.jpg,C:\Users\Computer\OneDrive\เดสก์ท็อป\imageprocessing-prj\data\train\grapes\Image_2.jpg,209.94,42df01cae754a405df0d41c26be88bbb
train,grapes,Image_20.jpg,C:\Users\Computer\OneDrive\เดสก์ท็อป\imageprocessing-prj\data\train\grapes\Image_20.jpg,30.86,b992f70daa855785e623c8d7fdcc1aed
train,grapes,Image_21.jpg,C:\Users\Computer\OneDrive\เดสก์ท็อป\imageprocessing-prj\data\train\grapes\Image_21.jpg,180.62,2e5805c3af21d1fbe8b903f682f0c074
train,grapes,Image_22.jpg,C:\Users\Computer\OneDrive\เดสก์ท็อป\imageprocessing-prj\data\train\grapes\Image_22.jpg,92.78,b18f706e8ef5f895f6c61e9ef63855c2
train,grapes,Image_23.jpg,C:\Users\Computer\OneDrive\เดสก์ท็อป\imageprocessing-prj\data\train\grapes\Image_23.jpg,1120.88,4ebc052e8cd73e8417010ce9d846a2f8
train,grapes,Image_24.jpg,C:\Users\Computer\OneDrive\เดสก์ท็อป\imageprocessing-prj\data\train\grapes\Image_24.jpg,3622.4,22e161712402becfe177221467da4859
train,grapes,Image_25.jpeg,C:\Users\Computer\OneDrive\เดสก์ท็อป\imageprocessing-prj\data\train\grapes\Image_25.jpeg,6137.49,4db8d16275f8ac0bb79c553db379a118
train,grapes,Image_26.jpg,C:\Users\Computer\OneDrive\เดสก์ท็อป\imageprocessing-prj\data\train\grapes\Image_26.jpg,393.27,d8e73f6ac359599a3eabd02b8d254c8e
train,grapes,Image_27.jpg,C:\Users\Computer\OneDrive\เดสก์ท็อป\imageprocessing-prj\data\train\grapes\Image_27.jpg,438.88,799dc567daafbe43fff9458a98ebd1c8
train,grapes,Image_28.jpeg,C:\Users\Computer\OneDrive\เดสก์ท็อป\imageprocessing-prj\data\train\grapes\Image_28.jpeg,148.57,a81681680d7e4c6e3d1de9cec4412370
train,grapes,Image_29.jpg,C:\Users\Computer\OneDrive\เดสก์ท็อป\imageprocessing-prj\data\train\grapes\Image_29.jpg,3271.26,8d1808c7cc74c527d1cce764030b010a
train,grapes,Image_3.jpg,C:\Users\Computer\OneDrive\เดสก์ท็อป\imageprocessing-prj\data\train\grapes\Image_3.jpg,177.96,4b52010a45b22ccdc43ec6425a6d217f
train,grapes,Image_30.jpg,C:\Users\Computer\OneDrive\เดสก์ท็อป\imageprocessing-prj\data\train\grapes\Image_30.jpg,282.12,080b62ac8165128da7fa87c252741a6f
train,grapes,Image_31.jpg,C:\Users\Computer\OneDrive\เดสก์ท็อป\imageprocessing-prj\data\train\grapes\Image_31.jpg,30.28,4afeccf31c6d75e54a3e9f5e5ef4eb23
train,grapes,Image_32.jpg,C:\Users\Computer\OneDrive\เดสก์ท็อป\imageprocessing-prj\data\train\grapes\Image_32.jpg,29.55,c6587e2f1c4563592666ecf538bdcdb1
train,grapes,Image_33.jpg,C:\Users\Computer\OneDrive\เดสก์ท็อป\imageprocessing-prj\data\train\grapes\Image_33.jpg,184.57,358e2fc3a2fd296995f172c10aba0f3f
train,grapes,Image_34.jpg,C:\Users\Computer\OneDrive\เดสก์ท็อป\imageprocessing-prj\data\train\grapes\Image_34.jpg,333.66,71df1357ee6816530d5a4568bf1f1b4f
train,grapes,Image_35.jpg,C:\Users\Computer\OneDrive\เดสก์ท็อป\imageprocessing-prj\data\train\grapes\Image_35.jpg,1229.28,421d9b0422fd418b032c004aaadb6a22
train,grapes,Image_36.JPG,C:\Users\Computer\OneDrive\เดสก์ท็อป\imageprocessing-prj\data\train\grapes\Image_36.JPG,514.91,e29ad16184db8458433aeeaff29b422e
train,grapes,Image_37.jpg,C:\Users\Computer\OneDrive\เดสก์ท็อป\imageprocessing-prj\data\train\grapes\Image_37.jpg,341.58,e30a08153cd9a00b08127a4e18364b63
train,grapes,Image_38.jpg,C:\Users\Computer\OneDrive\เดสก์ท็อป\imageprocessing-prj\data\train\grapes\Image_38.jpg,188.25,cb232198cdda2b16a247ea31c8c4e977
train,grapes,Image_39.png,C:\Users\Computer\OneDrive\เดสก์ท็อป\imageprocessing-prj\data\train\grapes\Image_39.png,1459.53,6597569039db4fbf4cba691da1cc7b30
train,grapes,Image_4.jpg,C:\Users\Computer\OneDrive\เดสก์ท็อป\imageprocessing-prj\data\train\grapes\Image_4.jpg,273.08,9147c9fc4d3073e363253ce1d379cc49
train,grapes,Image_40.jpeg,C:\Users\Computer\OneDrive\เดสก์ท็อป\imageprocessing-prj\data\train\grapes\Image_40.jpeg,54.03,32ed86c3e3ae55b3880131d723a07579
train,grapes,Image_41.jpg,C:\Users\Computer\OneDrive\เดสก์ท็อป\imageprocessing-prj\data\train\grapes\Image_41.jpg,6011.84,3013900d60aab51f9b5fc7021efbe095
train,grapes,Image_42.jpg,C:\Users\Computer\OneDrive\เดสก์ท็อป\imageprocessing-prj\data\train\grapes\Image_42.jpg,84.84,e7ebe218bb48f355b29240df18d4733d
train,grapes,Image_43.jpg,C:\Users\Computer\OneDrive\เดสก์ท็อป\imageprocessing-prj\data\train\grapes\Image_43.jpg,56.17,0e53eb8cdbe109866d7185267ed28408
train,grapes,Image_44.jpg,C:\Users\Computer\OneDrive\เดสก์ท็อป\imageprocessing-prj\data\train\grapes\Image_44.jpg,117.78,777f7bc24425dc4fb9d5772b58ddf7eb
train,grapes,Image_45.png,C:\Users\Computer\OneDrive\เดสก์ท็อป\imageprocessing-prj\data\train\grapes\Image_45.png,459.18,c2375f845a60c8495caba3ed53c1f9bc
train,grapes,Image_46.jpg,C:\Users\Computer\OneDrive\เดสก์ท็อป\imageprocessing-prj\data\train\grapes\Image_46.jpg,2058.14,35e7dc9f9f4e8721484ab918046daa7e
train,grapes,Image_47.jpg,C:\Users\Computer\OneDrive\เดสก์ท็อป\imageprocessing-prj\data\train\grapes\Image_47.jpg,39.09,ae8b39d13066ac1e3b889a2e13936628
train,grapes,Image_48.jpg,C:\Users\Computer\OneDrive\เดสก์ท็อป\imageprocessing-prj\data\train\grapes\Image_48.jpg,96.92,469edf46330f380420473c3f360317fe
train,grapes,Image_49.JPG,C:\Users\Computer\OneDrive\เดสก์ท็อป\imageprocessing-prj\data\train\grapes\Image_49.JPG,174.4,636e50f6bd4fb9d2881c641ddb6b5869
train,grapes,Image_5.jpeg,C:\Users\Computer\OneDrive\เดสก์ท็อป\imageprocessing-prj\data\train\grapes\Image_5.jpeg,134.7,fe143158b2320f21c277a9f9bca4d7a9
train,grapes,Image_50.jpg,C:\Users\Computer\OneDrive\เดสก์ท็อป\imageprocessing-prj\data\train\grapes\Image_50.jpg,615.88,d9c7aa6f573919400f21bad788ba99c3
train,grapes,Image_51.jpg,C:\Users\Computer\OneDrive\เดสก์ท็อป\imageprocessing-prj\data\train\grapes\Image_51.jpg,255.66,a50aa777b7e81660f55d2027ce766fde
train,grapes,Image_52.jpg,C:\Users\Computer\OneDrive\เดสก์ท็อป\imageprocessing-prj\data\train\grapes\Image_52.jpg,678.5,73fbc56eeed9b373a0f2b99b8df51a76
train,grapes,Image_53.jpg,C:\Users\Computer\OneDrive\เดสก์ท็อป\imageprocessing-prj\data\train\grapes\Image_53.jpg,1054.9,6aae3b3f79e689da5037eb7eb48005ff
train,grapes,Image_54.jpg,C:\Users\Computer\OneDrive\เดสก์ท็อป\imageprocessing-prj\data\train\grapes\Image_54.jpg,365.84,965e4edd789e115d858678d2d4fe7150
train,grapes,Image_55.jpg,C:\Users\Computer\OneDrive\เดสก์ท็อป\imageprocessing-prj\data\train\grapes\Image_55.jpg,1757.85,993f366304f05072999be5e7c7e41dd6
train,grapes,Image_56.jpg,C:\Users\Computer\OneDrive\เดสก์ท็อป\imageprocessing-prj\data\train\grapes\Image_56.jpg,440.47,e71f85782c588c62bbadfa2ff407579e
train,grapes,Image_57.jpg,C:\Users\Computer\OneDrive\เดสก์ท็อป\imageprocessing-prj\data\train\grapes\Image_57.jpg,94.8,fd7a1cae6af9b3c97beebce80b077b60
train,grapes,Image_58.jpg,C:\Users\Computer\OneDrive\เดสก์ท็อป\imageprocessing-prj\data\train\grapes\Image_58.jpg,412.97,d3994b9554658626ee5462c0b77c95bc
train,grapes,Image_59.jpg,C:\Users\Computer\OneDrive\เดสก์ท็อป\imageprocessing-prj\data\train\grapes\Image_59.jpg,54.41,27c8dff5ef18a0147d04cb19a59545cc
train,grapes,Image_6.JPG,C:\Users\Computer\OneDrive\เดสก์ท็อป\imageprocessing-prj\data\train\grapes\Image_6.JPG,447.97,c3158797613ec4b0ecdb3a78aa055d67
train,grapes,Image_60.jpg,C:\Users\Computer\OneDrive\เดสก์ท็อป\imageprocessing-prj\data\train\grapes\Image_60.jpg,378.68,5204fddccd14673d1e487f394bd0d204
train,grapes,Image_61.jpg,C:\Users\Computer\OneDrive\เดสก์ท็อป\imageprocessing-prj\data\train\grapes\Image_61.jpg,150.66,707b5848f22653172c73249a9ac43ff5
train,grapes,Image_62.jpg,C:\Users\Computer\OneDrive\เดสก์ท็อป\imageprocessing-prj\data\train\grapes\Image_62.jpg,141.11,817cf0c0cda62d78f946dc7a12b5add1
train,grapes,Image_63.jpg,C:\Users\Computer\OneDrive\เดสก์ท็อป\imageprocessing-prj\data\train\grapes\Image_63.jpg,12641.51,7b9c13775bfca6f111f3da8b1da81987
train,grapes,Image_64.jpg,C:\Users\Computer\OneDrive\เดสก์ท็อป\imageprocessing-prj\data\train\grapes\Image_64.jpg,1212.58,2f209c36efcc5dc6f6a75ac0f15a659c
train,grapes,Image_65.jpg,C:\Users\Computer\OneDrive\เดสก์ท็อป\imageprocessing-prj\data\train\grapes\Image_65.jpg,7835.8,96cf139b6934a3dc28927be1b7cb4d2b
train,grapes,Image_66.jpg,C:\Users\Computer\OneDrive\เดสก์ท็อป\imageprocessing-prj\data\train\grapes\Image_66.jpg,518.66,db7c10db5bda5e74920e2b0a75ddcf1c
train,grapes,Image_67.jpg,C:\Users\Computer\OneDrive\เดสก์ท็อป\imageprocessing-prj\data\train\grapes\Image_67.jpg,275.7,d449e994668fa2b4d4679708499cea8d
train,grapes,Image_68.jpg,C:\Users\Computer\OneDrive\เดสก์ท็อป\imageprocessing-prj\data\train\grapes\Image_68.jpg,81.24,720748b04f273f452c797e68f6640968
train,grapes,Image_69.jpg,C:\Users\Computer\OneDrive\เดสก์ท็อป\imageprocessing-prj\data\train\grapes\Image_69.jpg,61.36,a29b441eab91dbea42cd7853f393768e
train,grapes,Image_7.png,C:\Users\Computer\OneDrive\เดสก์ท็อป\imageprocessing-prj\data\train\grapes\Image_7.png,492.82,49a48189b37952adb99937a7978369ab
train,grapes,Image_70.jpg,C:\Users\Computer\OneDrive\เดสก์ท็อป\imageprocessing-prj\data\train\grapes\Image_70.jpg,396.28,97c61297412a307b0111d2bd44cd8cea
train,grapes,Image_71.jpg,C:\Users\Computer\OneDrive\เดสก์ท็อป\imageprocessing-prj\data\train\grapes\Image_71.jpg,882.76,78bd232f3c15d02dc01526d40dfec409
train,grapes,Image_72.JPG,C:\Users\Computer\OneDrive\เดสก์ท็อป\imageprocessing-prj\data\train\grapes\Image_72.JPG,489.99,efdcaf65ed2ad17bd6a98820413ac3f5
train,grapes,Image_73.jpg,C:\Users\Computer\OneDrive\เดสก์ท็อป\imageprocessing-prj\data\train\grapes\Image_73.jpg,724.79,b7aa06fede74bc81c283eaa05b383768
train,grapes,Image_74.jpg,C:\Users\Computer\OneDrive\เดสก์ท็อป\imageprocessing-prj\data\train\grapes\Image_74.jpg,330.77,c8e910975922213049034a14a291eadc
train,grapes,Image_75.jpg,C:\Users\Computer\OneDrive\เดสก์ท็อป\imageprocessing-prj\data\train\grapes\Image_75.jpg,5171.7,6d12202d23ec4c35f1587bf775d224c0
train,grapes,Image_76.jpg,C:\Users\Computer\OneDrive\เดสก์ท็อป\imageprocessing-prj\data\train\grapes\Image_76.jpg,660.77,e8326fbfef4cf9b77a1034cf6c4a0e98
train,grapes,Image_77.jpg,C:\Users\Computer\OneDrive\เดสก์ท็อป\imageprocessing-prj\data\train\grapes\Image_77.jpg,173.0,19f94e75f36267befe62d739e6db52a2
train,grapes,Image_78.jpg,C:\Users\Computer\OneDrive\เดสก์ท็อป\imageprocessing-prj\data\train\grapes\Image_78.jpg,129.28,5a5341915bb3e35273b26fd87e09011b
train,grapes,Image_79.jpg,C:\Users\Computer\OneDrive\เดสก์ท็อป\imageprocessing-prj\data\train\grapes\Image_79.jpg,191.72,fcb2fc6c6365770d83cbf2aa87ec1a30
train,grapes,Image_8.jpg,C:\Users\Computer\OneDrive\เดสก์ท็อป\imageprocessing-prj\data\train\grapes\Image_8.jpg,185.9,e0fc215ee6aa0e87653c20f7f79590f1
train,grapes,Image_80.jpg,C:\Users\Computer\OneDrive\เดสก์ท็อป\imageprocessing-prj\data\train\grapes\Image_80.jpg,238.0,0dffda2654224735dc023b2a09c18eaa
train,grapes,Image_81.jpg,C:\Users\Computer\OneDrive\เดสก์ท็อป\imageprocessing-prj\data\train\grapes\Image_81.jpg,181.09,e62b97abbfe1bd07e1389145f0d17fb5
train,grapes,Image_82.JPG,C:\Users\Computer\OneDrive\เดสก์ท็อป\imageprocessing-prj\data\train\grapes\Image_82.JPG,353.47,1f2a43936c2e430d3a46ad907b5eb5b5
train,grapes,Image_83.JPG,C:\Users\Computer\OneDrive\เดสก์ท็อป\imageprocessing-prj\data\train\grapes\Image_83.JPG,400.24,c4b483fcd99fc2b9f121efb33d6c7c5b
train,grapes,Image_84.jpg,C:\Users\Computer\OneDrive\เดสก์ท็อป\imageprocessing-prj\data\train\grapes\Image_84.jpg,256.68,53888214501747e305d431a17662ab70
train,grapes,Image_85.jpg,C:\Users\Computer\OneDrive\เดสก์ท็อป\imageprocessing-prj\data\train\grapes\Image_85.jpg,57.67,930583556699f019213a86294984d4d8
train,grapes,Image_86.jpg,C:\Users\Computer\OneDrive\เดสก์ท็อป\imageprocessing-prj\data\train\grapes\Image_86.jpg,219.57,e7f357b6c66fe1cc0bf4e520742d2a39
train,grapes,Image_87.png,C:\Users\Computer\OneDrive\เดสก์ท็อป\imageprocessing-prj\data\train\grapes\Image_87.png,170.13,ef7bab65e5e9779236a75ccf2ed9d23a
train,grapes,Image_88.jpg,C:\Users\Computer\OneDrive\เดสก์ท็อป\imageprocessing-prj\data\train\grapes\Image_88.jpg,45.55,48a46f25910b5507894afc09ad4540b6
train,grapes,Image_89.jpg,C:\Users\Computer\OneDrive\เดสก์ท็อป\imageprocessing-prj\data\train\grapes\Image_89.jpg,152.4,05be36acefa39f10bea3297d1f8a0a5d
train,grapes,Image_9.jpg,C:\Users\Computer\OneDrive\เดสก์ท็อป\imageprocessing-prj\data\train\grapes\Image_9.jpg,16.65,c903f2adfc7745a4fa30210d9b6698e7
train,grapes,Image_90.jpg,C:\Users\Computer\OneDrive\เดสก์ท็อป\imageprocessing-prj\data\train\grapes\Image_90.jpg,68.18,c9145e1b3e9049a5d309832b4057b238
train,grapes,Image_91.jpg,C:\Users\Computer\OneDrive\เดสก์ท็อป\imageprocessing-prj\data\train\grapes\Image_91.jpg,2168.5,01bf48acaa2f781aefa531e4cc255f9c
train,grapes,Image_92.jpg,C:\Users\Computer\OneDrive\เดสก์ท็อป\imageprocessing-prj\data\train\grapes\Image_92.jpg,2833.11,6cef08f75e4a6757f0b18ed85a7e51a0
train,grapes,Image_93.jpg,C:\Users\Computer\OneDrive\เดสก์ท็อป\imageprocessing-prj\data\train\grapes\Image_93.jpg,17.27,b3c8d7b0256421071ef534a75018f7dd
train,grapes,Image_94.jpg,C:\Users\Computer\OneDrive\เดสก์ท็อป\imageprocessing-prj\data\train\grapes\Image_94.jpg,191.98,5942055b7a36f78e6ac21f6c252b4282
train,grapes,Image_95.jpg,C:\Users\Computer\OneDrive\เดสก์ท็อป\imageprocessing-prj\data\train\grapes\Image_95.jpg,161.37,48f41ff6d91f58830b1daedcb3c8fe6a
train,grapes,Image_96.jpg,C:\Users\Computer\OneDrive\เดสก์ท็อป\imageprocessing-prj\data\train\grapes\Image_96.jpg,392.09,1207b79305b291bad4d26269ab3da736
train,grapes,Image_97.jpg,C:\Users\Computer\OneDrive\เดสก์ท็อป\imageprocessing-prj\data\train\grapes\Image_97.jpg,209.94,42df01cae754a405df0d41c26be88bbb
train,grapes,Image_98.jpg,C:\Users\Computer\OneDrive\เดสก์ท็อป\imageprocessing-prj\data\train\grapes\Image_98.jpg,177.96,4b52010a45b22ccdc43ec6425a6d217f
train,grapes,Image_99.jpg,C:\Users\Computer\OneDrive\เดสก์ท็อป\imageprocessing-prj\data\train\grapes\Image_99.jpg,273.08,9147c9fc4d3073e363253ce1d379cc49
train,jalepeno,Image_1.jpeg,C:\Users\Computer\OneDrive\เดสก์ท็อป\imageprocessing-prj\data\train\jalepeno\Image_1.jpeg,65.93,96f34bc12e85b4572b2fe5d4b4df9ea2
train,jalepeno,Image_10.jpg,C:\Users\Computer\OneDrive\เดสก์ท็อป\imageprocessing-prj\data\train\jalepeno\Image_10.jpg,1146.98,e4eaf5b2c15c8900ee6347a2b0734534
train,jalepeno,Image_100.jpg,C:\Users\Computer\OneDrive\เดสก์ท็อป\imageprocessing-prj\data\train\jalepeno\Image_100.jpg,132.85,1e3ca4f0091486def7c3f3fae045235c
train,jalepeno,Image_11.jpeg,C:\Users\Computer\OneDrive\เดสก์ท็อป\imageprocessing-prj\data\train\jalepeno\Image_11.jpeg,127.4,84c7d6ab1ec177da4ac4890a91366021
train,jalepeno,Image_12.jpg,C:\Users\Computer\OneDrive\เดสก์ท็อป\imageprocessing-prj\data\train\jalepeno\Image_12.jpg,59.95,ee6c8292c56bc822d2b6d397e90bef34
train,jalepeno,Image_13.jpg,C:\Users\Computer\OneDrive\เดสก์ท็อป\imageprocessing-prj\data\train\jalepeno\Image_13.jpg,707.86,42a809ff1f6daa17cf051ae3cf0974fd
train,jalepeno,Image_14.jpg,C:\Users\Computer\OneDrive\เดสก์ท็อป\imageprocessing-prj\data\train\jalepeno\Image_14.jpg,143.97,ea5c906862f5eb7ebd7f438e54bd766f
train,jalepeno,Image_15.png,C:\Users\Computer\OneDrive\เดสก์ท็อป\imageprocessing-prj\data\train\jalepeno\Image_15.png,1486.36,3aed86f059a16bf1e05ada15553591fc
train,jalepeno,Image_16.jpg,C:\Users\Computer\OneDrive\เดสก์ท็อป\imageprocessing-prj\data\train\jalepeno\Image_16.jpg,12.62,1bda999df4a2675c714c97ad2544ede1
train,jalepeno,Image_17.jpg,C:\Users\Computer\OneDrive\เดสก์ท็อป\imageprocessing-prj\data\train\jalepeno\Image_17.jpg,24.19,7d1435518e690b96e5f6fff2899af6ac
train,jalepeno,Image_18.jpg,C:\Users\Computer\OneDrive\เดสก์ท็อป\imageprocessing-prj\data\train\jalepeno\Image_18.jpg,139.19,47808f3bf792a2794d255e94165fd281
train,jalepeno,Image_19.png,C:\Users\Computer\OneDrive\เดสก์ท็อป\imageprocessing-prj\data\train\jalepeno\Image_19.png,38.42,c6b8184df047b6ddb15ba52a77d722c4
train,jalepeno,Image_2.jpg,C:\Users\Computer\OneDrive\เดสก์ท็อป\imageprocessing-prj\data\train\jalepeno\Image_2.jpg,167.66,4dcd65e7a797cb4aa1020f45430f711b
train,jalepeno,Image_20.jpg,C:\Users\Computer\OneDrive\เดสก์ท็อป\imageprocessing-prj\data\train\jalepeno\Image_20.jpg,466.02,db09b0f14911606a97a35090ddd6ba2d
train,jalepeno,Image_21.jpg,C:\Users\Computer\OneDrive\เดสก์ท็อป\imageprocessing-prj\data\train\jalepeno\Image_21.jpg,58.67,8e6cde54ffe8802668d304ff022c3f1d
train,jalepeno,Image_22.jpg,C:\Users\Computer\OneDrive\เดสก์ท็อป\imageprocessing-prj\data\train\jalepeno\Image_22.jpg,79.88,2c744d111d5338c1bee311b15f267eae
train,jalepeno,Image_23.jpg,C:\Users\Computer\OneDrive\เดสก์ท็อป\imageprocessing-prj\data\train\jalepeno\Image_23.jpg,97.45,c39a75439a14c4c5757c799ec9bc37c5
train,jalepeno,Image_24.jpg,C:\Users\Computer\OneDrive\เดสก์ท็อป\imageprocessing-prj\data\train\jalepeno\Image_24.jpg,128.39,a8f9eccac81b15a22b0399a8ee1e2c26
train,jalepeno,Image_25.jpg,C:\Users\Computer\OneDrive\เดสก์ท็อป\imageprocessing-prj\data\train\jalepeno\Image_25.jpg,147.93,cd87c9a887d2cf2910d0225bcc34c7dc
train,jalepeno,Image_26.jpg,C:\Users\Computer\OneDrive\เดสก์ท็อป\imageprocessing-prj\data\train\jalepeno\Image_26.jpg,189.14,97f0a0ea5913d502fee6ffabf29c6147
train,jalepeno,Image_27.jpg,C:\Users\Computer\OneDrive\เดสก์ท็อป\imageprocessing-prj\data\train\jalepeno\Image_27.jpg,6428.42,93da8ed990c4aa94e1d5a38aecd0f637
train,jalepeno,Image_28.jpg,C:\Users\Computer\OneDrive\เดสก์ท็อป\imageprocessing-prj\data\train\jalepeno\Image_28.jpg,98.04,0b3837a9a8dcb274a1ec92380405428c
train,jalepeno,Image_29.jpg,C:\Users\Computer\OneDrive\เดสก์ท็อป\imageprocessing-prj\data\train\jalepeno\Image_29.jpg,39.53,efe7da03172e836f18f30f74d4e3c691
train,jalepeno,Image_3.jpg,C:\Users\Computer\OneDrive\เดสก์ท็อป\imageprocessing-prj\data\train\jalepeno\Image_3.jpg,132.85,1e3ca4f0091486def7c3f3fae045235c
train,jalepeno,Image_30.jpg,C:\Users\Computer\OneDrive\เดสก์ท็อป\imageprocessing-prj\data\train\jalepeno\Image_30.jpg,134.38,9197073633d5681c801d0146a3d00744
train,jalepeno,Image_31.jpg,C:\Users\Computer\OneDrive\เดสก์ท็อป\imageprocessing-prj\data\train\jalepeno\Image_31.jpg,598.53,531987a555b1dd419599524d1eaf6d63
train,jalepeno,Image_32.JPG,C:\Users\Computer\OneDrive\เดสก์ท็อป\imageprocessing-prj\data\train\jalepeno\Image_32.JPG,15.23,bd2bca9ed3de937487f038bb0a907d46
train,jalepeno,Image_33.jpg,C:\Users\Computer\OneDrive\เดสก์ท็อป\imageprocessing-prj\data\train\jalepeno\Image_33.jpg,50.69,3395cff050885a237d13d281710fae01
train,jalepeno,Image_34.jpg,C:\Users\Computer\OneDrive\เดสก์ท็อป\imageprocessing-prj\data\train\jalepeno\Image_34.jpg,246.85,ab486f1a590746804a1ba1dd084c73bf
train,jalepeno,Image_35.jpg,C:\Users\Computer\OneDrive\เดสก์ท็อป\imageprocessing-prj\data\train\jalepeno\Image_35.jpg,4407.42,de48bcdc2c0d71f6541b7bb08e1db788
train,jalepeno,Image_36.jpg,C:\Users\Computer\OneDrive\เดสก์ท็อป\imageprocessing-prj\data\train\jalepeno\Image_36.jpg,49.58,8d03f634b5ab528452b5dcf14c1eb63d
train,jalepeno,Image_37.jpg,C:\Users\Computer\OneDrive\เดสก์ท็อป\imageprocessing-prj\data\train\jalepeno\Image_37.jpg,114.44,5e81eb561c5ee977efaad1f67d8d7c3e
train,jalepeno,Image_38.jpg,C:\Users\Computer\OneDrive\เดสก์ท็อป\imageprocessing-prj\data\train\jalepeno\Image_38.jpg,114.58,e98dcbd35aed29eba27c173c3c1fb7bf
train,jalepeno,Image_39.jpg,C:\Users\Computer\OneDrive\เดสก์ท็อป\imageprocessing-prj\data\train\jalepeno\Image_39.jpg,82.19,49c321767a4fe10287097d34cd547a45
train,jalepeno,Image_4.jpg,C:\Users\Computer\OneDrive\เดสก์ท็อป\imageprocessing-prj\data\train\jalepeno\Image_4.jpg,638.34,8990d3289173a5100a2b34a30379ba00
train,jalepeno,Image_40.jpg,C:\Users\Computer\OneDrive\เดสก์ท็อป\imageprocessing-prj\data\train\jalepeno\Image_40.jpg,251.76,11dedb0cca6ae300025cd9074130055b
train,jalepeno,Image_41.jpg,C:\Users\Computer\OneDrive\เดสก์ท็อป\imageprocessing-prj\data\train\jalepeno\Image_41.jpg,24.77,2badff1da771a6942cba006fc73d6557
train,jalepeno,Image_42.jpg,C:\Users\Computer\OneDrive\เดสก์ท็อป\imageprocessing-prj\data\train\jalepeno\Image_42.jpg,40.35,25d2dacf367cc6e5603a7778fb868c98
train,jalepeno,Image_44.jpg,C:\Users\Computer\OneDrive\เดสก์ท็อป\imageprocessing-prj\data\train\jalepeno\Image_44.jpg,17.2,ccbf9d1cdb15ab8cba28ec9155b1ab31
train,jalepeno,Image_45.jpg,C:\Users\Computer\OneDrive\เดสก์ท็อป\imageprocessing-prj\data\train\jalepeno\Image_45.jpg,63.23,08d83584674a3b4833ecb002ec1d3d74
train,jalepeno,Image_46.jpg,C:\Users\Computer\OneDrive\เดสก์ท็อป\imageprocessing-prj\data\train\jalepeno\Image_46.jpg,226.67,1f54ac3e7ef93ef63630e263a6ad106b
train,jalepeno,Image_47.jpg,C:\Users\Computer\OneDrive\เดสก์ท็อป\imageprocessing-prj\data\train\jalepeno\Image_47.jpg,26.46,5883fdc421c7ffcd442a9c9ada381537
train,jalepeno,Image_5.jpg,C:\Users\Computer\OneDrive\เดสก์ท็อป\imageprocessing-prj\data\train\jalepeno\Image_5.jpg,214.51,a453ac263bde909c34d8f147c7952fe1
train,jalepeno,Image_50.jpg,C:\Users\Computer\OneDrive\เดสก์ท็อป\imageprocessing-prj\data\train\jalepeno\Image_50.jpg,150.4,c825fe951756a0132abc1731db9c7af7
train,jalepeno,Image_51.jpg,C:\Users\Computer\OneDrive\เดสก์ท็อป\imageprocessing-prj\data\train\jalepeno\Image_51.jpg,1450.75,2c8c8da10d882898a8dd30eb07e94aff
train,jalepeno,Image_52.jpg,C:\Users\Computer\OneDrive\เดสก์ท็อป\imageprocessing-prj\data\train\jalepeno\Image_52.jpg,181.53,05be3baf63a42ac31485a1e44e97d96a
train,jalepeno,Image_53.jpg,C:\Users\Computer\OneDrive\เดสก์ท็อป\imageprocessing-prj\data\train\jalepeno\Image_53.jpg,31.68,b4ae4a96ef542d08f1dcde07b1d54309
train,jalepeno,Image_54.jpg,C:\Users\Computer\OneDrive\เดสก์ท็อป\imageprocessing-prj\data\train\jalepeno\Image_54.jpg,109.7,aa35f992cbbe0a6ea0b6e490c21422b7
train,jalepeno,Image_55.jpeg,C:\Users\Computer\OneDrive\เดสก์ท็อป\imageprocessing-prj\data\train\jalepeno\Image_55.jpeg,185.58,0c913c26955172f227943d36f18c76f3
train,jalepeno,Image_56.jpg,C:\Users\Computer\OneDrive\เดสก์ท็อป\imageprocessing-prj\data\train\jalepeno\Image_56.jpg,244.01,2b37f84beae78310f986633ce14978b0
train,jalepeno,Image_57.jpg,C:\Users\Computer\OneDrive\เดสก์ท็อป\imageprocessing-prj\data\train\jalepeno\Image_57.jpg,74.22,65686741c08a4ce47305ab6c33a50537
train,jalepeno,Image_58.jpg,C:\Users\Computer\OneDrive\เดสก์ท็อป\imageprocessing-prj\data\train\jalepeno\Image_58.jpg,1867.03,ea2b440323f1b84911d96e9270c89aea
train,jalepeno,Image_59.jpg,C:\Users\Computer\OneDrive\เดสก์ท็อป\imageprocessing-prj\data\train\jalepeno\Image_59.jpg,64.37,393775d309c193400ab4677b248c1264
train,jalepeno,Image_6.jpg,C:\Users\Computer\OneDrive\เดสก์ท็อป\imageprocessing-prj\data\train\jalepeno\Image_6.jpg,199.77,2f0d2e1bb4b13f22b23acb0f74f4bcd0
train,jalepeno,Image_60.jpg,C:\Users\Computer\OneDrive\เดสก์ท็อป\imageprocessing-prj\data\train\jalepeno\Image_60.jpg,84.55,6053434e63787437313ee86a9f8f6d77
train,jalepeno,Image_61.jpg,C:\Users\Computer\OneDrive\เดสก์ท็อป\imageprocessing-prj\data\train\jalepeno\Image_61.jpg,106.94,b088a75eaaaff0312f728f7d70fe1664
train,jalepeno,Image_62.jpg,C:\Users\Computer\OneDrive\เดสก์ท็อป\imageprocessing-prj\data\train\jalepeno\Image_62.jpg,75.53,3fc9aafa122592c14670e42f8597af00
train,jalepeno,Image_63.jpg,C:\Users\Computer\OneDrive\เดสก์ท็อป\imageprocessing-prj\data\train\jalepeno\Image_63.jpg,753.17,056942c217d8dd9a144a3dc406216d17
train,jalepeno,Image_64.jpg,C:\Users\Computer\OneDrive\เดสก์ท็อป\imageprocessing-prj\data\train\jalepeno\Image_64.jpg,71.2,3d832853b6bff123f337b63334f355f6
train,jalepeno,Image_65.jpg,C:\Users\Computer\OneDrive\เดสก์ท็อป\imageprocessing-prj\data\train\jalepeno\Image_65.jpg,95.62,bad063c8533799951771fd65e4d5d3ef
train,jalepeno,Image_66.jpg,C:\Users\Computer\OneDrive\เดสก์ท็อป\imageprocessing-prj\data\train\jalepeno\Image_66.jpg,79.04,33de05ab493fafc75a2c803b7dba96f7
train,jalepeno,Image_67.jpg,C:\Users\Computer\OneDrive\เดสก์ท็อป\imageprocessing-prj\data\train\jalepeno\Image_67.jpg,27.62,ff8ab6297fa693806998da7238b5cd2e
train,jalepeno,Image_68.jpg,C:\Users\Computer\OneDrive\เดสก์ท็อป\imageprocessing-prj\data\train\jalepeno\Image_68.jpg,127.74,204cf464211d054cde90ab572e522e8b
train,jalepeno,Image_69.jpg,C:\Users\Computer\OneDrive\เดสก์ท็อป\imageprocessing-prj\data\train\jalepeno\Image_69.jpg,163.76,c0237e340c461619ce74ab3c4cbdc1a4
train,jalepeno,Image_7.jpg,C:\Users\Computer\OneDrive\เดสก์ท็อป\imageprocessing-prj\data\train\jalepeno\Image_7.jpg,68.69,1d93f3a75bff0c53a7cec7189ce2ee65
train,jalepeno,Image_70.png,C:\Users\Computer\OneDrive\เดสก์ท็อป\imageprocessing-prj\data\train\jalepeno\Image_70.png,692.18,b44ef73ed16883b41ba89a0e0bdec01a
train,jalepeno,Image_71.jpg,C:\Users\Computer\OneDrive\เดสก์ท็อป\imageprocessing-prj\data\train\jalepeno\Image_71.jpg,190.05,1eb63edf2da45698ca9ce5b2dd9c6951
train,jalepeno,Image_72.jpg,C:\Users\Computer\OneDrive\เดสก์ท็อป\imageprocessing-prj\data\train\jalepeno\Image_72.jpg,181.05,03e44801b0f556808395dad683cf7654
train,jalepeno,Image_74.jpg,C:\Users\Computer\OneDrive\เดสก์ท็อป\imageprocessing-prj\data\train\jalepeno\Image_74.jpg,105.52,f4493889c75a61b43138c703a147630e
train,jalepeno,Image_75.jpg,C:\Users\Computer\OneDrive\เดสก์ท็อป\imageprocessing-prj\data\train\jalepeno\Image_75.jpg,494.47,7c226c1f5b472dbd40cf7597f5c6be43
train,jalepeno,Image_76.png,C:\Users\Computer\OneDrive\เดสก์ท็อป\imageprocessing-prj\data\train\jalepeno\Image_76.png,199.33,8b5a2bc1d0369986fe07917605bc9c7e
train,jalepeno,Image_77.jpg,C:\Users\Computer\OneDrive\เดสก์ท็อป\imageprocessing-prj\data\train\jalepeno\Image_77.jpg,627.06,3d582387e980130eaf084d598f7f06eb
train,jalepeno,Image_78.jpg,C:\Users\Computer\OneDrive\เดสก์ท็อป\imageprocessing-prj\data\train\jalepeno\Image_78.jpg,237.66,aab3ca8bf691ffc0621091d70aebdc6a
train,jalepeno,Image_79.jpg,C:\Users\Computer\OneDrive\เดสก์ท็อป\imageprocessing-prj\data\train\jalepeno\Image_79.jpg,229.13,95d97cc5a50b426cb8a282f6d0ea0e2d
train,jalepeno,Image_8.jpg,C:\Users\Computer\OneDrive\เดสก์ท็อป\imageprocessing-prj\data\train\jalepeno\Image_8.jpg,167.67,792e648575874638db3618d5415e5a83
train,jalepeno,Image_80.jpg,C:\Users\Computer\OneDrive\เดสก์ท็อป\imageprocessing-prj\data\train\jalepeno\Image_80.jpg,120.9,ffd721178d0ed864f2440a9d42dced02
train,jalepeno,Image_81.jpg,C:\Users\Computer\OneDrive\เดสก์ท็อป\imageprocessing-prj\data\train\jalepeno\Image_81.jpg,156.66,080f379b886bdfa473398465a40abef3
train,jalepeno,Image_82.jpg,C:\Users\Computer\OneDrive\เดสก์ท็อป\imageprocessing-prj\data\train\jalepeno\Image_82.jpg,67.79,04e02e6fc3ee22eb9e2097b2ac7d5a56
train,jalepeno,Image_83.jpg,C:\Users\Computer\OneDrive\เดสก์ท็อป\imageprocessing-prj\data\train\jalepeno\Image_83.jpg,63.15,5bdeda9f6b503e8f397c655042b52e3f
train,jalepeno,Image_84.jpg,C:\Users\Computer\OneDrive\เดสก์ท็อป\imageprocessing-prj\data\train\jalepeno\Image_84.jpg,64.85,b82eaed9f3f2956c649a2e914e59bbeb
train,jalepeno,Image_85.jpg,C:\Users\Computer\OneDrive\เดสก์ท็อป\imageprocessing-prj\data\train\jalepeno\Image_85.jpg,185.25,3da121c5e945721d1143148078e22d26
train,jalepeno,Image_87.jpg,C:\Users\Computer\OneDrive\เดสก์ท็อป\imageprocessing-prj\data\train\jalepeno\Image_87.jpg,39.57,a130956c2e430bfa6cd2dbbd9e952afa
train,jalepeno,Image_88.jpg,C:\Users\Computer\OneDrive\เดสก์ท็อป\imageprocessing-prj\data\train\jalepeno\Image_88.jpg,91.38,5707b9ad9c2a1aa9ccc17a2ef41bf187
train,jalepeno,Image_89.jpg,C:\Users\Computer\OneDrive\เดสก์ท็อป\imageprocessing-prj\data\train\jalepeno\Image_89.jpg,93.64,d2358434f786b03d8396557dc61c49a6
train,jalepeno,Image_9.jpg,C:\Users\Computer\OneDrive\เดสก์ท็อป\imageprocessing-prj\data\train\jalepeno\Image_9.jpg,196.5,490031258cdbfb42ae68a832ef4ad2e7
train,jalepeno,Image_90.jpg,C:\Users\Computer\OneDrive\เดสก์ท็อป\imageprocessing-prj\data\train\jalepeno\Image_90.jpg,127.76,3dab79ce4ebaef8463a50dbb98a97bcf
train,jalepeno,Image_98.jpeg,C:\Users\Computer\OneDrive\เดสก์ท็อป\imageprocessing-prj\data\train\jalepeno\Image_98.jpeg,65.93,96f34bc12e85b4572b2fe5d4b4df9ea2
train,jalepeno,Image_99.jpg,C:\Users\Computer\OneDrive\เดสก์ท็อป\imageprocessing-prj\data\train\jalepeno\Image_99.jpg,167.66,4dcd65e7a797cb4aa1020f45430f711b
train,kiwi,Image_1.jpg,C:\Users\Computer\OneDrive\เดสก์ท็อป\imageprocessing-prj\data\train\kiwi\Image_1.jpg,243.14,30f76d864c1c4b1f4acb402dcb4bba31
train,kiwi,Image_10.jpg,C:\Users\Computer\OneDrive\เดสก์ท็อป\imageprocessing-prj\data\train\kiwi\Image_10.jpg,189.87,ceef5d786a213bb8d92fffdcaa058a54
train,kiwi,Image_100.jpg,C:\Users\Computer\OneDrive\เดสก์ท็อป\imageprocessing-prj\data\train\kiwi\Image_100.jpg,596.19,5ba4e39b3ebf85e645a2ad4a3f6a134b
train,kiwi,Image_11.jpg,C:\Users\Computer\OneDrive\เดสก์ท็อป\imageprocessing-prj\data\train\kiwi\Image_11.jpg,404.49,213ab25429d7c391a27dc40ad63b43eb
train,kiwi,Image_12.jpg,C:\Users\Computer\OneDrive\เดสก์ท็อป\imageprocessing-prj\data\train\kiwi\Image_12.jpg,511.15,1a1ebc18dae339c4392eb10969afe57e
train,kiwi,Image_13.jpg,C:\Users\Computer\OneDrive\เดสก์ท็อป\imageprocessing-prj\data\train\kiwi\Image_13.jpg,50.72,e6cf1b7a03a0e60d6763243d8d575a08
train,kiwi,Image_14.jpg,C:\Users\Computer\OneDrive\เดสก์ท็อป\imageprocessing-prj\data\train\kiwi\Image_14.jpg,195.57,da48e2164df49cfea05cee446515d3c0
train,kiwi,Image_15.jpg,C:\Users\Computer\OneDrive\เดสก์ท็อป\imageprocessing-prj\data\train\kiwi\Image_15.jpg,124.49,8f5c77196c453ed47d710078c71b8063
train,kiwi,Image_16.jpg,C:\Users\Computer\OneDrive\เดสก์ท็อป\imageprocessing-prj\data\train\kiwi\Image_16.jpg,637.92,9f2a51216170318e1852ef76794c6c5a
train,kiwi,Image_17.jpg,C:\Users\Computer\OneDrive\เดสก์ท็อป\imageprocessing-prj\data\train\kiwi\Image_17.jpg,408.8,20f09938c08f2260e06e13944096d24f
train,kiwi,Image_18.jpg,C:\Users\Computer\OneDrive\เดสก์ท็อป\imageprocessing-prj\data\train\kiwi\Image_18.jpg,75.74,7d14fc33b296047343c79f501347367e
train,kiwi,Image_19.jpg,C:\Users\Computer\OneDrive\เดสก์ท็อป\imageprocessing-prj\data\train\kiwi\Image_19.jpg,150.58,1cfdc9164dd77cf92595c8650e6c3f5e
train,kiwi,Image_2.jpg,C:\Users\Computer\OneDrive\เดสก์ท็อป\imageprocessing-prj\data\train\kiwi\Image_2.jpg,807.69,eabbda1d7771b536e7744a1fe2a70c83
train,kiwi,Image_20.jpg,C:\Users\Computer\OneDrive\เดสก์ท็อป\imageprocessing-prj\data\train\kiwi\Image_20.jpg,532.19,dbf6945a80c39c37b8964abb03e4624f
train,kiwi,Image_21.jpg,C:\Users\Computer\OneDrive\เดสก์ท็อป\imageprocessing-prj\data\train\kiwi\Image_21.jpg,1429.46,0de696a0bb99ae4ff021c05b9b3dc851
train,kiwi,Image_22.jpg,C:\Users\Computer\OneDrive\เดสก์ท็อป\imageprocessing-prj\data\train\kiwi\Image_22.jpg,598.38,d7c2136e73023821a45115ebb0d2faa9
train,kiwi,Image_23.jpg,C:\Users\Computer\OneDrive\เดสก์ท็อป\imageprocessing-prj\data\train\kiwi\Image_23.jpg,44.45,160c91d7cfcda9d7633b2a56396c20e5
train,kiwi,Image_24.jpg,C:\Users\Computer\OneDrive\เดสก์ท็อป\imageprocessing-prj\data\train\kiwi\Image_24.jpg,1944.36,32cd26d1ee0a296f1303080cd89baaf0
train,kiwi,Image_25.jpg,C:\Users\Computer\OneDrive\เดสก์ท็อป\imageprocessing-prj\data\train\kiwi\Image_25.jpg,5951.95,cac192fa4247d71f89614bbae6d135aa
train,kiwi,Image_26.jpg,C:\Users\Computer\OneDrive\เดสก์ท็อป\imageprocessing-prj\data\train\kiwi\Image_26.jpg,821.21,87779d6ba838846eb9b41bcbc131d1d9
train,kiwi,Image_27.jpg,C:\Users\Computer\OneDrive\เดสก์ท็อป\imageprocessing-prj\data\train\kiwi\Image_27.jpg,60.49,72b39b5f8da80a4f31dd80d9a8f9f7b8
train,kiwi,Image_28.jpg,C:\Users\Computer\OneDrive\เดสก์ท็อป\imageprocessing-prj\data\train\kiwi\Image_28.jpg,113.04,628394bfe2860d4b28309703b859c4c7
train,kiwi,Image_29.png,C:\Users\Computer\OneDrive\เดสก์ท็อป\imageprocessing-prj\data\train\kiwi\Image_29.png,340.0,21c78b917e2f0a88e0c90ff859f87b2e
train,kiwi,Image_3.jpg,C:\Users\Computer\OneDrive\เดสก์ท็อป\imageprocessing-prj\data\train\kiwi\Image_3.jpg,168.37,cb2c9051015a3a15dc328224e1826506
train,kiwi,Image_30.jpg,C:\Users\Computer\OneDrive\เดสก์ท็อป\imageprocessing-prj\data\train\kiwi\Image_30.jpg,565.19,b2e3d44473722750f397f95e627df2ef
train,kiwi,Image_31.jpg,C:\Users\Computer\OneDrive\เดสก์ท็อป\imageprocessing-prj\data\train\kiwi\Image_31.jpg,23.15,c148f176ee3e27450dea9bda791d29fb
train,kiwi,Image_32.jpg,C:\Users\Computer\OneDrive\เดสก์ท็อป\imageprocessing-prj\data\train\kiwi\Image_32.jpg,230.38,bf5ce6e2f9f5210800dadad74611ac09
train,kiwi,Image_33.jpg,C:\Users\Computer\OneDrive\เดสก์ท็อป\imageprocessing-prj\data\train\kiwi\Image_33.jpg,135.53,ba8ccc00e4394e602667ac108a1c5640
train,kiwi,Image_34.jpg,C:\Users\Computer\OneDrive\เดสก์ท็อป\imageprocessing-prj\data\train\kiwi\Image_34.jpg,162.34,20d7b3f73527862a11e4fb006aa907f1
train,kiwi,Image_35.jpg,C:\Users\Computer\OneDrive\เดสก์ท็อป\imageprocessing-prj\data\train\kiwi\Image_35.jpg,35.6,238949730feb6eb02ed4d8543a222de0
train,kiwi,Image_36.jpg,C:\Users\Computer\OneDrive\เดสก์ท็อป\imageprocessing-prj\data\train\kiwi\Image_36.jpg,34.3,06f3512d27462eb87c510f5250ef7315
train,kiwi,Image_37.png,C:\Users\Computer\OneDrive\เดสก์ท็อป\imageprocessing-prj\data\train\kiwi\Image_37.png,707.24,2969e3a339be04d3262fe7614fb964ff
train,kiwi,Image_38.jpg,C:\Users\Computer\OneDrive\เดสก์ท็อป\imageprocessing-prj\data\train\kiwi\Image_38.jpg,51.68,d8c88175f8c18500a5aa2f7a33a812e1
train,kiwi,Image_4.jpg,C:\Users\Computer\OneDrive\เดสก์ท็อป\imageprocessing-prj\data\train\kiwi\Image_4.jpg,596.19,5ba4e39b3ebf85e645a2ad4a3f6a134b
train,kiwi,Image_40.jpg,C:\Users\Computer\OneDrive\เดสก์ท็อป\imageprocessing-prj\data\train\kiwi\Image_40.jpg,376.55,5e0f6568c94d9de1e9a7bdc302304182
train,kiwi,Image_41.jpg,C:\Users\Computer\OneDrive\เดสก์ท็อป\imageprocessing-prj\data\train\kiwi\Image_41.jpg,51.58,17ce1b3a6c3bd6b841df15e121e2cfca
train,kiwi,Image_42.jpg,C:\Users\Computer\OneDrive\เดสก์ท็อป\imageprocessing-prj\data\train\kiwi\Image_42.jpg,18.0,ea3ec175b151f83b7a40221b10be8c2e
train,kiwi,Image_43.jpg,C:\Users\Computer\OneDrive\เดสก์ท็อป\imageprocessing-prj\data\train\kiwi\Image_43.jpg,52.79,9728acba2acfc39f38a32a880f795cea
train,kiwi,Image_44.jpg,C:\Users\Computer\OneDrive\เดสก์ท็อป\imageprocessing-prj\data\train\kiwi\Image_44.jpg,47.43,05b5d2f6b6c990b13ae5212086c65510
train,kiwi,Image_48.jpg,C:\Users\Computer\OneDrive\เดสก์ท็อป\imageprocessing-prj\data\train\kiwi\Image_48.jpg,22.57,5358b732d07f956bb02f243e918c1dce
train,kiwi,Image_49.jpg,C:\Users\Computer\OneDrive\เดสก์ท็อป\imageprocessing-prj\data\train\kiwi\Image_49.jpg,62.92,91e7a99d4418a00da9db3edca646c811
train,kiwi,Image_5.jpg,C:\Users\Computer\OneDrive\เดสก์ท็อป\imageprocessing-prj\data\train\kiwi\Image_5.jpg,55.9,9f35b9568ad58d098fb209e670bcacb2
train,kiwi,Image_50.jpg,C:\Users\Computer\OneDrive\เดสก์ท็อป\imageprocessing-prj\data\train\kiwi\Image_50.jpg,750.49,f0f00e830ce9dd8b6eb9f1c77187dde8
train,kiwi,Image_51.jpg,C:\Users\Computer\OneDrive\เดสก์ท็อป\imageprocessing-prj\data\train\kiwi\Image_51.jpg,22.45,91084a4316f7729e8d8009a43220a0b3
train,kiwi,Image_52.jpg,C:\Users\Computer\OneDrive\เดสก์ท็อป\imageprocessing-prj\data\train\kiwi\Image_52.jpg,200.77,01f492b9bc430ad126b34605aa7c6143
train,kiwi,Image_53.jpg,C:\Users\Computer\OneDrive\เดสก์ท็อป\imageprocessing-prj\data\train\kiwi\Image_53.jpg,224.56,fcadad56bd6a1593774e61b2e17ba2a1
train,kiwi,Image_54.jpg,C:\Users\Computer\OneDrive\เดสก์ท็อป\imageprocessing-prj\data\train\kiwi\Image_54.jpg,33.6,e379d9214fbb316695335a24fdac3afb
train,kiwi,Image_55.jpg,C:\Users\Computer\OneDrive\เดสก์ท็อป\imageprocessing-prj\data\train\kiwi\Image_55.jpg,142.11,c5fc7841adbd3922082130438ecb690a
train,kiwi,Image_56.jpg,C:\Users\Computer\OneDrive\เดสก์ท็อป\imageprocessing-prj\data\train\kiwi\Image_56.jpg,20.03,7d0c760eef8b705e855f3256bf32c312
train,kiwi,Image_57.jpg,C:\Users\Computer\OneDrive\เดสก์ท็อป\imageprocessing-prj\data\train\kiwi\Image_57.jpg,166.61,0e2f7346e9a07eaf738aa9f09d8dcf78
train,kiwi,Image_59.jpg,C:\Users\Computer\OneDrive\เดสก์ท็อป\imageprocessing-prj\data\train\kiwi\Image_59.jpg,120.49,da756f2fcc772bef29611e98dc58f104
train,kiwi,Image_6.jpg,C:\Users\Computer\OneDrive\เดสก์ท็อป\imageprocessing-prj\data\train\kiwi\Image_6.jpg,182.54,fe42cfdc3c5f7f28c9acfca8c9f5e73c
train,kiwi,Image_60.jpg,C:\Users\Computer\OneDrive\เดสก์ท็อป\imageprocessing-prj\data\train\kiwi\Image_60.jpg,370.06,e0f6a345e75ae9b5c53f481670beef03
train,kiwi,Image_61.jpg,C:\Users\Computer\OneDrive\เดสก์ท็อป\imageprocessing-prj\data\train\kiwi\Image_61.jpg,231.23,86dad7b0c0ab1f85a8d8a71721139790
train,kiwi,Image_62.jpg,C:\Users\Computer\OneDrive\เดสก์ท็อป\imageprocessing-prj\data\train\kiwi\Image_62.jpg,172.03,97c32647734f371b796719bf2d5213b7
train,kiwi,Image_63.png,C:\Users\Computer\OneDrive\เดสก์ท็อป\imageprocessing-prj\data\train\kiwi\Image_63.png,1516.34,d670fc9e798d9dbebe853f338e268910
train,kiwi,Image_64.png,C:\Users\Computer\OneDrive\เดสก์ท็อป\imageprocessing-prj\data\train\kiwi\Image_64.png,135.74,dc0ead68bb5a7233506d6f8211a33243
train,kiwi,Image_65.png,C:\Users\Computer\OneDrive\เดสก์ท็อป\imageprocessing-prj\data\train\kiwi\Image_65.png,8337.94,5b69161e970b659f6f2e6ed9087052f8
train,kiwi,Image_66.jpg,C:\Users\Computer\OneDrive\เดสก์ท็อป\imageprocessing-prj\data\train\kiwi\Image_66.jpg,1134.53,180dbff19951d4b3b10d22358701b9ff
train,kiwi,Image_67.jpg,C:\Users\Computer\OneDrive\เดสก์ท็อป\imageprocessing-prj\data\train\kiwi\Image_67.jpg,259.97,16acdce4ba1b3e76379a6513a4a76709
train,kiwi,Image_68.jpg,C:\Users\Computer\OneDrive\เดสก์ท็อป\imageprocessing-prj\data\train\kiwi\Image_68.jpg,140.36,822bc47bb131d407d14522f5d3b207b9
train,kiwi,Image_7.jpg,C:\Users\Computer\OneDrive\เดสก์ท็อป\imageprocessing-prj\data\train\kiwi\Image_7.jpg,66.9,21c7db237c8638af4eb28d6f354a0cb3
train,kiwi,Image_70.jpg,C:\Users\Computer\OneDrive\เดสก์ท็อป\imageprocessing-prj\data\train\kiwi\Image_70.jpg,28.87,e1c177f0edf84a1cb496a546005e557f
train,kiwi,Image_71.jpg,C:\Users\Computer\OneDrive\เดสก์ท็อป\imageprocessing-prj\data\train\kiwi\Image_71.jpg,31.73,00a4a10f8584b015d6b8ed1493c96bf1
train,kiwi,Image_72.jpg,C:\Users\Computer\OneDrive\เดสก์ท็อป\imageprocessing-prj\data\train\kiwi\Image_72.jpg,31.97,3ab8af11afa9636cb720027d5f328940
train,kiwi,Image_73.jpg,C:\Users\Computer\OneDrive\เดสก์ท็อป\imageprocessing-prj\data\train\kiwi\Image_73.jpg,354.29,c47e001ca1d76de3ff04ae44d2daf1be
train,kiwi,Image_75.jpg,C:\Users\Computer\OneDrive\เดสก์ท็อป\imageprocessing-prj\data\train\kiwi\Image_75.jpg,1511.16,34f14d92a42e5a432a3e50099e48ca36
train,kiwi,Image_76.jpg,C:\Users\Computer\OneDrive\เดสก์ท็อป\imageprocessing-prj\data\train\kiwi\Image_76.jpg,27.56,42fc6ba5a4e52ae6f8f58d6bb3e2bcc1
train,kiwi,Image_77.jpg,C:\Users\Computer\OneDrive\เดสก์ท็อป\imageprocessing-prj\data\train\kiwi\Image_77.jpg,38.1,42f6f4bbfb0e6a3d1ac0f670b6fe4a23
train,kiwi,Image_78.jpg,C:\Users\Computer\OneDrive\เดสก์ท็อป\imageprocessing-prj\data\train\kiwi\Image_78.jpg,115.66,c4e1719d53930f06a8d7a8df602e8938
train,kiwi,Image_79.jpg,C:\Users\Computer\OneDrive\เดสก์ท็อป\imageprocessing-prj\data\train\kiwi\Image_79.jpg,124.94,e573dd56c241d4a187a4a7ba8b5b3d2b
train,kiwi,Image_8.jpg,C:\Users\Computer\OneDrive\เดสก์ท็อป\imageprocessing-prj\data\train\kiwi\Image_8.jpg,143.7,bcac5e4c6ae23f2101755964fb09557e
train,kiwi,Image_80.jpg,C:\Users\Computer\OneDrive\เดสก์ท็อป\imageprocessing-prj\data\train\kiwi\Image_80.jpg,31.88,4bf92a00fa247f95a942aa8201d14abb
train,kiwi,Image_82.jpg,C:\Users\Computer\OneDrive\เดสก์ท็อป\imageprocessing-prj\data\train\kiwi\Image_82.jpg,44.49,0eefc6f8a7b10ebf29fcf7c8e83c9b96
train,kiwi,Image_83.jpg,C:\Users\Computer\OneDrive\เดสก์ท็อป\imageprocessing-prj\data\train\kiwi\Image_83.jpg,22.79,3e31dd70ddf2878f299775fa7ea91ae3
train,kiwi,Image_84.jpg,C:\Users\Computer\OneDrive\เดสก์ท็อป\imageprocessing-prj\data\train\kiwi\Image_84.jpg,49.97,220c349a0cf29b2e44de7eda7e746586
train,kiwi,Image_85.jpg,C:\Users\Computer\OneDrive\เดสก์ท็อป\imageprocessing-prj\data\train\kiwi\Image_85.jpg,125.43,a8c17c1dea1027e3b78d6817c8da5889
train,kiwi,Image_87.png,C:\Users\Computer\OneDrive\เดสก์ท็อป\imageprocessing-prj\data\train\kiwi\Image_87.png,6145.16,1df71b195bbe4a558397ee5aa21cce1c
train,kiwi,Image_88.jpg,C:\Users\Computer\OneDrive\เดสก์ท็อป\imageprocessing-prj\data\train\kiwi\Image_88.jpg,83.0,407ea95d94ffb913a1593132c76d613c
train,kiwi,Image_89.jpg,C:\Users\Computer\OneDrive\เดสก์ท็อป\imageprocessing-prj\data\train\kiwi\Image_89.jpg,220.51,dad30dc4563838b2d65fb63798dc955f
train,kiwi,Image_9.jpg,C:\Users\Computer\OneDrive\เดสก์ท็อป\imageprocessing-prj\data\train\kiwi\Image_9.jpg,25.08,55f925f9b18bb9b74df0e769df519f69
train,kiwi,Image_90.jpg,C:\Users\Computer\OneDrive\เดสก์ท็อป\imageprocessing-prj\data\train\kiwi\Image_90.jpg,93.36,ba4f4a692379b85811c511b6681a17dc
train,kiwi,Image_92.jpg,C:\Users\Computer\OneDrive\เดสก์ท็อป\imageprocessing-prj\data\train\kiwi\Image_92.jpg,89.04,13570c7f63f7020a029a971880bd81d6
train,kiwi,Image_93.jpg,C:\Users\Computer\OneDrive\เดสก์ท็อป\imageprocessing-prj\data\train\kiwi\Image_93.jpg,202.46,ba739efe02b1a0133ed2e3cbb3bfdf6a
train,kiwi,Image_95.jpg,C:\Users\Computer\OneDrive\เดสก์ท็อป\imageprocessing-prj\data\train\kiwi\Image_95.jpg,93.25,06b5056b57ea2ef4ff57100a8e3879b3
train,kiwi,Image_97.jpg,C:\Users\Computer\OneDrive\เดสก์ท็อป\imageprocessing-prj\data\train\kiwi\Image_97.jpg,243.14,30f76d864c1c4b1f4acb402dcb4bba31
train,kiwi,Image_98.jpg,C:\Users\Computer\OneDrive\เดสก์ท็อป\imageprocessing-prj\data\train\kiwi\Image_98.jpg,807.69,eabbda1d7771b536e7744a1fe2a70c83
train,kiwi,Image_99.jpg,C:\Users\Computer\OneDrive\เดสก์ท็อป\imageprocessing-prj\data\train\kiwi\Image_99.jpg,168.37,cb2c9051015a3a15dc328224e1826506
train,lemon,Image_1.png,C:\Users\Computer\OneDrive\เดสก์ท็อป\imageprocessing-prj\data\train\lemon\Image_1.png,573.85,f073be7b6708c3c8ec70f6d42b3cc546
train,lemon,Image_10.jpg,C:\Users\Computer\OneDrive\เดสก์ท็อป\imageprocessing-prj\data\train\lemon\Image_10.jpg,4510.34,5e01d1c497ac6f41622e380b36f60a99
train,lemon,Image_100.png,C:\Users\Computer\OneDrive\เดสก์ท็อป\imageprocessing-prj\data\train\lemon\Image_100.png,994.18,d3d603c3e345e57fd1e5b20fc443737e
train,lemon,Image_11.jpg,C:\Users\Computer\OneDrive\เดสก์ท็อป\imageprocessing-prj\data\train\lemon\Image_11.jpg,279.95,98de0bd5612d4c09f2cd8be664ef2630
train,lemon,Image_12.jpg,C:\Users\Computer\OneDrive\เดสก์ท็อป\imageprocessing-prj\data\train\lemon\Image_12.jpg,2471.83,1fcedc0461d6755ba0db4fdcfc1b5dae
train,lemon,Image_13.jpg,C:\Users\Computer\OneDrive\เดสก์ท็อป\imageprocessing-prj\data\train\lemon\Image_13.jpg,22.01,8faeb736891b39620cc52be0d98a5be9
train,lemon,Image_14.jpg,C:\Users\Computer\OneDrive\เดสก์ท็อป\imageprocessing-prj\data\train\lemon\Image_14.jpg,112.13,a2114a4d451b167f9f3bda17fceec1ab
train,lemon,Image_15.JPG,C:\Users\Computer\OneDrive\เดสก์ท็อป\imageprocessing-prj\data\train\lemon\Image_15.JPG,134.96,a552f325ebc94c08055bdf5c28a24e1b
train,lemon,Image_16.jpg,C:\Users\Computer\OneDrive\เดสก์ท็อป\imageprocessing-prj\data\train\lemon\Image_16.jpg,19.14,4b8351e195d74e4fc2270f03b0475cdd
train,lemon,Image_17.jpg,C:\Users\Computer\OneDrive\เดสก์ท็อป\imageprocessing-prj\data\train\lemon\Image_17.jpg,71.31,4bd4eacdf5f845de64d769c72e201d4c
train,lemon,Image_18.jpg,C:\Users\Computer\OneDrive\เดสก์ท็อป\imageprocessing-prj\data\train\lemon\Image_18.jpg,88.28,16fdd5a9585ef6d94eb056500bdd53fa
train,lemon,Image_19.jpg,C:\Users\Computer\OneDrive\เดสก์ท็อป\imageprocessing-prj\data\train\lemon\Image_19.jpg,733.56,8c10ac4bf54200bfdd0fc5f9aff36658
train,lemon,Image_2.jpg,C:\Users\Computer\OneDrive\เดสก์ท็อป\imageprocessing-prj\data\train\lemon\Image_2.jpg,56.64,2e1bbe6aa8f301ae104801fd578a1d96
train,lemon,Image_21.jpg,C:\Users\Computer\OneDrive\เดสก์ท็อป\imageprocessing-prj\data\train\lemon\Image_21.jpg,352.78,4503c917c4009b3c7e98634bdacb4957
train,lemon,Image_22.jpg,C:\Users\Computer\OneDrive\เดสก์ท็อป\imageprocessing-prj\data\train\lemon\Image_22.jpg,889.75,3102719377f1f8ead1c18a92fd001bf1
train,lemon,Image_23.jpg,C:\Users\Computer\OneDrive\เดสก์ท็อป\imageprocessing-prj\data\train\lemon\Image_23.jpg,55.51,ac82016dcc91ca552a2edcf2e3530f77
train,lemon,Image_24.jpg,C:\Users\Computer\OneDrive\เดสก์ท็อป\imageprocessing-prj\data\train\lemon\Image_24.jpg,522.38,ad81fcfd9bc6485a177cc23c2313e6f8
train,lemon,Image_25.jpg,C:\Users\Computer\OneDrive\เดสก์ท็อป\imageprocessing-prj\data\train\lemon\Image_25.jpg,319.54,f5eee7928ccf15889adf317087df4b27
train,lemon,Image_27.jpg,C:\Users\Computer\OneDrive\เดสก์ท็อป\imageprocessing-prj\data\train\lemon\Image_27.jpg,2495.36,5b84d4aa5409cf361f86ecb9e278b433
train,lemon,Image_28.jpg,C:\Users\Computer\OneDrive\เดสก์ท็อป\imageprocessing-prj\data\train\lemon\Image_28.jpg,75.93,d4a644483dd20f049d850d6b6c6a0870
train,lemon,Image_29.jpeg,C:\Users\Computer\OneDrive\เดสก์ท็อป\imageprocessing-prj\data\train\lemon\Image_29.jpeg,144.56,72b59af1f690e810710722d6ee9f9bc7
train,lemon,Image_3.jpg,C:\Users\Computer\OneDrive\เดสก์ท็อป\imageprocessing-prj\data\train\lemon\Image_3.jpg,142.01,29d6aa297db4b6642e4eabd673c13957
train,lemon,Image_30.jpg,C:\Users\Computer\OneDrive\เดสก์ท็อป\imageprocessing-prj\data\train\lemon\Image_30.jpg,832.55,5291a3dc88e5a7d1b52d8e1b5f407d2a
train,lemon,Image_31.jpg,C:\Users\Computer\OneDrive\เดสก์ท็อป\imageprocessing-prj\data\train\lemon\Image_31.jpg,181.61,d7e934b203bf1cb09f79032e3c3d682d
train,lemon,Image_32.jpg,C:\Users\Computer\OneDrive\เดสก์ท็อป\imageprocessing-prj\data\train\lemon\Image_32.jpg,31.29,5edd2cbb33635607e4db47532a602658
train,lemon,Image_33.jpeg,C:\Users\Computer\OneDrive\เดสก์ท็อป\imageprocessing-prj\data\train\lemon\Image_33.jpeg,6688.6,15e9a7434b8ceb7919e7e89fba013777
train,lemon,Image_34.jpg,C:\Users\Computer\OneDrive\เดสก์ท็อป\imageprocessing-prj\data\train\lemon\Image_34.jpg,228.26,d53d7e068df24dfe82c1893a8f3167f3
train,lemon,Image_35.jpg,C:\Users\Computer\OneDrive\เดสก์ท็อป\imageprocessing-prj\data\train\lemon\Image_35.jpg,585.4,744a285978bafa67161492d01d700a6c
train,lemon,Image_36.png,C:\Users\Computer\OneDrive\เดสก์ท็อป\imageprocessing-prj\data\train\lemon\Image_36.png,433.93,152975a76c77479fb2922fe90eb367d7
train,lemon,Image_37.png,C:\Users\Computer\OneDrive\เดสก์ท็อป\imageprocessing-prj\data\train\lemon\Image_37.png,3190.44,64299f9fa245d97a929e8108cd7743fb
train,lemon,Image_38.jpg,C:\Users\Computer\OneDrive\เดสก์ท็อป\imageprocessing-prj\data\train\lemon\Image_38.jpg,79.07,18a02ec29545c45a668f29cf88bf1312
train,lemon,Image_39.png,C:\Users\Computer\OneDrive\เดสก์ท็อป\imageprocessing-prj\data\train\lemon\Image_39.png,27.12,d8efa233479bb95d94d12ac91e8581d6
train,lemon,Image_4.jpg,C:\Users\Computer\OneDrive\เดสก์ท็อป\imageprocessing-prj\data\train\lemon\Image_4.jpg,144.99,7f7aa80a86d503c8a4750d8c809b25d1
train,lemon,Image_41.jpg,C:\Users\Computer\OneDrive\เดสก์ท็อป\imageprocessing-prj\data\train\lemon\Image_41.jpg,180.37,597583d1e72224472859b3288518c62c
train,lemon,Image_42.jpg,C:\Users\Computer\OneDrive\เดสก์ท็อป\imageprocessing-prj\data\train\lemon\Image_42.jpg,80.65,332134b6635f1e23f9675c8487bcdd7d
train,lemon,Image_43.jpeg,C:\Users\Computer\OneDrive\เดสก์ท็อป\imageprocessing-prj\data\train\lemon\Image_43.jpeg,111.89,0c89cd6e8e63a06a3a0c5722af8998c0
train,lemon,Image_44.jpg,C:\Users\Computer\OneDrive\เดสก์ท็อป\imageprocessing-prj\data\train\lemon\Image_44.jpg,78.03,f1e8c04bbd9d5bdb06eedd4603f765f6
train,lemon,Image_45.png,C:\Users\Computer\OneDrive\เดสก์ท็อป\imageprocessing-prj\data\train\lemon\Image_45.png,239.72,182dc114a5694837a9004f7cd796627d
train,lemon,Image_47.jpg,C:\Users\Computer\OneDrive\เดสก์ท็อป\imageprocessing-prj\data\train\lemon\Image_47.jpg,17.4,debd78f7de5ccd6a8667895f8f25eff7
train,lemon,Image_48.jpg,C:\Users\Computer\OneDrive\เดสก์ท็อป\imageprocessing-prj\data\train\lemon\Image_48.jpg,1316.21,52693d5aaa22109802e695265df43dd6
train,lemon,Image_49.jpg,C:\Users\Computer\OneDrive\เดสก์ท็อป\imageprocessing-prj\data\train\lemon\Image_49.jpg,2583.39,0d198d2379eb4dbb4bd5625002d86312
train,lemon,Image_5.jpg,C:\Users\Computer\OneDrive\เดสก์ท็อป\imageprocessing-prj\data\train\lemon\Image_5.jpg,79.08,1d995c8bf4c413f772c3799dda2afc75
train,lemon,Image_50.jpg,C:\Users\Computer\OneDrive\เดสก์ท็อป\imageprocessing-prj\data\train\lemon\Image_50.jpg,212.01,41712ac7414ba0395bdf7256edd567eb
train,lemon,Image_51.jpg,C:\Users\Computer\OneDrive\เดสก์ท็อป\imageprocessing-prj\data\train\lemon\Image_51.jpg,233.57,b0e239da64228df42d80563631eaf604
train,lemon,Image_52.png,C:\Users\Computer\OneDrive\เดสก์ท็อป\imageprocessing-prj\data\train\lemon\Image_52.png,14094.98,2758f46853e6944d54dbc2eb3f398a05
train,lemon,Image_53.jpg,C:\Users\Computer\OneDrive\เดสก์ท็อป\imageprocessing-prj\data\train\lemon\Image_53.jpg,718.97,cf810c978d6237323da5c4d63d3d3a26
train,lemon,Image_54.jpg,C:\Users\Computer\OneDrive\เดสก์ท็อป\imageprocessing-prj\data\train\lemon\Image_54.jpg,191.6,41e43fdcfec8ebcd00b6941a35410391
train,lemon,Image_55.jpg,C:\Users\Computer\OneDrive\เดสก์ท็อป\imageprocessing-prj\data\train\lemon\Image_55.jpg,108.55,b0b082886ab80c1123d43164cdc6fa14
train,lemon,Image_56.jpg,C:\Users\Computer\OneDrive\เดสก์ท็อป\imageprocessing-prj\data\train\lemon\Image_56.jpg,309.16,bf8ed84694e1bbbbda3be398cfb1e157
train,lemon,Image_57.jpg,C:\Users\Computer\OneDrive\เดสก์ท็อป\imageprocessing-prj\data\train\lemon\Image_57.jpg,195.27,adc89730eca1655ba89adf64241e7d8d
train,lemon,Image_58.jpg,C:\Users\Computer\OneDrive\เดสก์ท็อป\imageprocessing-prj\data\train\lemon\Image_58.jpg,224.91,4f6b78af513cf3987a0c684ddafb2347
train,lemon,Image_6.png,C:\Users\Computer\OneDrive\เดสก์ท็อป\imageprocessing-prj\data\train\lemon\Image_6.png,994.18,d3d603c3e345e57fd1e5b20fc443737e
train,lemon,Image_60.jpg,C:\Users\Computer\OneDrive\เดสก์ท็อป\imageprocessing-prj\data\train\lemon\Image_60.jpg,111.26,b7190de5ea398b885b31c6c90ac28b10
train,lemon,Image_61.png,C:\Users\Computer\OneDrive\เดสก์ท็อป\imageprocessing-prj\data\train\lemon\Image_61.png,1343.39,c3c492fa5d8813f32d85aa6b43a236ed
train,lemon,Image_63.jpg,C:\Users\Computer\OneDrive\เดสก์ท็อป\imageprocessing-prj\data\train\lemon\Image_63.jpg,34.15,2a2b744e35144302badb1bdf027a1a33
train,lemon,Image_64.png,C:\Users\Computer\OneDrive\เดสก์ท็อป\imageprocessing-prj\data\train\lemon\Image_64.png,285.34,d6e3aba24213e1a08e131bc06c88618b
train,lemon,Image_65.jpg,C:\Users\Computer\OneDrive\เดสก์ท็อป\imageprocessing-prj\data\train\lemon\Image_65.jpg,59.55,950c489ff6d6ce9f07d99a9f74759c62
train,lemon,Image_69.jpg,C:\Users\Computer\OneDrive\เดสก์ท็อป\imageprocessing-prj\data\train\lemon\Image_69.jpg,55.9,5ec412cf0a26cf301ca519dcd4ca70ec
train,lemon,Image_7.jpg,C:\Users\Computer\OneDrive\เดสก์ท็อป\imageprocessing-prj\data\train\lemon\Image_7.jpg,356.6,df9b30489d2db0a0f2593aa8aac2e527
train,lemon,Image_70.jpg,C:\Users\Computer\OneDrive\เดสก์ท็อป\imageprocessing-prj\data\train\lemon\Image_70.jpg,308.6,f01ef0c0c0fa6264fb4cedfdc1197da2
train,lemon,Image_71.jpg,C:\Users\Computer\OneDrive\เดสก์ท็อป\imageprocessing-prj\data\train\lemon\Image_71.jpg,109.7,fa872b65fa03d54a909521f443c3f9c3
train,lemon,Image_74.jpg,C:\Users\Computer\OneDrive\เดสก์ท็อป\imageprocessing-prj\data\train\lemon\Image_74.jpg,161.06,81114ab1f001c9c1a89dd52d5120839a
train,lemon,Image_75.jpg,C:\Users\Computer\OneDrive\เดสก์ท็อป\imageprocessing-prj\data\train\lemon\Image_75.jpg,113.07,0d89c94b88b9a5490c66c647bdeb7ae0
train,lemon,Image_76.jpeg,C:\Users\Computer\OneDrive\เดสก์ท็อป\imageprocessing-prj\data\train\lemon\Image_76.jpeg,105.86,fde737f6be695ed054d65c2721e48e27
train,lemon,Image_77.jpg,C:\Users\Computer\OneDrive\เดสก์ท็อป\imageprocessing-prj\data\train\lemon\Image_77.jpg,52.38,02275aea9bde5fdc352159e8141a7395
train,lemon,Image_78.jpg,C:\Users\Computer\OneDrive\เดสก์ท็อป\imageprocessing-prj\data\train\lemon\Image_78.jpg,26.59,2e9e0e1f8fd350dc6326e6b6d16bffa1
train,lemon,Image_8.png,C:\Users\Computer\OneDrive\เดสก์ท็อป\imageprocessing-prj\data\train\lemon\Image_8.png,6301.84,902b3f9f7e298efb7b1349ea4ab86777
train,lemon,Image_80.jpg,C:\Users\Computer\OneDrive\เดสก์ท็อป\imageprocessing-prj\data\train\lemon\Image_80.jpg,31.9,758673f20f147a69b4bf72d9530b2bab
train,lemon,Image_84.jpg,C:\Users\Computer\OneDrive\เดสก์ท็อป\imageprocessing-prj\data\train\lemon\Image_84.jpg,19.25,c4b263fe240c53f532f172a0c78e5bc9
train,lemon,Image_85.jpg,C:\Users\Computer\OneDrive\เดสก์ท็อป\imageprocessing-prj\data\train\lemon\Image_85.jpg,10.92,c0b58f242213ec4bb7717fe9d989f62a
train,lemon,Image_87.png,C:\Users\Computer\OneDrive\เดสก์ท็อป\imageprocessing-prj\data\train\lemon\Image_87.png,360.47,3591c2d778f60e23b3298eddd3f80825
train,lemon,Image_88.jpg,C:\Users\Computer\OneDrive\เดสก์ท็อป\imageprocessing-prj\data\train\lemon\Image_88.jpg,107.0,3dcf86195bc9a7f9792f9a9517bc66a2
train,lemon,Image_9.jpg,C:\Users\Computer\OneDrive\เดสก์ท็อป\imageprocessing-prj\data\train\lemon\Image_9.jpg,1584.33,942ae5fef496a4a85ccf234599acd9f9
train,lemon,Image_90.jpg,C:\Users\Computer\OneDrive\เดสก์ท็อป\imageprocessing-prj\data\train\lemon\Image_90.jpg,542.81,fb2e12fe2918ef7eeefc068373917815
train,lemon,Image_92.jpg,C:\Users\Computer\OneDrive\เดสก์ท็อป\imageprocessing-prj\data\train\lemon\Image_92.jpg,79.74,b294f65a1b44608afc7b0c59b90c0493
train,lemon,Image_93.jpg,C:\Users\Computer\OneDrive\เดสก์ท็อป\imageprocessing-prj\data\train\lemon\Image_93.jpg,71.1,022c8ae6c88ef8ff3b1878d41cbce02d
train,lemon,Image_94.jpg,C:\Users\Computer\OneDrive\เดสก์ท็อป\imageprocessing-prj\data\train\lemon\Image_94.jpg,316.09,28f2b2762787982724e80c25a5bbe031
train,lemon,Image_95.png,C:\Users\Computer\OneDrive\เดสก์ท็อป\imageprocessing-prj\data\train\lemon\Image_95.png,573.85,f073be7b6708c3c8ec70f6d42b3cc546
train,lemon,Image_96.jpg,C:\Users\Computer\OneDrive\เดสก์ท็อป\imageprocessing-prj\data\train\lemon\Image_96.jpg,56.64,2e1bbe6aa8f301ae104801fd578a1d96
train,lemon,Image_97.jpg,C:\Users\Computer\OneDrive\เดสก์ท็อป\imageprocessing-prj\data\train\lemon\Image_97.jpg,142.01,29d6aa297db4b6642e4eabd673c13957
train,lemon,Image_98.jpg,C:\Users\Computer\OneDrive\เดสก์ท็อป\imageprocessing-prj\data\train\lemon\Image_98.jpg,144.99,7f7aa80a86d503c8a4750d8c809b25d1
train,lemon,Image_99.jpg,C:\Users\Computer\OneDrive\เดสก์ท็อป\imageprocessing-prj\data\train\lemon\Image_99.jpg,79.08,1d995c8bf4c413f772c3799dda2afc75
train,lettuce,Image_1.jpg,C:\Users\Computer\OneDrive\เดสก์ท็อป\imageprocessing-prj\data\train\lettuce\Image_1.jpg,881.07,37e01858521eab209accbd27d3e3efc5
train,lettuce,Image_10.jpg,C:\Users\Computer\OneDrive\เดสก์ท็อป\imageprocessing-prj\data\train\lettuce\Image_10.jpg,348.35,925cb9f5d9a48ed165bd6f8eb44bb008
train,lettuce,Image_100.jpeg,C:\Users\Computer\OneDrive\เดสก์ท็อป\imageprocessing-prj\data\train\lettuce\Image_100.jpeg,513.83,2c8c7fec547449d6bfc4841659897c5c
train,lettuce,Image_11.jpg,C:\Users\Computer\OneDrive\เดสก์ท็อป\imageprocessing-prj\data\train\lettuce\Image_11.jpg,207.28,5a2e252b8965487419c78048b82616a9
train,lettuce,Image_12.jpg,C:\Users\Computer\OneDrive\เดสก์ท็อป\imageprocessing-prj\data\train\lettuce\Image_12.jpg,127.59,6e21a5b1f7fb21146aca7c7797b61164
train,lettuce,Image_13.jpg,C:\Users\Computer\OneDrive\เดสก์ท็อป\imageprocessing-prj\data\train\lettuce\Image_13.jpg,205.77,d8d1807cbbc6ddd18834830ffb365e31
train,lettuce,Image_14.jpg,C:\Users\Computer\OneDrive\เดสก์ท็อป\imageprocessing-prj\data\train\lettuce\Image_14.jpg,481.57,11c960c52a0868288a5bd1790802098f
train,lettuce,Image_15.jpg,C:\Users\Computer\OneDrive\เดสก์ท็อป\imageprocessing-prj\data\train\lettuce\Image_15.jpg,776.22,842775f2be7748931b0ac275eb60c525
train,lettuce,Image_16.jpg,C:\Users\Computer\OneDrive\เดสก์ท็อป\imageprocessing-prj\data\train\lettuce\Image_16.jpg,260.69,8c9fff97d775f36c17550e07718cd0c7
train,lettuce,Image_17.jpg,C:\Users\Computer\OneDrive\เดสก์ท็อป\imageprocessing-prj\data\train\lettuce\Image_17.jpg,4935.91,b5be46b3000a195188455a1fac66d2fe
train,lettuce,Image_18.jpg,C:\Users\Computer\OneDrive\เดสก์ท็อป\imageprocessing-prj\data\train\lettuce\Image_18.jpg,661.33,b905f32006de8f6111d33b279a18226c
train,lettuce,Image_19.jpg,C:\Users\Computer\OneDrive\เดสก์ท็อป\imageprocessing-prj\data\train\lettuce\Image_19.jpg,235.45,df21c00942a5ef180c5d13326f043a00
train,lettuce,Image_2.jpg,C:\Users\Computer\OneDrive\เดสก์ท็อป\imageprocessing-prj\data\train\lettuce\Image_2.jpg,2182.23,7249c29031c88b678eff630f1f556723
train,lettuce,Image_20.jpg,C:\Users\Computer\OneDrive\เดสก์ท็อป\imageprocessing-prj\data\train\lettuce\Image_20.jpg,677.72,af409dae18015603ef3089552bdceaa5
train,lettuce,Image_21.jpg,C:\Users\Computer\OneDrive\เดสก์ท็อป\imageprocessing-prj\data\train\lettuce\Image_21.jpg,222.02,13d6d90e06d0f243bb71e622a53ce03e
train,lettuce,Image_22.jpg,C:\Users\Computer\OneDrive\เดสก์ท็อป\imageprocessing-prj\data\train\lettuce\Image_22.jpg,4673.08,b5d69bb04addfe4df1a1a4eae168eb0c
train,lettuce,Image_23.jpeg,C:\Users\Computer\OneDrive\เดสก์ท็อป\imageprocessing-prj\data\train\lettuce\Image_23.jpeg,622.87,855437b68d92cb8abbadf3a73ad69602
train,lettuce,Image_24.jpg,C:\Users\Computer\OneDrive\เดสก์ท็อป\imageprocessing-prj\data\train\lettuce\Image_24.jpg,650.59,91936c4d6db9be449dbc62b800e6f01f
train,lettuce,Image_25.jpg,C:\Users\Computer\OneDrive\เดสก์ท็อป\imageprocessing-prj\data\train\lettuce\Image_25.jpg,27.33,a1df3f1d27b64e7796bc328b52704727
train,lettuce,Image_26.jpg,C:\Users\Computer\OneDrive\เดสก์ท็อป\imageprocessing-prj\data\train\lettuce\Image_26.jpg,1131.64,b97e11f521ef3c91c98df9f1fdfc8e24
train,lettuce,Image_27.jpg,C:\Users\Computer\OneDrive\เดสก์ท็อป\imageprocessing-prj\data\train\lettuce\Image_27.jpg,769.78,b24d47ece82d208b39bb3667e0affe9f
train,lettuce,Image_28.JPG,C:\Users\Computer\OneDrive\เดสก์ท็อป\imageprocessing-prj\data\train\lettuce\Image_28.JPG,177.77,f47070b6d53625b046dcdb62c6ffef79
train,lettuce,Image_29.jpg,C:\Users\Computer\OneDrive\เดสก์ท็อป\imageprocessing-prj\data\train\lettuce\Image_29.jpg,216.1,7796b721ac4e136bb0fe2beacd5f28df
train,lettuce,Image_3.jpg,C:\Users\Computer\OneDrive\เดสก์ท็อป\imageprocessing-prj\data\train\lettuce\Image_3.jpg,118.13,5b2e8b054b5922f2d4772d5cb9585a03
train,lettuce,Image_30.jpg,C:\Users\Computer\OneDrive\เดสก์ท็อป\imageprocessing-prj\data\train\lettuce\Image_30.jpg,1302.03,8c3f3f44ed3ba3b0fe7882a038273b45
train,lettuce,Image_31.jpg,C:\Users\Computer\OneDrive\เดสก์ท็อป\imageprocessing-prj\data\train\lettuce\Image_31.jpg,318.68,ecd52cd571408f5f1d0b1d68205e9cdf
train,lettuce,Image_32.jpg,C:\Users\Computer\OneDrive\เดสก์ท็อป\imageprocessing-prj\data\train\lettuce\Image_32.jpg,299.02,88a7ee522de91bfd3364063eb3424f62
train,lettuce,Image_33.jpg,C:\Users\Computer\OneDrive\เดสก์ท็อป\imageprocessing-prj\data\train\lettuce\Image_33.jpg,213.71,8c411eed688c122a54fcfc7fdf66521f
train,lettuce,Image_34.jpg,C:\Users\Computer\OneDrive\เดสก์ท็อป\imageprocessing-prj\data\train\lettuce\Image_34.jpg,1633.19,40751d3d13cad92b67f4eb3c781718ae
train,lettuce,Image_35.jpg,C:\Users\Computer\OneDrive\เดสก์ท็อป\imageprocessing-prj\data\train\lettuce\Image_35.jpg,1204.63,1f872b21c72028a1e055a4e220f407e8
train,lettuce,Image_36.JPG,C:\Users\Computer\OneDrive\เดสก์ท็อป\imageprocessing-prj\data\train\lettuce\Image_36.JPG,114.64,3b689f35266549ad50a2fb27facbd7e0
train,lettuce,Image_37.jpg,C:\Users\Computer\OneDrive\เดสก์ท็อป\imageprocessing-prj\data\train\lettuce\Image_37.jpg,81.48,aaaa6e98fcdeece2c8923744302081ce
train,lettuce,Image_38.jpg,C:\Users\Computer\OneDrive\เดสก์ท็อป\imageprocessing-prj\data\train\lettuce\Image_38.jpg,80.28,6c16677a17ec812411cc4d730f1f3929
train,lettuce,Image_39.jpg,C:\Users\Computer\OneDrive\เดสก์ท็อป\imageprocessing-prj\data\train\lettuce\Image_39.jpg,592.25,31448053d72281c7964c780cee3af731
train,lettuce,Image_4.jpg,C:\Users\Computer\OneDrive\เดสก์ท็อป\imageprocessing-prj\data\train\lettuce\Image_4.jpg,1407.55,e77e7338994d878da2451604c23124b5
train,lettuce,Image_40.jpg,C:\Users\Computer\OneDrive\เดสก์ท็อป\imageprocessing-prj\data\train\lettuce\Image_40.jpg,68.05,91199788e070701ae0446860886ecf81
train,lettuce,Image_41.jpg,C:\Users\Computer\OneDrive\เดสก์ท็อป\imageprocessing-prj\data\train\lettuce\Image_41.jpg,80.72,2d615f9db3853dadee919ec234789bb4
train,lettuce,Image_42.jpg,C:\Users\Computer\OneDrive\เดสก์ท็อป\imageprocessing-prj\data\train\lettuce\Image_42.jpg,131.04,0414eb2657e63ab501cf2b69b555fa89
train,lettuce,Image_43.jpg,C:\Users\Computer\OneDrive\เดสก์ท็อป\imageprocessing-prj\data\train\lettuce\Image_43.jpg,563.37,c547d0da180d39e0e2b44735fbcb993d
train,lettuce,Image_44.jpg,C:\Users\Computer\OneDrive\เดสก์ท็อป\imageprocessing-prj\data\train\lettuce\Image_44.jpg,684.89,5f1bd9dc310db776ec2ad1701cc98fb3
train,lettuce,Image_45.jpg,C:\Users\Computer\OneDrive\เดสก์ท็อป\imageprocessing-prj\data\train\lettuce\Image_45.jpg,910.44,74f462b70e829c585e50af5bd9ea5f71
train,lettuce,Image_46.jpg,C:\Users\Computer\OneDrive\เดสก์ท็อป\imageprocessing-prj\data\train\lettuce\Image_46.jpg,4148.36,0db9f04f58f58c23b82a27306979e980
train,lettuce,Image_47.jpg,C:\Users\Computer\OneDrive\เดสก์ท็อป\imageprocessing-prj\data\train\lettuce\Image_47.jpg,201.71,77699d09aa26f4ea64808746a733bd57
train,lettuce,Image_48.jpg,C:\Users\Computer\OneDrive\เดสก์ท็อป\imageprocessing-prj\data\train\lettuce\Image_48.jpg,35.28,0215fd632010f7ebe6f462680a057bf6
train,lettuce,Image_49.jpg,C:\Users\Computer\OneDrive\เดสก์ท็อป\imageprocessing-prj\data\train\lettuce\Image_49.jpg,55.44,e6286a6d72bc1bbd499841c7af350280
train,lettuce,Image_5.jpeg,C:\Users\Computer\OneDrive\เดสก์ท็อป\imageprocessing-prj\data\train\lettuce\Image_5.jpeg,513.83,2c8c7fec547449d6bfc4841659897c5c
train,lettuce,Image_50.jpg,C:\Users\Computer\OneDrive\เดสก์ท็อป\imageprocessing-prj\data\train\lettuce\Image_50.jpg,1033.22,d11172b2cad54a1415f1d8d1fcf4c0e9
train,lettuce,Image_51.jpg,C:\Users\Computer\OneDrive\เดสก์ท็อป\imageprocessing-prj\data\train\lettuce\Image_51.jpg,115.27,1a853038f6403d5baaf75cc72ab66420
train,lettuce,Image_52.jpg,C:\Users\Computer\OneDrive\เดสก์ท็อป\imageprocessing-prj\data\train\lettuce\Image_52.jpg,17.49,96c0910795912c400f12acc1c99c639c
train,lettuce,Image_53.jpg,C:\Users\Computer\OneDrive\เดสก์ท็อป\imageprocessing-prj\data\train\lettuce\Image_53.jpg,140.06,680acedf17ea29bcc8d4e5343c3a29ae
train,lettuce,Image_54.jpg,C:\Users\Computer\OneDrive\เดสก์ท็อป\imageprocessing-prj\data\train\lettuce\Image_54.jpg,129.3,f95f7b066b557e8f52a1c6d58996b689
train,lettuce,Image_55.jpg,C:\Users\Computer\OneDrive\เดสก์ท็อป\imageprocessing-prj\data\train\lettuce\Image_55.jpg,4639.08,67d32f4ab16d0e28f522d96c64bf3106
train,lettuce,Image_56.jpg,C:\Users\Computer\OneDrive\เดสก์ท็อป\imageprocessing-prj\data\train\lettuce\Image_56.jpg,342.09,9eb355610788290e6f426f985f305dea
train,lettuce,Image_57.jpg,C:\Users\Computer\OneDrive\เดสก์ท็อป\imageprocessing-prj\data\train\lettuce\Image_57.jpg,149.91,0a2cde19165592766b2bdeac8b27b4f3
train,lettuce,Image_58.jpg,C:\Users\Computer\OneDrive\เดสก์ท็อป\imageprocessing-prj\data\train\lettuce\Image_58.jpg,121.8,7175f95402898a05b9501591b1515a5c
train,lettuce,Image_6.jpg,C:\Users\Computer\OneDrive\เดสก์ท็อป\imageprocessing-prj\data\train\lettuce\Image_6.jpg,538.89,2f45abaf342309fb2d9a717624420de4
train,lettuce,Image_60.jpg,C:\Users\Computer\OneDrive\เดสก์ท็อป\imageprocessing-prj\data\train\lettuce\Image_60.jpg,92.56,15fa5d3ab16af859e4f873dce9a4eee7
train,lettuce,Image_61.jpg,C:\Users\Computer\OneDrive\เดสก์ท็อป\imageprocessing-prj\data\train\lettuce\Image_61.jpg,78.22,e2dbabf90b118fcb4aafa0e576328cd1
train,lettuce,Image_62.jpg,C:\Users\Computer\OneDrive\เดสก์ท็อป\imageprocessing-prj\data\train\lettuce\Image_62.jpg,18.8,736ec5080316deb58027d8c36b151ed4
train,lettuce,Image_63.jpg,C:\Users\Computer\OneDrive\เดสก์ท็อป\imageprocessing-prj\data\train\lettuce\Image_63.jpg,149.38,f617b794cfec49f6f3af451db94ac7f6
train,lettuce,Image_64.jpg,C:\Users\Computer\OneDrive\เดสก์ท็อป\imageprocessing-prj\data\train\lettuce\Image_64.jpg,323.59,0f8525cdd1017a234581f7017d6ef3cc
train,lettuce,Image_65.jpg,C:\Users\Computer\OneDrive\เดสก์ท็อป\imageprocessing-prj\data\train\lettuce\Image_65.jpg,3137.92,09f44996f47c80c8f802ed53434a3864
train,lettuce,Image_66.jpg,C:\Users\Computer\OneDrive\เดสก์ท็อป\imageprocessing-prj\data\train\lettuce\Image_66.jpg,29.94,9479c6c15b039d5e674d62b23289ce57
train,lettuce,Image_67.jpg,C:\Users\Computer\OneDrive\เดสก์ท็อป\imageprocessing-prj\data\train\lettuce\Image_67.jpg,19.46,4bfb6a7a8668c36e967f765322ee47f5
train,lettuce,Image_69.jpg,C:\Users\Computer\OneDrive\เดสก์ท็อป\imageprocessing-prj\data\train\lettuce\Image_69.jpg,250.17,bd81fda30f17a0c37016173b24fcedea
train,lettuce,Image_7.jpg,C:\Users\Computer\OneDrive\เดสก์ท็อป\imageprocessing-prj\data\train\lettuce\Image_7.jpg,77.11,0526fc8f4eed187f7d8d5bd2a938a32a
train,lettuce,Image_70.png,C:\Users\Computer\OneDrive\เดสก์ท็อป\imageprocessing-prj\data\train\lettuce\Image_70.png,111.98,30e2fdff6f9884a73067500433515199
train,lettuce,Image_71.jpg,C:\Users\Computer\OneDrive\เดสก์ท็อป\imageprocessing-prj\data\train\lettuce\Image_71.jpg,43.52,b35e40e23d89a0e9f97681c0dea4de64
train,lettuce,Image_72.jpg,C:\Users\Computer\OneDrive\เดสก์ท็อป\imageprocessing-prj\data\train\lettuce\Image_72.jpg,183.15,16dd69108b7a8f44a3f4cc7d9361a8bc
train,lettuce,Image_73.jpg,C:\Users\Computer\OneDrive\เดสก์ท็อป\imageprocessing-prj\data\train\lettuce\Image_73.jpg,148.7,a1a3ea9a3b1dc2a1823f6f9be012d77f
train,lettuce,Image_74.png,C:\Users\Computer\OneDrive\เดสก์ท็อป\imageprocessing-prj\data\train\lettuce\Image_74.png,524.3,8f57262c95d7998ed17b20f0a59466ef
train,lettuce,Image_76.jpg,C:\Users\Computer\OneDrive\เดสก์ท็อป\imageprocessing-prj\data\train\lettuce\Image_76.jpg,157.35,3949f7cb6bac465b49be2b05f5ad0364
train,lettuce,Image_77.jpg,C:\Users\Computer\OneDrive\เดสก์ท็อป\imageprocessing-prj\data\train\lettuce\Image_77.jpg,62.96,549066081203ee5ba1c705fd15e3d61f
train,lettuce,Image_78.jpg,C:\Users\Computer\OneDrive\เดสก์ท็อป\imageprocessing-prj\data\train\lettuce\Image_78.jpg,601.92,00e33b8ff4dfd7a8cd073e9e05287660
train,lettuce,Image_79.jpg,C:\Users\Computer\OneDrive\เดสก์ท็อป\imageprocessing-prj\data\train\lettuce\Image_79.jpg,192.49,0210d33577bdd5cff660792d267e0db1
train,lettuce,Image_8.jpg,C:\Users\Computer\OneDrive\เดสก์ท็อป\imageprocessing-prj\data\train\lettuce\Image_8.jpg,403.05,5c0ff5288b854c7d90f37cefc1d041f3
train,lettuce,Image_80.jpg,C:\Users\Computer\OneDrive\เดสก์ท็อป\imageprocessing-prj\data\train\lettuce\Image_80.jpg,353.18,321179a368dd6bdfc865780c1699ebab
train,lettuce,Image_81.png,C:\Users\Computer\OneDrive\เดสก์ท็อป\imageprocessing-prj\data\train\lettuce\Image_81.png,192.46,b3363b13e44c11999c48b32ed51267a5
train,lettuce,Image_82.jpg,C:\Users\Computer\OneDrive\เดสก์ท็อป\imageprocessing-prj\data\train\lettuce\Image_82.jpg,143.34,1a8e7ec63af006eed5237969a5f78863
train,lettuce,Image_83.jpg,C:\Users\Computer\OneDrive\เดสก์ท็อป\imageprocessing-prj\data\train\lettuce\Image_83.jpg,52.36,aa8505951f5f40db0290179c1db61f39
train,lettuce,Image_84.jpg,C:\Users\Computer\OneDrive\เดสก์ท็อป\imageprocessing-prj\data\train\lettuce\Image_84.jpg,214.43,2e1142122f55651c4111401d34705440
train,lettuce,Image_85.jpg,C:\Users\Computer\OneDrive\เดสก์ท็อป\imageprocessing-prj\data\train\lettuce\Image_85.jpg,610.61,8a1dd181f340e6d34219b69ff5e8522a
train,lettuce,Image_86.jpg,C:\Users\Computer\OneDrive\เดสก์ท็อป\imageprocessing-prj\data\train\lettuce\Image_86.jpg,126.45,b6ae752e7e86275a1662ba353906f225
train,lettuce,Image_87.png,C:\Users\Computer\OneDrive\เดสก์ท็อป\imageprocessing-prj\data\train\lettuce\Image_87.png,1205.73,6939c96eb30d61661a505820bdb9f6f5
train,lettuce,Image_88.jpg,C:\Users\Computer\OneDrive\เดสก์ท็อป\imageprocessing-prj\data\train\lettuce\Image_88.jpg,31.47,b59c58259b2186ad11adbfd637733f7f
train,lettuce,Image_89.jpg,C:\Users\Computer\OneDrive\เดสก์ท็อป\imageprocessing-prj\data\train\lettuce\Image_89.jpg,109.71,7691bfe05d98c6ab3fc935d1ef482994
train,lettuce,Image_9.jpg,C:\Users\Computer\OneDrive\เดสก์ท็อป\imageprocessing-prj\data\train\lettuce\Image_9.jpg,742.11,049eac704cb3c26aa147caace7843f74
train,lettuce,Image_90.jpg,C:\Users\Computer\OneDrive\เดสก์ท็อป\imageprocessing-prj\data\train\lettuce\Image_90.jpg,153.74,8882a32e0fd2c82495d911ea600ae054
train,lettuce,Image_91.jpg,C:\Users\Computer\OneDrive\เดสก์ท็อป\imageprocessing-prj\data\train\lettuce\Image_91.jpg,1365.19,e9a25dc7b760d28bd6f3698429a6882d
train,lettuce,Image_92.png,C:\Users\Computer\OneDrive\เดสก์ท็อป\imageprocessing-prj\data\train\lettuce\Image_92.png,130.92,f309524951a7272c72ec9f792ccdedf9
train,lettuce,Image_93.jpg,C:\Users\Computer\OneDrive\เดสก์ท็อป\imageprocessing-prj\data\train\lettuce\Image_93.jpg,2087.37,b845133dd2bcc4c6124b9ee188572053
train,lettuce,Image_94.jpg,C:\Users\Computer\OneDrive\เดสก์ท็อป\imageprocessing-prj\data\train\lettuce\Image_94.jpg,1123.68,71669b7ca4370546feaaed193db60f29
train,lettuce,Image_95.jpg,C:\Users\Computer\OneDrive\เดสก์ท็อป\imageprocessing-prj\data\train\lettuce\Image_95.jpg,230.9,46ccf5c66a6247c8098fad734c10c22e
train,lettuce,Image_96.jpg,C:\Users\Computer\OneDrive\เดสก์ท็อป\imageprocessing-prj\data\train\lettuce\Image_96.jpg,881.07,37e01858521eab209accbd27d3e3efc5
train,lettuce,Image_97.jpg,C:\Users\Computer\OneDrive\เดสก์ท็อป\imageprocessing-prj\data\train\lettuce\Image_97.jpg,2182.23,7249c29031c88b678eff630f1f556723
train,lettuce,Image_98.jpg,C:\Users\Computer\OneDrive\เดสก์ท็อป\imageprocessing-prj\data\train\lettuce\Image_98.jpg,118.13,5b2e8b054b5922f2d4772d5cb9585a03
train,lettuce,Image_99.jpg,C:\Users\Computer\OneDrive\เดสก์ท็อป\imageprocessing-prj\data\train\lettuce\Image_99.jpg,1407.55,e77e7338994d878da2451604c23124b5
train,mango,Image_1.jpg,C:\Users\Computer\OneDrive\เดสก์ท็อป\imageprocessing-prj\data\train\mango\Image_1.jpg,248.38,2e607e600a81d28905b5e60453e5c984
train,mango,Image_10.jpg,C:\Users\Computer\OneDrive\เดสก์ท็อป\imageprocessing-prj\data\train\mango\Image_10.jpg,109.25,18b9381670e2d6446fe3e035d5a270b5
train,mango,Image_100.jpg,C:\Users\Computer\OneDrive\เดสก์ท็อป\imageprocessing-prj\data\train\mango\Image_100.jpg,109.25,18b9381670e2d6446fe3e035d5a270b5
train,mango,Image_11.png,C:\Users\Computer\OneDrive\เดสก์ท็อป\imageprocessing-prj\data\train\mango\Image_11.png,1217.77,7bcb2a1c4c421b218735691239e72283
train,mango,Image_12.jpg,C:\Users\Computer\OneDrive\เดสก์ท็อป\imageprocessing-prj\data\train\mango\Image_12.jpg,6402.49,9a6ca99b6aad96b09944985ccab655b8
train,mango,Image_13.jpg,C:\Users\Computer\OneDrive\เดสก์ท็อป\imageprocessing-prj\data\train\mango\Image_13.jpg,719.84,672092c54772c17db63589ce26c80b85
train,mango,Image_14.jpg,C:\Users\Computer\OneDrive\เดสก์ท็อป\imageprocessing-prj\data\train\mango\Image_14.jpg,139.44,25c8e5957444b6f98f11b6c862167f2e
train,mango,Image_15.jpg,C:\Users\Computer\OneDrive\เดสก์ท็อป\imageprocessing-prj\data\train\mango\Image_15.jpg,67.63,a8f55333406ebfa8c19923d1f4927f78
train,mango,Image_16.jpg,C:\Users\Computer\OneDrive\เดสก์ท็อป\imageprocessing-prj\data\train\mango\Image_16.jpg,211.5,86f544ff778eff467a66aa8e7149ff5c
train,mango,Image_17.JPG,C:\Users\Computer\OneDrive\เดสก์ท็อป\imageprocessing-prj\data\train\mango\Image_17.JPG,199.78,b2559eb718af9e9b4fa853c869e5129e
train,mango,Image_18.jpg,C:\Users\Computer\OneDrive\เดสก์ท็อป\imageprocessing-prj\data\train\mango\Image_18.jpg,37.42,4e0257c970eca0c4b80b5f38f51ac21a
train,mango,Image_19.jpg,C:\Users\Computer\OneDrive\เดสก์ท็อป\imageprocessing-prj\data\train\mango\Image_19.jpg,246.28,4c8e00a5c8cf433d17cefbe361afafb0
train,mango,Image_2.jpg,C:\Users\Computer\OneDrive\เดสก์ท็อป\imageprocessing-prj\data\train\mango\Image_2.jpg,212.58,087679c0a5afcd0791b27f2b68d4126a
train,mango,Image_20.jpg,C:\Users\Computer\OneDrive\เดสก์ท็อป\imageprocessing-prj\data\train\mango\Image_20.jpg,235.42,cd2255bc86c9c68101cbe3e6bb5b3fb0
train,mango,Image_21.jpg,C:\Users\Computer\OneDrive\เดสก์ท็อป\imageprocessing-prj\data\train\mango\Image_21.jpg,306.58,4c31baee9bb2f23914aa4982aac079cf
train,mango,Image_22.jpg,C:\Users\Computer\OneDrive\เดสก์ท็อป\imageprocessing-prj\data\train\mango\Image_22.jpg,205.24,5d48b956902e485f41ecbc63aa46badb
train,mango,Image_23.png,C:\Users\Computer\OneDrive\เดสก์ท็อป\imageprocessing-prj\data\train\mango\Image_23.png,906.4,92e72d27d854e1b5e99dc25e312e465e
train,mango,Image_24.jpg,C:\Users\Computer\OneDrive\เดสก์ท็อป\imageprocessing-prj\data\train\mango\Image_24.jpg,479.8,b5d1bb924100439d36b457ff0265b765
train,mango,Image_25.jpg,C:\Users\Computer\OneDrive\เดสก์ท็อป\imageprocessing-prj\data\train\mango\Image_25.jpg,195.62,2d331e991c017e8abfd7dead90911142
train,mango,Image_26.jpg,C:\Users\Computer\OneDrive\เดสก์ท็อป\imageprocessing-prj\data\train\mango\Image_26.jpg,482.15,06f9a04fea8c6e7b1f5f587f838c582a
train,mango,Image_27.jpg,C:\Users\Computer\OneDrive\เดสก์ท็อป\imageprocessing-prj\data\train\mango\Image_27.jpg,157.45,77144a01edbb6419cb0f46542ed658c7
train,mango,Image_28.jpg,C:\Users\Computer\OneDrive\เดสก์ท็อป\imageprocessing-prj\data\train\mango\Image_28.jpg,357.81,4af79ba6f53a41fbcdc7125fe0c9000e
train,mango,Image_29.png,C:\Users\Computer\OneDrive\เดสก์ท็อป\imageprocessing-prj\data\train\mango\Image_29.png,311.04,1b3a9598fa30a088a98efb905405eb09
train,mango,Image_3.jpg,C:\Users\Computer\OneDrive\เดสก์ท็อป\imageprocessing-prj\data\train\mango\Image_3.jpg,154.79,769811426dada499be11cf0e7175614f
train,mango,Image_30.jpg,C:\Users\Computer\OneDrive\เดสก์ท็อป\imageprocessing-prj\data\train\mango\Image_30.jpg,496.92,dce72ce1503ae04c070ba0e51b40a837
train,mango,Image_31.jpg,C:\Users\Computer\OneDrive\เดสก์ท็อป\imageprocessing-prj\data\train\mango\Image_31.jpg,26.37,cac9a809fdfb5bd6c2a273c53bc5e7c2
train,mango,Image_32.jpg,C:\Users\Computer\OneDrive\เดสก์ท็อป\imageprocessing-prj\data\train\mango\Image_32.jpg,215.55,a11a678e8c119c8a1bd33eba61a588f3
train,mango,Image_33.jpg,C:\Users\Computer\OneDrive\เดสก์ท็อป\imageprocessing-prj\data\train\mango\Image_33.jpg,350.48,bdc3b166fa21bd6b9322dfcc429f986e
train,mango,Image_34.jpg,C:\Users\Computer\OneDrive\เดสก์ท็อป\imageprocessing-prj\data\train\mango\Image_34.jpg,612.69,a05fcc004bd0ad1f621cb53887f7462a
train,mango,Image_35.jpg,C:\Users\Computer\OneDrive\เดสก์ท็อป\imageprocessing-prj\data\train\mango\Image_35.jpg,116.06,9e14588537461ddcded3e553d1d19283
train,mango,Image_36.jpg,C:\Users\Computer\OneDrive\เดสก์ท็อป\imageprocessing-prj\data\train\mango\Image_36.jpg,441.58,2d86f2de579ae167fdfd02f2962bc6bc
train,mango,Image_37.jpg,C:\Users\Computer\OneDrive\เดสก์ท็อป\imageprocessing-prj\data\train\mango\Image_37.jpg,48.1,e1adea974103dfe469bd6a4e75202f64
train,mango,Image_38.jpg,C:\Users\Computer\OneDrive\เดสก์ท็อป\imageprocessing-prj\data\train\mango\Image_38.jpg,155.42,b11cb41580e57e9fd33db3a3d5fd30f7
train,mango,Image_39.jpg,C:\Users\Computer\OneDrive\เดสก์ท็อป\imageprocessing-prj\data\train\mango\Image_39.jpg,70.29,e30f279f5ac37eb623d20485b50c9e0d
train,mango,Image_4.jpg,C:\Users\Computer\OneDrive\เดสก์ท็อป\imageprocessing-prj\data\train\mango\Image_4.jpg,202.72,42d306ae92fbfe68f8fa46fe2a736174
train,mango,Image_41.jpg,C:\Users\Computer\OneDrive\เดสก์ท็อป\imageprocessing-prj\data\train\mango\Image_41.jpg,185.92,42d99e8fb6e6c94ff0f56b51aff9bd12
train,mango,Image_42.jpg,C:\Users\Computer\OneDrive\เดสก์ท็อป\imageprocessing-prj\data\train\mango\Image_42.jpg,78.66,92bc038cd5c56954b3900f3e5ec57895
train,mango,Image_43.jpg,C:\Users\Computer\OneDrive\เดสก์ท็อป\imageprocessing-prj\data\train\mango\Image_43.jpg,205.62,81ae7e98d094271adaf1ebbad6ff1ef9
train,mango,Image_44.jpg,C:\Users\Computer\OneDrive\เดสก์ท็อป\imageprocessing-prj\data\train\mango\Image_44.jpg,132.49,96433b71e5634360797ab17ab6f743dd
train,mango,Image_45.jpg,C:\Users\Computer\OneDrive\เดสก์ท็อป\imageprocessing-prj\data\train\mango\Image_45.jpg,106.14,fb76e2d3d6b2199a271f0c4986ac3f2d
train,mango,Image_46.jpg,C:\Users\Computer\OneDrive\เดสก์ท็อป\imageprocessing-prj\data\train\mango\Image_46.jpg,836.89,67bf91b5a815bd843177ef9a1a82f9ab
train,mango,Image_47.jpg,C:\Users\Computer\OneDrive\เดสก์ท็อป\imageprocessing-prj\data\train\mango\Image_47.jpg,28.04,f5c424c7c67217280316c68b08b12d42
train,mango,Image_48.jpg,C:\Users\Computer\OneDrive\เดสก์ท็อป\imageprocessing-prj\data\train\mango\Image_48.jpg,262.95,01b93f71d00c19a3547c7998077bfe9f
train,mango,Image_49.jpg,C:\Users\Computer\OneDrive\เดสก์ท็อป\imageprocessing-prj\data\train\mango\Image_49.jpg,83.22,e755ce1c98e999584544f1ce8535fa30
train,mango,Image_5.jpg,C:\Users\Computer\OneDrive\เดสก์ท็อป\imageprocessing-prj\data\train\mango\Image_5.jpg,269.94,32bb87a81955f76a3295e0e4da5bafd4
train,mango,Image_50.jpg,C:\Users\Computer\OneDrive\เดสก์ท็อป\imageprocessing-prj\data\train\mango\Image_50.jpg,268.82,97b22a7ffe26c1acc3e76e18b7542bc3
train,mango,Image_51.png,C:\Users\Computer\OneDrive\เดสก์ท็อป\imageprocessing-prj\data\train\mango\Image_51.png,1128.16,376429d9e7da1927ae7949cf1fabbfba
train,mango,Image_52.jpg,C:\Users\Computer\OneDrive\เดสก์ท็อป\imageprocessing-prj\data\train\mango\Image_52.jpg,50.68,30e12ca3da943d01094f17c3fb134bfc
train,mango,Image_53.jpg,C:\Users\Computer\OneDrive\เดสก์ท็อป\imageprocessing-prj\data\train\mango\Image_53.jpg,198.16,327b1be1f4c19d056f8a72d7f9ed8f89
train,mango,Image_54.jpg,C:\Users\Computer\OneDrive\เดสก์ท็อป\imageprocessing-prj\data\train\mango\Image_54.jpg,77.86,168ef0caa3bd8e55f309524ab6c6e38a
train,mango,Image_55.JPG,C:\Users\Computer\OneDrive\เดสก์ท็อป\imageprocessing-prj\data\train\mango\Image_55.JPG,315.48,025e5a0f6fdaaaaff72f659d9f61f97f
train,mango,Image_56.png,C:\Users\Computer\OneDrive\เดสก์ท็อป\imageprocessing-prj\data\train\mango\Image_56.png,168.68,7682c6e4012eaf4ad5717737ca12a6bb
train,mango,Image_59.jpg,C:\Users\Computer\OneDrive\เดสก์ท็อป\imageprocessing-prj\data\train\mango\Image_59.jpg,295.26,386a0d4c9f14f13c498877aee0cb0c0a
train,mango,Image_6.jpg,C:\Users\Computer\OneDrive\เดสก์ท็อป\imageprocessing-prj\data\train\mango\Image_6.jpg,2853.94,9febaebeeabfb4f39e8437243e8ba233
train,mango,Image_61.jpg,C:\Users\Computer\OneDrive\เดสก์ท็อป\imageprocessing-prj\data\train\mango\Image_61.jpg,27.13,2871252e2b527f771498d4cd0da507c8
train,mango,Image_62.jpg,C:\Users\Computer\OneDrive\เดสก์ท็อป\imageprocessing-prj\data\train\mango\Image_62.jpg,275.74,40f2f9cac3405b1d4d23702e80a174a4
train,mango,Image_63.jpg,C:\Users\Computer\OneDrive\เดสก์ท็อป\imageprocessing-prj\data\train\mango\Image_63.jpg,1018.05,f25920084e09b09b925329c837bfc9dc
train,mango,Image_64.jpg,C:\Users\Computer\OneDrive\เดสก์ท็อป\imageprocessing-prj\data\train\mango\Image_64.jpg,54.54,7ef9787fdd635d5c90474bfb7cf207ec
train,mango,Image_66.jpg,C:\Users\Computer\OneDrive\เดสก์ท็อป\imageprocessing-prj\data\train\mango\Image_66.jpg,95.23,2b4d81d9225dad9e3d0a786f591c9876
train,mango,Image_67.jpg,C:\Users\Computer\OneDrive\เดสก์ท็อป\imageprocessing-prj\data\train\mango\Image_67.jpg,184.06,3dbbcfe5bf5ddf95657ad786949ffe0b
train,mango,Image_68.jpg,C:\Users\Computer\OneDrive\เดสก์ท็อป\imageprocessing-prj\data\train\mango\Image_68.jpg,1505.48,07d5f441458afc57fff12c0faa255484
train,mango,Image_69.jpg,C:\Users\Computer\OneDrive\เดสก์ท็อป\imageprocessing-prj\data\train\mango\Image_69.jpg,811.48,5b2c7c9f7e29d188002f88b5b052ec1d
train,mango,Image_7.jpg,C:\Users\Computer\OneDrive\เดสก์ท็อป\imageprocessing-prj\data\train\mango\Image_7.jpg,140.4,71c860d10ca41b045ea761fa03c92b0d
train,mango,Image_71.jpg,C:\Users\Computer\OneDrive\เดสก์ท็อป\imageprocessing-prj\data\train\mango\Image_71.jpg,136.61,5f0198104d4db80618d566f03fd4a526
train,mango,Image_73.jpg,C:\Users\Computer\OneDrive\เดสก์ท็อป\imageprocessing-prj\data\train\mango\Image_73.jpg,287.55,6938d2e1b413c3910f9d78b074845131
train,mango,Image_75.jpg,C:\Users\Computer\OneDrive\เดสก์ท็อป\imageprocessing-prj\data\train\mango\Image_75.jpg,52.42,b74854fabbad2cd6fd029710c4654865
train,mango,Image_77.jpg,C:\Users\Computer\OneDrive\เดสก์ท็อป\imageprocessing-prj\data\train\mango\Image_77.jpg,705.55,2d3796df19fb6ac862cf4b2f145946d8
train,mango,Image_79.png,C:\Users\Computer\OneDrive\เดสก์ท็อป\imageprocessing-prj\data\train\mango\Image_79.png,382.57,af32d9a4fddb13435e9d2221f7391155
train,mango,Image_8.jpg,C:\Users\Computer\OneDrive\เดสก์ท็อป\imageprocessing-prj\data\train\mango\Image_8.jpg,106.41,322e025e16de22e228ba8797e7d5191c
train,mango,Image_81.jpg,C:\Users\Computer\OneDrive\เดสก์ท็อป\imageprocessing-prj\data\train\mango\Image_81.jpg,51.3,30272e91bd1fb4cfcb30eda34f7434cc
train,mango,Image_83.jpg,C:\Users\Computer\OneDrive\เดสก์ท็อป\imageprocessing-prj\data\train\mango\Image_83.jpg,149.34,9fa05b569e221a37ac23d3c4ad7f6abe
train,mango,Image_85.jpg,C:\Users\Computer\OneDrive\เดสก์ท็อป\imageprocessing-prj\data\train\mango\Image_85.jpg,658.88,0ab35b96fed1c5af1d4fa0a024fa53d8
train,mango,Image_86.jpg,C:\Users\Computer\OneDrive\เดสก์ท็อป\imageprocessing-prj\data\train\mango\Image_86.jpg,208.04,36b845dbfd56266265cf62464dea3e1f
train,mango,Image_87.jpg,C:\Users\Computer\OneDrive\เดสก์ท็อป\imageprocessing-prj\data\train\mango\Image_87.jpg,1452.59,9c6974f9c0ccf0e61836677f35c044e5
train,mango,Image_88.jpg,C:\Users\Computer\OneDrive\เดสก์ท็อป\imageprocessing-prj\data\train\mango\Image_88.jpg,47.15,c9bcf28a7a0ba5132c29a579a235a26a
train,mango,Image_9.jpg,C:\Users\Computer\OneDrive\เดสก์ท็อป\imageprocessing-prj\data\train\mango\Image_9.jpg,38.2,0fbc1c51a909783f49bdae29ca7b2fe5
train,mango,Image_90.png,C:\Users\Computer\OneDrive\เดสก์ท็อป\imageprocessing-prj\data\train\mango\Image_90.png,473.25,94565f21ffad4ffbb6de5af49f836344
train,mango,Image_91.jpg,C:\Users\Computer\OneDrive\เดสก์ท็อป\imageprocessing-prj\data\train\mango\Image_91.jpg,248.38,2e607e600a81d28905b5e60453e5c984
train,mango,Image_92.jpg,C:\Users\Computer\OneDrive\เดสก์ท็อป\imageprocessing-prj\data\train\mango\Image_92.jpg,212.58,087679c0a5afcd0791b27f2b68d4126a
train,mango,Image_93.jpg,C:\Users\Computer\OneDrive\เดสก์ท็อป\imageprocessing-prj\data\train\mango\Image_93.jpg,154.79,769811426dada499be11cf0e7175614f
train,mango,Image_94.jpg,C:\Users\Computer\OneDrive\เดสก์ท็อป\imageprocessing-prj\data\train\mango\Image_94.jpg,202.72,42d306ae92fbfe68f8fa46fe2a736174
train,mango,Image_95.jpg,C:\Users\Computer\OneDrive\เดสก์ท็อป\imageprocessing-prj\data\train\mango\Image_95.jpg,269.94,32bb87a81955f76a3295e0e4da5bafd4
train,mango,Image_96.jpg,C:\Users\Computer\OneDrive\เดสก์ท็อป\imageprocessing-prj\data\train\mango\Image_96.jpg,2853.94,9febaebeeabfb4f39e8437243e8ba233
train,mango,Image_97.jpg,C:\Users\Computer\OneDrive\เดสก์ท็อป\imageprocessing-prj\data\train\mango\Image_97.jpg,140.4,71c860d10ca41b045ea761fa03c92b0d
train,mango,Image_98.jpg,C:\Users\Computer\OneDrive\เดสก์ท็อป\imageprocessing-prj\data\train\mango\Image_98.jpg,106.41,322e025e16de22e228ba8797e7d5191c
train,mango,Image_99.jpg,C:\Users\Computer\OneDrive\เดสก์ท็อป\imageprocessing-prj\data\train\mango\Image_99.jpg,38.2,0fbc1c51a909783f49bdae29ca7b2fe5
train,onion,Image_1.jpg,C:\Users\Computer\OneDrive\เดสก์ท็อป\imageprocessing-prj\data\train\onion\Image_1.jpg,376.17,ba2522d4519904bd618b3972e60ae73b
train,onion,Image_10.jpg,C:\Users\Computer\OneDrive\เดสก์ท็อป\imageprocessing-prj\data\train\onion\Image_10.jpg,83.57,1a6a9a546e6b79de2fbe8e275e0f5a3e
train,onion,Image_100.jpg,C:\Users\Computer\OneDrive\เดสก์ท็อป\imageprocessing-prj\data\train\onion\Image_100.jpg,25.46,5aea6a3dc040c35ef116a84356b2fa45
train,onion,Image_11.jpg,C:\Users\Computer\OneDrive\เดสก์ท็อป\imageprocessing-prj\data\train\onion\Image_11.jpg,286.76,a516afc680d58218210b9905fb3c05bb
train,onion,Image_12.jpg,C:\Users\Computer\OneDrive\เดสก์ท็อป\imageprocessing-prj\data\train\onion\Image_12.jpg,221.99,ba4dd1853b325ecc0e73cdd94c662bf1
train,onion,Image_13.jpg,C:\Users\Computer\OneDrive\เดสก์ท็อป\imageprocessing-prj\data\train\onion\Image_13.jpg,340.83,535f1bdd78de46afb85509479ebd0ae2
train,onion,Image_14.jpg,C:\Users\Computer\OneDrive\เดสก์ท็อป\imageprocessing-prj\data\train\onion\Image_14.jpg,103.59,4d83a3cb6a2ac5dd56d069bd78f7c9c0
train,onion,Image_15.jpg,C:\Users\Computer\OneDrive\เดสก์ท็อป\imageprocessing-prj\data\train\onion\Image_15.jpg,25.46,5aea6a3dc040c35ef116a84356b2fa45
train,onion,Image_16.jpg,C:\Users\Computer\OneDrive\เดสก์ท็อป\imageprocessing-prj\data\train\onion\Image_16.jpg,63.19,ce371018dad03e0028b75c7e455e26fe
train,onion,Image_17.jpg,C:\Users\Computer\OneDrive\เดสก์ท็อป\imageprocessing-prj\data\train\onion\Image_17.jpg,111.69,bba2077b3b49b6511cf8611ee1e848fc
train,onion,Image_18.jpg,C:\Users\Computer\OneDrive\เดสก์ท็อป\imageprocessing-prj\data\train\onion\Image_18.jpg,504.0,e11bb83f6b5c5b6c0118b02b95c86b8e
train,onion,Image_19.jpg,C:\Users\Computer\OneDrive\เดสก์ท็อป\imageprocessing-prj\data\train\onion\Image_19.jpg,135.17,aa22ec287a42fa6e27350cef44a72c78
train,onion,Image_2.jpg,C:\Users\Computer\OneDrive\เดสก์ท็อป\imageprocessing-prj\data\train\onion\Image_2.jpg,629.01,ef8ac7d950cbbd900cdcff2e53ca40b4
train,onion,Image_20.jpg,C:\Users\Computer\OneDrive\เดสก์ท็อป\imageprocessing-prj\data\train\onion\Image_20.jpg,238.14,da714a0d81fd23d9cfb758720be315cb
train,onion,Image_21.jpg,C:\Users\Computer\OneDrive\เดสก์ท็อป\imageprocessing-prj\data\train\onion\Image_21.jpg,47.85,c1f8bf086fe6334ec3ed11219156d88a
train,onion,Image_22.jpg,C:\Users\Computer\OneDrive\เดสก์ท็อป\imageprocessing-prj\data\train\onion\Image_22.jpg,38.65,1b3f07e5ee2e614eb34ed9b06db6323a
train,onion,Image_23.jpg,C:\Users\Computer\OneDrive\เดสก์ท็อป\imageprocessing-prj\data\train\onion\Image_23.jpg,89.49,8627c59991d9ac1f192d3c3e21eeee3d
train,onion,Image_24.jpg,C:\Users\Computer\OneDrive\เดสก์ท็อป\imageprocessing-prj\data\train\onion\Image_24.jpg,29.53,02d8d8e278c5a869ca92c564a75c8926
train,onion,Image_25.jpg,C:\Users\Computer\OneDrive\เดสก์ท็อป\imageprocessing-prj\data\train\onion\Image_25.jpg,67.56,a2a4d9832a3948a729485d31f4950f8a
train,onion,Image_26.jpg,C:\Users\Computer\OneDrive\เดสก์ท็อป\imageprocessing-prj\data\train\onion\Image_26.jpg,75.6,13d545469783a816227aa4b8ce9e7ac4
train,onion,Image_27.jpg,C:\Users\Computer\OneDrive\เดสก์ท็อป\imageprocessing-prj\data\train\onion\Image_27.jpg,44.9,fd136a4e163b907f61d5a6fbd4153f56
train,onion,Image_28.jpg,C:\Users\Computer\OneDrive\เดสก์ท็อป\imageprocessing-prj\data\train\onion\Image_28.jpg,246.88,aea9267dc6282f7cf16e375d88f1be23
train,onion,Image_29.jpg,C:\Users\Computer\OneDrive\เดสก์ท็อป\imageprocessing-prj\data\train\onion\Image_29.jpg,131.32,12039bf930822e5832564ea23b74ce45
train,onion,Image_3.jpg,C:\Users\Computer\OneDrive\เดสก์ท็อป\imageprocessing-prj\data\train\onion\Image_3.jpg,49.25,35eef334781dd3f52636123bc9693cca
train,onion,Image_30.jpg,C:\Users\Computer\OneDrive\เดสก์ท็อป\imageprocessing-prj\data\train\onion\Image_30.jpg,28.88,a5976e836eea00a28183bd7835069fea
train,onion,Image_31.png,C:\Users\Computer\OneDrive\เดสก์ท็อป\imageprocessing-prj\data\train\onion\Image_31.png,4686.73,1ec92694bdc4982da726853ec9fa0a15
train,onion,Image_32.jpg,C:\Users\Computer\OneDrive\เดสก์ท็อป\imageprocessing-prj\data\train\onion\Image_32.jpg,79.5,280fc1450c1a9ada9952edca0811b2be
train,onion,Image_33.png,C:\Users\Computer\OneDrive\เดสก์ท็อป\imageprocessing-prj\data\train\onion\Image_33.png,103.71,f92ea36a82a70b4af8cbe2e2cf4014ea
train,onion,Image_34.png,C:\Users\Computer\OneDrive\เดสก์ท็อป\imageprocessing-prj\data\train\onion\Image_34.png,91.95,0504c3579724d817ebdaa04dfa5f75f7
train,onion,Image_35.png,C:\Users\Computer\OneDrive\เดสก์ท็อป\imageprocessing-prj\data\train\onion\Image_35.png,704.59,3da3fb5efb4ed5feec93ac80a9c49f07
train,onion,Image_36.jpg,C:\Users\Computer\OneDrive\เดสก์ท็อป\imageprocessing-prj\data\train\onion\Image_36.jpg,34.64,40e4d756f889d11032f2c110bc8d9b4b
train,onion,Image_37.png,C:\Users\Computer\OneDrive\เดสก์ท็อป\imageprocessing-prj\data\train\onion\Image_37.png,670.55,21a8f5b9fe15a72f8cec070d91072703
train,onion,Image_38.jpg,C:\Users\Computer\OneDrive\เดสก์ท็อป\imageprocessing-prj\data\train\onion\Image_38.jpg,55.84,47668da42cfcd9bba2bd70579dd1c080
train,onion,Image_39.jpg,C:\Users\Computer\OneDrive\เดสก์ท็อป\imageprocessing-prj\data\train\onion\Image_39.jpg,70.0,3ba621468840e037082afe3a24ad68ab
train,onion,Image_4.jpg,C:\Users\Computer\OneDrive\เดสก์ท็อป\imageprocessing-prj\data\train\onion\Image_4.jpg,369.23,784d881d02d3a25082f5897a10b3bbc8
train,onion,Image_40.jpg,C:\Users\Computer\OneDrive\เดสก์ท็อป\imageprocessing-prj\data\train\onion\Image_40.jpg,79.56,07ba933232cc99b032d0dfe7e4b90f1f
train,onion,Image_41.jpg,C:\Users\Computer\OneDrive\เดสก์ท็อป\imageprocessing-prj\data\train\onion\Image_41.jpg,3061.48,0e2635d1c7dc1b2e22733978ff7ec8d4
train,onion,Image_42.JPG,C:\Users\Computer\OneDrive\เดสก์ท็อป\imageprocessing-prj\data\train\onion\Image_42.JPG,258.72,c6e51bace6317a49f0e8b1bef86b305c
train,onion,Image_43.jpg,C:\Users\Computer\OneDrive\เดสก์ท็อป\imageprocessing-prj\data\train\onion\Image_43.jpg,87.76,a41b255a7852a7fc9cc7992b654bea78
train,onion,Image_45.jpg,C:\Users\Computer\OneDrive\เดสก์ท็อป\imageprocessing-prj\data\train\onion\Image_45.jpg,104.48,e6873de9f078f437874c91a23b4e44fa
train,onion,Image_46.jpg,C:\Users\Computer\OneDrive\เดสก์ท็อป\imageprocessing-prj\data\train\onion\Image_46.jpg,529.48,1d81a4bff2876c15e7dbff6175a2baa6
train,onion,Image_47.jpg,C:\Users\Computer\OneDrive\เดสก์ท็อป\imageprocessing-prj\data\train\onion\Image_47.jpg,186.86,8f8940d43e94fe39de674428bfa1fae8
train,onion,Image_48.jpg,C:\Users\Computer\OneDrive\เดสก์ท็อป\imageprocessing-prj\data\train\onion\Image_48.jpg,96.59,e0f527e21706627f5efd3ce0b45d6abc
train,onion,Image_49.png,C:\Users\Computer\OneDrive\เดสก์ท็อป\imageprocessing-prj\data\train\onion\Image_49.png,534.73,e330297940e0285d1df999c9a89238e0
train,onion,Image_5.jpg,C:\Users\Computer\OneDrive\เดสก์ท็อป\imageprocessing-prj\data\train\onion\Image_5.jpg,37.59,127cee93542fa69bb647667568673ad3
train,onion,Image_50.jpg,C:\Users\Computer\OneDrive\เดสก์ท็อป\imageprocessing-prj\data\train\onion\Image_50.jpg,7.99,f83bc8708dfccf9eb9f3c9659fdecf0f
train,onion,Image_52.jpg,C:\Users\Computer\OneDrive\เดสก์ท็อป\imageprocessing-prj\data\train\onion\Image_52.jpg,136.41,e72d675f3acd718ce21083638d2fdc5c
train,onion,Image_53.jpg,C:\Users\Computer\OneDrive\เดสก์ท็อป\imageprocessing-prj\data\train\onion\Image_53.jpg,4.69,b85a47ef29ad0e034ad01cc42a912ebb
train,onion,Image_54.jpg,C:\Users\Computer\OneDrive\เดสก์ท็อป\imageprocessing-prj\data\train\onion\Image_54.jpg,37.76,3c6dea24c92d665bad59e98d6cccc532
train,onion,Image_55.jpg,C:\Users\Computer\OneDrive\เดสก์ท็อป\imageprocessing-prj\data\train\onion\Image_55.jpg,65.02,60d3d3936d7633579c9150888d118183
train,onion,Image_56.jpg,C:\Users\Computer\OneDrive\เดสก์ท็อป\imageprocessing-prj\data\train\onion\Image_56.jpg,27.4,94b270c76c4243eed44f2ad4b3b50d8d
train,onion,Image_58.jpg,C:\Users\Computer\OneDrive\เดสก์ท็อป\imageprocessing-prj\data\train\onion\Image_58.jpg,61.96,f3e5dc804cf3cc3d3db82365064a3c3e
train,onion,Image_59.jpg,C:\Users\Computer\OneDrive\เดสก์ท็อป\imageprocessing-prj\data\train\onion\Image_59.jpg,853.34,0e9d4cb30136da014bca8aa49d1f01cb
train,onion,Image_6.jpg,C:\Users\Computer\OneDrive\เดสก์ท็อป\imageprocessing-prj\data\train\onion\Image_6.jpg,219.6,bcf741318ea52dd3fa2a526f8a5a5e56
train,onion,Image_60.jpg,C:\Users\Computer\OneDrive\เดสก์ท็อป\imageprocessing-prj\data\train\onion\Image_60.jpg,362.76,386dfd99b61f4975380c06fb1afbb409
train,onion,Image_61.jpg,C:\Users\Computer\OneDrive\เดสก์ท็อป\imageprocessing-prj\data\train\onion\Image_61.jpg,78.94,9a7cb9124f55439e2f4086cae1390965
train,onion,Image_62.jpg,C:\Users\Computer\OneDrive\เดสก์ท็อป\imageprocessing-prj\data\train\onion\Image_62.jpg,492.95,3c12041e198ef11d0aed22409299856b
train,onion,Image_63.png,C:\Users\Computer\OneDrive\เดสก์ท็อป\imageprocessing-prj\data\train\onion\Image_63.png,8838.73,dce520ecb167627bf9a9ff86a64441d2
train,onion,Image_64.jpeg,C:\Users\Computer\OneDrive\เดสก์ท็อป\imageprocessing-prj\data\train\onion\Image_64.jpeg,9.22,b354a79f47290e9fde2fd4a2dee5e360
train,onion,Image_65.jpg,C:\Users\Computer\OneDrive\เดสก์ท็อป\imageprocessing-prj\data\train\onion\Image_65.jpg,38.07,2a8e9d88afb3b4a37a22d1cd462563b7
train,onion,Image_66.jpg,C:\Users\Computer\OneDrive\เดสก์ท็อป\imageprocessing-prj\data\train\onion\Image_66.jpg,113.76,07f9e794738193e9f3a60a671cbba9c8
train,onion,Image_68.png,C:\Users\Computer\OneDrive\เดสก์ท็อป\imageprocessing-prj\data\train\onion\Image_68.png,244.86,dc8d1ec1c39e49baee927c0c1d0d1e8e
train,onion,Image_69.jpg,C:\Users\Computer\OneDrive\เดสก์ท็อป\imageprocessing-prj\data\train\onion\Image_69.jpg,15.66,7443a267db0d673782470364d391702b
train,onion,Image_7.jpg,C:\Users\Computer\OneDrive\เดสก์ท็อป\imageprocessing-prj\data\train\onion\Image_7.jpg,296.52,85fb95d8fc75e5d7714acf2eb8be3631
train,onion,Image_70.jpg,C:\Users\Computer\OneDrive\เดสก์ท็อป\imageprocessing-prj\data\train\onion\Image_70.jpg,16.81,965ec8359045cbc80205ec2d18efaf68
train,onion,Image_71.png,C:\Users\Computer\OneDrive\เดสก์ท็อป\imageprocessing-prj\data\train\onion\Image_71.png,331.2,4b6af71f967643c93d34cc28c8b44781
train,onion,Image_72.jpg,C:\Users\Computer\OneDrive\เดสก์ท็อป\imageprocessing-prj\data\train\onion\Image_72.jpg,82.51,65d17d5529ebefe66d96b300a0a14a56
train,onion,Image_73.jpg,C:\Users\Computer\OneDrive\เดสก์ท็อป\imageprocessing-prj\data\train\onion\Image_73.jpg,62.32,8775c0c8ddc18a77f99bfa13ff065169
train,onion,Image_74.jpg,C:\Users\Computer\OneDrive\เดสก์ท็อป\imageprocessing-prj\data\train\onion\Image_74.jpg,171.5,c301b9286bf8e3ccbc6917c89ff41255
train,onion,Image_75.jpg,C:\Users\Computer\OneDrive\เดสก์ท็อป\imageprocessing-prj\data\train\onion\Image_75.jpg,8050.25,7923d92f6962b34accd76de727d5ae32
train,onion,Image_78.png,C:\Users\Computer\OneDrive\เดสก์ท็อป\imageprocessing-prj\data\train\onion\Image_78.png,15.57,b0933e066cef453cebc9c9af03f7bc8a
train,onion,Image_79.jpg,C:\Users\Computer\OneDrive\เดสก์ท็อป\imageprocessing-prj\data\train\onion\Image_79.jpg,62.08,1bf7d93316bab867a30e53d00b77161b
train,onion,Image_8.jpg,C:\Users\Computer\OneDrive\เดสก์ท็อป\imageprocessing-prj\data\train\onion\Image_8.jpg,115.93,609f051af73dcbbb900d5051399764e8
train,onion,Image_80.jpg,C:\Users\Computer\OneDrive\เดสก์ท็อป\imageprocessing-prj\data\train\onion\Image_80.jpg,15.59,e103b9cc05d9ccdd11af894804961e4b
train,onion,Image_81.jpg,C:\Users\Computer\OneDrive\เดสก์ท็อป\imageprocessing-prj\data\train\onion\Image_81.jpg,1347.52,e7dbf8b265b090c43f0135f0fc44d2c4
train,onion,Image_82.jpg,C:\Users\Computer\OneDrive\เดสก์ท็อป\imageprocessing-prj\data\train\onion\Image_82.jpg,95.25,df28f3e408fab502d476e58ecad60fe1
train,onion,Image_83.jpg,C:\Users\Computer\OneDrive\เดสก์ท็อป\imageprocessing-prj\data\train\onion\Image_83.jpg,294.0,3128367e79baa523706a0bb0eabe1bbf
train,onion,Image_84.jpg,C:\Users\Computer\OneDrive\เดสก์ท็อป\imageprocessing-prj\data\train\onion\Image_84.jpg,67.35,35f862661ccc18f3805a5284774baea2
train,onion,Image_85.jpg,C:\Users\Computer\OneDrive\เดสก์ท็อป\imageprocessing-prj\data\train\onion\Image_85.jpg,13.01,fb5f019a90b295580423e1fee1ec5f5d
train,onion,Image_86.jpg,C:\Users\Computer\OneDrive\เดสก์ท็อป\imageprocessing-prj\data\train\onion\Image_86.jpg,9.3,91108c7076ec9eef12dcc8f5404653c4
train,onion,Image_87.jpg,C:\Users\Computer\OneDrive\เดสก์ท็อป\imageprocessing-prj\data\train\onion\Image_87.jpg,376.17,ba2522d4519904bd618b3972e60ae73b
train,onion,Image_88.jpg,C:\Users\Computer\OneDrive\เดสก์ท็อป\imageprocessing-prj\data\train\onion\Image_88.jpg,629.01,ef8ac7d950cbbd900cdcff2e53ca40b4
train,onion,Image_89.jpg,C:\Users\Computer\OneDrive\เดสก์ท็อป\imageprocessing-prj\data\train\onion\Image_89.jpg,49.25,35eef334781dd3f52636123bc9693cca
train,onion,Image_9.png,C:\Users\Computer\OneDrive\เดสก์ท็อป\imageprocessing-prj\data\train\onion\Image_9.png,1638.96,80fa57aa54170414b36d15b6853e6539
train,onion,Image_90.jpg,C:\Users\Computer\OneDrive\เดสก์ท็อป\imageprocessing-prj\data\train\onion\Image_90.jpg,37.59,127cee93542fa69bb647667568673ad3
train,onion,Image_91.jpg,C:\Users\Computer\OneDrive\เดสก์ท็อป\imageprocessing-prj\data\train\onion\Image_91.jpg,219.6,bcf741318ea52dd3fa2a526f8a5a5e56
train,onion,Image_92.jpg,C:\Users\Computer\OneDrive\เดสก์ท็อป\imageprocessing-prj\data\train\onion\Image_92.jpg,296.52,85fb95d8fc75e5d7714acf2eb8be3631
train,onion,Image_93.jpg,C:\Users\Computer\OneDrive\เดสก์ท็อป\imageprocessing-prj\data\train\onion\Image_93.jpg,115.93,609f051af73dcbbb900d5051399764e8
train,onion,Image_94.png,C:\Users\Computer\OneDrive\เดสก์ท็อป\imageprocessing-prj\data\train\onion\Image_94.png,1638.96,80fa57aa54170414b36d15b6853e6539
train,onion,Image_95.jpg,C:\Users\Computer\OneDrive\เดสก์ท็อป\imageprocessing-prj\data\train\onion\Image_95.jpg,83.57,1a6a9a546e6b79de2fbe8e275e0f5a3e
train,onion,Image_96.jpg,C:\Users\Computer\OneDrive\เดสก์ท็อป\imageprocessing-prj\data\train\onion\Image_96.jpg,286.76,a516afc680d58218210b9905fb3c05bb
train,onion,Image_97.jpg,C:\Users\Computer\OneDrive\เดสก์ท็อป\imageprocessing-prj\data\train\onion\Image_97.jpg,221.99,ba4dd1853b325ecc0e73cdd94c662bf1
train,onion,Image_98.jpg,C:\Users\Computer\OneDrive\เดสก์ท็อป\imageprocessing-prj\data\train\onion\Image_98.jpg,340.83,535f1bdd78de46afb85509479ebd0ae2
train,onion,Image_99.jpg,C:\Users\Computer\OneDrive\เดสก์ท็อป\imageprocessing-prj\data\train\onion\Image_99.jpg,103.59,4d83a3cb6a2ac5dd56d069bd78f7c9c0
train,orange,Image_1.png,C:\Users\Computer\OneDrive\เดสก์ท็อป\imageprocessing-prj\data\train\orange\Image_1.png,1564.16,15397f4cc565a330a89d0995aee74eac
train,orange,Image_10.jpg,C:\Users\Computer\OneDrive\เดสก์ท็อป\imageprocessing-prj\data\train\orange\Image_10.jpg,828.95,d97654b1ad8bbb4ad5fa930f28744972
train,orange,Image_100.jpg,C:\Users\Computer\OneDrive\เดสก์ท็อป\imageprocessing-prj\data\train\orange\Image_100.jpg,830.98,b5d4a0ad0026568f639d1b92a65ee063
train,orange,Image_11.jpg,C:\Users\Computer\OneDrive\เดสก์ท็อป\imageprocessing-prj\data\train\orange\Image_11.jpg,626.44,84cfe823678cc8dab76b8e583ef1f231
train,orange,Image_12.jpg,C:\Users\Computer\OneDrive\เดสก์ท็อป\imageprocessing-prj\data\train\orange\Image_12.jpg,8401.09,22b39e94dee8ec37e7121de9b3f8d73c
train,orange,Image_13.jpg,C:\Users\Computer\OneDrive\เดสก์ท็อป\imageprocessing-prj\data\train\orange\Image_13.jpg,515.29,31ad1ffd9dd60dbcf811f6f0a13bcb3d
train,orange,Image_14.jpg,C:\Users\Computer\OneDrive\เดสก์ท็อป\imageprocessing-prj\data\train\orange\Image_14.jpg,1318.57,f9d1fca59b1a2c834f12c26ed8539aae
train,orange,Image_15.jpg,C:\Users\Computer\OneDrive\เดสก์ท็อป\imageprocessing-prj\data\train\orange\Image_15.jpg,194.08,39ab160b248f6d14061a624bb0316eba
train,orange,Image_16.jpg,C:\Users\Computer\OneDrive\เดสก์ท็อป\imageprocessing-prj\data\train\orange\Image_16.jpg,1869.38,c8da5cdf560bae896a215b56a2a20307
train,orange,Image_17.JPG,C:\Users\Computer\OneDrive\เดสก์ท็อป\imageprocessing-prj\data\train\orange\Image_17.JPG,3042.37,fa6e38d4d949857fd5fe0688d6912639
train,orange,Image_18.jpg,C:\Users\Computer\OneDrive\เดสก์ท็อป\imageprocessing-prj\data\train\orange\Image_18.jpg,338.89,a41cba2c76c8599c1195aab680b958f4
train,orange,Image_19.jpg,C:\Users\Computer\OneDrive\เดสก์ท็อป\imageprocessing-prj\data\train\orange\Image_19.jpg,735.4,7af219291f65d8260da1b92a169f4ce0
train,orange,Image_2.jpg,C:\Users\Computer\OneDrive\เดสก์ท็อป\imageprocessing-prj\data\train\orange\Image_2.jpg,70.55,6a1623dca89f9f66b84157c7272522f8
train,orange,Image_20.jpg,C:\Users\Computer\OneDrive\เดสก์ท็อป\imageprocessing-prj\data\train\orange\Image_20.jpg,68.74,92129bac12881de5afcc6efae38c06f5
train,orange,Image_21.jpg,C:\Users\Computer\OneDrive\เดสก์ท็อป\imageprocessing-prj\data\train\orange\Image_21.jpg,87.44,b21b194ddd51c20a5fd464097f334207
train,orange,Image_22.jpg,C:\Users\Computer\OneDrive\เดสก์ท็อป\imageprocessing-prj\data\train\orange\Image_22.jpg,257.77,283facbf7b6d261fb50782707f9068d8
train,orange,Image_23.jpg,C:\Users\Computer\OneDrive\เดสก์ท็อป\imageprocessing-prj\data\train\orange\Image_23.jpg,170.53,fcac78b43cfc89361d0c56678a4616e7
train,orange,Image_24.jpg,C:\Users\Computer\OneDrive\เดสก์ท็อป\imageprocessing-prj\data\train\orange\Image_24.jpg,675.37,b4d4c102c31a42662860f391c2a6c58d
train,orange,Image_25.jpg,C:\Users\Computer\OneDrive\เดสก์ท็อป\imageprocessing-prj\data\train\orange\Image_25.jpg,134.3,f8c04eb28bc96b0a02838234ec14ae04
train,orange,Image_26.jpg,C:\Users\Computer\OneDrive\เดสก์ท็อป\imageprocessing-prj\data\train\orange\Image_26.jpg,741.32,55222a6bf7f7faa418c0903f64a8c09a
train,orange,Image_27.jpg,C:\Users\Computer\OneDrive\เดสก์ท็อป\imageprocessing-prj\data\train\orange\Image_27.jpg,99.24,d2ff5292aece7cbf88dd149c64d37af0
train,orange,Image_28.jpg,C:\Users\Computer\OneDrive\เดสก์ท็อป\imageprocessing-prj\data\train\orange\Image_28.jpg,1839.52,1f187ed59b20dbdd27043f7ae5b46e9e
train,orange,Image_29.jpg,C:\Users\Computer\OneDrive\เดสก์ท็อป\imageprocessing-prj\data\train\orange\Image_29.jpg,219.74,e523e4eb0ba38bebb67f73168d38ea24
train,orange,Image_3.jpg,C:\Users\Computer\OneDrive\เดสก์ท็อป\imageprocessing-prj\data\train\orange\Image_3.jpg,220.02,62657b11040a56571d7a3891f10db427
train,orange,Image_30.jpg,C:\Users\Computer\OneDrive\เดสก์ท็อป\imageprocessing-prj\data\train\orange\Image_30.jpg,244.36,9d83ba6d62832b80d14be1a5edce2c0b
train,orange,Image_32.jpg,C:\Users\Computer\OneDrive\เดสก์ท็อป\imageprocessing-prj\data\train\orange\Image_32.jpg,1437.66,20db80ff91b62b3902fb654201ab4faa
train,orange,Image_33.jpg,C:\Users\Computer\OneDrive\เดสก์ท็อป\imageprocessing-prj\data\train\orange\Image_33.jpg,3327.47,2732852aa0d7984a3e099ca5f54274d7
train,orange,Image_34.jpg,C:\Users\Computer\OneDrive\เดสก์ท็อป\imageprocessing-prj\data\train\orange\Image_34.jpg,279.9,9cfc87ff7255916bb03b2ab94a6fe5d8
train,orange,Image_36.jpg,C:\Users\Computer\OneDrive\เดสก์ท็อป\imageprocessing-prj\data\train\orange\Image_36.jpg,25.47,96bd555c43544c680e7a3c93f47b85d5
train,orange,Image_37.jpg,C:\Users\Computer\OneDrive\เดสก์ท็อป\imageprocessing-prj\data\train\orange\Image_37.jpg,180.53,669442b22fa9986cde32ca17fe77d4e1
train,orange,Image_38.jpg,C:\Users\Computer\OneDrive\เดสก์ท็อป\imageprocessing-prj\data\train\orange\Image_38.jpg,86.1,13f3351865dfb1e889eb09dc9216e8e4
train,orange,Image_39.jpeg,C:\Users\Computer\OneDrive\เดสก์ท็อป\imageprocessing-prj\data\train\orange\Image_39.jpeg,172.05,0d609493e44dc5939ee19ea28a59d5d4
train,orange,Image_4.jpg,C:\Users\Computer\OneDrive\เดสก์ท็อป\imageprocessing-prj\data\train\orange\Image_4.jpg,830.98,b5d4a0ad0026568f639d1b92a65ee063
train,orange,Image_40.jpg,C:\Users\Computer\OneDrive\เดสก์ท็อป\imageprocessing-prj\data\train\orange\Image_40.jpg,297.09,270777760b90baf96a0cff6b36bd6c5e
train,orange,Image_42.png,C:\Users\Computer\OneDrive\เดสก์ท็อป\imageprocessing-prj\data\train\orange\Image_42.png,2104.3,5ae43a11af33c4adac46d28c460e8f36
train,orange,Image_43.jpg,C:\Users\Computer\OneDrive\เดสก์ท็อป\imageprocessing-prj\data\train\orange\Image_43.jpg,109.85,cd8f3f614e9156e615e2319307041081
train,orange,Image_44.jpg,C:\Users\Computer\OneDrive\เดสก์ท็อป\imageprocessing-prj\data\train\orange\Image_44.jpg,692.04,75cd7506e41dc247c0b26a0199bc678c
train,orange,Image_45.jpg,C:\Users\Computer\OneDrive\เดสก์ท็อป\imageprocessing-prj\data\train\orange\Image_45.jpg,167.76,a2059190f20407724efb96d64119e7ce
train,orange,Image_46.jpg,C:\Users\Computer\OneDrive\เดสก์ท็อป\imageprocessing-prj\data\train\orange\Image_46.jpg,79.91,96b2320b571232e56aa60e172be7fe45
train,orange,Image_5.jpg,C:\Users\Computer\OneDrive\เดสก์ท็อป\imageprocessing-prj\data\train\orange\Image_5.jpg,797.28,1a784e00f1bd88c7cfd11f883176a742
train,orange,Image_51.jpg,C:\Users\Computer\OneDrive\เดสก์ท็อป\imageprocessing-prj\data\train\orange\Image_51.jpg,194.7,75527fafd962ef7ed908cf7c13eb815c
train,orange,Image_52.jpg,C:\Users\Computer\OneDrive\เดสก์ท็อป\imageprocessing-prj\data\train\orange\Image_52.jpg,77.02,219b225bfdb9a104cec8a5c5b5e2e40f
train,orange,Image_55.jpg,C:\Users\Computer\OneDrive\เดสก์ท็อป\imageprocessing-prj\data\train\orange\Image_55.jpg,221.81,10568a108639a380f8387090d43cc714
train,orange,Image_56.jpg,C:\Users\Computer\OneDrive\เดสก์ท็อป\imageprocessing-prj\data\train\orange\Image_56.jpg,226.31,e66ad1fcb164f4b47af85c2e8f361c72
train,orange,Image_6.jpg,C:\Users\Computer\OneDrive\เดสก์ท็อป\imageprocessing-prj\data\train\orange\Image_6.jpg,655.46,0aad614323e1e2602dbfd436e482b4f9
train,orange,Image_60.png,C:\Users\Computer\OneDrive\เดสก์ท็อป\imageprocessing-prj\data\train\orange\Image_60.png,92.09,cd86504e68b07a65a614a762bd35cddb
train,orange,Image_63.jpg,C:\Users\Computer\OneDrive\เดสก์ท็อป\imageprocessing-prj\data\train\orange\Image_63.jpg,318.82,b25d4c346828cca130668a16a6c2fff5
train,orange,Image_65.jpg,C:\Users\Computer\OneDrive\เดสก์ท็อป\imageprocessing-prj\data\train\orange\Image_65.jpg,49.14,1a5cc097c31ef336d2f516e0fca9a25f
train,orange,Image_67.jpg,C:\Users\Computer\OneDrive\เดสก์ท็อป\imageprocessing-prj\data\train\orange\Image_67.jpg,25.07,d83d26270d423ad88a9e5df43d216f86
train,orange,Image_68.jpg,C:\Users\Computer\OneDrive\เดสก์ท็อป\imageprocessing-prj\data\train\orange\Image_68.jpg,46.91,1e03879c16ea3d5b5a8b6c5118fb46cf
train,orange,Image_7.jpg,C:\Users\Computer\OneDrive\เดสก์ท็อป\imageprocessing-prj\data\train\orange\Image_7.jpg,4311.9,76092a084c9f2b58352dc367ffbc83ff
train,orange,Image_70.jpg,C:\Users\Computer\OneDrive\เดสก์ท็อป\imageprocessing-prj\data\train\orange\Image_70.jpg,946.43,f121fd68cf140106a8ef7a2fef56653b
train,orange,Image_72.jpg,C:\Users\Computer\OneDrive\เดสก์ท็อป\imageprocessing-prj\data\train\orange\Image_72.jpg,31.38,dba7caa31dd14408c4edd59d8f1cc6cc
train,orange,Image_73.jpg,C:\Users\Computer\OneDrive\เดสก์ท็อป\imageprocessing-prj\data\train\orange\Image_73.jpg,351.41,24a4064ec2d0d3cf38a23634129e636b
train,orange,Image_74.jpg,C:\Users\Computer\OneDrive\เดสก์ท็อป\imageprocessing-prj\data\train\orange\Image_74.jpg,43.43,7f770b75a82f799519cfa62839ff3b8c
train,orange,Image_76.jpg,C:\Users\Computer\OneDrive\เดสก์ท็อป\imageprocessing-prj\data\train\orange\Image_76.jpg,5665.85,d668ec91101c549b3fa1190cd0c4d753
train,orange,Image_77.jpg,C:\Users\Computer\OneDrive\เดสก์ท็อป\imageprocessing-prj\data\train\orange\Image_77.jpg,90.88,5172e65e1d7b40160c4023c342267930
train,orange,Image_79.jpg,C:\Users\Computer\OneDrive\เดสก์ท็อป\imageprocessing-prj\data\train\orange\Image_79.jpg,20.35,0bcf7aaa4edafce62de9a681a3998efb
train,orange,Image_8.jpeg,C:\Users\Computer\OneDrive\เดสก์ท็อป\imageprocessing-prj\data\train\orange\Image_8.jpeg,5081.1,52ab49d36345efce755e7948286aeaef
train,orange,Image_84.png,C:\Users\Computer\OneDrive\เดสก์ท็อป\imageprocessing-prj\data\train\orange\Image_84.png,151.47,2f5a59200849c33caa28fdb65cd16a58
train,orange,Image_85.jpg,C:\Users\Computer\OneDrive\เดสก์ท็อป\imageprocessing-prj\data\train\orange\Image_85.jpg,130.86,0809acbae8d699afe4aa07be43036abe
train,orange,Image_87.jpg,C:\Users\Computer\OneDrive\เดสก์ท็อป\imageprocessing-prj\data\train\orange\Image_87.jpg,95.47,53b32b617ddf32b93c40a5e5abc3052a
train,orange,Image_88.jpg,C:\Users\Computer\OneDrive\เดสก์ท็อป\imageprocessing-prj\data\train\orange\Image_88.jpg,72.52,5451505f3a91ccf32bdef4410711a60c
train,orange,Image_9.jpg,C:\Users\Computer\OneDrive\เดสก์ท็อป\imageprocessing-prj\data\train\orange\Image_9.jpg,434.67,f529fd777e3be976df1b31b631a0d2d0
train,orange,Image_90.jpg,C:\Users\Computer\OneDrive\เดสก์ท็อป\imageprocessing-prj\data\train\orange\Image_90.jpg,134.08,7718d8267253c2d6744f9823a1ab6c97
train,orange,Image_95.jpg,C:\Users\Computer\OneDrive\เดสก์ท็อป\imageprocessing-prj\data\train\orange\Image_95.jpg,15.75,42eb5cef656834f6f11a48e201ae1012
train,orange,Image_97.png,C:\Users\Computer\OneDrive\เดสก์ท็อป\imageprocessing-prj\data\train\orange\Image_97.png,1564.16,15397f4cc565a330a89d0995aee74eac
train,orange,Image_98.jpg,C:\Users\Computer\OneDrive\เดสก์ท็อป\imageprocessing-prj\data\train\orange\Image_98.jpg,70.55,6a1623dca89f9f66b84157c7272522f8
train,orange,Image_99.jpg,C:\Users\Computer\OneDrive\เดสก์ท็อป\imageprocessing-prj\data\train\orange\Image_99.jpg,220.02,62657b11040a56571d7a3891f10db427
train,paprika,Image_1.jpg,C:\Users\Computer\OneDrive\เดสก์ท็อป\imageprocessing-prj\data\train\paprika\Image_1.jpg,293.12,6646750394ec72fb9d23093f1d2c60b3
train,paprika,Image_10.jpeg,C:\Users\Computer\OneDrive\เดสก์ท็อป\imageprocessing-prj\data\train\paprika\Image_10.jpeg,67.87,3cdbe2ccf747e745d11ec7c0cde2799d
train,paprika,Image_100.jpg,C:\Users\Computer\OneDrive\เดสก์ท็อป\imageprocessing-prj\data\train\paprika\Image_100.jpg,99.54,f2e2aca77ea0a1d5b1621e0191516f03
train,paprika,Image_11.jpg,C:\Users\Computer\OneDrive\เดสก์ท็อป\imageprocessing-prj\data\train\paprika\Image_11.jpg,98.8,95635f96ee5e04609da9eb9c56b65a53
train,paprika,Image_12.jpg,C:\Users\Computer\OneDrive\เดสก์ท็อป\imageprocessing-prj\data\train\paprika\Image_12.jpg,136.86,f8778753ea9d3cff427ae344e17d67b3
train,paprika,Image_13.jpg,C:\Users\Computer\OneDrive\เดสก์ท็อป\imageprocessing-prj\data\train\paprika\Image_13.jpg,1418.42,9533b736abf8e5ea9d61dc2f8e4630a2
train,paprika,Image_14.png,C:\Users\Computer\OneDrive\เดสก์ท็อป\imageprocessing-prj\data\train\paprika\Image_14.png,1214.36,67e37073e2ff4627af5cf3672de1fe41
train,paprika,Image_15.jpg,C:\Users\Computer\OneDrive\เดสก์ท็อป\imageprocessing-prj\data\train\paprika\Image_15.jpg,25.15,e33f9d2013f804635990211e710f7813
train,paprika,Image_16.jpg,C:\Users\Computer\OneDrive\เดสก์ท็อป\imageprocessing-prj\data\train\paprika\Image_16.jpg,36.75,aebf544f9dd5db7e6223abfa8517560a
train,paprika,Image_17.jpg,C:\Users\Computer\OneDrive\เดสก์ท็อป\imageprocessing-prj\data\train\paprika\Image_17.jpg,47.9,ffeeee232a3c87ee62f71238104e317a
train,paprika,Image_18.jpeg,C:\Users\Computer\OneDrive\เดสก์ท็อป\imageprocessing-prj\data\train\paprika\Image_18.jpeg,57.03,2dceb3d2bb876720f456d67200a8e299
train,paprika,Image_19.jpg,C:\Users\Computer\OneDrive\เดสก์ท็อป\imageprocessing-prj\data\train\paprika\Image_19.jpg,4180.17,36d5e478de29c014195e031f017b02af
train,paprika,Image_2.jpg,C:\Users\Computer\OneDrive\เดสก์ท็อป\imageprocessing-prj\data\train\paprika\Image_2.jpg,83.59,bf08442dcd6cc348c11914b7bda41dea
train,paprika,Image_20.jpg,C:\Users\Computer\OneDrive\เดสก์ท็อป\imageprocessing-prj\data\train\paprika\Image_20.jpg,55.63,88aa1ee0cffd33e1cc934b819e7a426e
train,paprika,Image_21.jpg,C:\Users\Computer\OneDrive\เดสก์ท็อป\imageprocessing-prj\data\train\paprika\Image_21.jpg,422.19,78182192c731dfa10d3211338af3894c
train,paprika,Image_22.png,C:\Users\Computer\OneDrive\เดสก์ท็อป\imageprocessing-prj\data\train\paprika\Image_22.png,608.4,a5c0b46db4a116bb9f457df7f1f3579b
train,paprika,Image_24.jpg,C:\Users\Computer\OneDrive\เดสก์ท็อป\imageprocessing-prj\data\train\paprika\Image_24.jpg,148.08,4719d803400cfd69a7ac6b9715a0fb25
train,paprika,Image_25.jpg,C:\Users\Computer\OneDrive\เดสก์ท็อป\imageprocessing-prj\data\train\paprika\Image_25.jpg,214.46,9284b5d2a7cf1a51064d733ecd48c75e
train,paprika,Image_26.png,C:\Users\Computer\OneDrive\เดสก์ท็อป\imageprocessing-prj\data\train\paprika\Image_26.png,483.41,8e03cc24061894e877c6af98dbe03f1a
train,paprika,Image_27.jpg,C:\Users\Computer\OneDrive\เดสก์ท็อป\imageprocessing-prj\data\train\paprika\Image_27.jpg,97.83,5d40ca8198c4aadb3e92c4349d4a0e47
train,paprika,Image_28.jpg,C:\Users\Computer\OneDrive\เดสก์ท็อป\imageprocessing-prj\data\train\paprika\Image_28.jpg,25.66,3be93e644dc29229d26c4771b0bfaa59
train,paprika,Image_29.jpg,C:\Users\Computer\OneDrive\เดสก์ท็อป\imageprocessing-prj\data\train\paprika\Image_29.jpg,388.12,46f55495471905c6bc78ad4d6c612025
train,paprika,Image_3.jpg,C:\Users\Computer\OneDrive\เดสก์ท็อป\imageprocessing-prj\data\train\paprika\Image_3.jpg,80.66,d6d5c03c5b5a4273109411bed0d32655
train,paprika,Image_30.jpg,C:\Users\Computer\OneDrive\เดสก์ท็อป\imageprocessing-prj\data\train\paprika\Image_30.jpg,383.88,f6f769cf768783188ec9a7f76551490a
train,paprika,Image_31.jpg,C:\Users\Computer\OneDrive\เดสก์ท็อป\imageprocessing-prj\data\train\paprika\Image_31.jpg,30.47,fe72e22977fd8e43ee00e662d0ac6477
train,paprika,Image_32.jpg,C:\Users\Computer\OneDrive\เดสก์ท็อป\imageprocessing-prj\data\train\paprika\Image_32.jpg,105.02,6c771e02fdbdc13f82e23e0d6c12ea8f
train,paprika,Image_34.jpg,C:\Users\Computer\OneDrive\เดสก์ท็อป\imageprocessing-prj\data\train\paprika\Image_34.jpg,616.65,68edba4d507544f9909857f2506c81e5
train,paprika,Image_35.jpg,C:\Users\Computer\OneDrive\เดสก์ท็อป\imageprocessing-prj\data\train\paprika\Image_35.jpg,85.15,c21f2046027a56c6339bda6ddf5697fc
train,paprika,Image_36.jpeg,C:\Users\Computer\OneDrive\เดสก์ท็อป\imageprocessing-prj\data\train\paprika\Image_36.jpeg,49.07,b7ea3934561d8eadf2842d0de67e7393
train,paprika,Image_37.jpg,C:\Users\Computer\OneDrive\เดสก์ท็อป\imageprocessing-prj\data\train\paprika\Image_37.jpg,72.21,fe5215c0c30dca7538f2ce55cd7cb2b5
train,paprika,Image_38.jpg,C:\Users\Computer\OneDrive\เดสก์ท็อป\imageprocessing-prj\data\train\paprika\Image_38.jpg,65.41,1a0b038af5a3256972e509078aafde0f
train,paprika,Image_39.jpg,C:\Users\Computer\OneDrive\เดสก์ท็อป\imageprocessing-prj\data\train\paprika\Image_39.jpg,55.77,89a8c211dcee5b609391baba2cb40998
train,paprika,Image_4.jpg,C:\Users\Computer\OneDrive\เดสก์ท็อป\imageprocessing-prj\data\train\paprika\Image_4.jpg,113.35,27f8fe6d7a527675a265a3f0d177d1ae
train,paprika,Image_40.jpg,C:\Users\Computer\OneDrive\เดสก์ท็อป\imageprocessing-prj\data\train\paprika\Image_40.jpg,233.06,664a5a966a2e469c63e020f7316ddaed
train,paprika,Image_41.jpg,C:\Users\Computer\OneDrive\เดสก์ท็อป\imageprocessing-prj\data\train\paprika\Image_41.jpg,118.44,af2f2f56320a1cfa4337d310f8a0d382
train,paprika,Image_42.jpg,C:\Users\Computer\OneDrive\เดสก์ท็อป\imageprocessing-prj\data\train\paprika\Image_42.jpg,96.88,32f0a5d7cb2b6b522f34537460ac3f2a
train,paprika,Image_45.jpg,C:\Users\Computer\OneDrive\เดสก์ท็อป\imageprocessing-prj\data\train\paprika\Image_45.jpg,50.29,ad84d4b458195e5593bb1e16fdc6d0b7
train,paprika,Image_46.jpg,C:\Users\Computer\OneDrive\เดสก์ท็อป\imageprocessing-prj\data\train\paprika\Image_46.jpg,116.83,2bdfe3b5f59226551167b42886727791
train,paprika,Image_47.jpg,C:\Users\Computer\OneDrive\เดสก์ท็อป\imageprocessing-prj\data\train\paprika\Image_47.jpg,136.12,d042d3e01effe2ba9914eb6b02c7e38c
train,paprika,Image_5.jpg,C:\Users\Computer\OneDrive\เดสก์ท็อป\imageprocessing-prj\data\train\paprika\Image_5.jpg,41.62,f462b5245e9735d5a6f9043f97dfc83b
train,paprika,Image_51.jpg,C:\Users\Computer\OneDrive\เดสก์ท็อป\imageprocessing-prj\data\train\paprika\Image_51.jpg,41.01,3b68b75c6114da00549f92902e00e7bd
train,paprika,Image_55.JPG,C:\Users\Computer\OneDrive\เดสก์ท็อป\imageprocessing-prj\data\train\paprika\Image_55.JPG,563.95,c44511fcb50fd905022a543d414a6ab6
train,paprika,Image_56.jpg,C:\Users\Computer\OneDrive\เดสก์ท็อป\imageprocessing-prj\data\train\paprika\Image_56.jpg,300.14,48ad223f9f3ac0a416b2c6a3f5bf19ce
train,paprika,Image_57.jpg,C:\Users\Computer\OneDrive\เดสก์ท็อป\imageprocessing-prj\data\train\paprika\Image_57.jpg,14.31,336f7e3be8a6132b698234c20b94d5ff
train,paprika,Image_58.jpg,C:\Users\Computer\OneDrive\เดสก์ท็อป\imageprocessing-prj\data\train\paprika\Image_58.jpg,84.38,cf017ebefcd8c421979a71e86b99278f
train,paprika,Image_59.jpg,C:\Users\Computer\OneDrive\เดสก์ท็อป\imageprocessing-prj\data\train\paprika\Image_59.jpg,231.78,4ac3a6ff0058ee2ddc14e513a90a9032
train,paprika,Image_6.jpg,C:\Users\Computer\OneDrive\เดสก์ท็อป\imageprocessing-prj\data\train\paprika\Image_6.jpg,77.37,625a36e8c87be53ccec1c5623fe1b20f
train,paprika,Image_60.jpg,C:\Users\Computer\OneDrive\เดสก์ท็อป\imageprocessing-prj\data\train\paprika\Image_60.jpg,413.76,19f26d98f3ed323d8c826c1147ce8c46
train,paprika,Image_61.jpg,C:\Users\Computer\OneDrive\เดสก์ท็อป\imageprocessing-prj\data\train\paprika\Image_61.jpg,24.71,09bb843affae0a18257d16cb4d1d7ec3
train,paprika,Image_63.jpg,C:\Users\Computer\OneDrive\เดสก์ท็อป\imageprocessing-prj\data\train\paprika\Image_63.jpg,885.15,b5e511c445d4ee1591dec77bd202eea0
train,paprika,Image_64.jpg,C:\Users\Computer\OneDrive\เดสก์ท็อป\imageprocessing-prj\data\train\paprika\Image_64.jpg,171.23,61becfc69a5660734ca5ec3a9f4c2e52
train,paprika,Image_65.jpg,C:\Users\Computer\OneDrive\เดสก์ท็อป\imageprocessing-prj\data\train\paprika\Image_65.jpg,138.2,ee7bcfc1c87fe2ca0e643672ea575381
train,paprika,Image_66.jpg,C:\Users\Computer\OneDrive\เดสก์ท็อป\imageprocessing-prj\data\train\paprika\Image_66.jpg,240.27,97ca771541e33a68a773c5697dc1d678
train,paprika,Image_67.jpg,C:\Users\Computer\OneDrive\เดสก์ท็อป\imageprocessing-prj\data\train\paprika\Image_67.jpg,115.1,56b47c9faa5ec8a9978260d234f764c6
train,paprika,Image_68.jpg,C:\Users\Computer\OneDrive\เดสก์ท็อป\imageprocessing-prj\data\train\paprika\Image_68.jpg,186.66,a91c99571528229a76d6ca274edfee1b
train,paprika,Image_7.jpg,C:\Users\Computer\OneDrive\เดสก์ท็อป\imageprocessing-prj\data\train\paprika\Image_7.jpg,99.54,f2e2aca77ea0a1d5b1621e0191516f03
train,paprika,Image_70.jpg,C:\Users\Computer\OneDrive\เดสก์ท็อป\imageprocessing-prj\data\train\paprika\Image_70.jpg,103.59,b7035c9213f579f62169f0e26615092b
train,paprika,Image_71.jpg,C:\Users\Computer\OneDrive\เดสก์ท็อป\imageprocessing-prj\data\train\paprika\Image_71.jpg,930.98,6f70714a580ef8bf231d7c3fe638610c
train,paprika,Image_72.jpg,C:\Users\Computer\OneDrive\เดสก์ท็อป\imageprocessing-prj\data\train\paprika\Image_72.jpg,43.97,e4cdc13aad8e27a12b57ec4ed1c2cf59
train,paprika,Image_73.jpg,C:\Users\Computer\OneDrive\เดสก์ท็อป\imageprocessing-prj\data\train\paprika\Image_73.jpg,130.33,e39969f3fd5b78ba85ea866345b5c362
train,paprika,Image_74.jpg,C:\Users\Computer\OneDrive\เดสก์ท็อป\imageprocessing-prj\data\train\paprika\Image_74.jpg,15.9,7bb420eb95bc09fe55be1e08f30a8ee1
train,paprika,Image_75.jpg,C:\Users\Computer\OneDrive\เดสก์ท็อป\imageprocessing-prj\data\train\paprika\Image_75.jpg,112.25,b2d065e894f4f8ab62bc6a08d4636946
train,paprika,Image_77.jpg,C:\Users\Computer\OneDrive\เดสก์ท็อป\imageprocessing-prj\data\train\paprika\Image_77.jpg,1027.84,581c46c01c86bb67e85d2122d3f8e252
train,paprika,Image_79.jpg,C:\Users\Computer\OneDrive\เดสก์ท็อป\imageprocessing-prj\data\train\paprika\Image_79.jpg,21.11,e46e26e819c77b8465f3920bcd5e6426
train,paprika,Image_8.jpg,C:\Users\Computer\OneDrive\เดสก์ท็อป\imageprocessing-prj\data\train\paprika\Image_8.jpg,89.68,0ef3c5dc45b4067d7a4a064bceeaa822
train,paprika,Image_80.jpg,C:\Users\Computer\OneDrive\เดสก์ท็อป\imageprocessing-prj\data\train\paprika\Image_80.jpg,41.48,898dc5131ae60cba428a0834c1ae4968
train,paprika,Image_81.jpg,C:\Users\Computer\OneDrive\เดสก์ท็อป\imageprocessing-prj\data\train\paprika\Image_81.jpg,314.52,1086bd47b7e3a744c9e4e7bd41e06ec8
train,paprika,Image_82.jpg,C:\Users\Computer\OneDrive\เดสก์ท็อป\imageprocessing-prj\data\train\paprika\Image_82.jpg,64.3,01df8711e853f00cc1cd79bc4af4279e
train,paprika,Image_83.jpg,C:\Users\Computer\OneDrive\เดสก์ท็อป\imageprocessing-prj\data\train\paprika\Image_83.jpg,94.5,1c2514851809d1baef76631f4741ac8a
train,paprika,Image_84.jpg,C:\Users\Computer\OneDrive\เดสก์ท็อป\imageprocessing-prj\data\train\paprika\Image_84.jpg,33.91,5dfb19189c01aee1f5f871a5adb5d577
train,paprika,Image_85.jpeg,C:\Users\Computer\OneDrive\เดสก์ท็อป\imageprocessing-prj\data\train\paprika\Image_85.jpeg,188.52,f5ebb26fd042d16f25c8b26d408fdfff
train,paprika,Image_86.png,C:\Users\Computer\OneDrive\เดสก์ท็อป\imageprocessing-prj\data\train\paprika\Image_86.png,4912.29,18baf1355f11cea92ab06fa21ee221ec
train,paprika,Image_87.jpg,C:\Users\Computer\OneDrive\เดสก์ท็อป\imageprocessing-prj\data\train\paprika\Image_87.jpg,58.14,04871c3b60dbd529d2684df961f177d2
train,paprika,Image_89.jpg,C:\Users\Computer\OneDrive\เดสก์ท็อป\imageprocessing-prj\data\train\paprika\Image_89.jpg,47.41,20a3707651bc426c3a7eec95becf76b7
train,paprika,Image_9.jpg,C:\Users\Computer\OneDrive\เดสก์ท็อป\imageprocessing-prj\data\train\paprika\Image_9.jpg,1280.21,abeb78060a62f30c08ec609f17a044dd
train,paprika,Image_90.jpg,C:\Users\Computer\OneDrive\เดสก์ท็อป\imageprocessing-prj\data\train\paprika\Image_90.jpg,83.82,b1752abd1744abb68374623c9e13f00c
train,paprika,Image_91.jpg,C:\Users\Computer\OneDrive\เดสก์ท็อป\imageprocessing-prj\data\train\paprika\Image_91.jpg,1331.85,a7d75a6b5b92684535d3308cbc68dd12
train,paprika,Image_94.jpg,C:\Users\Computer\OneDrive\เดสก์ท็อป\imageprocessing-prj\data\train\paprika\Image_94.jpg,293.12,6646750394ec72fb9d23093f1d2c60b3
train,paprika,Image_95.jpg,C:\Users\Computer\OneDrive\เดสก์ท็อป\imageprocessing-prj\data\train\paprika\Image_95.jpg,83.59,bf08442dcd6cc348c11914b7bda41dea
train,paprika,Image_96.jpg,C:\Users\Computer\OneDrive\เดสก์ท็อป\imageprocessing-prj\data\train\paprika\Image_96.jpg,80.66,d6d5c03c5b5a4273109411bed0d32655
train,paprika,Image_97.jpg,C:\Users\Computer\OneDrive\เดสก์ท็อป\imageprocessing-prj\data\train\paprika\Image_97.jpg,113.35,27f8fe6d7a527675a265a3f0d177d1ae
train,paprika,Image_98.jpg,C:\Users\Computer\OneDrive\เดสก์ท็อป\imageprocessing-prj\data\train\paprika\Image_98.jpg,41.62,f462b5245e9735d5a6f9043f97dfc83b
train,paprika,Image_99.jpg,C:\Users\Computer\OneDrive\เดสก์ท็อป\imageprocessing-prj\data\train\paprika\Image_99.jpg,77.37,625a36e8c87be53ccec1c5623fe1b20f
train,pear,Image_1.jpg,C:\Users\Computer\OneDrive\เดสก์ท็อป\imageprocessing-prj\data\train\pear\Image_1.jpg,76.19,d9ecef7eed69143e5883928e9f420509
train,pear,Image_10.png,C:\Users\Computer\OneDrive\เดสก์ท็อป\imageprocessing-prj\data\train\pear\Image_10.png,71.82,a25aaee006f6fac3a7f3f63cc876c631
train,pear,Image_100.jpg,C:\Users\Computer\OneDrive\เดสก์ท็อป\imageprocessing-prj\data\train\pear\Image_100.jpg,169.78,f0dee7bfb53716a1b1dcc82f0deccaa3
train,pear,Image_11.jpg,C:\Users\Computer\OneDrive\เดสก์ท็อป\imageprocessing-prj\data\train\pear\Image_11.jpg,1193.33,6605ecd4ddc0dd5dc2f84e3ee1d85406
train,pear,Image_12.jpg,C:\Users\Computer\OneDrive\เดสก์ท็อป\imageprocessing-prj\data\train\pear\Image_12.jpg,7.17,9f3ce074c0c8a6379dc29d635c7e6e41
train,pear,Image_13.jpg,C:\Users\Computer\OneDrive\เดสก์ท็อป\imageprocessing-prj\data\train\pear\Image_13.jpg,16.83,035c95d8d2c96df16920ec813b7bc3f1
train,pear,Image_14.jpg,C:\Users\Computer\OneDrive\เดสก์ท็อป\imageprocessing-prj\data\train\pear\Image_14.jpg,17.56,2dbbaeb2293839f1849cf211c01ed87f
train,pear,Image_15.jpg,C:\Users\Computer\OneDrive\เดสก์ท็อป\imageprocessing-prj\data\train\pear\Image_15.jpg,656.41,d223175db3cd4b75089ec679627920ce
train,pear,Image_16.jpg,C:\Users\Computer\OneDrive\เดสก์ท็อป\imageprocessing-prj\data\train\pear\Image_16.jpg,62.88,64eb157edceab815849dbb6089f18a9f
train,pear,Image_17.jpg,C:\Users\Computer\OneDrive\เดสก์ท็อป\imageprocessing-prj\data\train\pear\Image_17.jpg,17.49,2c4ecca95ba0534c45cc6a81ad44cc51
train,pear,Image_18.jpg,C:\Users\Computer\OneDrive\เดสก์ท็อป\imageprocessing-prj\data\train\pear\Image_18.jpg,2891.74,acc08d7161abb53184b7cd7c894e2033
train,pear,Image_19.jpg,C:\Users\Computer\OneDrive\เดสก์ท็อป\imageprocessing-prj\data\train\pear\Image_19.jpg,23.15,7e1f665d83b005ebfc43308bfbae3f3c
train,pear,Image_2.jpg,C:\Users\Computer\OneDrive\เดสก์ท็อป\imageprocessing-prj\data\train\pear\Image_2.jpg,331.0,f0ce0f437312bf1b297927c5e3121be8
train,pear,Image_20.JPG,C:\Users\Computer\OneDrive\เดสก์ท็อป\imageprocessing-prj\data\train\pear\Image_20.JPG,123.57,4de57e67b7546e9d9e5f55ce182cadd1
train,pear,Image_21.jpg,C:\Users\Computer\OneDrive\เดสก์ท็อป\imageprocessing-prj\data\train\pear\Image_21.jpg,8.84,4ff466397fb3c8bcb2234bac603d1230
train,pear,Image_22.jpg,C:\Users\Computer\OneDrive\เดสก์ท็อป\imageprocessing-prj\data\train\pear\Image_22.jpg,88.92,a9365ee539276f804258af65852c6449
train,pear,Image_23.jpg,C:\Users\Computer\OneDrive\เดสก์ท็อป\imageprocessing-prj\data\train\pear\Image_23.jpg,557.71,7528469ad8dac6e64dc980ece88c3841
train,pear,Image_24.jpg,C:\Users\Computer\OneDrive\เดสก์ท็อป\imageprocessing-prj\data\train\pear\Image_24.jpg,137.47,e2112c49bd56aeb92408d96080edae71
train,pear,Image_25.jpg,C:\Users\Computer\OneDrive\เดสก์ท็อป\imageprocessing-prj\data\train\pear\Image_25.jpg,605.23,0b88765fa8e14a3c018d6e9b8cae0fd4
train,pear,Image_26.jpg,C:\Users\Computer\OneDrive\เดสก์ท็อป\imageprocessing-prj\data\train\pear\Image_26.jpg,62.9,608bba6c1c67097962a3e18e739aefc1
train,pear,Image_27.jpg,C:\Users\Computer\OneDrive\เดสก์ท็อป\imageprocessing-prj\data\train\pear\Image_27.jpg,89.86,0a6ec5599b63701afe5137dff8f50cd9
train,pear,Image_28.jpg,C:\Users\Computer\OneDrive\เดสก์ท็อป\imageprocessing-prj\data\train\pear\Image_28.jpg,4.67,af55410ca81dba3e35855420ef4e0cb0
train,pear,Image_29.jpg,C:\Users\Computer\OneDrive\เดสก์ท็อป\imageprocessing-prj\data\train\pear\Image_29.jpg,241.76,24b509b4084c8be6fad03ca9f4817a42
train,pear,Image_3.jpg,C:\Users\Computer\OneDrive\เดสก์ท็อป\imageprocessing-prj\data\train\pear\Image_3.jpg,168.88,46b821ca7cdca43e42aecda5bb9e4a65
train,pear,Image_30.jpg,C:\Users\Computer\OneDrive\เดสก์ท็อป\imageprocessing-prj\data\train\pear\Image_30.jpg,39.22,e6074a585f1b0a4753e6f35b289be8f3
train,pear,Image_31.jpg,C:\Users\Computer\OneDrive\เดสก์ท็อป\imageprocessing-prj\data\train\pear\Image_31.jpg,26.59,0affada97448768c2d6119ef7c73b818
train,pear,Image_32.jpg,C:\Users\Computer\OneDrive\เดสก์ท็อป\imageprocessing-prj\data\train\pear\Image_32.jpg,380.71,f57017d847dc45383b0409502e0d2964
train,pear,Image_33.png,C:\Users\Computer\OneDrive\เดสก์ท็อป\imageprocessing-prj\data\train\pear\Image_33.png,97.37,89423176d6318a703242d66326981d68
train,pear,Image_34.jpg,C:\Users\Computer\OneDrive\เดสก์ท็อป\imageprocessing-prj\data\train\pear\Image_34.jpg,218.95,ae475d274a1644c6e82b47d5dd0785cc
train,pear,Image_35.jpg,C:\Users\Computer\OneDrive\เดสก์ท็อป\imageprocessing-prj\data\train\pear\Image_35.jpg,48.31,337dea2bfd890dba9619e3fddd941179
train,pear,Image_36.jpg,C:\Users\Computer\OneDrive\เดสก์ท็อป\imageprocessing-prj\data\train\pear\Image_36.jpg,643.04,38b9b3547af4378e1fe02bf2e3067d0f
train,pear,Image_37.jpg,C:\Users\Computer\OneDrive\เดสก์ท็อป\imageprocessing-prj\data\train\pear\Image_37.jpg,24.99,717a11c1372a03c531bcffa84a974ea6
train,pear,Image_38.png,C:\Users\Computer\OneDrive\เดสก์ท็อป\imageprocessing-prj\data\train\pear\Image_38.png,59.4,80b08036590ce8bebbeac9198fbc051b
train,pear,Image_39.jpg,C:\Users\Computer\OneDrive\เดสก์ท็อป\imageprocessing-prj\data\train\pear\Image_39.jpg,9.15,a89f81a838f2f1a769ff76f68042cb6f
train,pear,Image_4.jpg,C:\Users\Computer\OneDrive\เดสก์ท็อป\imageprocessing-prj\data\train\pear\Image_4.jpg,344.04,bcbc627f412380d3889404e34cfc324d
train,pear,Image_40.jpg,C:\Users\Computer\OneDrive\เดสก์ท็อป\imageprocessing-prj\data\train\pear\Image_40.jpg,14.91,4d548fe8120170a26fd56f85775d7bd4
train,pear,Image_42.jpg,C:\Users\Computer\OneDrive\เดสก์ท็อป\imageprocessing-prj\data\train\pear\Image_42.jpg,583.58,20e79ce6824e1a3212bba96ad81b60e2
train,pear,Image_43.jpg,C:\Users\Computer\OneDrive\เดสก์ท็อป\imageprocessing-prj\data\train\pear\Image_43.jpg,59.73,f7e645981ff6d2592e7407c68919d244
train,pear,Image_45.jpg,C:\Users\Computer\OneDrive\เดสก์ท็อป\imageprocessing-prj\data\train\pear\Image_45.jpg,435.44,03403035b5abcc883051de24f0ae4f85
train,pear,Image_46.jpg,C:\Users\Computer\OneDrive\เดสก์ท็อป\imageprocessing-prj\data\train\pear\Image_46.jpg,145.23,dda4cb68f3bc9e6a958a10ecc167a3e6
train,pear,Image_47.jpeg,C:\Users\Computer\OneDrive\เดสก์ท็อป\imageprocessing-prj\data\train\pear\Image_47.jpeg,93.56,528df2a657ae47f928f9b651d007cf10
train,pear,Image_48.png,C:\Users\Computer\OneDrive\เดสก์ท็อป\imageprocessing-prj\data\train\pear\Image_48.png,1335.77,461a5e66936851d15033aab1907821de
train,pear,Image_49.png,C:\Users\Computer\OneDrive\เดสก์ท็อป\imageprocessing-prj\data\train\pear\Image_49.png,54.36,9bd680adf0e2ea7b80bb6fc1a42a62f6
train,pear,Image_5.jpg,C:\Users\Computer\OneDrive\เดสก์ท็อป\imageprocessing-prj\data\train\pear\Image_5.jpg,2314.76,e8b50d1a6104b4678e676d27df0c799e
train,pear,Image_50.jpg,C:\Users\Computer\OneDrive\เดสก์ท็อป\imageprocessing-prj\data\train\pear\Image_50.jpg,67.44,13cf5ae7e1522c7e0ac1741067782990
train,pear,Image_51.jpg,C:\Users\Computer\OneDrive\เดสก์ท็อป\imageprocessing-prj\data\train\pear\Image_51.jpg,28.42,70388dda398f00b86c7b17a7d84c988e
train,pear,Image_52.jpg,C:\Users\Computer\OneDrive\เดสก์ท็อป\imageprocessing-prj\data\train\pear\Image_52.jpg,51.06,6b6076edfc498deade5ae9e44bde7424
train,pear,Image_53.jpg,C:\Users\Computer\OneDrive\เดสก์ท็อป\imageprocessing-prj\data\train\pear\Image_53.jpg,122.29,f0bb02195d3b20b93707d2fe2d3106ea
train,pear,Image_54.jpg,C:\Users\Computer\OneDrive\เดสก์ท็อป\imageprocessing-prj\data\train\pear\Image_54.jpg,17.82,7640ac48fe5ad503d021625a909e89a8
train,pear,Image_55.jpg,C:\Users\Computer\OneDrive\เดสก์ท็อป\imageprocessing-prj\data\train\pear\Image_55.jpg,129.91,c3104c2a46af1a52f0fa2036e066a762
train,pear,Image_56.png,C:\Users\Computer\OneDrive\เดสก์ท็อป\imageprocessing-prj\data\train\pear\Image_56.png,907.09,3e43acea4c8d7877e1faa1601de0a5ad
train,pear,Image_57.png,C:\Users\Computer\OneDrive\เดสก์ท็อป\imageprocessing-prj\data\train\pear\Image_57.png,2032.42,9994c0c6e94531153b5bab26d58e22d9
train,pear,Image_58.png,C:\Users\Computer\OneDrive\เดสก์ท็อป\imageprocessing-prj\data\train\pear\Image_58.png,79.73,07342a3571511380e4ce3a72984d571d
train,pear,Image_59.jpg,C:\Users\Computer\OneDrive\เดสก์ท็อป\imageprocessing-prj\data\train\pear\Image_59.jpg,11.92,1be20573bcd8804897624bb4e34d9476
train,pear,Image_6.jpg,C:\Users\Computer\OneDrive\เดสก์ท็อป\imageprocessing-prj\data\train\pear\Image_6.jpg,108.63,4dbafc2671fbf890b4d67387f490152d
train,pear,Image_60.jpg,C:\Users\Computer\OneDrive\เดสก์ท็อป\imageprocessing-prj\data\train\pear\Image_60.jpg,17.95,00a74b61fd67ff744014d0fb9745ae9b
train,pear,Image_61.png,C:\Users\Computer\OneDrive\เดสก์ท็อป\imageprocessing-prj\data\train\pear\Image_61.png,84.74,0907e47f9c76f9e1a6d232e24b7bedc7
train,pear,Image_62.jpg,C:\Users\Computer\OneDrive\เดสก์ท็อป\imageprocessing-prj\data\train\pear\Image_62.jpg,12.01,06b9606f85a6bd5d154518567f0dd844
train,pear,Image_63.jpg,C:\Users\Computer\OneDrive\เดสก์ท็อป\imageprocessing-prj\data\train\pear\Image_63.jpg,8093.51,ad8bf5528ce164fc7bdb8d79e475a265
train,pear,Image_64.jpg,C:\Users\Computer\OneDrive\เดสก์ท็อป\imageprocessing-prj\data\train\pear\Image_64.jpg,54.31,bfcb233df90c20510794bc84389c94c0
train,pear,Image_65.jpg,C:\Users\Computer\OneDrive\เดสก์ท็อป\imageprocessing-prj\data\train\pear\Image_65.jpg,9.99,1a829402bf558499e8d4e78a3128e9c8
train,pear,Image_66.jpg,C:\Users\Computer\OneDrive\เดสก์ท็อป\imageprocessing-prj\data\train\pear\Image_66.jpg,530.29,12426d090db74bada8b77bdadffb6dc6
train,pear,Image_67.jpg,C:\Users\Computer\OneDrive\เดสก์ท็อป\imageprocessing-prj\data\train\pear\Image_67.jpg,191.09,e49c516298ef0d5bdbc01de494617187
train,pear,Image_68.jpg,C:\Users\Computer\OneDrive\เดสก์ท็อป\imageprocessing-prj\data\train\pear\Image_68.jpg,105.87,a5c3589530001772df8fc2921b7697e1
train,pear,Image_69.jpg,C:\Users\Computer\OneDrive\เดสก์ท็อป\imageprocessing-prj\data\train\pear\Image_69.jpg,594.12,792d9f7f527b270f29887a052c8df94a
train,pear,Image_7.jpg,C:\Users\Computer\OneDrive\เดสก์ท็อป\imageprocessing-prj\data\train\pear\Image_7.jpg,16.79,12844dc921ee1e774787cc1fa8505189
train,pear,Image_70.jpg,C:\Users\Computer\OneDrive\เดสก์ท็อป\imageprocessing-prj\data\train\pear\Image_70.jpg,41.05,5d6742049f60c00ea34be393f8e47792
train,pear,Image_72.jpg,C:\Users\Computer\OneDrive\เดสก์ท็อป\imageprocessing-prj\data\train\pear\Image_72.jpg,10.75,ffdbce481c842d0c2094a914d6fa40f6
train,pear,Image_73.jpg,C:\Users\Computer\OneDrive\เดสก์ท็อป\imageprocessing-prj\data\train\pear\Image_73.jpg,279.16,52f9ef96d68b6a7b7e6c7e6bd6d1f374
train,pear,Image_76.jpg,C:\Users\Computer\OneDrive\เดสก์ท็อป\imageprocessing-prj\data\train\pear\Image_76.jpg,49.34,de30997ec432102181c0e067c3c5444d
train,pear,Image_78.jpg,C:\Users\Computer\OneDrive\เดสก์ท็อป\imageprocessing-prj\data\train\pear\Image_78.jpg,7776.48,bd66fda7e71c0e587ff89e5cc140fdb0
train,pear,Image_79.jpg,C:\Users\Computer\OneDrive\เดสก์ท็อป\imageprocessing-prj\data\train\pear\Image_79.jpg,162.11,cc7fd33356be645403edbf8f0468070e
train,pear,Image_8.jpg,C:\Users\Computer\OneDrive\เดสก์ท็อป\imageprocessing-prj\data\train\pear\Image_8.jpg,301.51,6fc7f99a2fe711dc8894d1fd6086021b
train,pear,Image_80.jpg,C:\Users\Computer\OneDrive\เดสก์ท็อป\imageprocessing-prj\data\train\pear\Image_80.jpg,48.16,efdb21128d07100e81278906b0a4421e
train,pear,Image_81.jpg,C:\Users\Computer\OneDrive\เดสก์ท็อป\imageprocessing-prj\data\train\pear\Image_81.jpg,150.91,f4802edcb3c4c965f45a008ca9e5cfc2
train,pear,Image_82.png,C:\Users\Computer\OneDrive\เดสก์ท็อป\imageprocessing-prj\data\train\pear\Image_82.png,1947.21,70d4a211b61b38a8634973c7f44e0b3e
train,pear,Image_85.jpg,C:\Users\Computer\OneDrive\เดสก์ท็อป\imageprocessing-prj\data\train\pear\Image_85.jpg,8.78,cfc44769787d58f06de9b299e7861c05
train,pear,Image_86.png,C:\Users\Computer\OneDrive\เดสก์ท็อป\imageprocessing-prj\data\train\pear\Image_86.png,47.88,a2b18b0cd3a8d63a212b82d4b3cbccfd
train,pear,Image_87.jpg,C:\Users\Computer\OneDrive\เดสก์ท็อป\imageprocessing-prj\data\train\pear\Image_87.jpg,10.58,373c42d72863e09b0432412871cc6c4c
train,pear,Image_88.jpg,C:\Users\Computer\OneDrive\เดสก์ท็อป\imageprocessing-prj\data\train\pear\Image_88.jpg,25.9,6d1cdb6f3c7bfc734ca5284ef1c675c1
train,pear,Image_89.jpg,C:\Users\Computer\OneDrive\เดสก์ท็อป\imageprocessing-prj\data\train\pear\Image_89.jpg,89.47,c31729a23430edf33e63dcff0ef0dcd8
train,pear,Image_9.jpg,C:\Users\Computer\OneDrive\เดสก์ท็อป\imageprocessing-prj\data\train\pear\Image_9.jpg,169.78,f0dee7bfb53716a1b1dcc82f0deccaa3
train,pear,Image_93.jpg,C:\Users\Computer\OneDrive\เดสก์ท็อป\imageprocessing-prj\data\train\pear\Image_93.jpg,76.19,d9ecef7eed69143e5883928e9f420509
train,pear,Image_94.jpg,C:\Users\Computer\OneDrive\เดสก์ท็อป\imageprocessing-prj\data\train\pear\Image_94.jpg,168.88,46b821ca7cdca43e42aecda5bb9e4a65
train,pear,Image_95.jpg,C:\Users\Computer\OneDrive\เดสก์ท็อป\imageprocessing-prj\data\train\pear\Image_95.jpg,331.0,f0ce0f437312bf1b297927c5e3121be8
train,pear,Image_96.jpg,C:\Users\Computer\OneDrive\เดสก์ท็อป\imageprocessing-prj\data\train\pear\Image_96.jpg,344.04,bcbc627f412380d3889404e34cfc324d
train,pear,Image_97.jpg,C:\Users\Computer\OneDrive\เดสก์ท็อป\imageprocessing-prj\data\train\pear\Image_97.jpg,2314.76,e8b50d1a6104b4678e676d27df0c799e
train,pear,Image_98.jpg,C:\Users\Computer\OneDrive\เดสก์ท็อป\imageprocessing-prj\data\train\pear\Image_98.jpg,108.63,4dbafc2671fbf890b4d67387f490152d
train,pear,Image_99.jpg,C:\Users\Computer\OneDrive\เดสก์ท็อป\imageprocessing-prj\data\train\pear\Image_99.jpg,16.79,12844dc921ee1e774787cc1fa8505189
train,peas,Image_1.jpg,C:\Users\Computer\OneDrive\เดสก์ท็อป\imageprocessing-prj\data\train\peas\Image_1.jpg,208.96,c0199312045795a2a5558fa04e2d8689
train,peas,Image_10.jpg,C:\Users\Computer\OneDrive\เดสก์ท็อป\imageprocessing-prj\data\train\peas\Image_10.jpg,1012.45,dc897bcba1f95d44e307220c3eb45469
train,peas,Image_100.jpg,C:\Users\Computer\OneDrive\เดสก์ท็อป\imageprocessing-prj\data\train\peas\Image_100.jpg,869.65,93ce242e505ed87bc9443cd858e3b4c0
train,peas,Image_11.jpg,C:\Users\Computer\OneDrive\เดสก์ท็อป\imageprocessing-prj\data\train\peas\Image_11.jpg,3041.86,541fc584096b8c961b7bea732b74edf1
train,peas,Image_12.jpg,C:\Users\Computer\OneDrive\เดสก์ท็อป\imageprocessing-prj\data\train\peas\Image_12.jpg,1776.76,ee136b7e33f7cc87e16c76918a0bb340
train,peas,Image_13.jpg,C:\Users\Computer\OneDrive\เดสก์ท็อป\imageprocessing-prj\data\train\peas\Image_13.jpg,911.33,987b1386ef45605fccf60527dc47f62a
train,peas,Image_14.jpg,C:\Users\Computer\OneDrive\เดสก์ท็อป\imageprocessing-prj\data\train\peas\Image_14.jpg,3324.97,1ad4b9b12fe0462f434a7c4a86738914
train,peas,Image_15.jpg,C:\Users\Computer\OneDrive\เดสก์ท็อป\imageprocessing-prj\data\train\peas\Image_15.jpg,85.84,a86e28795277674d0be2dbd9f0cb2c1f
train,peas,Image_16.jpg,C:\Users\Computer\OneDrive\เดสก์ท็อป\imageprocessing-prj\data\train\peas\Image_16.jpg,56.81,1dcee49a338113a1cd280c67df3d0970
train,peas,Image_17.jpg,C:\Users\Computer\OneDrive\เดสก์ท็อป\imageprocessing-prj\data\train\peas\Image_17.jpg,305.72,98e64a750c3678f0865676213c9feb66
train,peas,Image_18.jpg,C:\Users\Computer\OneDrive\เดสก์ท็อป\imageprocessing-prj\data\train\peas\Image_18.jpg,537.17,0cd776f510c81e355857824e10f9db6d
train,peas,Image_19.jpg,C:\Users\Computer\OneDrive\เดสก์ท็อป\imageprocessing-prj\data\train\peas\Image_19.jpg,174.46,6630a8628841fa97f0df331d802db743
train,peas,Image_2.jpg,C:\Users\Computer\OneDrive\เดสก์ท็อป\imageprocessing-prj\data\train\peas\Image_2.jpg,2319.26,75641356fdbbedaf1698499aebaf4dbb
train,peas,Image_20.jpg,C:\Users\Computer\OneDrive\เดสก์ท็อป\imageprocessing-prj\data\train\peas\Image_20.jpg,645.33,9514d04a24a25be97efb7934f6ed29d0
train,peas,Image_21.jpg,C:\Users\Computer\OneDrive\เดสก์ท็อป\imageprocessing-prj\data\train\peas\Image_21.jpg,285.6,3e8dfd6cbd27e54a93f814f14b45b125
train,peas,Image_22.jpg,C:\Users\Computer\OneDrive\เดสก์ท็อป\imageprocessing-prj\data\train\peas\Image_22.jpg,31.61,9610e4e544410997d9afc3ea87bcff17
train,peas,Image_23.jpg,C:\Users\Computer\OneDrive\เดสก์ท็อป\imageprocessing-prj\data\train\peas\Image_23.jpg,1451.2,06bda6256520388abd2a7bee99076537
train,peas,Image_24.jpg,C:\Users\Computer\OneDrive\เดสก์ท็อป\imageprocessing-prj\data\train\peas\Image_24.jpg,91.08,43f85cd93e7f52072f265940005aed34
train,peas,Image_25.jpg,C:\Users\Computer\OneDrive\เดสก์ท็อป\imageprocessing-prj\data\train\peas\Image_25.jpg,52.67,f98212428a87cd1bc41e6a3342dd5495
train,peas,Image_26.png,C:\Users\Computer\OneDrive\เดสก์ท็อป\imageprocessing-prj\data\train\peas\Image_26.png,826.6,b9889eb7826cd46d852cfdc7546d8022
train,peas,Image_27.jpg,C:\Users\Computer\OneDrive\เดสก์ท็อป\imageprocessing-prj\data\train\peas\Image_27.jpg,54.53,b4557f1b8c672d9a5b523b80fa87fd91
train,peas,Image_28.jpg,C:\Users\Computer\OneDrive\เดสก์ท็อป\imageprocessing-prj\data\train\peas\Image_28.jpg,80.45,8606ea217ce50fdd33057bfae94d8477
train,peas,Image_29.jpg,C:\Users\Computer\OneDrive\เดสก์ท็อป\imageprocessing-prj\data\train\peas\Image_29.jpg,990.38,945025fabf839cd28d08012a73b6c389
train,peas,Image_3.jpg,C:\Users\Computer\OneDrive\เดสก์ท็อป\imageprocessing-prj\data\train\peas\Image_3.jpg,59.66,b58d45be6e10ead4a82825d2e68517c7
train,peas,Image_30.png,C:\Users\Computer\OneDrive\เดสก์ท็อป\imageprocessing-prj\data\train\peas\Image_30.png,77.25,1e8f344f31f17800fa5bf32c158fab5c
train,peas,Image_31.jpg,C:\Users\Computer\OneDrive\เดสก์ท็อป\imageprocessing-prj\data\train\peas\Image_31.jpg,1558.63,dc29685bcef6f9eb9f0749c3fcea2c2f
train,peas,Image_32.jpg,C:\Users\Computer\OneDrive\เดสก์ท็อป\imageprocessing-prj\data\train\peas\Image_32.jpg,131.33,ba630d77a984b6803ac2fc9a9cdfc5c2
train,peas,Image_33.png,C:\Users\Computer\OneDrive\เดสก์ท็อป\imageprocessing-prj\data\train\peas\Image_33.png,2626.67,0902045fe35c398d664452e3f2f68519
train,peas,Image_34.jpg,C:\Users\Computer\OneDrive\เดสก์ท็อป\imageprocessing-prj\data\train\peas\Image_34.jpg,53.23,a424c6fa62595d9f24b24f16ead2f5c4
train,peas,Image_35.jpg,C:\Users\Computer\OneDrive\เดสก์ท็อป\imageprocessing-prj\data\train\peas\Image_35.jpg,58.29,45c71d2e35b9e77f62cf5a58c50e0ad9
train,peas,Image_36.jpg,C:\Users\Computer\OneDrive\เดสก์ท็อป\imageprocessing-prj\data\train\peas\Image_36.jpg,75.9,816c682a9c40cdc120339fe6bf5541ce
train,peas,Image_37.png,C:\Users\Computer\OneDrive\เดสก์ท็อป\imageprocessing-prj\data\train\peas\Image_37.png,493.71,ee48de3f5170f095cc1282e802d6163b
train,peas,Image_38.jpg,C:\Users\Computer\OneDrive\เดสก์ท็อป\imageprocessing-prj\data\train\peas\Image_38.jpg,253.77,9224b094baaf4d6937456cce78639fa3
train,peas,Image_39.JPG,C:\Users\Computer\OneDrive\เดสก์ท็อป\imageprocessing-prj\data\train\peas\Image_39.JPG,267.46,dee2d4fdb7df18182c70af16f20ab01e
train,peas,Image_4.jpg,C:\Users\Computer\OneDrive\เดสก์ท็อป\imageprocessing-prj\data\train\peas\Image_4.jpg,99.49,424002dd16c1d73d382a994792195bd7
train,peas,Image_40.jpg,C:\Users\Computer\OneDrive\เดสก์ท็อป\imageprocessing-prj\data\train\peas\Image_40.jpg,231.12,8234039c94d03eccff97c95da2e761de
train,peas,Image_41.jpg,C:\Users\Computer\OneDrive\เดสก์ท็อป\imageprocessing-prj\data\train\peas\Image_41.jpg,95.11,d045c4c5973c5865e1a7169d90de7e64
train,peas,Image_42.jpg,C:\Users\Computer\OneDrive\เดสก์ท็อป\imageprocessing-prj\data\train\peas\Image_42.jpg,678.16,a14697473432eea466571e00ec073c58
train,peas,Image_43.jpg,C:\Users\Computer\OneDrive\เดสก์ท็อป\imageprocessing-prj\data\train\peas\Image_43.jpg,164.06,2eb7900d1a4a745a065c6928233b8c57
train,peas,Image_44.jpg,C:\Users\Computer\OneDrive\เดสก์ท็อป\imageprocessing-prj\data\train\peas\Image_44.jpg,52.24,2bf721ee81d4ef3feaaadfa299b2d634
train,peas,Image_45.jpg,C:\Users\Computer\OneDrive\เดสก์ท็อป\imageprocessing-prj\data\train\peas\Image_45.jpg,183.87,2b3b2860e4c6c99429ab164f06dec477
train,peas,Image_46.jpg,C:\Users\Computer\OneDrive\เดสก์ท็อป\imageprocessing-prj\data\train\peas\Image_46.jpg,283.79,d90b373aa754ddfdba0ee93148a7c0b6
train,peas,Image_47.jpg,C:\Users\Computer\OneDrive\เดสก์ท็อป\imageprocessing-prj\data\train\peas\Image_47.jpg,1241.48,7a84c451dbb8a2adae11395337af313e
train,peas,Image_48.jpg,C:\Users\Computer\OneDrive\เดสก์ท็อป\imageprocessing-prj\data\train\peas\Image_48.jpg,234.64,c95d39a235530b5fc39fc3f7f88e73d9
train,peas,Image_49.jpg,C:\Users\Computer\OneDrive\เดสก์ท็อป\imageprocessing-prj\data\train\peas\Image_49.jpg,3642.45,539db9b94c27091a2e7d693206daf065
train,peas,Image_5.png,C:\Users\Computer\OneDrive\เดสก์ท็อป\imageprocessing-prj\data\train\peas\Image_5.png,1102.19,724792d86d871b26534b8e5b9a9c8141
train,peas,Image_50.jpg,C:\Users\Computer\OneDrive\เดสก์ท็อป\imageprocessing-prj\data\train\peas\Image_50.jpg,2152.63,9d336f9b5a42f34874e4c185355aaca7
train,peas,Image_51.jpg,C:\Users\Computer\OneDrive\เดสก์ท็อป\imageprocessing-prj\data\train\peas\Image_51.jpg,146.16,1fff754820e67816cfc59865d1b135e2
train,peas,Image_52.jpg,C:\Users\Computer\OneDrive\เดสก์ท็อป\imageprocessing-prj\data\train\peas\Image_52.jpg,18.75,85a86ebe91642ae8d963cb63deedbbd8
train,peas,Image_53.jpg,C:\Users\Computer\OneDrive\เดสก์ท็อป\imageprocessing-prj\data\train\peas\Image_53.jpg,278.88,35a6d14e94310308e43ae99af98edf47
train,peas,Image_54.jpg,C:\Users\Computer\OneDrive\เดสก์ท็อป\imageprocessing-prj\data\train\peas\Image_54.jpg,216.08,a5d55e3718fa92801cc3fe5affa2d97c
train,peas,Image_55.jpg,C:\Users\Computer\OneDrive\เดสก์ท็อป\imageprocessing-prj\data\train\peas\Image_55.jpg,395.14,ab815f31999394e34b2aa36710868819
train,peas,Image_56.jpg,C:\Users\Computer\OneDrive\เดสก์ท็อป\imageprocessing-prj\data\train\peas\Image_56.jpg,19.7,ac60419aee45a53685f427c2b27d68e9
train,peas,Image_57.jpg,C:\Users\Computer\OneDrive\เดสก์ท็อป\imageprocessing-prj\data\train\peas\Image_57.jpg,120.61,503d2999bd1e17be9849214a7a1f540b
train,peas,Image_58.jpg,C:\Users\Computer\OneDrive\เดสก์ท็อป\imageprocessing-prj\data\train\peas\Image_58.jpg,231.84,4d7ac17b3c49eb79403c6bc34fbdc181
train,peas,Image_59.jpg,C:\Users\Computer\OneDrive\เดสก์ท็อป\imageprocessing-prj\data\train\peas\Image_59.jpg,3474.06,c7c256c5f51de613f34c25a08fef3d92
train,peas,Image_6.jpg,C:\Users\Computer\OneDrive\เดสก์ท็อป\imageprocessing-prj\data\train\peas\Image_6.jpg,2939.2,066368c4f8309fb931103579e7be9c49
train,peas,Image_60.jpg,C:\Users\Computer\OneDrive\เดสก์ท็อป\imageprocessing-prj\data\train\peas\Image_60.jpg,20.54,f29dc2600b3a22619322b25987e22b6f
train,peas,Image_61.jpg,C:\Users\Computer\OneDrive\เดสก์ท็อป\imageprocessing-prj\data\train\peas\Image_61.jpg,30.78,1cf88965419fd7b5a6d42016296368b2
train,peas,Image_62.jpg,C:\Users\Computer\OneDrive\เดสก์ท็อป\imageprocessing-prj\data\train\peas\Image_62.jpg,151.82,e22d65959ffcfcf17d8355731f78d697
train,peas,Image_63.JPG,C:\Users\Computer\OneDrive\เดสก์ท็อป\imageprocessing-prj\data\train\peas\Image_63.JPG,237.38,cbaa330f752986fffa2efea5d1c0e2a3
train,peas,Image_64.jpg,C:\Users\Computer\OneDrive\เดสก์ท็อป\imageprocessing-prj\data\train\peas\Image_64.jpg,346.7,ef828bb6eafff52a09ce497089d95236
train,peas,Image_65.jpg,C:\Users\Computer\OneDrive\เดสก์ท็อป\imageprocessing-prj\data\train\peas\Image_65.jpg,1616.89,515bdab907e03abdbb2776a8c4b098ea
train,peas,Image_66.JPG,C:\Users\Computer\OneDrive\เดสก์ท็อป\imageprocessing-prj\data\train\peas\Image_66.JPG,164.87,5bb629143628de78f483a83e5dad2f69
train,peas,Image_67.jpg,C:\Users\Computer\OneDrive\เดสก์ท็อป\imageprocessing-prj\data\train\peas\Image_67.jpg,196.12,31fa7460988f216880bcba0e53b7afe5
train,peas,Image_68.jpg,C:\Users\Computer\OneDrive\เดสก์ท็อป\imageprocessing-prj\data\train\peas\Image_68.jpg,62.31,0eaee27178e287d93bf72d1c7863377c
train,peas,Image_69.jpg,C:\Users\Computer\OneDrive\เดสก์ท็อป\imageprocessing-prj\data\train\peas\Image_69.jpg,150.36,9b3f91c365d0788b2dff605bb6fb0275
train,peas,Image_7.jpg,C:\Users\Computer\OneDrive\เดสก์ท็อป\imageprocessing-prj\data\train\peas\Image_7.jpg,96.06,b9a1ff1ed6601db331d62b72fbb2783c
train,peas,Image_70.jpg,C:\Users\Computer\OneDrive\เดสก์ท็อป\imageprocessing-prj\data\train\peas\Image_70.jpg,335.04,39e60b4787574b76b4dc5a8cbafc3d15
train,peas,Image_71.jpg,C:\Users\Computer\OneDrive\เดสก์ท็อป\imageprocessing-prj\data\train\peas\Image_71.jpg,49.19,2d3c64471e781d8e9e945e9eafd7c357
train,peas,Image_72.jpg,C:\Users\Computer\OneDrive\เดสก์ท็อป\imageprocessing-prj\data\train\peas\Image_72.jpg,92.27,adc216e4d1912901f82eee8797c46475
train,peas,Image_73.jpg,C:\Users\Computer\OneDrive\เดสก์ท็อป\imageprocessing-prj\data\train\peas\Image_73.jpg,209.91,cef8d967cd599938dddd5849f326ec56
train,peas,Image_74.jpg,C:\Users\Computer\OneDrive\เดสก์ท็อป\imageprocessing-prj\data\train\peas\Image_74.jpg,177.38,b8b007e24a987e29d1316c6fdaa9457d
train,peas,Image_75.jpg,C:\Users\Computer\OneDrive\เดสก์ท็อป\imageprocessing-prj\data\train\peas\Image_75.jpg,37.59,19c205acbb793ac600d49c6bbf26521f
train,peas,Image_76.JPG,C:\Users\Computer\OneDrive\เดสก์ท็อป\imageprocessing-prj\data\train\peas\Image_76.JPG,338.16,54ddf67c9bf472989e2bff2d53eefd56
train,peas,Image_77.jpg,C:\Users\Computer\OneDrive\เดสก์ท็อป\imageprocessing-prj\data\train\peas\Image_77.jpg,388.12,817fa7b169472aa1b9c3f4b48be92d1d
train,peas,Image_78.jpg,C:\Users\Computer\OneDrive\เดสก์ท็อป\imageprocessing-prj\data\train\peas\Image_78.jpg,170.08,1c9589b7114c8104c9665c967d2786c3
train,peas,Image_79.jpg,C:\Users\Computer\OneDrive\เดสก์ท็อป\imageprocessing-prj\data\train\peas\Image_79.jpg,346.52,340410cc24fc3f49358ec6f54340ab89
train,peas,Image_8.jpg,C:\Users\Computer\OneDrive\เดสก์ท็อป\imageprocessing-prj\data\train\peas\Image_8.jpg,869.65,93ce242e505ed87bc9443cd858e3b4c0
train,peas,Image_80.jpg,C:\Users\Computer\OneDrive\เดสก์ท็อป\imageprocessing-prj\data\train\peas\Image_80.jpg,129.97,492196676a5bd8e7139813c117c51ffd
train,peas,Image_81.jpg,C:\Users\Computer\OneDrive\เดสก์ท็อป\imageprocessing-prj\data\train\peas\Image_81.jpg,167.51,4f764cec2d1cba5c5f888c4ddd9eefe9
train,peas,Image_82.jpg,C:\Users\Computer\OneDrive\เดสก์ท็อป\imageprocessing-prj\data\train\peas\Image_82.jpg,209.25,de1ebdd842bf58ecc6465d967f08645e
train,peas,Image_83.jpg,C:\Users\Computer\OneDrive\เดสก์ท็อป\imageprocessing-prj\data\train\peas\Image_83.jpg,860.5,918b6bcbdc574fad901ec778169ff602
train,peas,Image_84.jpg,C:\Users\Computer\OneDrive\เดสก์ท็อป\imageprocessing-prj\data\train\peas\Image_84.jpg,110.51,e89aa419142a546a99e80cfcf26fb793
train,peas,Image_85.jpg,C:\Users\Computer\OneDrive\เดสก์ท็อป\imageprocessing-prj\data\train\peas\Image_85.jpg,1522.88,fd66ae233044b295cc1fa7304dc39f05
train,peas,Image_86.jpg,C:\Users\Computer\OneDrive\เดสก์ท็อป\imageprocessing-prj\data\train\peas\Image_86.jpg,70.59,ec48a2b974f9468fbdb0ff747761b922
train,peas,Image_87.jpg,C:\Users\Computer\OneDrive\เดสก์ท็อป\imageprocessing-prj\data\train\peas\Image_87.jpg,249.38,3e31ea591c74e2cc3b5e826bf0c89036
train,peas,Image_88.jpg,C:\Users\Computer\OneDrive\เดสก์ท็อป\imageprocessing-prj\data\train\peas\Image_88.jpg,46.95,02e6d955942cdbd75d65230366dcbcdd
train,peas,Image_89.jpg,C:\Users\Computer\OneDrive\เดสก์ท็อป\imageprocessing-prj\data\train\peas\Image_89.jpg,61.3,b81a317b71ce1bd31f9cfe9c9af6b7b8
train,peas,Image_9.jpg,C:\Users\Computer\OneDrive\เดสก์ท็อป\imageprocessing-prj\data\train\peas\Image_9.jpg,1999.46,a9538db581611d3ab7f097470785ba42
train,peas,Image_90.jpg,C:\Users\Computer\OneDrive\เดสก์ท็อป\imageprocessing-prj\data\train\peas\Image_90.jpg,41.24,d328b6e8950ea3e7254cb609acaff0ab
train,peas,Image_91.jpg,C:\Users\Computer\OneDrive\เดสก์ท็อป\imageprocessing-prj\data\train\peas\Image_91.jpg,86.37,18956cbfd724507df5649164bf48bdf2
train,peas,Image_92.jpg,C:\Users\Computer\OneDrive\เดสก์ท็อป\imageprocessing-prj\data\train\peas\Image_92.jpg,1500.74,a25b4d3de5884a877642f3f39bdfbb15
train,peas,Image_93.jpg,C:\Users\Computer\OneDrive\เดสก์ท็อป\imageprocessing-prj\data\train\peas\Image_93.jpg,208.96,c0199312045795a2a5558fa04e2d8689
train,peas,Image_94.jpg,C:\Users\Computer\OneDrive\เดสก์ท็อป\imageprocessing-prj\data\train\peas\Image_94.jpg,2319.26,75641356fdbbedaf1698499aebaf4dbb
train,peas,Image_95.jpg,C:\Users\Computer\OneDrive\เดสก์ท็อป\imageprocessing-prj\data\train\peas\Image_95.jpg,59.66,b58d45be6e10ead4a82825d2e68517c7
train,peas,Image_96.jpg,C:\Users\Computer\OneDrive\เดสก์ท็อป\imageprocessing-prj\data\train\peas\Image_96.jpg,99.49,424002dd16c1d73d382a994792195bd7
train,peas,Image_97.png,C:\Users\Computer\OneDrive\เดสก์ท็อป\imageprocessing-prj\data\train\peas\Image_97.png,1102.19,724792d86d871b26534b8e5b9a9c8141
train,peas,Image_98.jpg,C:\Users\Computer\OneDrive\เดสก์ท็อป\imageprocessing-prj\data\train\peas\Image_98.jpg,2939.2,066368c4f8309fb931103579e7be9c49
train,peas,Image_99.jpg,C:\Users\Computer\OneDrive\เดสก์ท็อป\imageprocessing-prj\data\train\peas\Image_99.jpg,96.06,b9a1ff1ed6601db331d62b72fbb2783c
train,pineapple,Image_1.jpg,C:\Users\Computer\OneDrive\เดสก์ท็อป\imageprocessing-prj\data\train\pineapple\Image_1.jpg,85.79,b64c6aa64eef9778be69045a317bc784
train,pineapple,Image_10.jpg,C:\Users\Computer\OneDrive\เดสก์ท็อป\imageprocessing-prj\data\train\pineapple\Image_10.jpg,343.55,89f49a7397bc86011cd46829a8b267fa
train,pineapple,Image_100.jpg,C:\Users\Computer\OneDrive\เดสก์ท็อป\imageprocessing-prj\data\train\pineapple\Image_100.jpg,690.69,45846991642478a5032d4bc13b15811e
train,pineapple,Image_11.jpg,C:\Users\Computer\OneDrive\เดสก์ท็อป\imageprocessing-prj\data\train\pineapple\Image_11.jpg,180.42,9e8cf939bf2078c3a1c1115e371099f0
train,pineapple,Image_12.jpg,C:\Users\Computer\OneDrive\เดสก์ท็อป\imageprocessing-prj\data\train\pineapple\Image_12.jpg,482.24,5e22bb5ee332c3ea534936097973a63d
train,pineapple,Image_13.jpg,C:\Users\Computer\OneDrive\เดสก์ท็อป\imageprocessing-prj\data\train\pineapple\Image_13.jpg,108.52,c70e0c193cd740765d7bd8c21eae4ef0
train,pineapple,Image_14.jpg,C:\Users\Computer\OneDrive\เดสก์ท็อป\imageprocessing-prj\data\train\pineapple\Image_14.jpg,6329.86,dd09304294909f558c59a0f661ebf281
train,pineapple,Image_15.jpg,C:\Users\Computer\OneDrive\เดสก์ท็อป\imageprocessing-prj\data\train\pineapple\Image_15.jpg,34.51,bd1d35a75e0bd567bcca6b36c79e3e9b
train,pineapple,Image_16.jpg,C:\Users\Computer\OneDrive\เดสก์ท็อป\imageprocessing-prj\data\train\pineapple\Image_16.jpg,48.9,ca1e784f3edc1a3fd379452597639a73
train,pineapple,Image_17.jpg,C:\Users\Computer\OneDrive\เดสก์ท็อป\imageprocessing-prj\data\train\pineapple\Image_17.jpg,678.82,3f0324aaeebaf5b875a31adff3d2a34e
train,pineapple,Image_18.jpg,C:\Users\Computer\OneDrive\เดสก์ท็อป\imageprocessing-prj\data\train\pineapple\Image_18.jpg,640.2,774a308b9104f6e285ff98fac8a7750a
train,pineapple,Image_19.jpg,C:\Users\Computer\OneDrive\เดสก์ท็อป\imageprocessing-prj\data\train\pineapple\Image_19.jpg,73.72,0e0150c95975ec54d2bff67be4d7b564
train,pineapple,Image_2.jpg,C:\Users\Computer\OneDrive\เดสก์ท็อป\imageprocessing-prj\data\train\pineapple\Image_2.jpg,1633.4,e1f2b00a1bf57e54450b33b9dd2cb476
train,pineapple,Image_20.jpg,C:\Users\Computer\OneDrive\เดสก์ท็อป\imageprocessing-prj\data\train\pineapple\Image_20.jpg,34.17,5f796cf4efa684727c2658b862e9ab35
train,pineapple,Image_21.jpg,C:\Users\Computer\OneDrive\เดสก์ท็อป\imageprocessing-prj\data\train\pineapple\Image_21.jpg,183.05,d980bb86e93129f53cc18f79024a0046
train,pineapple,Image_22.jpg,C:\Users\Computer\OneDrive\เดสก์ท็อป\imageprocessing-prj\data\train\pineapple\Image_22.jpg,117.48,a189cdd12710334fdc9bfbc188bd01c9
train,pineapple,Image_23.jpg,C:\Users\Computer\OneDrive\เดสก์ท็อป\imageprocessing-prj\data\train\pineapple\Image_23.jpg,120.1,a55715b0087901ff6d14c9bd6c1be5da
train,pineapple,Image_24.png,C:\Users\Computer\OneDrive\เดสก์ท็อป\imageprocessing-prj\data\train\pineapple\Image_24.png,5886.94,0ef2a273d34aa82c8ec07c706aace2f5
train,pineapple,Image_25.jpg,C:\Users\Computer\OneDrive\เดสก์ท็อป\imageprocessing-prj\data\train\pineapple\Image_25.jpg,93.58,3314e8576a12f2042b1b43c47cbe809e
train,pineapple,Image_26.png,C:\Users\Computer\OneDrive\เดสก์ท็อป\imageprocessing-prj\data\train\pineapple\Image_26.png,928.03,f3b6cb25b6e2f2b5652d7e223b3a63ae
train,pineapple,Image_27.jpg,C:\Users\Computer\OneDrive\เดสก์ท็อป\imageprocessing-prj\data\train\pineapple\Image_27.jpg,3492.89,dd2ef1db624b4a6ec1af9b8f97913e3c
train,pineapple,Image_28.jpg,C:\Users\Computer\OneDrive\เดสก์ท็อป\imageprocessing-prj\data\train\pineapple\Image_28.jpg,43.09,da64b593b3fcf0d7746c8062a777f705
train,pineapple,Image_29.png,C:\Users\Computer\OneDrive\เดสก์ท็อป\imageprocessing-prj\data\train\pineapple\Image_29.png,788.17,dea4469a5e81300ef3a65018768d7a11
train,pineapple,Image_3.jpg,C:\Users\Computer\OneDrive\เดสก์ท็อป\imageprocessing-prj\data\train\pineapple\Image_3.jpg,1237.21,3432a91e04599ccd920581b426a5dae0
train,pineapple,Image_30.jpg,C:\Users\Computer\OneDrive\เดสก์ท็อป\imageprocessing-prj\data\train\pineapple\Image_30.jpg,163.67,05c8072056c8662507d2280424d0bda7
train,pineapple,Image_31.jpeg,C:\Users\Computer\OneDrive\เดสก์ท็อป\imageprocessing-prj\data\train\pineapple\Image_31.jpeg,478.23,10bc804b61ccf8de1dd0dfd1e86b71ae
train,pineapple,Image_32.jpg,C:\Users\Computer\OneDrive\เดสก์ท็อป\imageprocessing-prj\data\train\pineapple\Image_32.jpg,312.5,7dd855ce8a00e048bd678c7cd3e08126
train,pineapple,Image_33.jpg,C:\Users\Computer\OneDrive\เดสก์ท็อป\imageprocessing-prj\data\train\pineapple\Image_33.jpg,58.15,539fa95c768e50e90cc4a8f8f44f3228
train,pineapple,Image_34.jpg,C:\Users\Computer\OneDrive\เดสก์ท็อป\imageprocessing-prj\data\train\pineapple\Image_34.jpg,322.54,343e971b8e99097a419019fef243334c
train,pineapple,Image_35.jpg,C:\Users\Computer\OneDrive\เดสก์ท็อป\imageprocessing-prj\data\train\pineapple\Image_35.jpg,54.92,351404b5259326e5a5a6826af33ccc31
train,pineapple,Image_36.jpg,C:\Users\Computer\OneDrive\เดสก์ท็อป\imageprocessing-prj\data\train\pineapple\Image_36.jpg,118.14,8d7e1715a84d3e37ff317ce947a3317e
train,pineapple,Image_37.jpg,C:\Users\Computer\OneDrive\เดสก์ท็อป\imageprocessing-prj\data\train\pineapple\Image_37.jpg,4168.18,62fd15dbff7fd155758ca3a2a3cfed8c
train,pineapple,Image_38.jpeg,C:\Users\Computer\OneDrive\เดสก์ท็อป\imageprocessing-prj\data\train\pineapple\Image_38.jpeg,55.97,2f8ea105478f1bfe75f7767b39fcf69b
train,pineapple,Image_39.jpg,C:\Users\Computer\OneDrive\เดสก์ท็อป\imageprocessing-prj\data\train\pineapple\Image_39.jpg,57.75,14434ea4f4e97ab9064f2b4997a58052
train,pineapple,Image_4.jpg,C:\Users\Computer\OneDrive\เดสก์ท็อป\imageprocessing-prj\data\train\pineapple\Image_4.jpg,7861.68,61a78a7bfec2e988caf0e81b20ce00ff
train,pineapple,Image_40.jpg,C:\Users\Computer\OneDrive\เดสก์ท็อป\imageprocessing-prj\data\train\pineapple\Image_40.jpg,1299.58,50e421a66c8721aef8842e5f7bad491d
train,pineapple,Image_41.png,C:\Users\Computer\OneDrive\เดสก์ท็อป\imageprocessing-prj\data\train\pineapple\Image_41.png,433.87,e77c383702912dec8cdabe8cff2fa338
train,pineapple,Image_42.jpg,C:\Users\Computer\OneDrive\เดสก์ท็อป\imageprocessing-prj\data\train\pineapple\Image_42.jpg,146.67,a43e2b74c6ba8da0422ea03a2f7fc702
train,pineapple,Image_43.jpg,C:\Users\Computer\OneDrive\เดสก์ท็อป\imageprocessing-prj\data\train\pineapple\Image_43.jpg,79.78,68165b7fc3d8edc90578d86220fd08a2
train,pineapple,Image_44.jpg,C:\Users\Computer\OneDrive\เดสก์ท็อป\imageprocessing-prj\data\train\pineapple\Image_44.jpg,6665.77,46bfd43bc7db7faf8529179a2a33f29d
train,pineapple,Image_45.png,C:\Users\Computer\OneDrive\เดสก์ท็อป\imageprocessing-prj\data\train\pineapple\Image_45.png,382.78,9001f1999e3d9279e437494a11b7811a
train,pineapple,Image_46.jpg,C:\Users\Computer\OneDrive\เดสก์ท็อป\imageprocessing-prj\data\train\pineapple\Image_46.jpg,360.86,c0deb33d72a2ac75ddc06b6570d3bc97
train,pineapple,Image_47.jpg,C:\Users\Computer\OneDrive\เดสก์ท็อป\imageprocessing-prj\data\train\pineapple\Image_47.jpg,64.33,0e45235def32b3481368e7a3bf08a783
train,pineapple,Image_48.jpg,C:\Users\Computer\OneDrive\เดสก์ท็อป\imageprocessing-prj\data\train\pineapple\Image_48.jpg,36.2,32a13c7fe22ab0883dea68f75c578a18
train,pineapple,Image_49.jpg,C:\Users\Computer\OneDrive\เดสก์ท็อป\imageprocessing-prj\data\train\pineapple\Image_49.jpg,163.26,6dd7a7313e99a68644d70652f57e8945
train,pineapple,Image_5.jpg,C:\Users\Computer\OneDrive\เดสก์ท็อป\imageprocessing-prj\data\train\pineapple\Image_5.jpg,66.96,915e569438879693d4c7da1ec4af1277
train,pineapple,Image_50.jpg,C:\Users\Computer\OneDrive\เดสก์ท็อป\imageprocessing-prj\data\train\pineapple\Image_50.jpg,65.65,bf8fc75f91d7daa06ab58c60e17b3a2d
train,pineapple,Image_51.JPG,C:\Users\Computer\OneDrive\เดสก์ท็อป\imageprocessing-prj\data\train\pineapple\Image_51.JPG,275.16,127735dd1639d6fc7d6d3441ca98ffe4
train,pineapple,Image_52.jpg,C:\Users\Computer\OneDrive\เดสก์ท็อป\imageprocessing-prj\data\train\pineapple\Image_52.jpg,1924.0,c4c1838edbb74da4b0651653f0682c55
train,pineapple,Image_53.jpg,C:\Users\Computer\OneDrive\เดสก์ท็อป\imageprocessing-prj\data\train\pineapple\Image_53.jpg,210.08,be7dde21f3ec14cde4a4f895760946d9
train,pineapple,Image_54.jpg,C:\Users\Computer\OneDrive\เดสก์ท็อป\imageprocessing-prj\data\train\pineapple\Image_54.jpg,561.68,d59b5015956856a61273ca16e75cc9b9
train,pineapple,Image_55.jpg,C:\Users\Computer\OneDrive\เดสก์ท็อป\imageprocessing-prj\data\train\pineapple\Image_55.jpg,130.55,7100e92c6d690a74f442b33a7975ab70
train,pineapple,Image_56.jpg,C:\Users\Computer\OneDrive\เดสก์ท็อป\imageprocessing-prj\data\train\pineapple\Image_56.jpg,209.28,f6f7b8e1eb1806eb501a52bd30b14823
train,pineapple,Image_57.jpg,C:\Users\Computer\OneDrive\เดสก์ท็อป\imageprocessing-prj\data\train\pineapple\Image_57.jpg,119.11,e8889fe5f5e12a1cadf6f658888ab4aa
train,pineapple,Image_58.png,C:\Users\Computer\OneDrive\เดสก์ท็อป\imageprocessing-prj\data\train\pineapple\Image_58.png,4505.4,eca21c5b8fba63cd971c615dcde6e79b
train,pineapple,Image_59.jpg,C:\Users\Computer\OneDrive\เดสก์ท็อป\imageprocessing-prj\data\train\pineapple\Image_59.jpg,31.6,039714c73b4ba06818f41eba938a3426
train,pineapple,Image_6.jpg,C:\Users\Computer\OneDrive\เดสก์ท็อป\imageprocessing-prj\data\train\pineapple\Image_6.jpg,690.69,45846991642478a5032d4bc13b15811e
train,pineapple,Image_60.jpeg,C:\Users\Computer\OneDrive\เดสก์ท็อป\imageprocessing-prj\data\train\pineapple\Image_60.jpeg,2578.29,ef766b42d70a67164ca558aad81a1d40
train,pineapple,Image_61.jpg,C:\Users\Computer\OneDrive\เดสก์ท็อป\imageprocessing-prj\data\train\pineapple\Image_61.jpg,21.74,f8c8742938f832e0774ac269ab12f006
train,pineapple,Image_62.jpg,C:\Users\Computer\OneDrive\เดสก์ท็อป\imageprocessing-prj\data\train\pineapple\Image_62.jpg,69.73,f60528f5e08336c6eb051abd2beb8834
train,pineapple,Image_63.jpg,C:\Users\Computer\OneDrive\เดสก์ท็อป\imageprocessing-prj\data\train\pineapple\Image_63.jpg,131.96,f6f5c98ee910a4d3533beea6d5b95d98
train,pineapple,Image_64.jpg,C:\Users\Computer\OneDrive\เดสก์ท็อป\imageprocessing-prj\data\train\pineapple\Image_64.jpg,616.86,cb5fd8443121958a85a4a3caf23964ce
train,pineapple,Image_65.jpg,C:\Users\Computer\OneDrive\เดสก์ท็อป\imageprocessing-prj\data\train\pineapple\Image_65.jpg,145.72,e593a0606ceacf54a1fc74c1b09c4a86
train,pineapple,Image_66.jpg,C:\Users\Computer\OneDrive\เดสก์ท็อป\imageprocessing-prj\data\train\pineapple\Image_66.jpg,59.49,7827d9fc16f7d6c335c32e4ca16ef8b3
train,pineapple,Image_67.jpg,C:\Users\Computer\OneDrive\เดสก์ท็อป\imageprocessing-prj\data\train\pineapple\Image_67.jpg,1061.81,81e8351ed05f9bece6508d8dc9ca5774
train,pineapple,Image_68.png,C:\Users\Computer\OneDrive\เดสก์ท็อป\imageprocessing-prj\data\train\pineapple\Image_68.png,8202.16,cabcaf74c1e2b741d0bd220d8798c33b
train,pineapple,Image_69.jpg,C:\Users\Computer\OneDrive\เดสก์ท็อป\imageprocessing-prj\data\train\pineapple\Image_69.jpg,25.82,b1ee5d0505324d203603affe0813a535
train,pineapple,Image_7.jpg,C:\Users\Computer\OneDrive\เดสก์ท็อป\imageprocessing-prj\data\train\pineapple\Image_7.jpg,231.92,417ed856cf38fe9c97aa089bd7df301d
train,pineapple,Image_70.jpg,C:\Users\Computer\OneDrive\เดสก์ท็อป\imageprocessing-prj\data\train\pineapple\Image_70.jpg,503.52,4b74bfcf0817747d7cbbe0d533adc7ea
train,pineapple,Image_71.jpg,C:\Users\Computer\OneDrive\เดสก์ท็อป\imageprocessing-prj\data\train\pineapple\Image_71.jpg,703.44,295c4f410aff2a13cbf240fe3714a695
train,pineapple,Image_72.jpg,C:\Users\Computer\OneDrive\เดสก์ท็อป\imageprocessing-prj\data\train\pineapple\Image_72.jpg,219.79,3811b21bcdda3cb749f76883aabd98d3
train,pineapple,Image_73.jpg,C:\Users\Computer\OneDrive\เดสก์ท็อป\imageprocessing-prj\data\train\pineapple\Image_73.jpg,389.6,c95bc0c6eccfd1c7ff6c12ae433cd9bf
train,pineapple,Image_74.jpg,C:\Users\Computer\OneDrive\เดสก์ท็อป\imageprocessing-prj\data\train\pineapple\Image_74.jpg,241.58,fc924479fa3ebdf8f4beca6445318a65
train,pineapple,Image_75.jpg,C:\Users\Computer\OneDrive\เดสก์ท็อป\imageprocessing-prj\data\train\pineapple\Image_75.jpg,37.52,176027cd2f2fe979c8302890081816e4
train,pineapple,Image_76.jpg,C:\Users\Computer\OneDrive\เดสก์ท็อป\imageprocessing-prj\data\train\pineapple\Image_76.jpg,4873.31,375467529d8c1e97a05347de787d15b4
train,pineapple,Image_77.jpg,C:\Users\Computer\OneDrive\เดสก์ท็อป\imageprocessing-prj\data\train\pineapple\Image_77.jpg,459.74,4aba44d8985e7cb8e484cf4db1488dc7
train,pineapple,Image_78.jpg,C:\Users\Computer\OneDrive\เดสก์ท็อป\imageprocessing-prj\data\train\pineapple\Image_78.jpg,46.24,6ca924f0e11e6b9d1f602e75c14694f6
train,pineapple,Image_79.png,C:\Users\Computer\OneDrive\เดสก์ท็อป\imageprocessing-prj\data\train\pineapple\Image_79.png,134.53,b0a58aa7c73372cb09b301e0edd4b587
train,pineapple,Image_8.jpg,C:\Users\Computer\OneDrive\เดสก์ท็อป\imageprocessing-prj\data\train\pineapple\Image_8.jpg,145.86,9b5465a5891000314cb2227defbe9a0c
train,pineapple,Image_80.jpg,C:\Users\Computer\OneDrive\เดสก์ท็อป\imageprocessing-prj\data\train\pineapple\Image_80.jpg,324.39,69e249a7a84137d6e2e791442bc66d6e
train,pineapple,Image_81.jpg,C:\Users\Computer\OneDrive\เดสก์ท็อป\imageprocessing-prj\data\train\pineapple\Image_81.jpg,42.31,366ff12f9b1b1db286d1e497cf13741e
train,pineapple,Image_82.jpg,C:\Users\Computer\OneDrive\เดสก์ท็อป\imageprocessing-prj\data\train\pineapple\Image_82.jpg,130.73,649a5ca9e67722d191bc9676bc5a14bc
train,pineapple,Image_83.jpg,C:\Users\Computer\OneDrive\เดสก์ท็อป\imageprocessing-prj\data\train\pineapple\Image_83.jpg,200.17,4797ea9132126e6bf2d84ba795d8c759
train,pineapple,Image_84.jpg,C:\Users\Computer\OneDrive\เดสก์ท็อป\imageprocessing-prj\data\train\pineapple\Image_84.jpg,88.34,588286783d570a8725723172a874ce77
train,pineapple,Image_85.jpg,C:\Users\Computer\OneDrive\เดสก์ท็อป\imageprocessing-prj\data\train\pineapple\Image_85.jpg,118.44,4a68a781461cba1b5183bd311cd8dab3
train,pineapple,Image_86.jpg,C:\Users\Computer\OneDrive\เดสก์ท็อป\imageprocessing-prj\data\train\pineapple\Image_86.jpg,171.82,9a4f92278fcd0413200cc164a36f685f
train,pineapple,Image_87.png,C:\Users\Computer\OneDrive\เดสก์ท็อป\imageprocessing-prj\data\train\pineapple\Image_87.png,6332.34,a5387aa7988e95ad37c534b128d28b94
train,pineapple,Image_88.jpg,C:\Users\Computer\OneDrive\เดสก์ท็อป\imageprocessing-prj\data\train\pineapple\Image_88.jpg,395.9,0afe5e88bc6d8e2f50fc9f843781935f
train,pineapple,Image_89.png,C:\Users\Computer\OneDrive\เดสก์ท็อป\imageprocessing-prj\data\train\pineapple\Image_89.png,1153.26,49ae87afe945a6bf88731282da57925e
train,pineapple,Image_9.jpg,C:\Users\Computer\OneDrive\เดสก์ท็อป\imageprocessing-prj\data\train\pineapple\Image_9.jpg,104.19,33520c4c75510604df8ab1073cdb0adb
train,pineapple,Image_90.jpg,C:\Users\Computer\OneDrive\เดสก์ท็อป\imageprocessing-prj\data\train\pineapple\Image_90.jpg,181.7,7bca9c3d6b27289c5f0dcca070a11f39
train,pineapple,Image_91.jpg,C:\Users\Computer\OneDrive\เดสก์ท็อป\imageprocessing-prj\data\train\pineapple\Image_91.jpg,154.25,cd4e5d6ffd04c1cefe6c17e53b8d8e39
train,pineapple,Image_92.png,C:\Users\Computer\OneDrive\เดสก์ท็อป\imageprocessing-prj\data\train\pineapple\Image_92.png,467.3,0df61539ad685abb2e7ec406639a276b
train,pineapple,Image_93.jpg,C:\Users\Computer\OneDrive\เดสก์ท็อป\imageprocessing-prj\data\train\pineapple\Image_93.jpg,172.27,c2d7aa5eebc71579df95199566bd09e8
train,pineapple,Image_95.jpg,C:\Users\Computer\OneDrive\เดสก์ท็อป\imageprocessing-prj\data\train\pineapple\Image_95.jpg,85.79,b64c6aa64eef9778be69045a317bc784
train,pineapple,Image_96.jpg,C:\Users\Computer\OneDrive\เดสก์ท็อป\imageprocessing-prj\data\train\pineapple\Image_96.jpg,1633.4,e1f2b00a1bf57e54450b33b9dd2cb476
train,pineapple,Image_97.jpg,C:\Users\Computer\OneDrive\เดสก์ท็อป\imageprocessing-prj\data\train\pineapple\Image_97.jpg,1237.21,3432a91e04599ccd920581b426a5dae0
train,pineapple,Image_98.jpg,C:\Users\Computer\OneDrive\เดสก์ท็อป\imageprocessing-prj\data\train\pineapple\Image_98.jpg,7861.68,61a78a7bfec2e988caf0e81b20ce00ff
train,pineapple,Image_99.jpg,C:\Users\Computer\OneDrive\เดสก์ท็อป\imageprocessing-prj\data\train\pineapple\Image_99.jpg,66.96,915e569438879693d4c7da1ec4af1277
train,pomegranate,Image_1.jpg,C:\Users\Computer\OneDrive\เดสก์ท็อป\imageprocessing-prj\data\train\pomegranate\Image_1.jpg,482.47,b06e2b2b6b57e3a0b6c524dc7ae3ef9f
train,pomegranate,Image_10.jpg,C:\Users\Computer\OneDrive\เดสก์ท็อป\imageprocessing-prj\data\train\pomegranate\Image_10.jpg,181.78,593474182e42b735d9db64af97a83272
train,pomegranate,Image_100.jpg,C:\Users\Computer\OneDrive\เดสก์ท็อป\imageprocessing-prj\data\train\pomegranate\Image_100.jpg,106.58,8f83ca306eeaad7f7524bf49a23fe30d
train,pomegranate,Image_11.jpg,C:\Users\Computer\OneDrive\เดสก์ท็อป\imageprocessing-prj\data\train\pomegranate\Image_11.jpg,762.48,be98adc26df09f631fc2dc0a00030cfe
train,pomegranate,Image_12.jpg,C:\Users\Computer\OneDrive\เดสก์ท็อป\imageprocessing-prj\data\train\pomegranate\Image_12.jpg,69.17,b83e39855d349255cc362f04f9e3c4de
train,pomegranate,Image_13.jpg,C:\Users\Computer\OneDrive\เดสก์ท็อป\imageprocessing-prj\data\train\pomegranate\Image_13.jpg,43.52,3e1b0f6e65acdbbdfe040059ea15fa5e
train,pomegranate,Image_14.jpg,C:\Users\Computer\OneDrive\เดสก์ท็อป\imageprocessing-prj\data\train\pomegranate\Image_14.jpg,256.17,ff1728e9c45de78fe1af8b69eb28f29d
train,pomegranate,Image_15.jpg,C:\Users\Computer\OneDrive\เดสก์ท็อป\imageprocessing-prj\data\train\pomegranate\Image_15.jpg,104.82,00ea66e79bdad273f67733fc07884144
train,pomegranate,Image_16.jpg,C:\Users\Computer\OneDrive\เดสก์ท็อป\imageprocessing-prj\data\train\pomegranate\Image_16.jpg,61.85,c3843851170b83d393a2374d1e6cf17b
train,pomegranate,Image_17.jpg,C:\Users\Computer\OneDrive\เดสก์ท็อป\imageprocessing-prj\data\train\pomegranate\Image_17.jpg,5746.18,e9e0e09dae4c3bf8b30842a7aa2343aa
train,pomegranate,Image_18.jpg,C:\Users\Computer\OneDrive\เดสก์ท็อป\imageprocessing-prj\data\train\pomegranate\Image_18.jpg,705.64,bc6689d1b2c32f95dd3db376ba7263b1
train,pomegranate,Image_19.jpg,C:\Users\Computer\OneDrive\เดสก์ท็อป\imageprocessing-prj\data\train\pomegranate\Image_19.jpg,490.49,592a679199f2384d663c19709a1a5c29
train,pomegranate,Image_2.jpg,C:\Users\Computer\OneDrive\เดสก์ท็อป\imageprocessing-prj\data\train\pomegranate\Image_2.jpg,1513.02,36ac1c54377a3f896ff490e48ba0009c
train,pomegranate,Image_20.jpg,C:\Users\Computer\OneDrive\เดสก์ท็อป\imageprocessing-prj\data\train\pomegranate\Image_20.jpg,100.41,d095685fbc83495a3f79e85d772e8b54
train,pomegranate,Image_21.jpg,C:\Users\Computer\OneDrive\เดสก์ท็อป\imageprocessing-prj\data\train\pomegranate\Image_21.jpg,75.7,048b54cf147cc6d51af7832f20a6a1d6
train,pomegranate,Image_22.jpg,C:\Users\Computer\OneDrive\เดสก์ท็อป\imageprocessing-prj\data\train\pomegranate\Image_22.jpg,1315.0,296e2884a6db323b2d1292dfdfae17e6
train,pomegranate,Image_23.jpg,C:\Users\Computer\OneDrive\เดสก์ท็อป\imageprocessing-prj\data\train\pomegranate\Image_23.jpg,564.24,929979d9e833e7773e92e93d1476b023
train,pomegranate,Image_24.jpg,C:\Users\Computer\OneDrive\เดสก์ท็อป\imageprocessing-prj\data\train\pomegranate\Image_24.jpg,154.03,20ca416337e4639a2d77b98173425ab4
train,pomegranate,Image_25.jpg,C:\Users\Computer\OneDrive\เดสก์ท็อป\imageprocessing-prj\data\train\pomegranate\Image_25.jpg,2597.27,856f030030db499150f0976c8258d205
train,pomegranate,Image_26.jpg,C:\Users\Computer\OneDrive\เดสก์ท็อป\imageprocessing-prj\data\train\pomegranate\Image_26.jpg,137.18,7f295fa5f18d43e1ae150c85a634a66b
train,pomegranate,Image_27.jpg,C:\Users\Computer\OneDrive\เดสก์ท็อป\imageprocessing-prj\data\train\pomegranate\Image_27.jpg,151.59,de8c1f4cf4a3d2ed9850f2089bce21c9
train,pomegranate,Image_28.jpeg,C:\Users\Computer\OneDrive\เดสก์ท็อป\imageprocessing-prj\data\train\pomegranate\Image_28.jpeg,337.67,09c052a3511ca926d9cfe59ed0e6b9de
train,pomegranate,Image_29.jpg,C:\Users\Computer\OneDrive\เดสก์ท็อป\imageprocessing-prj\data\train\pomegranate\Image_29.jpg,260.52,0b241aba20316cd6d12d7c547f7f19a6
train,pomegranate,Image_3.jpg,C:\Users\Computer\OneDrive\เดสก์ท็อป\imageprocessing-prj\data\train\pomegranate\Image_3.jpg,197.91,d52d4869febc24467d441faade771055
train,pomegranate,Image_30.jpg,C:\Users\Computer\OneDrive\เดสก์ท็อป\imageprocessing-prj\data\train\pomegranate\Image_30.jpg,43.76,61fcaf40a012f6b90b0c5b040c814a24
train,pomegranate,Image_31.jpg,C:\Users\Computer\OneDrive\เดสก์ท็อป\imageprocessing-prj\data\train\pomegranate\Image_31.jpg,328.21,605d365cbd9406ef508030017957a62a
train,pomegranate,Image_32.jpg,C:\Users\Computer\OneDrive\เดสก์ท็อป\imageprocessing-prj\data\train\pomegranate\Image_32.jpg,160.11,e73e76f6fb7a755b20114a1b4bd0a6a9
train,pomegranate,Image_33.jpg,C:\Users\Computer\OneDrive\เดสก์ท็อป\imageprocessing-prj\data\train\pomegranate\Image_33.jpg,320.67,84f5cdbec9e4585822240afbb8b3e139
train,pomegranate,Image_35.jpg,C:\Users\Computer\OneDrive\เดสก์ท็อป\imageprocessing-prj\data\train\pomegranate\Image_35.jpg,210.74,a7c763d11a5a457158733b1d8407d3e3
train,pomegranate,Image_36.jpg,C:\Users\Computer\OneDrive\เดสก์ท็อป\imageprocessing-prj\data\train\pomegranate\Image_36.jpg,152.55,c622ef2fb701533cc453b82dabdda646
train,pomegranate,Image_37.jpg,C:\Users\Computer\OneDrive\เดสก์ท็อป\imageprocessing-prj\data\train\pomegranate\Image_37.jpg,73.89,9ef30d75259d0ec0561a55db9128f66e
train,pomegranate,Image_38.jpg,C:\Users\Computer\OneDrive\เดสก์ท็อป\imageprocessing-prj\data\train\pomegranate\Image_38.jpg,222.18,ff779addfcb1535a25ea37ce436d0c17
train,pomegranate,Image_39.jpg,C:\Users\Computer\OneDrive\เดสก์ท็อป\imageprocessing-prj\data\train\pomegranate\Image_39.jpg,4350.19,d18eec517b051abb64fdb65dafab0b03
train,pomegranate,Image_4.jpg,C:\Users\Computer\OneDrive\เดสก์ท็อป\imageprocessing-prj\data\train\pomegranate\Image_4.jpg,132.94,bcbd78017ffcb61a3aa81cd15dcf4b99
train,pomegranate,Image_40.jpg,C:\Users\Computer\OneDrive\เดสก์ท็อป\imageprocessing-prj\data\train\pomegranate\Image_40.jpg,45.61,6f1ab2be6460bcb2680bf2c74a2eb288
train,pomegranate,Image_41.jpg,C:\Users\Computer\OneDrive\เดสก์ท็อป\imageprocessing-prj\data\train\pomegranate\Image_41.jpg,62.79,e2feafc500504979299614eb5cef07cb
train,pomegranate,Image_43.jpg,C:\Users\Computer\OneDrive\เดสก์ท็อป\imageprocessing-prj\data\train\pomegranate\Image_43.jpg,390.55,140492c1546744e58f558003a9be8280
train,pomegranate,Image_44.jpg,C:\Users\Computer\OneDrive\เดสก์ท็อป\imageprocessing-prj\data\train\pomegranate\Image_44.jpg,325.16,bca5b65e71c40aa44c8325f9b0ddf0db
train,pomegranate,Image_45.jpg,C:\Users\Computer\OneDrive\เดสก์ท็อป\imageprocessing-prj\data\train\pomegranate\Image_45.jpg,60.86,92c19f9e0204aca5eb988e820767baab
train,pomegranate,Image_46.jpg,C:\Users\Computer\OneDrive\เดสก์ท็อป\imageprocessing-prj\data\train\pomegranate\Image_46.jpg,3757.65,51668725e900289ee809a93f83baa026
train,pomegranate,Image_5.jpg,C:\Users\Computer\OneDrive\เดสก์ท็อป\imageprocessing-prj\data\train\pomegranate\Image_5.jpg,106.58,8f83ca306eeaad7f7524bf49a23fe30d
train,pomegranate,Image_50.jpg,C:\Users\Computer\OneDrive\เดสก์ท็อป\imageprocessing-prj\data\train\pomegranate\Image_50.jpg,43.47,6acfc4e02a3b39873b061933bbe37a77
train,pomegranate,Image_51.jpg,C:\Users\Computer\OneDrive\เดสก์ท็อป\imageprocessing-prj\data\train\pomegranate\Image_51.jpg,418.38,d2e1ae8b2df5326698abcba2f3c0f54d
train,pomegranate,Image_52.jpg,C:\Users\Computer\OneDrive\เดสก์ท็อป\imageprocessing-prj\data\train\pomegranate\Image_52.jpg,10.0,be2bac558e42fffc43bdd7abc548eac5
train,pomegranate,Image_54.jpg,C:\Users\Computer\OneDrive\เดสก์ท็อป\imageprocessing-prj\data\train\pomegranate\Image_54.jpg,98.75,78550af79f4eafec8b07f0972148490a
train,pomegranate,Image_56.jpg,C:\Users\Computer\OneDrive\เดสก์ท็อป\imageprocessing-prj\data\train\pomegranate\Image_56.jpg,566.35,f1396396c146b4cc3c0e41c096f26eae
train,pomegranate,Image_57.jpg,C:\Users\Computer\OneDrive\เดสก์ท็อป\imageprocessing-prj\data\train\pomegranate\Image_57.jpg,44.85,7ac2823fc9c60aaca3078cb641bee735
train,pomegranate,Image_58.jpg,C:\Users\Computer\OneDrive\เดสก์ท็อป\imageprocessing-prj\data\train\pomegranate\Image_58.jpg,2583.17,6ce0699a7cb99089445f340adfc00930
train,pomegranate,Image_59.jpg,C:\Users\Computer\OneDrive\เดสก์ท็อป\imageprocessing-prj\data\train\pomegranate\Image_59.jpg,1673.88,879f664939d2e7664306852e1946506c
train,pomegranate,Image_6.jpg,C:\Users\Computer\OneDrive\เดสก์ท็อป\imageprocessing-prj\data\train\pomegranate\Image_6.jpg,297.18,4c34390c9af08ef675a38cb92f0dbc41
train,pomegranate,Image_60.jpg,C:\Users\Computer\OneDrive\เดสก์ท็อป\imageprocessing-prj\data\train\pomegranate\Image_60.jpg,4935.75,119ac7ac0fa3ceb110a54de8a5a0811b
train,pomegranate,Image_61.jpg,C:\Users\Computer\OneDrive\เดสก์ท็อป\imageprocessing-prj\data\train\pomegranate\Image_61.jpg,21.69,f2f2fb84252005c058bf84fb919150d3
train,pomegranate,Image_63.jpg,C:\Users\Computer\OneDrive\เดสก์ท็อป\imageprocessing-prj\data\train\pomegranate\Image_63.jpg,148.66,36e8dd9cf9b70e7e6e6f0dcc8df71599
train,pomegranate,Image_64.jpg,C:\Users\Computer\OneDrive\เดสก์ท็อป\imageprocessing-prj\data\train\pomegranate\Image_64.jpg,3572.51,96cdb4349141b45b35c95fa9e80e131b
train,pomegranate,Image_65.jpg,C:\Users\Computer\OneDrive\เดสก์ท็อป\imageprocessing-prj\data\train\pomegranate\Image_65.jpg,668.12,f0990bb1d28eac70c155f7c7424a75ee
train,pomegranate,Image_66.jpg,C:\Users\Computer\OneDrive\เดสก์ท็อป\imageprocessing-prj\data\train\pomegranate\Image_66.jpg,50.51,27586de8a48ee0dae0ced6abeb94e986
train,pomegranate,Image_67.png,C:\Users\Computer\OneDrive\เดสก์ท็อป\imageprocessing-prj\data\train\pomegranate\Image_67.png,289.54,453f95adf5243a6c40156399591c2268
train,pomegranate,Image_68.jpg,C:\Users\Computer\OneDrive\เดสก์ท็อป\imageprocessing-prj\data\train\pomegranate\Image_68.jpg,92.42,9cd67077828c7fc40508f06d9683d135
train,pomegranate,Image_69.jpg,C:\Users\Computer\OneDrive\เดสก์ท็อป\imageprocessing-prj\data\train\pomegranate\Image_69.jpg,50.07,72c6a613f7f39f07b0f9419fb594ee4e
train,pomegranate,Image_7.jpg,C:\Users\Computer\OneDrive\เดสก์ท็อป\imageprocessing-prj\data\train\pomegranate\Image_7.jpg,561.98,20a07b1bf8d8e7d94afb8fd5994b0345
train,pomegranate,Image_70.jpg,C:\Users\Computer\OneDrive\เดสก์ท็อป\imageprocessing-prj\data\train\pomegranate\Image_70.jpg,295.7,90d24d031348c441c3d6b360fe5fdd49
train,pomegranate,Image_71.jpg,C:\Users\Computer\OneDrive\เดสก์ท็อป\imageprocessing-prj\data\train\pomegranate\Image_71.jpg,178.86,4aaed24786deea81225fa7791fea6c8e
train,pomegranate,Image_72.jpg,C:\Users\Computer\OneDrive\เดสก์ท็อป\imageprocessing-prj\data\train\pomegranate\Image_72.jpg,353.95,3f958476049cd0ed64e9778208a52b59
train,pomegranate,Image_73.JPG,C:\Users\Computer\OneDrive\เดสก์ท็อป\imageprocessing-prj\data\train\pomegranate\Image_73.JPG,211.83,081ef9f0f450857d2749aef7bf96621a
train,pomegranate,Image_74.jpg,C:\Users\Computer\OneDrive\เดสก์ท็อป\imageprocessing-prj\data\train\pomegranate\Image_74.jpg,2568.21,bc8783b1d61eb33f2e04ef586a037b04
train,pomegranate,Image_75.jpg,C:\Users\Computer\OneDrive\เดสก์ท็อป\imageprocessing-prj\data\train\pomegranate\Image_75.jpg,4491.47,a816004c88884ee034a1a7e9e131b14b
train,pomegranate,Image_77.jpg,C:\Users\Computer\OneDrive\เดสก์ท็อป\imageprocessing-prj\data\train\pomegranate\Image_77.jpg,70.65,c814a957d29db619913b17162de29ef1
train,pomegranate,Image_79.jpg,C:\Users\Computer\OneDrive\เดสก์ท็อป\imageprocessing-prj\data\train\pomegranate\Image_79.jpg,110.57,e50ba211c699d8bbcf62de41aa25eafb
train,pomegranate,Image_8.jpg,C:\Users\Computer\OneDrive\เดสก์ท็อป\imageprocessing-prj\data\train\pomegranate\Image_8.jpg,174.38,2d0573fa7a91b72dbd2685cfa7c6c33e
train,pomegranate,Image_80.png,C:\Users\Computer\OneDrive\เดสก์ท็อป\imageprocessing-prj\data\train\pomegranate\Image_80.png,578.84,7dbe42e634bba44c1c2729a456927c3e
train,pomegranate,Image_83.jpg,C:\Users\Computer\OneDrive\เดสก์ท็อป\imageprocessing-prj\data\train\pomegranate\Image_83.jpg,115.89,2b6f10690b8b77e3b3751c53fbf349e4
train,pomegranate,Image_87.jpg,C:\Users\Computer\OneDrive\เดสก์ท็อป\imageprocessing-prj\data\train\pomegranate\Image_87.jpg,27.0,3344c491b1b6e6a96c7278a5ddc2237e
train,pomegranate,Image_88.jpg,C:\Users\Computer\OneDrive\เดสก์ท็อป\imageprocessing-prj\data\train\pomegranate\Image_88.jpg,278.4,52fbcf1f8c603cf3ef61805bd4d17362
train,pomegranate,Image_89.png,C:\Users\Computer\OneDrive\เดสก์ท็อป\imageprocessing-prj\data\train\pomegranate\Image_89.png,154.33,ad847d515b7163665bb33d4f3a8b543a
train,pomegranate,Image_9.jpg,C:\Users\Computer\OneDrive\เดสก์ท็อป\imageprocessing-prj\data\train\pomegranate\Image_9.jpg,371.05,d9fc7a24ee046f78ed42fd956280f8d4
train,pomegranate,Image_91.jpg,C:\Users\Computer\OneDrive\เดสก์ท็อป\imageprocessing-prj\data\train\pomegranate\Image_91.jpg,2120.67,2ddc20773978925682ae63dec0c47848
train,pomegranate,Image_96.jpg,C:\Users\Computer\OneDrive\เดสก์ท็อป\imageprocessing-prj\data\train\pomegranate\Image_96.jpg,482.47,b06e2b2b6b57e3a0b6c524dc7ae3ef9f
train,pomegranate,Image_97.jpg,C:\Users\Computer\OneDrive\เดสก์ท็อป\imageprocessing-prj\data\train\pomegranate\Image_97.jpg,1513.02,36ac1c54377a3f896ff490e48ba0009c
train,pomegranate,Image_99.jpg,C:\Users\Computer\OneDrive\เดสก์ท็อป\imageprocessing-prj\data\train\pomegranate\Image_99.jpg,132.94,bcbd78017ffcb61a3aa81cd15dcf4b99
train,potato,Image_1.jpg,C:\Users\Computer\OneDrive\เดสก์ท็อป\imageprocessing-prj\data\train\potato\Image_1.jpg,140.77,fceff7c6cfc07ebd828c16b5320b872a
train,potato,Image_10.jpg,C:\Users\Computer\OneDrive\เดสก์ท็อป\imageprocessing-prj\data\train\potato\Image_10.jpg,104.3,4382f7bd64316ab8dff583561c1a29c1
train,potato,Image_100.jpg,C:\Users\Computer\OneDrive\เดสก์ท็อป\imageprocessing-prj\data\train\potato\Image_100.jpg,59.62,39d0f942e87fbc1a8b252027a8c5f3ba
train,potato,Image_11.jpg,C:\Users\Computer\OneDrive\เดสก์ท็อป\imageprocessing-prj\data\train\potato\Image_11.jpg,146.11,91d01c1ad96f1e7a79c288af5ecce591
train,potato,Image_12.jpg,C:\Users\Computer\OneDrive\เดสก์ท็อป\imageprocessing-prj\data\train\potato\Image_12.jpg,132.02,830fe53ab6c96bfee8fc5b04eb94d28a
train,potato,Image_13.jpg,C:\Users\Computer\OneDrive\เดสก์ท็อป\imageprocessing-prj\data\train\potato\Image_13.jpg,13.05,3b07b1cc3ed797bc0fbfb600e82f9afe
train,potato,Image_14.jpg,C:\Users\Computer\OneDrive\เดสก์ท็อป\imageprocessing-prj\data\train\potato\Image_14.jpg,65.03,2b6a2970f95c69ce68cb0ce08f90cdb1
train,potato,Image_15.jpg,C:\Users\Computer\OneDrive\เดสก์ท็อป\imageprocessing-prj\data\train\potato\Image_15.jpg,181.42,5a7e8f9b28c611b66ae24094d20709cd
train,potato,Image_16.jpg,C:\Users\Computer\OneDrive\เดสก์ท็อป\imageprocessing-prj\data\train\potato\Image_16.jpg,242.85,9b2397ab2e97c113a15e8edb7dcd68d2
train,potato,Image_20.jpg,C:\Users\Computer\OneDrive\เดสก์ท็อป\imageprocessing-prj\data\train\potato\Image_20.jpg,137.58,0bb9bee6b37355c437139df086f7a9ef
train,potato,Image_22.png,C:\Users\Computer\OneDrive\เดสก์ท็อป\imageprocessing-prj\data\train\potato\Image_22.png,96.01,d7c8fdb296f5f71a29bc677b039fb569
train,potato,Image_23.jpg,C:\Users\Computer\OneDrive\เดสก์ท็อป\imageprocessing-prj\data\train\potato\Image_23.jpg,253.24,1c0988124299a09c21732a01d2ec8f94
train,potato,Image_28.jpg,C:\Users\Computer\OneDrive\เดสก์ท็อป\imageprocessing-prj\data\train\potato\Image_28.jpg,70.25,f802855d296b78cc0d1085fd138e73d5
train,potato,Image_29.jpg,C:\Users\Computer\OneDrive\เดสก์ท็อป\imageprocessing-prj\data\train\potato\Image_29.jpg,146.51,aa98eaf1a4da46b718d9501d4b0705c1
train,potato,Image_3.jpg,C:\Users\Computer\OneDrive\เดสก์ท็อป\imageprocessing-prj\data\train\potato\Image_3.jpg,164.32,14bf66366f2156c27e975eafea27c8c0
train,potato,Image_30.jpeg,C:\Users\Computer\OneDrive\เดสก์ท็อป\imageprocessing-prj\data\train\potato\Image_30.jpeg,58.03,43f6d5f3735066cfb74a3d5501059e0b
train,potato,Image_31.jpg,C:\Users\Computer\OneDrive\เดสก์ท็อป\imageprocessing-prj\data\train\potato\Image_31.jpg,334.28,00a61b0134f540dd230efe6ece42f872
train,potato,Image_32.jpg,C:\Users\Computer\OneDrive\เดสก์ท็อป\imageprocessing-prj\data\train\potato\Image_32.jpg,232.72,d626205099359f45ac0222c4aa009c90
train,potato,Image_33.jpg,C:\Users\Computer\OneDrive\เดสก์ท็อป\imageprocessing-prj\data\train\potato\Image_33.jpg,1764.86,c7b66b0feec50f33746addfb91a11360
train,potato,Image_34.jpg,C:\Users\Computer\OneDrive\เดสก์ท็อป\imageprocessing-prj\data\train\potato\Image_34.jpg,240.02,c5864fc3be50c5070a75ab3618335cd5
train,potato,Image_38.jpg,C:\Users\Computer\OneDrive\เดสก์ท็อป\imageprocessing-prj\data\train\potato\Image_38.jpg,61.4,5ca5552f9ac02b75a7fc5d5554a9e07d
train,potato,Image_4.jpg,C:\Users\Computer\OneDrive\เดสก์ท็อป\imageprocessing-prj\data\train\potato\Image_4.jpg,24.26,be001310bf938bb1e3da3c2a0cb34946
train,potato,Image_43.jpg,C:\Users\Computer\OneDrive\เดสก์ท็อป\imageprocessing-prj\data\train\potato\Image_43.jpg,251.07,f3b28f91d838b3ec193d6ebf8e37bf21
train,potato,Image_44.jpg,C:\Users\Computer\OneDrive\เดสก์ท็อป\imageprocessing-prj\data\train\potato\Image_44.jpg,83.87,1746905e79820c611a75f362be285401
train,potato,Image_45.jpg,C:\Users\Computer\OneDrive\เดสก์ท็อป\imageprocessing-prj\data\train\potato\Image_45.jpg,96.49,6986d5c545f0e792274e42c414f8270b
train,potato,Image_46.png,C:\Users\Computer\OneDrive\เดสก์ท็อป\imageprocessing-prj\data\train\potato\Image_46.png,568.3,7d6b19097881d994e218241d7710b291
train,potato,Image_47.jpg,C:\Users\Computer\OneDrive\เดสก์ท็อป\imageprocessing-prj\data\train\potato\Image_47.jpg,741.65,e6ffa5a5ada8bfd205243e4afce48e3e
train,potato,Image_48.jpg,C:\Users\Computer\OneDrive\เดสก์ท็อป\imageprocessing-prj\data\train\potato\Image_48.jpg,2636.75,54f5fd85aa504e54ac66886dbe62fe74
train,potato,Image_49.jpg,C:\Users\Computer\OneDrive\เดสก์ท็อป\imageprocessing-prj\data\train\potato\Image_49.jpg,786.91,6139aa76bfba3a31c46a77b5a4d4974f
train,potato,Image_5.JPG,C:\Users\Computer\OneDrive\เดสก์ท็อป\imageprocessing-prj\data\train\potato\Image_5.JPG,72.35,807fbe2bb9afd4bf70f69a571198fff2
train,potato,Image_50.jpg,C:\Users\Computer\OneDrive\เดสก์ท็อป\imageprocessing-prj\data\train\potato\Image_50.jpg,193.69,f06529024aa0c05facb0b47a9222635b
train,potato,Image_51.jpg,C:\Users\Computer\OneDrive\เดสก์ท็อป\imageprocessing-prj\data\train\potato\Image_51.jpg,26.78,7a931b85c2839070e54765d3e427b2c5
train,potato,Image_52.jpg,C:\Users\Computer\OneDrive\เดสก์ท็อป\imageprocessing-prj\data\train\potato\Image_52.jpg,164.04,825c36df9494de9c116c3771b96887f2
train,potato,Image_53.jpg,C:\Users\Computer\OneDrive\เดสก์ท็อป\imageprocessing-prj\data\train\potato\Image_53.jpg,149.61,16b76114e98415f6ae8d10a6b5371b20
train,potato,Image_54.jpg,C:\Users\Computer\OneDrive\เดสก์ท็อป\imageprocessing-prj\data\train\potato\Image_54.jpg,19.36,99c7d15d1b49113c08b58eff056e071f
train,potato,Image_55.jpg,C:\Users\Computer\OneDrive\เดสก์ท็อป\imageprocessing-prj\data\train\potato\Image_55.jpg,140.4,386d6fcf1d0cb50b7888f297487e55bf
train,potato,Image_56.jpg,C:\Users\Computer\OneDrive\เดสก์ท็อป\imageprocessing-prj\data\train\potato\Image_56.jpg,149.12,6379c30623da5a52f9373347aa1a745c
train,potato,Image_57.jpg,C:\Users\Computer\OneDrive\เดสก์ท็อป\imageprocessing-prj\data\train\potato\Image_57.jpg,126.1,aa0a7e5f75178906f0d2741f13543af0
train,potato,Image_58.jpg,C:\Users\Computer\OneDrive\เดสก์ท็อป\imageprocessing-prj\data\train\potato\Image_58.jpg,217.71,0c3dfacff34875750e47022a9a2c646d
train,potato,Image_6.jpg,C:\Users\Computer\OneDrive\เดสก์ท็อป\imageprocessing-prj\data\train\potato\Image_6.jpg,59.62,39d0f942e87fbc1a8b252027a8c5f3ba
train,potato,Image_60.jpg,C:\Users\Computer\OneDrive\เดสก์ท็อป\imageprocessing-prj\data\train\potato\Image_60.jpg,378.89,076abae4d5b7f330a16e9ee1112a0460
train,potato,Image_61.jpg,C:\Users\Computer\OneDrive\เดสก์ท็อป\imageprocessing-prj\data\train\potato\Image_61.jpg,17.87,cbebbab487225d15ab6857f38798fef5
train,potato,Image_62.jpg,C:\Users\Computer\OneDrive\เดสก์ท็อป\imageprocessing-prj\data\train\potato\Image_62.jpg,37.0,ca8df4f7843dff7d239553eb9f0dce2d
train,potato,Image_63.jpg,C:\Users\Computer\OneDrive\เดสก์ท็อป\imageprocessing-prj\data\train\potato\Image_63.jpg,1235.73,603dc3ed40f5fc69328d77603852d1a2
train,potato,Image_64.jpg,C:\Users\Computer\OneDrive\เดสก์ท็อป\imageprocessing-prj\data\train\potato\Image_64.jpg,1252.9,46cbe4dae7f391b4bc4a533e309c56d7
train,potato,Image_65.png,C:\Users\Computer\OneDrive\เดสก์ท็อป\imageprocessing-prj\data\train\potato\Image_65.png,41.17,94074be3e2f3e80085ebbcbd2834a4b0
train,potato,Image_66.jpg,C:\Users\Computer\OneDrive\เดสก์ท็อป\imageprocessing-prj\data\train\potato\Image_66.jpg,33.96,c09bd80d456abd46429f3e1d73b4d15e
train,potato,Image_67.jpg,C:\Users\Computer\OneDrive\เดสก์ท็อป\imageprocessing-prj\data\train\potato\Image_67.jpg,147.42,51b21d8335ddd6076a9f2e651ccabad8
train,potato,Image_68.jpg,C:\Users\Computer\OneDrive\เดสก์ท็อป\imageprocessing-prj\data\train\potato\Image_68.jpg,2169.72,d9b7924ac246dafaa7e42dbc359735c5
train,potato,Image_69.png,C:\Users\Computer\OneDrive\เดสก์ท็อป\imageprocessing-prj\data\train\potato\Image_69.png,1925.93,90ba72ab3d54d7c90382fddf1a0ef7fe
train,potato,Image_7.jpg,C:\Users\Computer\OneDrive\เดสก์ท็อป\imageprocessing-prj\data\train\potato\Image_7.jpg,111.24,d32c78919114e909f9945dce1ac30235
train,potato,Image_71.jpg,C:\Users\Computer\OneDrive\เดสก์ท็อป\imageprocessing-prj\data\train\potato\Image_71.jpg,622.42,15ade467558e7268b3cc990ef755f6f1
train,potato,Image_72.jpg,C:\Users\Computer\OneDrive\เดสก์ท็อป\imageprocessing-prj\data\train\potato\Image_72.jpg,13.0,733052da32cd2ae23f935a628dfd39c9
train,potato,Image_73.jpg,C:\Users\Computer\OneDrive\เดสก์ท็อป\imageprocessing-prj\data\train\potato\Image_73.jpg,511.7,fa193dbbe307fbcd71fc572373aa2e34
train,potato,Image_74.jpg,C:\Users\Computer\OneDrive\เดสก์ท็อป\imageprocessing-prj\data\train\potato\Image_74.jpg,515.87,ca2a1779c418905e2266e9e1e2dca906
train,potato,Image_76.jpg,C:\Users\Computer\OneDrive\เดสก์ท็อป\imageprocessing-prj\data\train\potato\Image_76.jpg,646.75,418ebaeef999d00dcb34e50c1ef189e0
train,potato,Image_77.jpg,C:\Users\Computer\OneDrive\เดสก์ท็อป\imageprocessing-prj\data\train\potato\Image_77.jpg,120.77,66184a3558893cf09dc075840d00bcd2
train,potato,Image_78.jpg,C:\Users\Computer\OneDrive\เดสก์ท็อป\imageprocessing-prj\data\train\potato\Image_78.jpg,37.07,4567f10d4198ba37a14ccbb756c1f8d6
train,potato,Image_79.jpg,C:\Users\Computer\OneDrive\เดสก์ท็อป\imageprocessing-prj\data\train\potato\Image_79.jpg,121.72,89521469c4faa2eb6a8f4045b7030f81
train,potato,Image_8.jpg,C:\Users\Computer\OneDrive\เดสก์ท็อป\imageprocessing-prj\data\train\potato\Image_8.jpg,410.93,702e887e96a208033a4e05898f8585dd
train,potato,Image_80.png,C:\Users\Computer\OneDrive\เดสก์ท็อป\imageprocessing-prj\data\train\potato\Image_80.png,487.28,710529cf7a7cb828ab145f445a978f47
train,potato,Image_81.jpg,C:\Users\Computer\OneDrive\เดสก์ท็อป\imageprocessing-prj\data\train\potato\Image_81.jpg,245.17,cb3b565f180214e38ed4387f409b40d0
train,potato,Image_82.jpg,C:\Users\Computer\OneDrive\เดสก์ท็อป\imageprocessing-prj\data\train\potato\Image_82.jpg,1476.96,1c1fdbdfc8f9aaec26c09d0c88981f25
train,potato,Image_83.jpg,C:\Users\Computer\OneDrive\เดสก์ท็อป\imageprocessing-prj\data\train\potato\Image_83.jpg,24.17,29c2e6d40d1f2dabdb33e654e438788a
train,potato,Image_84.png,C:\Users\Computer\OneDrive\เดสก์ท็อป\imageprocessing-prj\data\train\potato\Image_84.png,611.41,4d01762a8894398ea0dddffb82de3109
train,potato,Image_85.jpg,C:\Users\Computer\OneDrive\เดสก์ท็อป\imageprocessing-prj\data\train\potato\Image_85.jpg,126.84,0c77d24f27e1d62fcdd8461e58eaddfe
train,potato,Image_86.jpg,C:\Users\Computer\OneDrive\เดสก์ท็อป\imageprocessing-prj\data\train\potato\Image_86.jpg,2421.86,c6a39aff0652780574155b0143cb9dfc
train,potato,Image_88.jpeg,C:\Users\Computer\OneDrive\เดสก์ท็อป\imageprocessing-prj\data\train\potato\Image_88.jpeg,335.42,3c8022dd50ba74e1f25c05461a963af3
train,potato,Image_89.jpg,C:\Users\Computer\OneDrive\เดสก์ท็อป\imageprocessing-prj\data\train\potato\Image_89.jpg,136.1,dccb1248ffd655b7e45caa225288f3bf
train,potato,Image_90.png,C:\Users\Computer\OneDrive\เดสก์ท็อป\imageprocessing-prj\data\train\potato\Image_90.png,137.43,f9d382b4cbba96f70491e68f450b0244
train,potato,Image_91.jpg,C:\Users\Computer\OneDrive\เดสก์ท็อป\imageprocessing-prj\data\train\potato\Image_91.jpg,21.42,9d3f79b369bbd7e0c68edf0e6b5fc6e4
train,potato,Image_92.jpg,C:\Users\Computer\OneDrive\เดสก์ท็อป\imageprocessing-prj\data\train\potato\Image_92.jpg,12.71,3bf2c59a7a4c08d72f03f5b049e30963
train,potato,Image_94.jpg,C:\Users\Computer\OneDrive\เดสก์ท็อป\imageprocessing-prj\data\train\potato\Image_94.jpg,33.63,4aee811e1bd66a70a87f52ecbc99206c
train,potato,Image_95.jpg,C:\Users\Computer\OneDrive\เดสก์ท็อป\imageprocessing-prj\data\train\potato\Image_95.jpg,140.77,fceff7c6cfc07ebd828c16b5320b872a
train,potato,Image_97.jpg,C:\Users\Computer\OneDrive\เดสก์ท็อป\imageprocessing-prj\data\train\potato\Image_97.jpg,164.32,14bf66366f2156c27e975eafea27c8c0
train,potato,Image_98.jpg,C:\Users\Computer\OneDrive\เดสก์ท็อป\imageprocessing-prj\data\train\potato\Image_98.jpg,24.26,be001310bf938bb1e3da3c2a0cb34946
train,potato,Image_99.JPG,C:\Users\Computer\OneDrive\เดสก์ท็อป\imageprocessing-prj\data\train\potato\Image_99.JPG,72.35,807fbe2bb9afd4bf70f69a571198fff2
train,raddish,Image_1.jpg,C:\Users\Computer\OneDrive\เดสก์ท็อป\imageprocessing-prj\data\train\raddish\Image_1.jpg,120.51,043ea44b040ecfb4a9a70070ecbb2c3b
train,raddish,Image_10.jpg,C:\Users\Computer\OneDrive\เดสก์ท็อป\imageprocessing-prj\data\train\raddish\Image_10.jpg,79.24,2e7380a2db2ac5264c7887716f2dae7c
train,raddish,Image_100.jpg,C:\Users\Computer\OneDrive\เดสก์ท็อป\imageprocessing-prj\data\train\raddish\Image_100.jpg,243.61,2822bc9264029bb2d2e69046451b6db1
train,raddish,Image_11.png,C:\Users\Computer\OneDrive\เดสก์ท็อป\imageprocessing-prj\data\train\raddish\Image_11.png,3170.11,ac47eeab7142fc07cdfc92f0bd7ea6b4
train,raddish,Image_12.jpg,C:\Users\Computer\OneDrive\เดสก์ท็อป\imageprocessing-prj\data\train\raddish\Image_12.jpg,210.73,9ca65f43f05276ab62de77df864c3d69
train,raddish,Image_13.jpg,C:\Users\Computer\OneDrive\เดสก์ท็อป\imageprocessing-prj\data\train\raddish\Image_13.jpg,78.32,dc8707254b1172df85bee1838dbd8dec
train,raddish,Image_14.jpg,C:\Users\Computer\OneDrive\เดสก์ท็อป\imageprocessing-prj\data\train\raddish\Image_14.jpg,22.99,2ac22f256ead6aaa7fef583da9e7bed3
train,raddish,Image_15.jpg,C:\Users\Computer\OneDrive\เดสก์ท็อป\imageprocessing-prj\data\train\raddish\Image_15.jpg,30.26,cd67487f0c6099aa57748f3c4afd625e
train,raddish,Image_16.jpg,C:\Users\Computer\OneDrive\เดสก์ท็อป\imageprocessing-prj\data\train\raddish\Image_16.jpg,131.31,c4f26cd8abb69ac422974a0338fbfbd6
train,raddish,Image_17.jpg,C:\Users\Computer\OneDrive\เดสก์ท็อป\imageprocessing-prj\data\train\raddish\Image_17.jpg,64.14,dd95579d033b6fe936d14a8ea5ca037a
train,raddish,Image_18.jpg,C:\Users\Computer\OneDrive\เดสก์ท็อป\imageprocessing-prj\data\train\raddish\Image_18.jpg,157.53,07fcc099c3572366bb2667e842ad6662
train,raddish,Image_19.jpg,C:\Users\Computer\OneDrive\เดสก์ท็อป\imageprocessing-prj\data\train\raddish\Image_19.jpg,141.62,aa6cb7a55d355e247b8bfc6ecaec9a8b
train,raddish,Image_2.jpg,C:\Users\Computer\OneDrive\เดสก์ท็อป\imageprocessing-prj\data\train\raddish\Image_2.jpg,12.47,60529c506932b91062b0330e25cbf23a
train,raddish,Image_20.jpg,C:\Users\Computer\OneDrive\เดสก์ท็อป\imageprocessing-prj\data\train\raddish\Image_20.jpg,324.45,54bbbf31a20b6d95abc1cdbd83bfc8da
train,raddish,Image_21.jpg,C:\Users\Computer\OneDrive\เดสก์ท็อป\imageprocessing-prj\data\train\raddish\Image_21.jpg,40.42,57391685fd8d64b91cb10a124d6d8b88
train,raddish,Image_22.jpg,C:\Users\Computer\OneDrive\เดสก์ท็อป\imageprocessing-prj\data\train\raddish\Image_22.jpg,66.52,f3ac8c493c0ce479ac1dd67b8c8cd0b7
train,raddish,Image_23.jpg,C:\Users\Computer\OneDrive\เดสก์ท็อป\imageprocessing-prj\data\train\raddish\Image_23.jpg,36.21,c7135515dd4bdaf0b806d962c45664d2
train,raddish,Image_24.JPG,C:\Users\Computer\OneDrive\เดสก์ท็อป\imageprocessing-prj\data\train\raddish\Image_24.JPG,59.13,c410991cd47bbd8bd725fd4179bda359
train,raddish,Image_25.jpg,C:\Users\Computer\OneDrive\เดสก์ท็อป\imageprocessing-prj\data\train\raddish\Image_25.jpg,76.19,7bd9834fa4bf1bc63f4faa2f281ed8f3
train,raddish,Image_26.jpg,C:\Users\Computer\OneDrive\เดสก์ท็อป\imageprocessing-prj\data\train\raddish\Image_26.jpg,100.03,9c7129acf01f158ae7587f11bf54d8f7
train,raddish,Image_27.jpg,C:\Users\Computer\OneDrive\เดสก์ท็อป\imageprocessing-prj\data\train\raddish\Image_27.jpg,40.03,c50e71e0e6e803a203dc0c50d3aac598
train,raddish,Image_28.jpg,C:\Users\Computer\OneDrive\เดสก์ท็อป\imageprocessing-prj\data\train\raddish\Image_28.jpg,7.92,4a586ec86914c36b93c4ed7975bf5477
train,raddish,Image_29.jpg,C:\Users\Computer\OneDrive\เดสก์ท็อป\imageprocessing-prj\data\train\raddish\Image_29.jpg,158.19,5fa3126e8e0732cc8195d20c4cd54216
train,raddish,Image_3.jpg,C:\Users\Computer\OneDrive\เดสก์ท็อป\imageprocessing-prj\data\train\raddish\Image_3.jpg,236.32,cd5fae3f3be46a31f8cf7572d7cd0f20
train,raddish,Image_30.JPG,C:\Users\Computer\OneDrive\เดสก์ท็อป\imageprocessing-prj\data\train\raddish\Image_30.JPG,286.48,71d52b8bcff99a1ae222f917c73d2eca
train,raddish,Image_31.jpg,C:\Users\Computer\OneDrive\เดสก์ท็อป\imageprocessing-prj\data\train\raddish\Image_31.jpg,48.69,175f529493d543fd7c13d7c5b4105030
train,raddish,Image_32.jpg,C:\Users\Computer\OneDrive\เดสก์ท็อป\imageprocessing-prj\data\train\raddish\Image_32.jpg,38.7,61d155f6abb7d3064d5f9eb5c63ab5fc
train,raddish,Image_33.jpg,C:\Users\Computer\OneDrive\เดสก์ท็อป\imageprocessing-prj\data\train\raddish\Image_33.jpg,1531.99,ccc0d0a516976b35c6dc06f2ed999d24
train,raddish,Image_34.jpg,C:\Users\Computer\OneDrive\เดสก์ท็อป\imageprocessing-prj\data\train\raddish\Image_34.jpg,21.73,daf51d571dc26ffcfdfbc39e58d10d49
train,raddish,Image_35.jpg,C:\Users\Computer\OneDrive\เดสก์ท็อป\imageprocessing-prj\data\train\raddish\Image_35.jpg,106.58,50aa124c92df733c8d88bc8a167b7d7f
train,raddish,Image_36.jpg,C:\Users\Computer\OneDrive\เดสก์ท็อป\imageprocessing-prj\data\train\raddish\Image_36.jpg,38.22,00522651cc950ae637451d749328c6ac
train,raddish,Image_37.jpg,C:\Users\Computer\OneDrive\เดสก์ท็อป\imageprocessing-prj\data\train\raddish\Image_37.jpg,137.52,4dc39cc6db0f58b32487226701ac34af
train,raddish,Image_38.png,C:\Users\Computer\OneDrive\เดสก์ท็อป\imageprocessing-prj\data\train\raddish\Image_38.png,9.05,398cd41f5dcb5b68d40505f1804ad0dd
train,raddish,Image_39.jpg,C:\Users\Computer\OneDrive\เดสก์ท็อป\imageprocessing-prj\data\train\raddish\Image_39.jpg,364.97,5044b63bf02e1f6a0630b1ecb187abb3
train,raddish,Image_4.jpg,C:\Users\Computer\OneDrive\เดสก์ท็อป\imageprocessing-prj\data\train\raddish\Image_4.jpg,243.61,2822bc9264029bb2d2e69046451b6db1
train,raddish,Image_40.jpg,C:\Users\Computer\OneDrive\เดสก์ท็อป\imageprocessing-prj\data\train\raddish\Image_40.jpg,1681.07,6997c83f9bfde3e135690c8c678d78b5
train,raddish,Image_41.jpg,C:\Users\Computer\OneDrive\เดสก์ท็อป\imageprocessing-prj\data\train\raddish\Image_41.jpg,66.07,88efbf2dbfb31640b3570754d6dc445a
train,raddish,Image_42.jpg,C:\Users\Computer\OneDrive\เดสก์ท็อป\imageprocessing-prj\data\train\raddish\Image_42.jpg,19.27,2c4b155fa2498bd38681884529c73578
train,raddish,Image_43.jpg,C:\Users\Computer\OneDrive\เดสก์ท็อป\imageprocessing-prj\data\train\raddish\Image_43.jpg,122.01,c54a9d80d16e9cf19de0b10e1d10beac
train,raddish,Image_44.jpg,C:\Users\Computer\OneDrive\เดสก์ท็อป\imageprocessing-prj\data\train\raddish\Image_44.jpg,110.82,8ac03d300b6d35a7df0d2713d588907a
train,raddish,Image_45.jpg,C:\Users\Computer\OneDrive\เดสก์ท็อป\imageprocessing-prj\data\train\raddish\Image_45.jpg,90.92,877669a75296df93f04a3408c5b5a007
train,raddish,Image_48.png,C:\Users\Computer\OneDrive\เดสก์ท็อป\imageprocessing-prj\data\train\raddish\Image_48.png,451.17,ca23bc5d1da61ff6f01e9dc65a11f02c
train,raddish,Image_49.jpg,C:\Users\Computer\OneDrive\เดสก์ท็อป\imageprocessing-prj\data\train\raddish\Image_49.jpg,18.97,877f77182a8252e6f8fa90a49b38cae8
train,raddish,Image_5.jpg,C:\Users\Computer\OneDrive\เดสก์ท็อป\imageprocessing-prj\data\train\raddish\Image_5.jpg,61.17,ad79474911641f463a3da491f5a4c522
train,raddish,Image_50.jpg,C:\Users\Computer\OneDrive\เดสก์ท็อป\imageprocessing-prj\data\train\raddish\Image_50.jpg,141.66,57d78e81057ba55b5ba52d0dd4079f5f
train,raddish,Image_52.jpg,C:\Users\Computer\OneDrive\เดสก์ท็อป\imageprocessing-prj\data\train\raddish\Image_52.jpg,230.77,a70c9f29d91948df518c35eba8343bd7
train,raddish,Image_54.png,C:\Users\Computer\OneDrive\เดสก์ท็อป\imageprocessing-prj\data\train\raddish\Image_54.png,210.9,4a6d9484bd1d35aa91213eb462d320cb
train,raddish,Image_55.jpg,C:\Users\Computer\OneDrive\เดสก์ท็อป\imageprocessing-prj\data\train\raddish\Image_55.jpg,74.77,f97705371621a566db44f6bf3d41abba
train,raddish,Image_56.jpg,C:\Users\Computer\OneDrive\เดสก์ท็อป\imageprocessing-prj\data\train\raddish\Image_56.jpg,10.63,01bb01d89f4f58e32729c46b05ff2602
train,raddish,Image_57.jpg,C:\Users\Computer\OneDrive\เดสก์ท็อป\imageprocessing-prj\data\train\raddish\Image_57.jpg,55.01,f7b5154316f092b0a5f06d0d6573be6b
train,raddish,Image_58.jpg,C:\Users\Computer\OneDrive\เดสก์ท็อป\imageprocessing-prj\data\train\raddish\Image_58.jpg,25.6,3b59793503cade69c2c3daa68d30afa5
train,raddish,Image_59.png,C:\Users\Computer\OneDrive\เดสก์ท็อป\imageprocessing-prj\data\train\raddish\Image_59.png,315.89,3af8e28810104e9f0f097fd3e72af4a1
train,raddish,Image_6.jpg,C:\Users\Computer\OneDrive\เดสก์ท็อป\imageprocessing-prj\data\train\raddish\Image_6.jpg,119.28,a08466b9d6a19138ded5e486e7dcd977
train,raddish,Image_60.jpg,C:\Users\Computer\OneDrive\เดสก์ท็อป\imageprocessing-prj\data\train\raddish\Image_60.jpg,359.38,1182a1424820a86c008212516ba6c557
train,raddish,Image_63.jpg,C:\Users\Computer\OneDrive\เดสก์ท็อป\imageprocessing-prj\data\train\raddish\Image_63.jpg,53.3,a4335dc74b009e1988ce34bd84069a94
train,raddish,Image_64.jpg,C:\Users\Computer\OneDrive\เดสก์ท็อป\imageprocessing-prj\data\train\raddish\Image_64.jpg,20.94,df52d4d67aa84fc828f1d2e0e014fb35
train,raddish,Image_65.jpg,C:\Users\Computer\OneDrive\เดสก์ท็อป\imageprocessing-prj\data\train\raddish\Image_65.jpg,25.44,417ec764b266e53d346ac2877b084937
train,raddish,Image_66.jpg,C:\Users\Computer\OneDrive\เดสก์ท็อป\imageprocessing-prj\data\train\raddish\Image_66.jpg,40.53,11f3ed583f58a63d426b8441b84d78b2
train,raddish,Image_67.jpg,C:\Users\Computer\OneDrive\เดสก์ท็อป\imageprocessing-prj\data\train\raddish\Image_67.jpg,56.85,83ef359090d2f1399a1f38906f96fabd
train,raddish,Image_68.jpg,C:\Users\Computer\OneDrive\เดสก์ท็อป\imageprocessing-prj\data\train\raddish\Image_68.jpg,125.95,b2d36e74fa43420af0d1d694708ad13c
train,raddish,Image_69.jpg,C:\Users\Computer\OneDrive\เดสก์ท็อป\imageprocessing-prj\data\train\raddish\Image_69.jpg,1111.02,4b2ae8a50193f16a068f2f31033a3419
train,raddish,Image_7.jpg,C:\Users\Computer\OneDrive\เดสก์ท็อป\imageprocessing-prj\data\train\raddish\Image_7.jpg,224.9,c9cf0fe52f1aa950b220102cd614d9fe
train,raddish,Image_70.jpg,C:\Users\Computer\OneDrive\เดสก์ท็อป\imageprocessing-prj\data\train\raddish\Image_70.jpg,115.2,6bad5675b2140f08e0400e21ff5679bd
train,raddish,Image_71.png,C:\Users\Computer\OneDrive\เดสก์ท็อป\imageprocessing-prj\data\train\raddish\Image_71.png,143.98,7d3bcf5621dcf40583a99aa1a4262d22
train,raddish,Image_72.jpg,C:\Users\Computer\OneDrive\เดสก์ท็อป\imageprocessing-prj\data\train\raddish\Image_72.jpg,80.78,10de66fb92c0febec0489d35bc39c381
train,raddish,Image_75.jpg,C:\Users\Computer\OneDrive\เดสก์ท็อป\imageprocessing-prj\data\train\raddish\Image_75.jpg,16.14,aa22d23acefec5e9e6ac9f005d005e0d
train,raddish,Image_78.jpg,C:\Users\Computer\OneDrive\เดสก์ท็อป\imageprocessing-prj\data\train\raddish\Image_78.jpg,119.1,7ab96ce01c77bbf671ae0a38ed55dcd5
train,raddish,Image_8.jpeg,C:\Users\Computer\OneDrive\เดสก์ท็อป\imageprocessing-prj\data\train\raddish\Image_8.jpeg,774.81,49f4a8e0513cf4094f77c3c33e183808
train,raddish,Image_81.jpg,C:\Users\Computer\OneDrive\เดสก์ท็อป\imageprocessing-prj\data\train\raddish\Image_81.jpg,135.81,0e9e2468f13422b5cf1d011ff072cbb8
train,raddish,Image_82.jpg,C:\Users\Computer\OneDrive\เดสก์ท็อป\imageprocessing-prj\data\train\raddish\Image_82.jpg,294.67,571e8cf67753b962e09bde4339daa22b
train,raddish,Image_84.jpg,C:\Users\Computer\OneDrive\เดสก์ท็อป\imageprocessing-prj\data\train\raddish\Image_84.jpg,127.98,b7e37e418554d4c03864efd3cb6ae4d8
train,raddish,Image_85.jpg,C:\Users\Computer\OneDrive\เดสก์ท็อป\imageprocessing-prj\data\train\raddish\Image_85.jpg,119.7,a5627d541c5a7a34a6da09004bf652b9
train,raddish,Image_88.png,C:\Users\Computer\OneDrive\เดสก์ท็อป\imageprocessing-prj\data\train\raddish\Image_88.png,644.97,3d576c94f7bef3bbe3f7851b8fd2586f
train,raddish,Image_89.jpg,C:\Users\Computer\OneDrive\เดสก์ท็อป\imageprocessing-prj\data\train\raddish\Image_89.jpg,341.49,ec59e772b4dbad0846e4988e494646d3
train,raddish,Image_9.png,C:\Users\Computer\OneDrive\เดสก์ท็อป\imageprocessing-prj\data\train\raddish\Image_9.png,153.24,0ce33cb00de5fe63bc480952cce49516
train,raddish,Image_90.jpg,C:\Users\Computer\OneDrive\เดสก์ท็อป\imageprocessing-prj\data\train\raddish\Image_90.jpg,31.08,091796261a6110b784d2dea91b0712f7
train,raddish,Image_91.jpg,C:\Users\Computer\OneDrive\เดสก์ท็อป\imageprocessing-prj\data\train\raddish\Image_91.jpg,90.73,d534fd8a5b096b70c5a6c00855c2b86e
train,raddish,Image_96.jpg,C:\Users\Computer\OneDrive\เดสก์ท็อป\imageprocessing-prj\data\train\raddish\Image_96.jpg,7.84,3079f39731e2d289ebc2dbc7513cc603
train,raddish,Image_97.jpg,C:\Users\Computer\OneDrive\เดสก์ท็อป\imageprocessing-prj\data\train\raddish\Image_97.jpg,120.51,043ea44b040ecfb4a9a70070ecbb2c3b
train,raddish,Image_98.jpg,C:\Users\Computer\OneDrive\เดสก์ท็อป\imageprocessing-prj\data\train\raddish\Image_98.jpg,12.47,60529c506932b91062b0330e25cbf23a
train,raddish,Image_99.jpg,C:\Users\Computer\OneDrive\เดสก์ท็อป\imageprocessing-prj\data\train\raddish\Image_99.jpg,236.32,cd5fae3f3be46a31f8cf7572d7cd0f20
train,soy beans,Image_1.jpg,C:\Users\Computer\OneDrive\เดสก์ท็อป\imageprocessing-prj\data\train\soy beans\Image_1.jpg,105.18,7ef6a1b708c4146b5acf656925d3ea36
train,soy beans,Image_10.jpg,C:\Users\Computer\OneDrive\เดสก์ท็อป\imageprocessing-prj\data\train\soy beans\Image_10.jpg,428.16,aa7ceb273872d55cc9edf2a4e0f0e0fb
train,soy beans,Image_100.jpg,C:\Users\Computer\OneDrive\เดสก์ท็อป\imageprocessing-prj\data\train\soy beans\Image_100.jpg,44.01,503857d19b25902051780a3fddcd003a
train,soy beans,Image_11.jpg,C:\Users\Computer\OneDrive\เดสก์ท็อป\imageprocessing-prj\data\train\soy beans\Image_11.jpg,486.13,ebe698be4750d4a31d827d866d8fe8ee
train,soy beans,Image_12.jpg,C:\Users\Computer\OneDrive\เดสก์ท็อป\imageprocessing-prj\data\train\soy beans\Image_12.jpg,468.85,e8fec85e4959886b2d671082a18c2cc6
train,soy beans,Image_13.png,C:\Users\Computer\OneDrive\เดสก์ท็อป\imageprocessing-prj\data\train\soy beans\Image_13.png,568.85,75186d3808c1581d342c2ac2563bbefd
train,soy beans,Image_14.jpg,C:\Users\Computer\OneDrive\เดสก์ท็อป\imageprocessing-prj\data\train\soy beans\Image_14.jpg,986.87,87d3e9db49091bf49e13ca7679029331
train,soy beans,Image_15.jpg,C:\Users\Computer\OneDrive\เดสก์ท็อป\imageprocessing-prj\data\train\soy beans\Image_15.jpg,50.84,c8c498e92540154d61ad8fd0cfd984a2
train,soy beans,Image_16.jpg,C:\Users\Computer\OneDrive\เดสก์ท็อป\imageprocessing-prj\data\train\soy beans\Image_16.jpg,272.22,46fad554390969df1c9a5a70458686f3
train,soy beans,Image_17.jpg,C:\Users\Computer\OneDrive\เดสก์ท็อป\imageprocessing-prj\data\train\soy beans\Image_17.jpg,659.7,7161530110745d103156a868dcdf17c5
train,soy beans,Image_18.JPG,C:\Users\Computer\OneDrive\เดสก์ท็อป\imageprocessing-prj\data\train\soy beans\Image_18.JPG,51.69,b409bbb6f52655d146d2a6f03b75eab3
train,soy beans,Image_19.jpg,C:\Users\Computer\OneDrive\เดสก์ท็อป\imageprocessing-prj\data\train\soy beans\Image_19.jpg,1013.58,329d8410c83913145e75839c54e17af8
train,soy beans,Image_2.jpg,C:\Users\Computer\OneDrive\เดสก์ท็อป\imageprocessing-prj\data\train\soy beans\Image_2.jpg,204.14,a7d588db988c2e638a172a266a37177d
train,soy beans,Image_20.jpg,C:\Users\Computer\OneDrive\เดสก์ท็อป\imageprocessing-prj\data\train\soy beans\Image_20.jpg,93.98,583d1f677b7987575045c68ad8161953
train,soy beans,Image_21.jpg,C:\Users\Computer\OneDrive\เดสก์ท็อป\imageprocessing-prj\data\train\soy beans\Image_21.jpg,67.97,da4e1dafad50a6adf53dc192097ae8bb
train,soy beans,Image_22.jpg,C:\Users\Computer\OneDrive\เดสก์ท็อป\imageprocessing-prj\data\train\soy beans\Image_22.jpg,321.96,1435f0ecd3ce410126dbbf3688550cb2
train,soy beans,Image_23.jpg,C:\Users\Computer\OneDrive\เดสก์ท็อป\imageprocessing-prj\data\train\soy beans\Image_23.jpg,41.94,7422e5197a47c7e685843089bd2f8322
train,soy beans,Image_24.jpg,C:\Users\Computer\OneDrive\เดสก์ท็อป\imageprocessing-prj\data\train\soy beans\Image_24.jpg,750.66,26ecaddd9191b54bac767e1d76dff99f
train,soy beans,Image_25.jpg,C:\Users\Computer\OneDrive\เดสก์ท็อป\imageprocessing-prj\data\train\soy beans\Image_25.jpg,56.97,0cd8e292bd79aab55024475a13e69377
train,soy beans,Image_26.jpg,C:\Users\Computer\OneDrive\เดสก์ท็อป\imageprocessing-prj\data\train\soy beans\Image_26.jpg,289.67,d722e1b4e0532ecdd1c36d865d33d605
train,soy beans,Image_27.jpg,C:\Users\Computer\OneDrive\เดสก์ท็อป\imageprocessing-prj\data\train\soy beans\Image_27.jpg,52.53,f88920207c1bd09776d8365eac706704
train,soy beans,Image_28.jpg,C:\Users\Computer\OneDrive\เดสก์ท็อป\imageprocessing-prj\data\train\soy beans\Image_28.jpg,47.57,7d0a61cbbc35fd105a1659410a4631b2
train,soy beans,Image_29.jpg,C:\Users\Computer\OneDrive\เดสก์ท็อป\imageprocessing-prj\data\train\soy beans\Image_29.jpg,173.41,a3489e84477e32ebb51a52ebfbd13e37
train,soy beans,Image_3.jpg,C:\Users\Computer\OneDrive\เดสก์ท็อป\imageprocessing-prj\data\train\soy beans\Image_3.jpg,195.56,903f20f85c7638ff5aa87a224504f7d9
train,soy beans,Image_30.jpg,C:\Users\Computer\OneDrive\เดสก์ท็อป\imageprocessing-prj\data\train\soy beans\Image_30.jpg,652.34,ac8620191198360fbe1e6e4009a9a5b6
train,soy beans,Image_31.jpg,C:\Users\Computer\OneDrive\เดสก์ท็อป\imageprocessing-prj\data\train\soy beans\Image_31.jpg,47.65,49b4e6b2fc4cfdbcf19a687498888917
train,soy beans,Image_32.png,C:\Users\Computer\OneDrive\เดสก์ท็อป\imageprocessing-prj\data\train\soy beans\Image_32.png,329.12,77e38a1916e1937802049fd53c1a68b7
train,soy beans,Image_33.jpg,C:\Users\Computer\OneDrive\เดสก์ท็อป\imageprocessing-prj\data\train\soy beans\Image_33.jpg,65.59,aa5264a959f43f7ffeaf9271ad212dc1
train,soy beans,Image_34.png,C:\Users\Computer\OneDrive\เดสก์ท็อป\imageprocessing-prj\data\train\soy beans\Image_34.png,463.71,86c6166fb290bcf0f84a964248f66e1a
train,soy beans,Image_35.jpg,C:\Users\Computer\OneDrive\เดสก์ท็อป\imageprocessing-prj\data\train\soy beans\Image_35.jpg,404.6,80713821292d419b1de1f47aae285913
train,soy beans,Image_36.jpg,C:\Users\Computer\OneDrive\เดสก์ท็อป\imageprocessing-prj\data\train\soy beans\Image_36.jpg,23.17,db665dce5b8d2169468ecba2b216b7f1
train,soy beans,Image_37.jpg,C:\Users\Computer\OneDrive\เดสก์ท็อป\imageprocessing-prj\data\train\soy beans\Image_37.jpg,45.27,d4b0e1e6297d95d3190033065c6181e9
train,soy beans,Image_38.jpg,C:\Users\Computer\OneDrive\เดสก์ท็อป\imageprocessing-prj\data\train\soy beans\Image_38.jpg,168.7,e1526ea7e423bb2cb8740866271abd29
train,soy beans,Image_39.jpg,C:\Users\Computer\OneDrive\เดสก์ท็อป\imageprocessing-prj\data\train\soy beans\Image_39.jpg,18.23,646b4158adfbf0dbaca68837bfbd3d5f
train,soy beans,Image_4.jpg,C:\Users\Computer\OneDrive\เดสก์ท็อป\imageprocessing-prj\data\train\soy beans\Image_4.jpg,44.01,503857d19b25902051780a3fddcd003a
train,soy beans,Image_40.jpg,C:\Users\Computer\OneDrive\เดสก์ท็อป\imageprocessing-prj\data\train\soy beans\Image_40.jpg,22.63,08aec321b6563b3d086e46413f83741e
train,soy beans,Image_41.jpg,C:\Users\Computer\OneDrive\เดสก์ท็อป\imageprocessing-prj\data\train\soy beans\Image_41.jpg,54.48,6029e9fb4f37f2178621e7ca5ec39e4b
train,soy beans,Image_42.png,C:\Users\Computer\OneDrive\เดสก์ท็อป\imageprocessing-prj\data\train\soy beans\Image_42.png,284.9,2c03adb4222dac10d6b0d57d9fb1f667
train,soy beans,Image_43.jpg,C:\Users\Computer\OneDrive\เดสก์ท็อป\imageprocessing-prj\data\train\soy beans\Image_43.jpg,101.15,064aafdb5702eca65503111dd63069bc
train,soy beans,Image_44.jpg,C:\Users\Computer\OneDrive\เดสก์ท็อป\imageprocessing-prj\data\train\soy beans\Image_44.jpg,181.07,717bf1e651d723ee53ca979c8e044a35
train,soy beans,Image_45.jpg,C:\Users\Computer\OneDrive\เดสก์ท็อป\imageprocessing-prj\data\train\soy beans\Image_45.jpg,360.83,f9809bd0d392f91f22e10d3bab5a406b
train,soy beans,Image_46.jpg,C:\Users\Computer\OneDrive\เดสก์ท็อป\imageprocessing-prj\data\train\soy beans\Image_46.jpg,70.49,0a730161354780f484b6635fea9d822e
train,soy beans,Image_47.jpg,C:\Users\Computer\OneDrive\เดสก์ท็อป\imageprocessing-prj\data\train\soy beans\Image_47.jpg,59.84,ef40146166a5edf9031be6810c6a6b5d
train,soy beans,Image_48.jpg,C:\Users\Computer\OneDrive\เดสก์ท็อป\imageprocessing-prj\data\train\soy beans\Image_48.jpg,125.03,9644329aecc2e5fd5c3efa1887dd8eb6
train,soy beans,Image_49.jpg,C:\Users\Computer\OneDrive\เดสก์ท็อป\imageprocessing-prj\data\train\soy beans\Image_49.jpg,370.29,2e1ee086ebd50ece980a886580a173d7
train,soy beans,Image_5.jpg,C:\Users\Computer\OneDrive\เดสก์ท็อป\imageprocessing-prj\data\train\soy beans\Image_5.jpg,2383.85,bfa2b62095fb4f273716be4870a2d510
train,soy beans,Image_50.jpg,C:\Users\Computer\OneDrive\เดสก์ท็อป\imageprocessing-prj\data\train\soy beans\Image_50.jpg,396.68,09da9117cf78809b35839fdd6a2e8071
train,soy beans,Image_51.jpg,C:\Users\Computer\OneDrive\เดสก์ท็อป\imageprocessing-prj\data\train\soy beans\Image_51.jpg,264.92,989b4545370b3702e174021f6af80a06
train,soy beans,Image_52.jpg,C:\Users\Computer\OneDrive\เดสก์ท็อป\imageprocessing-prj\data\train\soy beans\Image_52.jpg,79.66,cb19c35d298a227b28f204aa7beae6f0
train,soy beans,Image_54.jpg,C:\Users\Computer\OneDrive\เดสก์ท็อป\imageprocessing-prj\data\train\soy beans\Image_54.jpg,226.67,112fd8738dc92696ac4987b990f93e27
train,soy beans,Image_55.jpg,C:\Users\Computer\OneDrive\เดสก์ท็อป\imageprocessing-prj\data\train\soy beans\Image_55.jpg,559.9,e6fbdb94cd9383a1acd886150e849d63
train,soy beans,Image_56.jpg,C:\Users\Computer\OneDrive\เดสก์ท็อป\imageprocessing-prj\data\train\soy beans\Image_56.jpg,63.17,e6915de057513fe64534e821839467ca
train,soy beans,Image_57.jpg,C:\Users\Computer\OneDrive\เดสก์ท็อป\imageprocessing-prj\data\train\soy beans\Image_57.jpg,149.53,cb2c7cbde4e222b0c30fd6c5494a84bb
train,soy beans,Image_58.jpg,C:\Users\Computer\OneDrive\เดสก์ท็อป\imageprocessing-prj\data\train\soy beans\Image_58.jpg,418.6,e3d450cf7021f7f5a4086664c1648ae2
train,soy beans,Image_59.jpg,C:\Users\Computer\OneDrive\เดสก์ท็อป\imageprocessing-prj\data\train\soy beans\Image_59.jpg,917.57,6e9527d7799929e36c9c6525684bf4ab
train,soy beans,Image_6.jpg,C:\Users\Computer\OneDrive\เดสก์ท็อป\imageprocessing-prj\data\train\soy beans\Image_6.jpg,274.26,f1bd53b8d03ea294932a14beb95abff1
train,soy beans,Image_60.jpg,C:\Users\Computer\OneDrive\เดสก์ท็อป\imageprocessing-prj\data\train\soy beans\Image_60.jpg,189.74,a506c4da390ee7779c8498835f39e054
train,soy beans,Image_61.jpg,C:\Users\Computer\OneDrive\เดสก์ท็อป\imageprocessing-prj\data\train\soy beans\Image_61.jpg,27.97,00633fabee2661ee07b8978c7a56f398
train,soy beans,Image_62.jpg,C:\Users\Computer\OneDrive\เดสก์ท็อป\imageprocessing-prj\data\train\soy beans\Image_62.jpg,241.81,ef2aab9e5353bc43e54e4c29086bf4ef
train,soy beans,Image_63.jpg,C:\Users\Computer\OneDrive\เดสก์ท็อป\imageprocessing-prj\data\train\soy beans\Image_63.jpg,839.55,8eacc3c6a2afb7e6e97855a797f9f4f4
train,soy beans,Image_64.jpg,C:\Users\Computer\OneDrive\เดสก์ท็อป\imageprocessing-prj\data\train\soy beans\Image_64.jpg,26.9,220a7ff035e588211998fdfbe85b4a84
train,soy beans,Image_65.jpg,C:\Users\Computer\OneDrive\เดสก์ท็อป\imageprocessing-prj\data\train\soy beans\Image_65.jpg,78.74,c6e07367e3651a3c288de34d21ff818b
train,soy beans,Image_66.jpg,C:\Users\Computer\OneDrive\เดสก์ท็อป\imageprocessing-prj\data\train\soy beans\Image_66.jpg,325.98,c23eb5f262969174744174f2afd3dd13
train,soy beans,Image_67.jpg,C:\Users\Computer\OneDrive\เดสก์ท็อป\imageprocessing-prj\data\train\soy beans\Image_67.jpg,288.28,0ec44e9762f1815d5fd3944754de17d4
train,soy beans,Image_68.jpg,C:\Users\Computer\OneDrive\เดสก์ท็อป\imageprocessing-prj\data\train\soy beans\Image_68.jpg,2908.03,79ec80e8829ac2404319b4726ff32828
train,soy beans,Image_69.jpg,C:\Users\Computer\OneDrive\เดสก์ท็อป\imageprocessing-prj\data\train\soy beans\Image_69.jpg,100.35,05b8e87e469b4201cfa7be0e9b293622
train,soy beans,Image_7.jpg,C:\Users\Computer\OneDrive\เดสก์ท็อป\imageprocessing-prj\data\train\soy beans\Image_7.jpg,102.64,d3e3e3d8795b3f3e6f36d0e012edeb21
train,soy beans,Image_70.jpg,C:\Users\Computer\OneDrive\เดสก์ท็อป\imageprocessing-prj\data\train\soy beans\Image_70.jpg,105.98,842c807dcb422449d4219221cbf52acc
train,soy beans,Image_71.jpg,C:\Users\Computer\OneDrive\เดสก์ท็อป\imageprocessing-prj\data\train\soy beans\Image_71.jpg,46.85,1b2f23730506962c238298b2598bce38
train,soy beans,Image_72.jpg,C:\Users\Computer\OneDrive\เดสก์ท็อป\imageprocessing-prj\data\train\soy beans\Image_72.jpg,185.76,b7279ddc0e50d5342494d33a6ba77595
train,soy beans,Image_73.jpg,C:\Users\Computer\OneDrive\เดสก์ท็อป\imageprocessing-prj\data\train\soy beans\Image_73.jpg,46.43,ae7b475bbc5d4f844faa5c6f531f1ffe
train,soy beans,Image_74.jpg,C:\Users\Computer\OneDrive\เดสก์ท็อป\imageprocessing-prj\data\train\soy beans\Image_74.jpg,104.6,524479a350df4f50874af9c9173ff427
train,soy beans,Image_75.jpg,C:\Users\Computer\OneDrive\เดสก์ท็อป\imageprocessing-prj\data\train\soy beans\Image_75.jpg,128.85,57572c42704fc6589e980d100c2c0d68
train,soy beans,Image_76.jpg,C:\Users\Computer\OneDrive\เดสก์ท็อป\imageprocessing-prj\data\train\soy beans\Image_76.jpg,54.94,98072ae6fb720ba68d2dbfcb6223ebe4
train,soy beans,Image_77.jpg,C:\Users\Computer\OneDrive\เดสก์ท็อป\imageprocessing-prj\data\train\soy beans\Image_77.jpg,163.57,439019477e1d52f4e43be6e585d7b905
train,soy beans,Image_78.jpg,C:\Users\Computer\OneDrive\เดสก์ท็อป\imageprocessing-prj\data\train\soy beans\Image_78.jpg,58.38,34fd586bd196c7335e3c49ecb1e6df4d
train,soy beans,Image_79.jpg,C:\Users\Computer\OneDrive\เดสก์ท็อป\imageprocessing-prj\data\train\soy beans\Image_79.jpg,256.75,bc7c6dc16ceb7dd54e5dd038510ab55f
train,soy beans,Image_8.jpg,C:\Users\Computer\OneDrive\เดสก์ท็อป\imageprocessing-prj\data\train\soy beans\Image_8.jpg,105.95,c1178a6acd0ea1ff5a2226e3157189ae
train,soy beans,Image_80.jpg,C:\Users\Computer\OneDrive\เดสก์ท็อป\imageprocessing-prj\data\train\soy beans\Image_80.jpg,150.97,23b98bf1273f9422d96f52e149361295
train,soy beans,Image_81.jpg,C:\Users\Computer\OneDrive\เดสก์ท็อป\imageprocessing-prj\data\train\soy beans\Image_81.jpg,35.41,963c8692484215f78cf2d12b4c4c11d2
train,soy beans,Image_83.jpg,C:\Users\Computer\OneDrive\เดสก์ท็อป\imageprocessing-prj\data\train\soy beans\Image_83.jpg,84.49,42e0fb22954addac3e20d749db802871
train,soy beans,Image_84.jpg,C:\Users\Computer\OneDrive\เดสก์ท็อป\imageprocessing-prj\data\train\soy beans\Image_84.jpg,202.83,142ef93cdaf900964b4a02b5938447f7
train,soy beans,Image_85.jpg,C:\Users\Computer\OneDrive\เดสก์ท็อป\imageprocessing-prj\data\train\soy beans\Image_85.jpg,23.33,f8f7fc93cbd1cc6141a2124c29c3a3f2
train,soy beans,Image_86.jpg,C:\Users\Computer\OneDrive\เดสก์ท็อป\imageprocessing-prj\data\train\soy beans\Image_86.jpg,22.44,9b69c84c6c018837c0836bcc43d98fbe
train,soy beans,Image_87.jpg,C:\Users\Computer\OneDrive\เดสก์ท็อป\imageprocessing-prj\data\train\soy beans\Image_87.jpg,298.25,a7aebf1d1970acfb0443c998a11cbe99
train,soy beans,Image_88.jpg,C:\Users\Computer\OneDrive\เดสก์ท็อป\imageprocessing-prj\data\train\soy beans\Image_88.jpg,45.64,595a7cbe69776d0204a4124f4f058318
train,soy beans,Image_89.jpg,C:\Users\Computer\OneDrive\เดสก์ท็อป\imageprocessing-prj\data\train\soy beans\Image_89.jpg,16.78,15befe3c0b73b9033f2b0ce10c5c17f4
train,soy beans,Image_9.jpg,C:\Users\Computer\OneDrive\เดสก์ท็อป\imageprocessing-prj\data\train\soy beans\Image_9.jpg,215.65,b0c235b86b0d59627448492029feaf02
train,soy beans,Image_90.jpg,C:\Users\Computer\OneDrive\เดสก์ท็อป\imageprocessing-prj\data\train\soy beans\Image_90.jpg,408.55,983b4f9fc93ae292ed678b76ada8e89f
train,soy beans,Image_91.jpg,C:\Users\Computer\OneDrive\เดสก์ท็อป\imageprocessing-prj\data\train\soy beans\Image_91.jpg,265.76,1e6a9f32b6e272aa5dd73c2ca9658308
train,soy beans,Image_92.jpg,C:\Users\Computer\OneDrive\เดสก์ท็อป\imageprocessing-prj\data\train\soy beans\Image_92.jpg,370.14,0965de2123eef76b1f181a557f99cfed
train,soy beans,Image_93.jpg,C:\Users\Computer\OneDrive\เดสก์ท็อป\imageprocessing-prj\data\train\soy beans\Image_93.jpg,92.82,95a310f1d08d96d23a6dc78f1ae28a13
train,soy beans,Image_94.jpg,C:\Users\Computer\OneDrive\เดสก์ท็อป\imageprocessing-prj\data\train\soy beans\Image_94.jpg,303.82,701d72929e0b0426b69ca8f1e678d87b
train,soy beans,Image_95.jpg,C:\Users\Computer\OneDrive\เดสก์ท็อป\imageprocessing-prj\data\train\soy beans\Image_95.jpg,1765.72,d6ae8aec02dadeaea845848fb4eefd4b
train,soy beans,Image_97.jpg,C:\Users\Computer\OneDrive\เดสก์ท็อป\imageprocessing-prj\data\train\soy beans\Image_97.jpg,105.18,7ef6a1b708c4146b5acf656925d3ea36
train,soy beans,Image_98.jpg,C:\Users\Computer\OneDrive\เดสก์ท็อป\imageprocessing-prj\data\train\soy beans\Image_98.jpg,204.14,a7d588db988c2e638a172a266a37177d
train,soy beans,Image_99.jpg,C:\Users\Computer\OneDrive\เดสก์ท็อป\imageprocessing-prj\data\train\soy beans\Image_99.jpg,195.56,903f20f85c7638ff5aa87a224504f7d9
train,spinach,Image_1.jpg,C:\Users\Computer\OneDrive\เดสก์ท็อป\imageprocessing-prj\data\train\spinach\Image_1.jpg,614.38,7b35a03286514c79154b58cfa4db65f3
train,spinach,Image_10.jpg,C:\Users\Computer\OneDrive\เดสก์ท็อป\imageprocessing-prj\data\train\spinach\Image_10.jpg,240.7,6033d4f7a540f1792c045a20c2b9206d
train,spinach,Image_100.jpg,C:\Users\Computer\OneDrive\เดสก์ท็อป\imageprocessing-prj\data\train\spinach\Image_100.jpg,132.89,e47786dab9e6c8b25de72940b85e137f
train,spinach,Image_11.jpg,C:\Users\Computer\OneDrive\เดสก์ท็อป\imageprocessing-prj\data\train\spinach\Image_11.jpg,125.29,783c8bd3e6b6e7c8018df8a6fd5683aa
train,spinach,Image_12.jpg,C:\Users\Computer\OneDrive\เดสก์ท็อป\imageprocessing-prj\data\train\spinach\Image_12.jpg,2251.31,0e7f494011f525b0960dbd2e420fcb74
train,spinach,Image_13.jpg,C:\Users\Computer\OneDrive\เดสก์ท็อป\imageprocessing-prj\data\train\spinach\Image_13.jpg,4545.97,fb49e9e02f0b44d579456eefe133bbb5
train,spinach,Image_14.jpg,C:\Users\Computer\OneDrive\เดสก์ท็อป\imageprocessing-prj\data\train\spinach\Image_14.jpg,2789.6,54e3ef7d2292c294b8f45799e07e2234
train,spinach,Image_15.jpg,C:\Users\Computer\OneDrive\เดสก์ท็อป\imageprocessing-prj\data\train\spinach\Image_15.jpg,210.73,207259f914b48d8b8a60f0b32462cc0a
train,spinach,Image_16.jpg,C:\Users\Computer\OneDrive\เดสก์ท็อป\imageprocessing-prj\data\train\spinach\Image_16.jpg,155.59,ebd22187b43eacdf716528ff9ed74fdd
train,spinach,Image_17.jpg,C:\Users\Computer\OneDrive\เดสก์ท็อป\imageprocessing-prj\data\train\spinach\Image_17.jpg,708.92,c72f06ba1703b9551466806f8f7de37b
train,spinach,Image_18.jpg,C:\Users\Computer\OneDrive\เดสก์ท็อป\imageprocessing-prj\data\train\spinach\Image_18.jpg,167.37,33c8e1cd387a064329180c884b3e88fb
train,spinach,Image_19.jpg,C:\Users\Computer\OneDrive\เดสก์ท็อป\imageprocessing-prj\data\train\spinach\Image_19.jpg,240.44,254cf9c085bf728fa33aaf05cc2ea214
train,spinach,Image_2.jpg,C:\Users\Computer\OneDrive\เดสก์ท็อป\imageprocessing-prj\data\train\spinach\Image_2.jpg,105.73,23869738622635560cec9d966425aca2
train,spinach,Image_20.jpg,C:\Users\Computer\OneDrive\เดสก์ท็อป\imageprocessing-prj\data\train\spinach\Image_20.jpg,1245.45,2c08834800c2a9a914b99f5ad8d4a71e
train,spinach,Image_21.jpg,C:\Users\Computer\OneDrive\เดสก์ท็อป\imageprocessing-prj\data\train\spinach\Image_21.jpg,360.55,551fefc5d5ab1b3f84ea135f87b4b680
train,spinach,Image_22.jpg,C:\Users\Computer\OneDrive\เดสก์ท็อป\imageprocessing-prj\data\train\spinach\Image_22.jpg,93.04,5853ff3682dd8d7cb75f2a7470507491
train,spinach,Image_23.jpg,C:\Users\Computer\OneDrive\เดสก์ท็อป\imageprocessing-prj\data\train\spinach\Image_23.jpg,1333.98,9fab30e7aedfbb5c936d5ffe3344aed7
train,spinach,Image_24.jpg,C:\Users\Computer\OneDrive\เดสก์ท็อป\imageprocessing-prj\data\train\spinach\Image_24.jpg,582.42,6abe51556794667f3f56982b85961ac3
train,spinach,Image_25.jpg,C:\Users\Computer\OneDrive\เดสก์ท็อป\imageprocessing-prj\data\train\spinach\Image_25.jpg,320.74,e30a631435f0d07f7e75a445b8870df2
train,spinach,Image_26.jpg,C:\Users\Computer\OneDrive\เดสก์ท็อป\imageprocessing-prj\data\train\spinach\Image_26.jpg,611.56,375a2162833b5fe75d1e467baa32881b
train,spinach,Image_27.jpg,C:\Users\Computer\OneDrive\เดสก์ท็อป\imageprocessing-prj\data\train\spinach\Image_27.jpg,3991.91,cc622fcd867c4afd8e08c34c22d91367
train,spinach,Image_28.jpg,C:\Users\Computer\OneDrive\เดสก์ท็อป\imageprocessing-prj\data\train\spinach\Image_28.jpg,27.81,64383aad99fa9bec1afb36c731b01916
train,spinach,Image_29.jpg,C:\Users\Computer\OneDrive\เดสก์ท็อป\imageprocessing-prj\data\train\spinach\Image_29.jpg,196.76,f6c6361fc31432a70bd70113de45bc9c
train,spinach,Image_3.jpg,C:\Users\Computer\OneDrive\เดสก์ท็อป\imageprocessing-prj\data\train\spinach\Image_3.jpg,1155.93,fe29f37605514d9ac66522fff5572245
train,spinach,Image_30.jpg,C:\Users\Computer\OneDrive\เดสก์ท็อป\imageprocessing-prj\data\train\spinach\Image_30.jpg,220.11,8141acb782ed7be586f7c737cf8ab555
train,spinach,Image_31.jpg,C:\Users\Computer\OneDrive\เดสก์ท็อป\imageprocessing-prj\data\train\spinach\Image_31.jpg,40.67,191b1cb5f321574a61c43ac63a47d20b
train,spinach,Image_32.jpg,C:\Users\Computer\OneDrive\เดสก์ท็อป\imageprocessing-prj\data\train\spinach\Image_32.jpg,550.59,4619fc96449b630a14e1d93965b59b27
train,spinach,Image_33.jpg,C:\Users\Computer\OneDrive\เดสก์ท็อป\imageprocessing-prj\data\train\spinach\Image_33.jpg,149.92,af0287d1a68cc2609ccd077c94dbec88
train,spinach,Image_34.jpg,C:\Users\Computer\OneDrive\เดสก์ท็อป\imageprocessing-prj\data\train\spinach\Image_34.jpg,138.09,d638aaa098c39ba9eb3e9a24e95b9ce4
train,spinach,Image_35.jpg,C:\Users\Computer\OneDrive\เดสก์ท็อป\imageprocessing-prj\data\train\spinach\Image_35.jpg,1659.08,e850362d11218b7b1b06df9aa84e21ed
train,spinach,Image_36.jpg,C:\Users\Computer\OneDrive\เดสก์ท็อป\imageprocessing-prj\data\train\spinach\Image_36.jpg,405.64,36b73da437cd188c503c57a9b77884d7
train,spinach,Image_37.jpg,C:\Users\Computer\OneDrive\เดสก์ท็อป\imageprocessing-prj\data\train\spinach\Image_37.jpg,197.4,d8295e202a3c8815f118c98405622eca
train,spinach,Image_38.jpg,C:\Users\Computer\OneDrive\เดสก์ท็อป\imageprocessing-prj\data\train\spinach\Image_38.jpg,117.88,af2be07a43977a2cb7901935aa50cef0
train,spinach,Image_39.jpg,C:\Users\Computer\OneDrive\เดสก์ท็อป\imageprocessing-prj\data\train\spinach\Image_39.jpg,47.68,a39b4731f8dcf1650c22c6803b044c0c
train,spinach,Image_4.jpg,C:\Users\Computer\OneDrive\เดสก์ท็อป\imageprocessing-prj\data\train\spinach\Image_4.jpg,1944.03,d4096cb9a313c748922650feb09d32bb
train,spinach,Image_40.jpg,C:\Users\Computer\OneDrive\เดสก์ท็อป\imageprocessing-prj\data\train\spinach\Image_40.jpg,127.38,1ac9a48bd0f85504b96f9091233cd0c4
train,spinach,Image_41.jpg,C:\Users\Computer\OneDrive\เดสก์ท็อป\imageprocessing-prj\data\train\spinach\Image_41.jpg,42.95,ce71f24be0ddfaf7b945617112592f1b
train,spinach,Image_42.jpg,C:\Users\Computer\OneDrive\เดสก์ท็อป\imageprocessing-prj\data\train\spinach\Image_42.jpg,667.36,333b4abd6b6c6f7af0b1648ea2a5f0ac
train,spinach,Image_43.jpg,C:\Users\Computer\OneDrive\เดสก์ท็อป\imageprocessing-prj\data\train\spinach\Image_43.jpg,235.77,716cba1568cfd9c13023f7d8ca2af706
train,spinach,Image_44.jpg,C:\Users\Computer\OneDrive\เดสก์ท็อป\imageprocessing-prj\data\train\spinach\Image_44.jpg,307.33,aac04746d5816248bef40b52ec2b1be6
train,spinach,Image_45.jpg,C:\Users\Computer\OneDrive\เดสก์ท็อป\imageprocessing-prj\data\train\spinach\Image_45.jpg,269.85,ec599e9375c7e19f3aad395bc7ce351a
train,spinach,Image_46.jpg,C:\Users\Computer\OneDrive\เดสก์ท็อป\imageprocessing-prj\data\train\spinach\Image_46.jpg,100.13,a1a321806d690bd15b802b4b041c156d
train,spinach,Image_47.jpg,C:\Users\Computer\OneDrive\เดสก์ท็อป\imageprocessing-prj\data\train\spinach\Image_47.jpg,46.0,f8af7cd5b7cbe9d618d3d7d79018f566
train,spinach,Image_48.jpg,C:\Users\Computer\OneDrive\เดสก์ท็อป\imageprocessing-prj\data\train\spinach\Image_48.jpg,89.08,d9c48e3171385f5d0b409c4c5a5d2afa
train,spinach,Image_49.png,C:\Users\Computer\OneDrive\เดสก์ท็อป\imageprocessing-prj\data\train\spinach\Image_49.png,855.41,c47e640e8fc0b8f78aab518da901d92f
train,spinach,Image_5.jpg,C:\Users\Computer\OneDrive\เดสก์ท็อป\imageprocessing-prj\data\train\spinach\Image_5.jpg,1748.78,a72e4b5bc831877fa2d5b6d6c8dce9b1
train,spinach,Image_50.jpg,C:\Users\Computer\OneDrive\เดสก์ท็อป\imageprocessing-prj\data\train\spinach\Image_50.jpg,182.18,c60c50688f82a6a3c04f7e8c5e48897e
train,spinach,Image_51.jpg,C:\Users\Computer\OneDrive\เดสก์ท็อป\imageprocessing-prj\data\train\spinach\Image_51.jpg,216.76,af8568ab76b2d63452afe66fe155a195
train,spinach,Image_52.jpeg,C:\Users\Computer\OneDrive\เดสก์ท็อป\imageprocessing-prj\data\train\spinach\Image_52.jpeg,31.89,d9831ae375794e99c1f737cbf8dd28a7
train,spinach,Image_53.jpg,C:\Users\Computer\OneDrive\เดสก์ท็อป\imageprocessing-prj\data\train\spinach\Image_53.jpg,2067.38,f85ddf3925939254924addb7a25bbdb3
train,spinach,Image_54.jpg,C:\Users\Computer\OneDrive\เดสก์ท็อป\imageprocessing-prj\data\train\spinach\Image_54.jpg,41.48,6a23ea30b1b992b0d342d06ef8cfedfd
train,spinach,Image_55.jpg,C:\Users\Computer\OneDrive\เดสก์ท็อป\imageprocessing-prj\data\train\spinach\Image_55.jpg,100.19,13d3e9d0ea35bf945847ede58b884c2b
train,spinach,Image_57.jpg,C:\Users\Computer\OneDrive\เดสก์ท็อป\imageprocessing-prj\data\train\spinach\Image_57.jpg,51.29,524a9cc309ba3199779be4415717e576
train,spinach,Image_58.jpg,C:\Users\Computer\OneDrive\เดสก์ท็อป\imageprocessing-prj\data\train\spinach\Image_58.jpg,183.72,d8c756d16f989f8fdfa0961e2ee6f413
train,spinach,Image_59.jpg,C:\Users\Computer\OneDrive\เดสก์ท็อป\imageprocessing-prj\data\train\spinach\Image_59.jpg,217.57,63b93f3ae2de7c4a68a458fad3890085
train,spinach,Image_6.jpg,C:\Users\Computer\OneDrive\เดสก์ท็อป\imageprocessing-prj\data\train\spinach\Image_6.jpg,586.67,1143cb96ecdd88def4e181edc75bcf20
train,spinach,Image_60.jpg,C:\Users\Computer\OneDrive\เดสก์ท็อป\imageprocessing-prj\data\train\spinach\Image_60.jpg,362.15,8094d841cdcbfe34e58f84654df8c3b6
train,spinach,Image_61.jpg,C:\Users\Computer\OneDrive\เดสก์ท็อป\imageprocessing-prj\data\train\spinach\Image_61.jpg,301.79,4947114c4dc88ad88e524491a35284bd
train,spinach,Image_62.jpg,C:\Users\Computer\OneDrive\เดสก์ท็อป\imageprocessing-prj\data\train\spinach\Image_62.jpg,4174.69,856fb1c5e01e92f9d80fd67e9541d635
train,spinach,Image_63.png,C:\Users\Computer\OneDrive\เดสก์ท็อป\imageprocessing-prj\data\train\spinach\Image_63.png,618.99,5eab26c4ec0e27ea6cf6380e1ffe870a
train,spinach,Image_65.jpg,C:\Users\Computer\OneDrive\เดสก์ท็อป\imageprocessing-prj\data\train\spinach\Image_65.jpg,21.42,3c4873a55f11e310a6cff4472e9e5414
train,spinach,Image_66.jpg,C:\Users\Computer\OneDrive\เดสก์ท็อป\imageprocessing-prj\data\train\spinach\Image_66.jpg,201.1,a74fd7bb7a4066112b030f97048804ae
train,spinach,Image_67.png,C:\Users\Computer\OneDrive\เดสก์ท็อป\imageprocessing-prj\data\train\spinach\Image_67.png,62.9,8e2f353bce808bc1aa90473c8be67b9f
train,spinach,Image_68.png,C:\Users\Computer\OneDrive\เดสก์ท็อป\imageprocessing-prj\data\train\spinach\Image_68.png,317.42,13a4dc34aad661b2d5f77af959044ed9
train,spinach,Image_69.jpg,C:\Users\Computer\OneDrive\เดสก์ท็อป\imageprocessing-prj\data\train\spinach\Image_69.jpg,50.57,b5439b5efdcc0eda3e95adbdea932808
train,spinach,Image_7.jpg,C:\Users\Computer\OneDrive\เดสก์ท็อป\imageprocessing-prj\data\train\spinach\Image_7.jpg,132.89,e47786dab9e6c8b25de72940b85e137f
train,spinach,Image_70.JPG,C:\Users\Computer\OneDrive\เดสก์ท็อป\imageprocessing-prj\data\train\spinach\Image_70.JPG,439.37,b111efdb7e395291164d411b23e20705
train,spinach,Image_71.JPG,C:\Users\Computer\OneDrive\เดสก์ท็อป\imageprocessing-prj\data\train\spinach\Image_71.JPG,297.87,b244366b8c1fdbca7170a6489dbc3fef
train,spinach,Image_72.jpg,C:\Users\Computer\OneDrive\เดสก์ท็อป\imageprocessing-prj\data\train\spinach\Image_72.jpg,86.98,cba121acb6a65601dfc15f6250e92b6a
train,spinach,Image_73.jpg,C:\Users\Computer\OneDrive\เดสก์ท็อป\imageprocessing-prj\data\train\spinach\Image_73.jpg,289.14,d9e1d0628cad5766ea0f3f44791ccbf7
train,spinach,Image_74.jpg,C:\Users\Computer\OneDrive\เดสก์ท็อป\imageprocessing-prj\data\train\spinach\Image_74.jpg,78.98,5133022c073a71845c28507b9b2c08f6
train,spinach,Image_75.jpg,C:\Users\Computer\OneDrive\เดสก์ท็อป\imageprocessing-prj\data\train\spinach\Image_75.jpg,3759.4,d49920d2499022f15bf172c0538d163e
train,spinach,Image_76.jpg,C:\Users\Computer\OneDrive\เดสก์ท็อป\imageprocessing-prj\data\train\spinach\Image_76.jpg,2020.09,6bf2f4dd77805160d8c1accd806f594f
train,spinach,Image_77.jpg,C:\Users\Computer\OneDrive\เดสก์ท็อป\imageprocessing-prj\data\train\spinach\Image_77.jpg,140.31,a72bcfe30580c6a7f31244b2ed45f69a
train,spinach,Image_78.jpg,C:\Users\Computer\OneDrive\เดสก์ท็อป\imageprocessing-prj\data\train\spinach\Image_78.jpg,116.88,5246ec0efc02ad68baa7df7507782ef8
train,spinach,Image_79.jpg,C:\Users\Computer\OneDrive\เดสก์ท็อป\imageprocessing-prj\data\train\spinach\Image_79.jpg,124.39,b161b8b0918202785cd5600718ca5160
train,spinach,Image_8.jpg,C:\Users\Computer\OneDrive\เดสก์ท็อป\imageprocessing-prj\data\train\spinach\Image_8.jpg,354.92,2361bf0912981873b3361eabfb2ee23a
train,spinach,Image_80.png,C:\Users\Computer\OneDrive\เดสก์ท็อป\imageprocessing-prj\data\train\spinach\Image_80.png,2175.71,ebec619c1351c4020731f71da5c91748
train,spinach,Image_81.jpg,C:\Users\Computer\OneDrive\เดสก์ท็อป\imageprocessing-prj\data\train\spinach\Image_81.jpg,116.97,be07cc8c5840ff41711dbc9fbf143575
train,spinach,Image_82.jpg,C:\Users\Computer\OneDrive\เดสก์ท็อป\imageprocessing-prj\data\train\spinach\Image_82.jpg,22.67,20a33df4c788068f0857a059f14c6878
train,spinach,Image_83.jpg,C:\Users\Computer\OneDrive\เดสก์ท็อป\imageprocessing-prj\data\train\spinach\Image_83.jpg,26.9,aa897954baac1e14b36309f9b610b432
train,spinach,Image_84.jpg,C:\Users\Computer\OneDrive\เดสก์ท็อป\imageprocessing-prj\data\train\spinach\Image_84.jpg,172.39,6e4f6304a9c40c0b88f14ea0f6bdfd54
train,spinach,Image_85.jpg,C:\Users\Computer\OneDrive\เดสก์ท็อป\imageprocessing-prj\data\train\spinach\Image_85.jpg,25.83,79262287d029da70b27359a3157a1eb5
train,spinach,Image_86.jpg,C:\Users\Computer\OneDrive\เดสก์ท็อป\imageprocessing-prj\data\train\spinach\Image_86.jpg,60.17,17fdbd952938fc289124eb606dfb02c6
train,spinach,Image_88.jpg,C:\Users\Computer\OneDrive\เดสก์ท็อป\imageprocessing-prj\data\train\spinach\Image_88.jpg,168.49,737cf187aeabe6fd0f2d67062c485165
train,spinach,Image_89.jpg,C:\Users\Computer\OneDrive\เดสก์ท็อป\imageprocessing-prj\data\train\spinach\Image_89.jpg,107.13,968050f0e049828b5d61704b722af338
train,spinach,Image_9.jpg,C:\Users\Computer\OneDrive\เดสก์ท็อป\imageprocessing-prj\data\train\spinach\Image_9.jpg,2625.08,2da595f4aa3284cb58f7fd0a70a36fb7
train,spinach,Image_90.png,C:\Users\Computer\OneDrive\เดสก์ท็อป\imageprocessing-prj\data\train\spinach\Image_90.png,283.63,09901cbda73a27ebc2b16b522c6627fa
train,spinach,Image_91.JPG,C:\Users\Computer\OneDrive\เดสก์ท็อป\imageprocessing-prj\data\train\spinach\Image_91.JPG,103.62,b4301474257c79739de1c2a1a75b3938
train,spinach,Image_92.jpg,C:\Users\Computer\OneDrive\เดสก์ท็อป\imageprocessing-prj\data\train\spinach\Image_92.jpg,1105.77,1a7be82589ab12a475147e21d1240242
train,spinach,Image_93.jpg,C:\Users\Computer\OneDrive\เดสก์ท็อป\imageprocessing-prj\data\train\spinach\Image_93.jpg,23.97,1949dc7cb8b37f46c80cf9562bedb2a8
train,spinach,Image_94.jpg,C:\Users\Computer\OneDrive\เดสก์ท็อป\imageprocessing-prj\data\train\spinach\Image_94.jpg,614.38,7b35a03286514c79154b58cfa4db65f3
train,spinach,Image_95.jpg,C:\Users\Computer\OneDrive\เดสก์ท็อป\imageprocessing-prj\data\train\spinach\Image_95.jpg,105.73,23869738622635560cec9d966425aca2
train,spinach,Image_96.jpg,C:\Users\Computer\OneDrive\เดสก์ท็อป\imageprocessing-prj\data\train\spinach\Image_96.jpg,1155.93,fe29f37605514d9ac66522fff5572245
train,spinach,Image_97.jpg,C:\Users\Computer\OneDrive\เดสก์ท็อป\imageprocessing-prj\data\train\spinach\Image_97.jpg,1944.03,d4096cb9a313c748922650feb09d32bb
train,spinach,Image_98.jpg,C:\Users\Computer\OneDrive\เดสก์ท็อป\imageprocessing-prj\data\train\spinach\Image_98.jpg,1748.78,a72e4b5bc831877fa2d5b6d6c8dce9b1
train,spinach,Image_99.jpg,C:\Users\Computer\OneDrive\เดสก์ท็อป\imageprocessing-prj\data\train\spinach\Image_99.jpg,586.67,1143cb96ecdd88def4e181edc75bcf20
train,sweetcorn,Image_1.jpg,C:\Users\Computer\OneDrive\เดสก์ท็อป\imageprocessing-prj\data\train\sweetcorn\Image_1.jpg,144.66,942f03a0e83059b0c78fab68341868bc
train,sweetcorn,Image_10.jpg,C:\Users\Computer\OneDrive\เดสก์ท็อป\imageprocessing-prj\data\train\sweetcorn\Image_10.jpg,232.48,09c5cf0c8635042fb62374c07055d0ed
train,sweetcorn,Image_100.jpg,C:\Users\Computer\OneDrive\เดสก์ท็อป\imageprocessing-prj\data\train\sweetcorn\Image_100.jpg,665.52,ebeef576e669306a423e81d52a1f1519
train,sweetcorn,Image_11.jpg,C:\Users\Computer\OneDrive\เดสก์ท็อป\imageprocessing-prj\data\train\sweetcorn\Image_11.jpg,531.11,5393133bbee18b8628181b8aa61689c3
train,sweetcorn,Image_12.jpg,C:\Users\Computer\OneDrive\เดสก์ท็อป\imageprocessing-prj\data\train\sweetcorn\Image_12.jpg,281.51,a8f4839ad97290ed084bf9af93a1534b
train,sweetcorn,Image_13.jpg,C:\Users\Computer\OneDrive\เดสก์ท็อป\imageprocessing-prj\data\train\sweetcorn\Image_13.jpg,61.81,b0837f674b080444802f595813e8cfe8
train,sweetcorn,Image_14.jpg,C:\Users\Computer\OneDrive\เดสก์ท็อป\imageprocessing-prj\data\train\sweetcorn\Image_14.jpg,330.28,6dc6a8993af566331fc42dff1dcf3827
train,sweetcorn,Image_15.JPG,C:\Users\Computer\OneDrive\เดสก์ท็อป\imageprocessing-prj\data\train\sweetcorn\Image_15.JPG,265.37,0459c32a632ae8e27521b7bd9e28538a
train,sweetcorn,Image_16.JPG,C:\Users\Computer\OneDrive\เดสก์ท็อป\imageprocessing-prj\data\train\sweetcorn\Image_16.JPG,609.29,9639191935ea6f424f5e0095a0dd0d5d
train,sweetcorn,Image_17.jpg,C:\Users\Computer\OneDrive\เดสก์ท็อป\imageprocessing-prj\data\train\sweetcorn\Image_17.jpg,671.24,f71cc4d86a274ca11ebeafa99f62062f
train,sweetcorn,Image_19.jpg,C:\Users\Computer\OneDrive\เดสก์ท็อป\imageprocessing-prj\data\train\sweetcorn\Image_19.jpg,429.39,c778d9d54b1856c0c8b0b4efa6c71199
train,sweetcorn,Image_2.jpg,C:\Users\Computer\OneDrive\เดสก์ท็อป\imageprocessing-prj\data\train\sweetcorn\Image_2.jpg,49.76,721e5710d1a36828af19225209dbe6c5
train,sweetcorn,Image_20.jpg,C:\Users\Computer\OneDrive\เดสก์ท็อป\imageprocessing-prj\data\train\sweetcorn\Image_20.jpg,98.41,c5065abfb6dc894cb92ab35b15f22bd9
train,sweetcorn,Image_21.jpg,C:\Users\Computer\OneDrive\เดสก์ท็อป\imageprocessing-prj\data\train\sweetcorn\Image_21.jpg,61.67,c77099ffd583d238d0dc4c64629c19d3
train,sweetcorn,Image_22.jpg,C:\Users\Computer\OneDrive\เดสก์ท็อป\imageprocessing-prj\data\train\sweetcorn\Image_22.jpg,449.78,cb70aefab32433c181fd4da8bb00b45c
train,sweetcorn,Image_23.jpg,C:\Users\Computer\OneDrive\เดสก์ท็อป\imageprocessing-prj\data\train\sweetcorn\Image_23.jpg,1471.53,104af04b58c12805589e534d638c14d5
train,sweetcorn,Image_24.jpg,C:\Users\Computer\OneDrive\เดสก์ท็อป\imageprocessing-prj\data\train\sweetcorn\Image_24.jpg,147.58,d3d894eb644b28b5b25045229f01c599
train,sweetcorn,Image_25.jpg,C:\Users\Computer\OneDrive\เดสก์ท็อป\imageprocessing-prj\data\train\sweetcorn\Image_25.jpg,531.77,70cd329b4effca33edf350eb76d2456b
train,sweetcorn,Image_26.jpg,C:\Users\Computer\OneDrive\เดสก์ท็อป\imageprocessing-prj\data\train\sweetcorn\Image_26.jpg,116.65,a46a734d29855b2c90db63389c3cc226
train,sweetcorn,Image_27.jpg,C:\Users\Computer\OneDrive\เดสก์ท็อป\imageprocessing-prj\data\train\sweetcorn\Image_27.jpg,180.17,dde44f3fb7606314e58cf11f00391971
train,sweetcorn,Image_28.JPG,C:\Users\Computer\OneDrive\เดสก์ท็อป\imageprocessing-prj\data\train\sweetcorn\Image_28.JPG,315.27,bc14321556d466f1928f75bd13984543
train,sweetcorn,Image_29.jpg,C:\Users\Computer\OneDrive\เดสก์ท็อป\imageprocessing-prj\data\train\sweetcorn\Image_29.jpg,462.2,db53868cf042eb31146fffa3cdef9fc7
train,sweetcorn,Image_3.jpg,C:\Users\Computer\OneDrive\เดสก์ท็อป\imageprocessing-prj\data\train\sweetcorn\Image_3.jpg,102.57,4ae37772c8cbbee9e49c66ec426d0cc2
train,sweetcorn,Image_30.png,C:\Users\Computer\OneDrive\เดสก์ท็อป\imageprocessing-prj\data\train\sweetcorn\Image_30.png,77.95,686be490f188d244a89522440db70583
train,sweetcorn,Image_31.jpg,C:\Users\Computer\OneDrive\เดสก์ท็อป\imageprocessing-prj\data\train\sweetcorn\Image_31.jpg,72.17,de2f1c2e98e01ab25087edf35e89c83a
train,sweetcorn,Image_32.jpg,C:\Users\Computer\OneDrive\เดสก์ท็อป\imageprocessing-prj\data\train\sweetcorn\Image_32.jpg,135.39,4c5f7add15f66c2d2971e40c379f46da
train,sweetcorn,Image_33.jpg,C:\Users\Computer\OneDrive\เดสก์ท็อป\imageprocessing-prj\data\train\sweetcorn\Image_33.jpg,240.88,d778bb1afa563a5e0dd669a8046c63dd
train,sweetcorn,Image_34.jpg,C:\Users\Computer\OneDrive\เดสก์ท็อป\imageprocessing-prj\data\train\sweetcorn\Image_34.jpg,26.67,9bca9c6af01ab2a7af2c3ffb62d44bd0
train,sweetcorn,Image_35.jpg,C:\Users\Computer\OneDrive\เดสก์ท็อป\imageprocessing-prj\data\train\sweetcorn\Image_35.jpg,169.64,854255b73c43d272a427b2e2cf5d0a41
train,sweetcorn,Image_36.jpg,C:\Users\Computer\OneDrive\เดสก์ท็อป\imageprocessing-prj\data\train\sweetcorn\Image_36.jpg,148.39,4e18a302cc263b0e0c65afcbfe89af99
train,sweetcorn,Image_37.jpg,C:\Users\Computer\OneDrive\เดสก์ท็อป\imageprocessing-prj\data\train\sweetcorn\Image_37.jpg,64.29,3803e309acb0e5bf7478b8eb79c66d27
train,sweetcorn,Image_38.jpg,C:\Users\Computer\OneDrive\เดสก์ท็อป\imageprocessing-prj\data\train\sweetcorn\Image_38.jpg,262.74,c8fcd4c28ef0a1d616727e291eaf6fc3
train,sweetcorn,Image_39.jpg,C:\Users\Computer\OneDrive\เดสก์ท็อป\imageprocessing-prj\data\train\sweetcorn\Image_39.jpg,152.89,2a211c11dab40396b01d0129693c27d6
train,sweetcorn,Image_4.jpg,C:\Users\Computer\OneDrive\เดสก์ท็อป\imageprocessing-prj\data\train\sweetcorn\Image_4.jpg,399.08,f7c43a1926a86b3fb991765334012318
train,sweetcorn,Image_40.jpg,C:\Users\Computer\OneDrive\เดสก์ท็อป\imageprocessing-prj\data\train\sweetcorn\Image_40.jpg,260.44,a81ec74f5440fc26c5a9ad9eed3bcc61
train,sweetcorn,Image_41.jpg,C:\Users\Computer\OneDrive\เดสก์ท็อป\imageprocessing-prj\data\train\sweetcorn\Image_41.jpg,14.83,f9c2c42edd6445d878d53d3be4d97f1f
train,sweetcorn,Image_42.jpg,C:\Users\Computer\OneDrive\เดสก์ท็อป\imageprocessing-prj\data\train\sweetcorn\Image_42.jpg,165.97,dd9da97cafb7c0984d65fefa7aaded11
train,sweetcorn,Image_43.jpg,C:\Users\Computer\OneDrive\เดสก์ท็อป\imageprocessing-prj\data\train\sweetcorn\Image_43.jpg,106.03,7dc0df0fac8a672af507011347ca7ece
train,sweetcorn,Image_44.jpg,C:\Users\Computer\OneDrive\เดสก์ท็อป\imageprocessing-prj\data\train\sweetcorn\Image_44.jpg,1098.27,ffc73f24551bc31b3854fc2d6da29b2c
train,sweetcorn,Image_45.jpg,C:\Users\Computer\OneDrive\เดสก์ท็อป\imageprocessing-prj\data\train\sweetcorn\Image_45.jpg,12.49,96bba6a3a0f7f23867c23de87af39909
train,sweetcorn,Image_46.jpg,C:\Users\Computer\OneDrive\เดสก์ท็อป\imageprocessing-prj\data\train\sweetcorn\Image_46.jpg,78.56,37eb4f13ee911179e79f9aa7abcf4e91
train,sweetcorn,Image_47.jpg,C:\Users\Computer\OneDrive\เดสก์ท็อป\imageprocessing-prj\data\train\sweetcorn\Image_47.jpg,1843.92,a89b036b15589169de4d3fff0cc2e256
train,sweetcorn,Image_48.jpg,C:\Users\Computer\OneDrive\เดสก์ท็อป\imageprocessing-prj\data\train\sweetcorn\Image_48.jpg,110.15,63a2b7ac6e41bad993bcc0c0044ab61c
train,sweetcorn,Image_5.jpg,C:\Users\Computer\OneDrive\เดสก์ท็อป\imageprocessing-prj\data\train\sweetcorn\Image_5.jpg,98.79,2fc417aca15e5f17817685a260ee74a6
train,sweetcorn,Image_50.jpg,C:\Users\Computer\OneDrive\เดสก์ท็อป\imageprocessing-prj\data\train\sweetcorn\Image_50.jpg,131.68,a91003c1ab144cc1be9f0d39fd46fe8e
train,sweetcorn,Image_51.jpg,C:\Users\Computer\OneDrive\เดสก์ท็อป\imageprocessing-prj\data\train\sweetcorn\Image_51.jpg,210.66,843cbcf4542f58cb7b1455a7ef03d9ac
train,sweetcorn,Image_52.jpg,C:\Users\Computer\OneDrive\เดสก์ท็อป\imageprocessing-prj\data\train\sweetcorn\Image_52.jpg,1386.45,d53eb5de1f5eb1d3987c1df678754f42
train,sweetcorn,Image_53.jpg,C:\Users\Computer\OneDrive\เดสก์ท็อป\imageprocessing-prj\data\train\sweetcorn\Image_53.jpg,141.8,1230d3a7b5f707860f11ac71bf2800d4
train,sweetcorn,Image_54.jpg,C:\Users\Computer\OneDrive\เดสก์ท็อป\imageprocessing-prj\data\train\sweetcorn\Image_54.jpg,194.63,d71049b040369e78ad9fd30342aa2235
train,sweetcorn,Image_55.png,C:\Users\Computer\OneDrive\เดสก์ท็อป\imageprocessing-prj\data\train\sweetcorn\Image_55.png,244.48,796be8749fad18e21a52d1f69b89f9f2
train,sweetcorn,Image_56.png,C:\Users\Computer\OneDrive\เดสก์ท็อป\imageprocessing-prj\data\train\sweetcorn\Image_56.png,657.17,0bc3bf31beab5b5539312bd4179e6db1
train,sweetcorn,Image_57.jpg,C:\Users\Computer\OneDrive\เดสก์ท็อป\imageprocessing-prj\data\train\sweetcorn\Image_57.jpg,74.43,620553a2ba160a5131db291fecd8a81c
train,sweetcorn,Image_58.jpg,C:\Users\Computer\OneDrive\เดสก์ท็อป\imageprocessing-prj\data\train\sweetcorn\Image_58.jpg,158.4,2c24d073e446be8b6a5c868ff14def99
train,sweetcorn,Image_59.jpg,C:\Users\Computer\OneDrive\เดสก์ท็อป\imageprocessing-prj\data\train\sweetcorn\Image_59.jpg,156.57,f7b9852599e875031ecb44233d6ebc53
train,sweetcorn,Image_6.jpg,C:\Users\Computer\OneDrive\เดสก์ท็อป\imageprocessing-prj\data\train\sweetcorn\Image_6.jpg,93.64,d8847f905e647593e3525cbbe8a1355c
train,sweetcorn,Image_60.jpg,C:\Users\Computer\OneDrive\เดสก์ท็อป\imageprocessing-prj\data\train\sweetcorn\Image_60.jpg,58.2,96bacb6f6db9e09c7112dfac818b92a7
train,sweetcorn,Image_61.jpg,C:\Users\Computer\OneDrive\เดสก์ท็อป\imageprocessing-prj\data\train\sweetcorn\Image_61.jpg,5470.88,9e177929428226ca7561bc0d2914437b
train,sweetcorn,Image_62.jpg,C:\Users\Computer\OneDrive\เดสก์ท็อป\imageprocessing-prj\data\train\sweetcorn\Image_62.jpg,63.41,9960a9ef9c2faf0491fa883b24fc3753
train,sweetcorn,Image_63.jpg,C:\Users\Computer\OneDrive\เดสก์ท็อป\imageprocessing-prj\data\train\sweetcorn\Image_63.jpg,1149.62,7abe24c7a82a88c9bcb193ea82716d19
train,sweetcorn,Image_64.png,C:\Users\Computer\OneDrive\เดสก์ท็อป\imageprocessing-prj\data\train\sweetcorn\Image_64.png,173.0,1870072f9504c2f79caf0d79da4a415a
train,sweetcorn,Image_65.jpg,C:\Users\Computer\OneDrive\เดสก์ท็อป\imageprocessing-prj\data\train\sweetcorn\Image_65.jpg,112.27,27fd7a29cd8565ae4e744c66176607e1
train,sweetcorn,Image_66.jpg,C:\Users\Computer\OneDrive\เดสก์ท็อป\imageprocessing-prj\data\train\sweetcorn\Image_66.jpg,76.5,c0246a1a9250cd6724d3b2254c9e0638
train,sweetcorn,Image_67.jpg,C:\Users\Computer\OneDrive\เดสก์ท็อป\imageprocessing-prj\data\train\sweetcorn\Image_67.jpg,196.93,c71f9416027f9826e1e749f25260a015
train,sweetcorn,Image_69.jpg,C:\Users\Computer\OneDrive\เดสก์ท็อป\imageprocessing-prj\data\train\sweetcorn\Image_69.jpg,135.82,7ae03cd8fe6555012f42efd5113391be
train,sweetcorn,Image_7.jpg,C:\Users\Computer\OneDrive\เดสก์ท็อป\imageprocessing-prj\data\train\sweetcorn\Image_7.jpg,2263.59,194bf0c5d567ccbc7c53007a4d2551a7
train,sweetcorn,Image_70.jpg,C:\Users\Computer\OneDrive\เดสก์ท็อป\imageprocessing-prj\data\train\sweetcorn\Image_70.jpg,39.9,35983966c4dfffcbc7dd089d2209b7cf
train,sweetcorn,Image_71.jpg,C:\Users\Computer\OneDrive\เดสก์ท็อป\imageprocessing-prj\data\train\sweetcorn\Image_71.jpg,45.67,05daa6423f64fbf492cbc95b129cf02f
train,sweetcorn,Image_72.jpg,C:\Users\Computer\OneDrive\เดสก์ท็อป\imageprocessing-prj\data\train\sweetcorn\Image_72.jpg,882.62,cb8a6efbbd87c6c6b55e7bd8d23d0bb7
train,sweetcorn,Image_74.jpg,C:\Users\Computer\OneDrive\เดสก์ท็อป\imageprocessing-prj\data\train\sweetcorn\Image_74.jpg,131.33,93aa306ceed15a6e7cec1e3bd1d19a20
train,sweetcorn,Image_75.png,C:\Users\Computer\OneDrive\เดสก์ท็อป\imageprocessing-prj\data\train\sweetcorn\Image_75.png,46.4,d42a7cf42e8e6e3fd2520e2703c3ca5c
train,sweetcorn,Image_76.jpg,C:\Users\Computer\OneDrive\เดสก์ท็อป\imageprocessing-prj\data\train\sweetcorn\Image_76.jpg,295.5,b4ad45f023de94a2c00d0f8c5fa5560b
train,sweetcorn,Image_77.jpg,C:\Users\Computer\OneDrive\เดสก์ท็อป\imageprocessing-prj\data\train\sweetcorn\Image_77.jpg,372.29,b4da5832533fc813f851c2c5234a4c54
train,sweetcorn,Image_78.jpg,C:\Users\Computer\OneDrive\เดสก์ท็อป\imageprocessing-prj\data\train\sweetcorn\Image_78.jpg,156.78,0339bad081e5493797c5488f63293e62
train,sweetcorn,Image_79.jpg,C:\Users\Computer\OneDrive\เดสก์ท็อป\imageprocessing-prj\data\train\sweetcorn\Image_79.jpg,273.04,f1b71ce9dfdefc85974f35b8f0d08f39
train,sweetcorn,Image_8.jpg,C:\Users\Computer\OneDrive\เดสก์ท็อป\imageprocessing-prj\data\train\sweetcorn\Image_8.jpg,665.52,ebeef576e669306a423e81d52a1f1519
train,sweetcorn,Image_80.jpg,C:\Users\Computer\OneDrive\เดสก์ท็อป\imageprocessing-prj\data\train\sweetcorn\Image_80.jpg,200.01,292e789c62ad454b718a5c972af24263
train,sweetcorn,Image_83.jpg,C:\Users\Computer\OneDrive\เดสก์ท็อป\imageprocessing-prj\data\train\sweetcorn\Image_83.jpg,128.65,60417e7692595ad01546271efdafe42d
train,sweetcorn,Image_84.jpg,C:\Users\Computer\OneDrive\เดสก์ท็อป\imageprocessing-prj\data\train\sweetcorn\Image_84.jpg,73.4,79e8cf524965eee32b5a7f6afcd1c660
train,sweetcorn,Image_85.jpg,C:\Users\Computer\OneDrive\เดสก์ท็อป\imageprocessing-prj\data\train\sweetcorn\Image_85.jpg,15.68,ca0f67286a0e987ea724b132315f33f8
train,sweetcorn,Image_87.jpg,C:\Users\Computer\OneDrive\เดสก์ท็อป\imageprocessing-prj\data\train\sweetcorn\Image_87.jpg,166.62,631915c8cfc54d5bcefc955092feac03
train,sweetcorn,Image_88.jpg,C:\Users\Computer\OneDrive\เดสก์ท็อป\imageprocessing-prj\data\train\sweetcorn\Image_88.jpg,1130.88,2152d75dae834735c2a827a05cd67bab
train,sweetcorn,Image_89.jpg,C:\Users\Computer\OneDrive\เดสก์ท็อป\imageprocessing-prj\data\train\sweetcorn\Image_89.jpg,618.6,cfccbd5e510152964b7553c9c8c8faf4
train,sweetcorn,Image_9.jpg,C:\Users\Computer\OneDrive\เดสก์ท็อป\imageprocessing-prj\data\train\sweetcorn\Image_9.jpg,533.25,7274d948afe8727871153db270236f49
train,sweetcorn,Image_90.jpg,C:\Users\Computer\OneDrive\เดสก์ท็อป\imageprocessing-prj\data\train\sweetcorn\Image_90.jpg,25.68,4b2846d037021ce668ed04665eddf92d
train,sweetcorn,Image_93.jpg,C:\Users\Computer\OneDrive\เดสก์ท็อป\imageprocessing-prj\data\train\sweetcorn\Image_93.jpg,144.66,942f03a0e83059b0c78fab68341868bc
train,sweetcorn,Image_94.jpg,C:\Users\Computer\OneDrive\เดสก์ท็อป\imageprocessing-prj\data\train\sweetcorn\Image_94.jpg,49.76,721e5710d1a36828af19225209dbe6c5
train,sweetcorn,Image_95.jpg,C:\Users\Computer\OneDrive\เดสก์ท็อป\imageprocessing-prj\data\train\sweetcorn\Image_95.jpg,102.57,4ae37772c8cbbee9e49c66ec426d0cc2
train,sweetcorn,Image_96.jpg,C:\Users\Computer\OneDrive\เดสก์ท็อป\imageprocessing-prj\data\train\sweetcorn\Image_96.jpg,399.08,f7c43a1926a86b3fb991765334012318
train,sweetcorn,Image_97.jpg,C:\Users\Computer\OneDrive\เดสก์ท็อป\imageprocessing-prj\data\train\sweetcorn\Image_97.jpg,98.79,2fc417aca15e5f17817685a260ee74a6
train,sweetcorn,Image_98.jpg,C:\Users\Computer\OneDrive\เดสก์ท็อป\imageprocessing-prj\data\train\sweetcorn\Image_98.jpg,93.64,d8847f905e647593e3525cbbe8a1355c
train,sweetcorn,Image_99.jpg,C:\Users\Computer\OneDrive\เดสก์ท็อป\imageprocessing-prj\data\train\sweetcorn\Image_99.jpg,2263.59,194bf0c5d567ccbc7c53007a4d2551a7
train,sweetpotato,Image_10.jpg,C:\Users\Computer\OneDrive\เดสก์ท็อป\imageprocessing-prj\data\train\sweetpotato\Image_10.jpg,47.99,b8e490174db558f8988bf07b52bbbde5
train,sweetpotato,Image_100.jpg,C:\Users\Computer\OneDrive\เดสก์ท็อป\imageprocessing-prj\data\train\sweetpotato\Image_100.jpg,410.93,702e887e96a208033a4e05898f8585dd
train,sweetpotato,Image_11.jpg,C:\Users\Computer\OneDrive\เดสก์ท็อป\imageprocessing-prj\data\train\sweetpotato\Image_11.jpg,484.44,94f0c7bc95d2df04717e884f6e66e9fc
train,sweetpotato,Image_12.jpg,C:\Users\Computer\OneDrive\เดสก์ท็อป\imageprocessing-prj\data\train\sweetpotato\Image_12.jpg,1499.32,8c44ba7584ac812188e23c100549b789
train,sweetpotato,Image_13.jpg,C:\Users\Computer\OneDrive\เดสก์ท็อป\imageprocessing-prj\data\train\sweetpotato\Image_13.jpg,5086.45,2554cbfbff15723f3e4afebd8b87b220
train,sweetpotato,Image_14.jpg,C:\Users\Computer\OneDrive\เดสก์ท็อป\imageprocessing-prj\data\train\sweetpotato\Image_14.jpg,226.97,78edeed299fcc8fc0a5a5b7bdfada11d
train,sweetpotato,Image_15.jpg,C:\Users\Computer\OneDrive\เดสก์ท็อป\imageprocessing-prj\data\train\sweetpotato\Image_15.jpg,272.41,1522ff8e056cb0ab6934742bb0f0713e
train,sweetpotato,Image_16.jpg,C:\Users\Computer\OneDrive\เดสก์ท็อป\imageprocessing-prj\data\train\sweetpotato\Image_16.jpg,199.56,30e828f6b67b014d8140bde3b0571f6a
train,sweetpotato,Image_18.jpg,C:\Users\Computer\OneDrive\เดสก์ท็อป\imageprocessing-prj\data\train\sweetpotato\Image_18.jpg,45.81,096612f154700a48cd33129cb6f46d06
train,sweetpotato,Image_19.jpg,C:\Users\Computer\OneDrive\เดสก์ท็อป\imageprocessing-prj\data\train\sweetpotato\Image_19.jpg,1141.62,bd39c73d6632eb09cf7e207c86534f9f
train,sweetpotato,Image_2.jpg,C:\Users\Computer\OneDrive\เดสก์ท็อป\imageprocessing-prj\data\train\sweetpotato\Image_2.jpg,132.03,9e9e4ccddb1537f6395be8cb600e671b
train,sweetpotato,Image_21.jpg,C:\Users\Computer\OneDrive\เดสก์ท็อป\imageprocessing-prj\data\train\sweetpotato\Image_21.jpg,46.27,d940ec5250e20aacfbb86f5a6093745a
train,sweetpotato,Image_22.jpg,C:\Users\Computer\OneDrive\เดสก์ท็อป\imageprocessing-prj\data\train\sweetpotato\Image_22.jpg,144.74,145e6be075eec747b3d943c9586bb8f7
train,sweetpotato,Image_23.jpg,C:\Users\Computer\OneDrive\เดสก์ท็อป\imageprocessing-prj\data\train\sweetpotato\Image_23.jpg,127.73,3795274cccdb01f64e2727d53f962cdf
train,sweetpotato,Image_25.jpg,C:\Users\Computer\OneDrive\เดสก์ท็อป\imageprocessing-prj\data\train\sweetpotato\Image_25.jpg,34.75,a17ed5f9b54969eb0115229b2762c85f
train,sweetpotato,Image_28.jpg,C:\Users\Computer\OneDrive\เดสก์ท็อป\imageprocessing-prj\data\train\sweetpotato\Image_28.jpg,59.0,6095514ff68ccf67264cecd36ad47f24
train,sweetpotato,Image_29.jpg,C:\Users\Computer\OneDrive\เดสก์ท็อป\imageprocessing-prj\data\train\sweetpotato\Image_29.jpg,89.22,cf3bc21f2e52508584193d9a2cb2135e
train,sweetpotato,Image_3.jpg,C:\Users\Computer\OneDrive\เดสก์ท็อป\imageprocessing-prj\data\train\sweetpotato\Image_3.jpg,1198.97,0d056f645726f2ca52026c0d4c7912f6
train,sweetpotato,Image_30.jpg,C:\Users\Computer\OneDrive\เดสก์ท็อป\imageprocessing-prj\data\train\sweetpotato\Image_30.jpg,78.99,5ee59cd10a465a6ec1256bc7ac53e2b2
train,sweetpotato,Image_32.jpg,C:\Users\Computer\OneDrive\เดสก์ท็อป\imageprocessing-prj\data\train\sweetpotato\Image_32.jpg,69.27,9fe7ac5623a474e51e9d5172e05dc2a6
train,sweetpotato,Image_34.jpg,C:\Users\Computer\OneDrive\เดสก์ท็อป\imageprocessing-prj\data\train\sweetpotato\Image_34.jpg,152.13,fcea886f6255d994b3a1fb077633b801
train,sweetpotato,Image_35.jpg,C:\Users\Computer\OneDrive\เดสก์ท็อป\imageprocessing-prj\data\train\sweetpotato\Image_35.jpg,89.85,e7efd84a24866dd41abccbd8d2f50aac
train,sweetpotato,Image_36.jpg,C:\Users\Computer\OneDrive\เดสก์ท็อป\imageprocessing-prj\data\train\sweetpotato\Image_36.jpg,165.0,53b7b67e11671e618e93bc58d66b07e2
train,sweetpotato,Image_37.jpg,C:\Users\Computer\OneDrive\เดสก์ท็อป\imageprocessing-prj\data\train\sweetpotato\Image_37.jpg,730.91,7c71e2e2a7c85bb70a8ab59792afab4a
train,sweetpotato,Image_38.jpg,C:\Users\Computer\OneDrive\เดสก์ท็อป\imageprocessing-prj\data\train\sweetpotato\Image_38.jpg,230.0,58508eb080435e3da1562e563d696026
train,sweetpotato,Image_39.jpg,C:\Users\Computer\OneDrive\เดสก์ท็อป\imageprocessing-prj\data\train\sweetpotato\Image_39.jpg,267.02,f5684555190a1b413ffc25213519fb54
train,sweetpotato,Image_4.jpg,C:\Users\Computer\OneDrive\เดสก์ท็อป\imageprocessing-prj\data\train\sweetpotato\Image_4.jpg,410.93,702e887e96a208033a4e05898f8585dd
train,sweetpotato,Image_40.jpg,C:\Users\Computer\OneDrive\เดสก์ท็อป\imageprocessing-prj\data\train\sweetpotato\Image_40.jpg,898.1,5d1f833b78fe1f2532435ba6fbb51846
train,sweetpotato,Image_41.jpg,C:\Users\Computer\OneDrive\เดสก์ท็อป\imageprocessing-prj\data\train\sweetpotato\Image_41.jpg,26.44,c407a84c0765c281beb6fc89e256d580
train,sweetpotato,Image_42.jpg,C:\Users\Computer\OneDrive\เดสก์ท็อป\imageprocessing-prj\data\train\sweetpotato\Image_42.jpg,101.3,87c6fe92a6fd83962052ec7b0644e58a
train,sweetpotato,Image_43.jpg,C:\Users\Computer\OneDrive\เดสก์ท็อป\imageprocessing-prj\data\train\sweetpotato\Image_43.jpg,729.42,4e220683249cfe66a0cf85c9f784610e
train,sweetpotato,Image_5.jpg,C:\Users\Computer\OneDrive\เดสก์ท็อป\imageprocessing-prj\data\train\sweetpotato\Image_5.jpg,384.09,313bf8ba2395cf6a7161e88ab02570cd
train,sweetpotato,Image_50.jpg,C:\Users\Computer\OneDrive\เดสก์ท็อป\imageprocessing-prj\data\train\sweetpotato\Image_50.jpg,268.6,a26326df14b9a406ccbd54ae320ca32b
train,sweetpotato,Image_53.jpg,C:\Users\Computer\OneDrive\เดสก์ท็อป\imageprocessing-prj\data\train\sweetpotato\Image_53.jpg,199.53,14f05be0007d52164c30f0c3ad6a528d
train,sweetpotato,Image_54.jpg,C:\Users\Computer\OneDrive\เดสก์ท็อป\imageprocessing-prj\data\train\sweetpotato\Image_54.jpg,167.61,89f69423a60d089368895d153230b5d4
train,sweetpotato,Image_55.jpg,C:\Users\Computer\OneDrive\เดสก์ท็อป\imageprocessing-prj\data\train\sweetpotato\Image_55.jpg,195.44,db20378070560c84660178387c8d395f
train,sweetpotato,Image_57.jpg,C:\Users\Computer\OneDrive\เดสก์ท็อป\imageprocessing-prj\data\train\sweetpotato\Image_57.jpg,201.49,0f148f7e87637caac3e03ab46a15faad
train,sweetpotato,Image_58.jpg,C:\Users\Computer\OneDrive\เดสก์ท็อป\imageprocessing-prj\data\train\sweetpotato\Image_58.jpg,134.6,19e24a00bd2513ed693a7b785ed60858
train,sweetpotato,Image_60.jpg,C:\Users\Computer\OneDrive\เดสก์ท็อป\imageprocessing-prj\data\train\sweetpotato\Image_60.jpg,1290.96,e253d8309a3b4612f9ae986f8d5dea83
train,sweetpotato,Image_62.jpg,C:\Users\Computer\OneDrive\เดสก์ท็อป\imageprocessing-prj\data\train\sweetpotato\Image_62.jpg,149.01,860309b8f113353a07bcaac602e49102
train,sweetpotato,Image_63.jpg,C:\Users\Computer\OneDrive\เดสก์ท็อป\imageprocessing-prj\data\train\sweetpotato\Image_63.jpg,189.34,7d5d67e43e453a2347ef67da7e9fe3fa
train,sweetpotato,Image_64.jpg,C:\Users\Computer\OneDrive\เดสก์ท็อป\imageprocessing-prj\data\train\sweetpotato\Image_64.jpg,54.06,04a1bfaf9d419cb978ec611a6b92b78f
train,sweetpotato,Image_66.jpg,C:\Users\Computer\OneDrive\เดสก์ท็อป\imageprocessing-prj\data\train\sweetpotato\Image_66.jpg,255.89,b7e12846de544af68ff3a46a24620364
train,sweetpotato,Image_67.jpg,C:\Users\Computer\OneDrive\เดสก์ท็อป\imageprocessing-prj\data\train\sweetpotato\Image_67.jpg,253.01,37c7eb12d361e2b073b8ac695a1ee3b7
train,sweetpotato,Image_68.jpg,C:\Users\Computer\OneDrive\เดสก์ท็อป\imageprocessing-prj\data\train\sweetpotato\Image_68.jpg,58.7,580b77bcd822deb6b462341ec3a0b518
train,sweetpotato,Image_69.jpg,C:\Users\Computer\OneDrive\เดสก์ท็อป\imageprocessing-prj\data\train\sweetpotato\Image_69.jpg,1574.53,ea605d3069a7ab3b082ffa59e4ba1d47
train,sweetpotato,Image_70.jpg,C:\Users\Computer\OneDrive\เดสก์ท็อป\imageprocessing-prj\data\train\sweetpotato\Image_70.jpg,270.16,60ef42455e76088372456da10363e3f9
train,sweetpotato,Image_71.jpg,C:\Users\Computer\OneDrive\เดสก์ท็อป\imageprocessing-prj\data\train\sweetpotato\Image_71.jpg,476.4,05e56d0649cd5010c8e0be452ac0cf6f
train,sweetpotato,Image_73.jpg,C:\Users\Computer\OneDrive\เดสก์ท็อป\imageprocessing-prj\data\train\sweetpotato\Image_73.jpg,533.85,81ce3d31a3ad8daa96b3e5f0e18bbeb0
train,sweetpotato,Image_76.jpg,C:\Users\Computer\OneDrive\เดสก์ท็อป\imageprocessing-prj\data\train\sweetpotato\Image_76.jpg,79.3,431cb26f7939a601496a9efd80e3eed1
train,sweetpotato,Image_77.jpg,C:\Users\Computer\OneDrive\เดสก์ท็อป\imageprocessing-prj\data\train\sweetpotato\Image_77.jpg,164.1,44d5a46db31ef50c8fb8bcd94156322c
train,sweetpotato,Image_78.jpg,C:\Users\Computer\OneDrive\เดสก์ท็อป\imageprocessing-prj\data\train\sweetpotato\Image_78.jpg,232.12,affc6e3d35205ec426b81e640838afe4
train,sweetpotato,Image_8.jpg,C:\Users\Computer\OneDrive\เดสก์ท็อป\imageprocessing-prj\data\train\sweetpotato\Image_8.jpg,1248.72,0c9cae058387b6e5935cb3fb1a34c7a3
train,sweetpotato,Image_80.jpg,C:\Users\Computer\OneDrive\เดสก์ท็อป\imageprocessing-prj\data\train\sweetpotato\Image_80.jpg,165.6,fb83694ad8725aebd5f3a592914eeeb9
train,sweetpotato,Image_81.jpg,C:\Users\Computer\OneDrive\เดสก์ท็อป\imageprocessing-prj\data\train\sweetpotato\Image_81.jpg,110.5,5a47330d9b8cb750dac80d7ff0a5c983
train,sweetpotato,Image_84.jpg,C:\Users\Computer\OneDrive\เดสก์ท็อป\imageprocessing-prj\data\train\sweetpotato\Image_84.jpg,242.64,5c41f24cb1524cc375ceb880d5655e8e
train,sweetpotato,Image_85.jpg,C:\Users\Computer\OneDrive\เดสก์ท็อป\imageprocessing-prj\data\train\sweetpotato\Image_85.jpg,9.6,5b21d56a4f31ed38f68a2196fad3adce
train,sweetpotato,Image_86.jpg,C:\Users\Computer\OneDrive\เดสก์ท็อป\imageprocessing-prj\data\train\sweetpotato\Image_86.jpg,107.5,9a4955bcdd3feddd4205a0ec3156111c
train,sweetpotato,Image_87.jpg,C:\Users\Computer\OneDrive\เดสก์ท็อป\imageprocessing-prj\data\train\sweetpotato\Image_87.jpg,140.45,707109fcaa2ed0510bf0ff2c999751fa
train,sweetpotato,Image_88.jpg,C:\Users\Computer\OneDrive\เดสก์ท็อป\imageprocessing-prj\data\train\sweetpotato\Image_88.jpg,701.08,73eeffbe456f4863d7c425feb5f25405
train,sweetpotato,Image_9.jpg,C:\Users\Computer\OneDrive\เดสก์ท็อป\imageprocessing-prj\data\train\sweetpotato\Image_9.jpg,789.92,d2740111608898346258350529a38399
train,sweetpotato,Image_90.jpg,C:\Users\Computer\OneDrive\เดสก์ท็อป\imageprocessing-prj\data\train\sweetpotato\Image_90.jpg,175.74,9ac65a22a770aaed99bd38a7e792b043
train,sweetpotato,Image_92.jpg,C:\Users\Computer\OneDrive\เดสก์ท็อป\imageprocessing-prj\data\train\sweetpotato\Image_92.jpg,82.75,45580fb93adbca84e0f83506093f52dd
train,sweetpotato,Image_93.jpg,C:\Users\Computer\OneDrive\เดสก์ท็อป\imageprocessing-prj\data\train\sweetpotato\Image_93.jpg,207.3,ad9a1d4e008b0ee416161d7cd66e5bbd
train,sweetpotato,Image_94.jpg,C:\Users\Computer\OneDrive\เดสก์ท็อป\imageprocessing-prj\data\train\sweetpotato\Image_94.jpg,50.07,a39fd28546894461ea12fe71eef58303
train,sweetpotato,Image_95.jpg,C:\Users\Computer\OneDrive\เดสก์ท็อป\imageprocessing-prj\data\train\sweetpotato\Image_95.jpg,68.93,0322e0d58059eea84bbfa5cfcfebb1cf
train,sweetpotato,Image_97.jpg,C:\Users\Computer\OneDrive\เดสก์ท็อป\imageprocessing-prj\data\train\sweetpotato\Image_97.jpg,154.84,e9858735cd394f634096f78aa86a5659
train,sweetpotato,Image_98.jpg,C:\Users\Computer\OneDrive\เดสก์ท็อป\imageprocessing-prj\data\train\sweetpotato\Image_98.jpg,132.03,9e9e4ccddb1537f6395be8cb600e671b
train,sweetpotato,Image_99.jpg,C:\Users\Computer\OneDrive\เดสก์ท็อป\imageprocessing-prj\data\train\sweetpotato\Image_99.jpg,1198.97,0d056f645726f2ca52026c0d4c7912f6
train,tomato,Image_1.jpg,C:\Users\Computer\OneDrive\เดสก์ท็อป\imageprocessing-prj\data\train\tomato\Image_1.jpg,121.59,2baeeb4f1c20be36b404ae17a30b4681
train,tomato,Image_10.jpg,C:\Users\Computer\OneDrive\เดสก์ท็อป\imageprocessing-prj\data\train\tomato\Image_10.jpg,1039.43,f75444a8652496f93f3333fb5f4246b1
train,tomato,Image_100.jpg,C:\Users\Computer\OneDrive\เดสก์ท็อป\imageprocessing-prj\data\train\tomato\Image_100.jpg,100.83,201abe2e3298a414bf6722bd5a173639
train,tomato,Image_11.jpg,C:\Users\Computer\OneDrive\เดสก์ท็อป\imageprocessing-prj\data\train\tomato\Image_11.jpg,156.59,aa54de2134c4bfd6f21973367c1e52a5
train,tomato,Image_12.jpg,C:\Users\Computer\OneDrive\เดสก์ท็อป\imageprocessing-prj\data\train\tomato\Image_12.jpg,29.3,742a6eac11ad3cdf995e2d1022c43d96
train,tomato,Image_13.jpg,C:\Users\Computer\OneDrive\เดสก์ท็อป\imageprocessing-prj\data\train\tomato\Image_13.jpg,86.44,9550bbaeab92adca76e988dcad54b7fc
train,tomato,Image_14.jpg,C:\Users\Computer\OneDrive\เดสก์ท็อป\imageprocessing-prj\data\train\tomato\Image_14.jpg,220.86,c3f5b00505413909b869bd981dda8ad8
train,tomato,Image_15.jpg,C:\Users\Computer\OneDrive\เดสก์ท็อป\imageprocessing-prj\data\train\tomato\Image_15.jpg,132.42,15c487f5c5485b08d23a2f8ba168e16f
train,tomato,Image_16.jpg,C:\Users\Computer\OneDrive\เดสก์ท็อป\imageprocessing-prj\data\train\tomato\Image_16.jpg,266.22,8e54bc50619d5ddbd708b11f98152252
train,tomato,Image_17.jpg,C:\Users\Computer\OneDrive\เดสก์ท็อป\imageprocessing-prj\data\train\tomato\Image_17.jpg,59.97,cd68bd359d506dc3a203dbf8aa594cc0
train,tomato,Image_18.jpg,C:\Users\Computer\OneDrive\เดสก์ท็อป\imageprocessing-prj\data\train\tomato\Image_18.jpg,2730.27,1222f1375a483df466a166b1d95880c4
train,tomato,Image_19.jpg,C:\Users\Computer\OneDrive\เดสก์ท็อป\imageprocessing-prj\data\train\tomato\Image_19.jpg,144.98,6c9998b4068d314336ea1bcdd41a3cb6
train,tomato,Image_2.jpg,C:\Users\Computer\OneDrive\เดสก์ท็อป\imageprocessing-prj\data\train\tomato\Image_2.jpg,100.83,201abe2e3298a414bf6722bd5a173639
train,tomato,Image_20.jpg,C:\Users\Computer\OneDrive\เดสก์ท็อป\imageprocessing-prj\data\train\tomato\Image_20.jpg,202.49,ceafa977d2d39de3e3a2aa4c736cc3c3
train,tomato,Image_21.jpg,C:\Users\Computer\OneDrive\เดสก์ท็อป\imageprocessing-prj\data\train\tomato\Image_21.jpg,210.11,bb71b06d242988269466ae70395467e4
train,tomato,Image_22.jpg,C:\Users\Computer\OneDrive\เดสก์ท็อป\imageprocessing-prj\data\train\tomato\Image_22.jpg,102.22,95d2b6275e51f26dcce7bdb913070834
train,tomato,Image_23.jpg,C:\Users\Computer\OneDrive\เดสก์ท็อป\imageprocessing-prj\data\train\tomato\Image_23.jpg,1378.88,265635acc1b129c84978c939f06c559b
train,tomato,Image_24.jpg,C:\Users\Computer\OneDrive\เดสก์ท็อป\imageprocessing-prj\data\train\tomato\Image_24.jpg,104.8,2e861bc623a1df7b5d3842e5c7e3969f
train,tomato,Image_25.jpg,C:\Users\Computer\OneDrive\เดสก์ท็อป\imageprocessing-prj\data\train\tomato\Image_25.jpg,108.82,3775f056a313a6d5608b38c911c09099
train,tomato,Image_26.jpg,C:\Users\Computer\OneDrive\เดสก์ท็อป\imageprocessing-prj\data\train\tomato\Image_26.jpg,154.46,6bf77197a17e6091544754ec9d201b15
train,tomato,Image_27.jpg,C:\Users\Computer\OneDrive\เดสก์ท็อป\imageprocessing-prj\data\train\tomato\Image_27.jpg,3970.98,d249f80cc1df1cdf457d4f4c04b9718a
train,tomato,Image_28.jpg,C:\Users\Computer\OneDrive\เดสก์ท็อป\imageprocessing-prj\data\train\tomato\Image_28.jpg,69.44,3012c8052d655b941c54994ade53277b
train,tomato,Image_29.jpg,C:\Users\Computer\OneDrive\เดสก์ท็อป\imageprocessing-prj\data\train\tomato\Image_29.jpg,96.71,34c5e76311b04cf349111c5fc66803dc
train,tomato,Image_3.jpg,C:\Users\Computer\OneDrive\เดสก์ท็อป\imageprocessing-prj\data\train\tomato\Image_3.jpg,657.52,a17f584ee44beda9cef00d6217780fd1
train,tomato,Image_30.jpg,C:\Users\Computer\OneDrive\เดสก์ท็อป\imageprocessing-prj\data\train\tomato\Image_30.jpg,2307.02,af20786fe6afdaa7ba887d84bd69b207
train,tomato,Image_31.png,C:\Users\Computer\OneDrive\เดสก์ท็อป\imageprocessing-prj\data\train\tomato\Image_31.png,1603.63,ca7c06709e98ec2dc4a00f4c27ac55f3
train,tomato,Image_32.jpg,C:\Users\Computer\OneDrive\เดสก์ท็อป\imageprocessing-prj\data\train\tomato\Image_32.jpg,205.63,a33f7394707765511248474044de82aa
train,tomato,Image_33.jpg,C:\Users\Computer\OneDrive\เดสก์ท็อป\imageprocessing-prj\data\train\tomato\Image_33.jpg,234.96,9ae588180f18c1edfab2bf45337cef3f
train,tomato,Image_34.jpg,C:\Users\Computer\OneDrive\เดสก์ท็อป\imageprocessing-prj\data\train\tomato\Image_34.jpg,261.79,a39727962b7c775481011819d64991b8
train,tomato,Image_35.jpeg,C:\Users\Computer\OneDrive\เดสก์ท็อป\imageprocessing-prj\data\train\tomato\Image_35.jpeg,2002.51,327a013f6ab0e0da254b8e2bd2e98463
train,tomato,Image_37.jpg,C:\Users\Computer\OneDrive\เดสก์ท็อป\imageprocessing-prj\data\train\tomato\Image_37.jpg,813.05,f6e52e32b4d701e75e1c0b0870bc341c
train,tomato,Image_38.jpg,C:\Users\Computer\OneDrive\เดสก์ท็อป\imageprocessing-prj\data\train\tomato\Image_38.jpg,298.89,a337f1b3ee89931585fc3924543b2bca
train,tomato,Image_39.jpg,C:\Users\Computer\OneDrive\เดสก์ท็อป\imageprocessing-prj\data\train\tomato\Image_39.jpg,239.3,37434930a049a49d3c37581490f83bf6
train,tomato,Image_4.jpg,C:\Users\Computer\OneDrive\เดสก์ท็อป\imageprocessing-prj\data\train\tomato\Image_4.jpg,328.15,610085b4dc529ca83bbac194700f1f01
train,tomato,Image_40.jpg,C:\Users\Computer\OneDrive\เดสก์ท็อป\imageprocessing-prj\data\train\tomato\Image_40.jpg,18.07,64a6f1fd632aea9aa27dfb0bd84a1607
train,tomato,Image_41.jpg,C:\Users\Computer\OneDrive\เดสก์ท็อป\imageprocessing-prj\data\train\tomato\Image_41.jpg,939.61,ac8b164beb5d4fbfab50e155479d7706
train,tomato,Image_42.png,C:\Users\Computer\OneDrive\เดสก์ท็อป\imageprocessing-prj\data\train\tomato\Image_42.png,23.91,3d84f0306b30ac4152e9771cb53e9d73
train,tomato,Image_43.jpg,C:\Users\Computer\OneDrive\เดสก์ท็อป\imageprocessing-prj\data\train\tomato\Image_43.jpg,211.61,965c4825392a8749b58adb55d2e75f97
train,tomato,Image_44.jpg,C:\Users\Computer\OneDrive\เดสก์ท็อป\imageprocessing-prj\data\train\tomato\Image_44.jpg,143.07,d5ff7510c232d6ce627643c33d199cc0
train,tomato,Image_45.jpg,C:\Users\Computer\OneDrive\เดสก์ท็อป\imageprocessing-prj\data\train\tomato\Image_45.jpg,37.68,ca283d87a2fb1cc084490846d0fa0a7d
train,tomato,Image_46.png,C:\Users\Computer\OneDrive\เดสก์ท็อป\imageprocessing-prj\data\train\tomato\Image_46.png,1324.98,d239ba62d1973ea4a28b62ee16dd8205
train,tomato,Image_47.jpg,C:\Users\Computer\OneDrive\เดสก์ท็อป\imageprocessing-prj\data\train\tomato\Image_47.jpg,178.83,ce7c4d65a47c106c73eb98c013822817
train,tomato,Image_48.png,C:\Users\Computer\OneDrive\เดสก์ท็อป\imageprocessing-prj\data\train\tomato\Image_48.png,194.97,18cc2816184474aa4d78011bbc923864
train,tomato,Image_5.jpg,C:\Users\Computer\OneDrive\เดสก์ท็อป\imageprocessing-prj\data\train\tomato\Image_5.jpg,212.98,7c27ee818ed26f0f9971ef9e23194c37
train,tomato,Image_50.jpg,C:\Users\Computer\OneDrive\เดสก์ท็อป\imageprocessing-prj\data\train\tomato\Image_50.jpg,351.95,f840d7b35dd8eb0e31e54070c7ed8f7e
train,tomato,Image_51.jpg,C:\Users\Computer\OneDrive\เดสก์ท็อป\imageprocessing-prj\data\train\tomato\Image_51.jpg,53.05,c197d3727d2cfa9c28c250254233beb7
train,tomato,Image_52.jpg,C:\Users\Computer\OneDrive\เดสก์ท็อป\imageprocessing-prj\data\train\tomato\Image_52.jpg,77.55,634a4d8e123ea927839920a5fff7ca47
train,tomato,Image_53.jpg,C:\Users\Computer\OneDrive\เดสก์ท็อป\imageprocessing-prj\data\train\tomato\Image_53.jpg,94.22,509418da410cc21cc2ba46e24f83766b
train,tomato,Image_54.jpg,C:\Users\Computer\OneDrive\เดสก์ท็อป\imageprocessing-prj\data\train\tomato\Image_54.jpg,415.63,42ced73e478ad47b7a3c9f943bfdc9c5
train,tomato,Image_55.jpg,C:\Users\Computer\OneDrive\เดสก์ท็อป\imageprocessing-prj\data\train\tomato\Image_55.jpg,67.17,2013fe578c59d5df5fbcf29a17b844d6
train,tomato,Image_56.jpg,C:\Users\Computer\OneDrive\เดสก์ท็อป\imageprocessing-prj\data\train\tomato\Image_56.jpg,146.64,b59bb21b254a375cf9ac3b13cf4d5001
train,tomato,Image_57.jpg,C:\Users\Computer\OneDrive\เดสก์ท็อป\imageprocessing-prj\data\train\tomato\Image_57.jpg,52.43,b3b3785202dbf3c2b9aed5631259cca8
train,tomato,Image_58.jpg,C:\Users\Computer\OneDrive\เดสก์ท็อป\imageprocessing-prj\data\train\tomato\Image_58.jpg,235.17,094d9dd71c3ba9e121ea4f64385077d1
train,tomato,Image_59.jpg,C:\Users\Computer\OneDrive\เดสก์ท็อป\imageprocessing-prj\data\train\tomato\Image_59.jpg,38.65,1fbb9dd663abdcb2a57f3fc112c5fa1e
train,tomato,Image_6.jpg,C:\Users\Computer\OneDrive\เดสก์ท็อป\imageprocessing-prj\data\train\tomato\Image_6.jpg,465.15,9058be4d7c0f9d64fda47f25feef79f4
train,tomato,Image_60.jpg,C:\Users\Computer\OneDrive\เดสก์ท็อป\imageprocessing-prj\data\train\tomato\Image_60.jpg,396.61,63b3c7d196920caa393ee13bc44a91ff
train,tomato,Image_61.jpg,C:\Users\Computer\OneDrive\เดสก์ท็อป\imageprocessing-prj\data\train\tomato\Image_61.jpg,125.36,a6212bd2ad18ec73cf72fb772464c90f
train,tomato,Image_62.png,C:\Users\Computer\OneDrive\เดสก์ท็อป\imageprocessing-prj\data\train\tomato\Image_62.png,189.9,c925f1fcf091fb5ed089b6aaf3bbe6ad
train,tomato,Image_63.jpg,C:\Users\Computer\OneDrive\เดสก์ท็อป\imageprocessing-prj\data\train\tomato\Image_63.jpg,2367.82,1e7fcc892ee322a9032164838bd12637
train,tomato,Image_65.jpg,C:\Users\Computer\OneDrive\เดสก์ท็อป\imageprocessing-prj\data\train\tomato\Image_65.jpg,518.61,60c8607db75d89b8c7d9241fbbb0b735
train,tomato,Image_66.jpg,C:\Users\Computer\OneDrive\เดสก์ท็อป\imageprocessing-prj\data\train\tomato\Image_66.jpg,38.05,51648be459dc34420bdc9ca83cf74137
train,tomato,Image_67.jpg,C:\Users\Computer\OneDrive\เดสก์ท็อป\imageprocessing-prj\data\train\tomato\Image_67.jpg,132.19,4c872f1b2c1cb6ed580c296ab1765ef7
train,tomato,Image_68.jpg,C:\Users\Computer\OneDrive\เดสก์ท็อป\imageprocessing-prj\data\train\tomato\Image_68.jpg,689.06,f3b969257b8a9db58be0292d2026d9dc
train,tomato,Image_69.jpg,C:\Users\Computer\OneDrive\เดสก์ท็อป\imageprocessing-prj\data\train\tomato\Image_69.jpg,90.82,838a534af74a452d08a441f65cd285e1
train,tomato,Image_7.jpg,C:\Users\Computer\OneDrive\เดสก์ท็อป\imageprocessing-prj\data\train\tomato\Image_7.jpg,123.53,5dd4fb53308b43e4920d3312a7e32965
train,tomato,Image_70.jpg,C:\Users\Computer\OneDrive\เดสก์ท็อป\imageprocessing-prj\data\train\tomato\Image_70.jpg,147.5,d904005a4f6b60d5afe9a0f2b33df56c
train,tomato,Image_71.jpg,C:\Users\Computer\OneDrive\เดสก์ท็อป\imageprocessing-prj\data\train\tomato\Image_71.jpg,90.23,2e49fbc66d14f3ea8ce965b1eef9afe6
train,tomato,Image_72.jpg,C:\Users\Computer\OneDrive\เดสก์ท็อป\imageprocessing-prj\data\train\tomato\Image_72.jpg,75.16,61037612858c7db7176ff22225876052
train,tomato,Image_73.jpg,C:\Users\Computer\OneDrive\เดสก์ท็อป\imageprocessing-prj\data\train\tomato\Image_73.jpg,597.46,17550419c60756b69c77a4f9190dfc32
train,tomato,Image_74.jpg,C:\Users\Computer\OneDrive\เดสก์ท็อป\imageprocessing-prj\data\train\tomato\Image_74.jpg,147.69,be2604681e8cae2af2857bdc246dbbc6
train,tomato,Image_75.jpeg,C:\Users\Computer\OneDrive\เดสก์ท็อป\imageprocessing-prj\data\train\tomato\Image_75.jpeg,281.49,0c9aca1a98588274571f33dbfcf6305d
train,tomato,Image_76.jpg,C:\Users\Computer\OneDrive\เดสก์ท็อป\imageprocessing-prj\data\train\tomato\Image_76.jpg,208.19,ee30bc898691750ae486e8a1e00df2d5
train,tomato,Image_77.jpg,C:\Users\Computer\OneDrive\เดสก์ท็อป\imageprocessing-prj\data\train\tomato\Image_77.jpg,341.06,86fcc6c328897a05b8eb452d022fb432
train,tomato,Image_78.jpg,C:\Users\Computer\OneDrive\เดสก์ท็อป\imageprocessing-prj\data\train\tomato\Image_78.jpg,130.58,6516d9d6c27d9d3782d7f28a0bf57e73
train,tomato,Image_79.jpg,C:\Users\Computer\OneDrive\เดสก์ท็อป\imageprocessing-prj\data\train\tomato\Image_79.jpg,54.42,352525f63022a197f11fe15e06c970fe
train,tomato,Image_8.jpg,C:\Users\Computer\OneDrive\เดสก์ท็อป\imageprocessing-prj\data\train\tomato\Image_8.jpg,135.76,1aad88df93a5f49614baa23543801513
train,tomato,Image_80.png,C:\Users\Computer\OneDrive\เดสก์ท็อป\imageprocessing-prj\data\train\tomato\Image_80.png,4178.88,5ed051ca8b064f1cdd01eddf29cf62c4
train,tomato,Image_81.jpg,C:\Users\Computer\OneDrive\เดสก์ท็อป\imageprocessing-prj\data\train\tomato\Image_81.jpg,277.59,332088f9133687f526860046ee6bfd65
train,tomato,Image_82.jpg,C:\Users\Computer\OneDrive\เดสก์ท็อป\imageprocessing-prj\data\train\tomato\Image_82.jpg,33.07,c28373ed3a5e71ce9ddfa7db3465a39b
train,tomato,Image_83.jpg,C:\Users\Computer\OneDrive\เดสก์ท็อป\imageprocessing-prj\data\train\tomato\Image_83.jpg,222.97,605bf5c50f5b5ac9307049383b4d8223
train,tomato,Image_84.jpg,C:\Users\Computer\OneDrive\เดสก์ท็อป\imageprocessing-prj\data\train\tomato\Image_84.jpg,3029.02,621863e02c5ef0186bf870c8678867df
train,tomato,Image_86.jpg,C:\Users\Computer\OneDrive\เดสก์ท็อป\imageprocessing-prj\data\train\tomato\Image_86.jpg,102.36,028c008f8804d66a8329ec0ce92852a8
train,tomato,Image_87.jpg,C:\Users\Computer\OneDrive\เดสก์ท็อป\imageprocessing-prj\data\train\tomato\Image_87.jpg,52.22,098f59c17c71cbcff4d675362fd5317c
train,tomato,Image_89.jpg,C:\Users\Computer\OneDrive\เดสก์ท็อป\imageprocessing-prj\data\train\tomato\Image_89.jpg,136.53,55afec79aade784787caaac5b49161bb
train,tomato,Image_9.jpg,C:\Users\Computer\OneDrive\เดสก์ท็อป\imageprocessing-prj\data\train\tomato\Image_9.jpg,3755.83,4c87ad3db758b02ae817852409ac768c
train,tomato,Image_90.jpg,C:\Users\Computer\OneDrive\เดสก์ท็อป\imageprocessing-prj\data\train\tomato\Image_90.jpg,959.4,afddf6e121ae134f9dd6b5e953766326
train,tomato,Image_91.jpg,C:\Users\Computer\OneDrive\เดสก์ท็อป\imageprocessing-prj\data\train\tomato\Image_91.jpg,100.21,6fb8c39f375e426d321dc19305981000
train,tomato,Image_93.jpg,C:\Users\Computer\OneDrive\เดสก์ท็อป\imageprocessing-prj\data\train\tomato\Image_93.jpg,34.89,600894fd9160a35a999e8bd52c01f198
train,tomato,Image_96.jpg,C:\Users\Computer\OneDrive\เดสก์ท็อป\imageprocessing-prj\data\train\tomato\Image_96.jpg,115.91,7a5d3e24b1a2a6fab4df8b5f1aabab68
train,tomato,Image_97.jpg,C:\Users\Computer\OneDrive\เดสก์ท็อป\imageprocessing-prj\data\train\tomato\Image_97.jpg,785.98,9068bb2940f2b37192b49246a7c6dc98
train,tomato,Image_98.jpg,C:\Users\Computer\OneDrive\เดสก์ท็อป\imageprocessing-prj\data\train\tomato\Image_98.jpg,330.83,582ff9dde445e183ca9e126b5bbbc871
train,tomato,Image_99.jpg,C:\Users\Computer\OneDrive\เดสก์ท็อป\imageprocessing-prj\data\train\tomato\Image_99.jpg,121.59,2baeeb4f1c20be36b404ae17a30b4681
train,turnip,Image_1.jpg,C:\Users\Computer\OneDrive\เดสก์ท็อป\imageprocessing-prj\data\train\turnip\Image_1.jpg,94.87,d6ccd793705f2370323df1f502d52ce8
train,turnip,Image_10.jpg,C:\Users\Computer\OneDrive\เดสก์ท็อป\imageprocessing-prj\data\train\turnip\Image_10.jpg,321.69,b001412f415172af30cfa73189c6ae15
train,turnip,Image_100.jpg,C:\Users\Computer\OneDrive\เดสก์ท็อป\imageprocessing-prj\data\train\turnip\Image_100.jpg,94.97,0519cbbfc21a4a93a6618c8a13a64fb8
train,turnip,Image_11.jpg,C:\Users\Computer\OneDrive\เดสก์ท็อป\imageprocessing-prj\data\train\turnip\Image_11.jpg,141.84,ab5ea5b86c5a4e3ea024a0cc861cde94
train,turnip,Image_12.jpg,C:\Users\Computer\OneDrive\เดสก์ท็อป\imageprocessing-prj\data\train\turnip\Image_12.jpg,127.31,e1dc7753215217fdf2647e78102f5902
train,turnip,Image_13.jpg,C:\Users\Computer\OneDrive\เดสก์ท็อป\imageprocessing-prj\data\train\turnip\Image_13.jpg,1861.34,68baeda01eab5d2b210f501bf75283a6
train,turnip,Image_14.jpg,C:\Users\Computer\OneDrive\เดสก์ท็อป\imageprocessing-prj\data\train\turnip\Image_14.jpg,746.33,83eb89656fefc00d69c72783ce8f915f
train,turnip,Image_15.jpeg,C:\Users\Computer\OneDrive\เดสก์ท็อป\imageprocessing-prj\data\train\turnip\Image_15.jpeg,919.69,3517d7b72b02d7ffd46efcedf6b47b26
train,turnip,Image_16.JPG,C:\Users\Computer\OneDrive\เดสก์ท็อป\imageprocessing-prj\data\train\turnip\Image_16.JPG,347.78,02afdf5271bcb52ca69bb0e9a053cb6e
train,turnip,Image_17.jpg,C:\Users\Computer\OneDrive\เดสก์ท็อป\imageprocessing-prj\data\train\turnip\Image_17.jpg,23.53,11e0b924f5c0ec324e04947a70a8c13d
train,turnip,Image_18.jpg,C:\Users\Computer\OneDrive\เดสก์ท็อป\imageprocessing-prj\data\train\turnip\Image_18.jpg,1384.24,96bc325af64ca065d551a3c520e2b161
train,turnip,Image_19.jpg,C:\Users\Computer\OneDrive\เดสก์ท็อป\imageprocessing-prj\data\train\turnip\Image_19.jpg,2678.25,7a0c1f22b6db91a0dca29ff65577620b
train,turnip,Image_2.jpg,C:\Users\Computer\OneDrive\เดสก์ท็อป\imageprocessing-prj\data\train\turnip\Image_2.jpg,238.12,e1a5972e1dad8cf38e0e04182f28e17b
train,turnip,Image_20.jpg,C:\Users\Computer\OneDrive\เดสก์ท็อป\imageprocessing-prj\data\train\turnip\Image_20.jpg,107.62,7fa3f73239661df8a42b3490df25f3da
train,turnip,Image_21.jpg,C:\Users\Computer\OneDrive\เดสก์ท็อป\imageprocessing-prj\data\train\turnip\Image_21.jpg,1720.42,5b6c794a33a590525be658ffdb815c75
train,turnip,Image_22.png,C:\Users\Computer\OneDrive\เดสก์ท็อป\imageprocessing-prj\data\train\turnip\Image_22.png,88.29,e29dbfe9ba99c2201daeb7a526682b47
train,turnip,Image_23.jpg,C:\Users\Computer\OneDrive\เดสก์ท็อป\imageprocessing-prj\data\train\turnip\Image_23.jpg,64.81,82f456e1d71c1640e3e253a76e0815cf
train,turnip,Image_24.jpg,C:\Users\Computer\OneDrive\เดสก์ท็อป\imageprocessing-prj\data\train\turnip\Image_24.jpg,6.23,ed540a504e4ca5d1f149ca4c5d00bac3
train,turnip,Image_25.jpg,C:\Users\Computer\OneDrive\เดสก์ท็อป\imageprocessing-prj\data\train\turnip\Image_25.jpg,201.51,ceccc256724aa2a9d54e5d3b5ed96805
train,turnip,Image_26.jpg,C:\Users\Computer\OneDrive\เดสก์ท็อป\imageprocessing-prj\data\train\turnip\Image_26.jpg,11.33,f2f1ae58d843c77b90fb0ca01fe09f56
train,turnip,Image_27.jpg,C:\Users\Computer\OneDrive\เดสก์ท็อป\imageprocessing-prj\data\train\turnip\Image_27.jpg,27.26,629b6552ce510e3da288d65c645ee590
train,turnip,Image_28.jpg,C:\Users\Computer\OneDrive\เดสก์ท็อป\imageprocessing-prj\data\train\turnip\Image_28.jpg,35.75,1540bfd590b455233f3b5e256f6f0a3e
train,turnip,Image_29.jpg,C:\Users\Computer\OneDrive\เดสก์ท็อป\imageprocessing-prj\data\train\turnip\Image_29.jpg,2074.68,d2b5a581b3d0638201f7bb4cb319d06c
train,turnip,Image_3.jpg,C:\Users\Computer\OneDrive\เดสก์ท็อป\imageprocessing-prj\data\train\turnip\Image_3.jpg,431.17,f58425304d62c460345ea806bb5c0559
train,turnip,Image_30.jpg,C:\Users\Computer\OneDrive\เดสก์ท็อป\imageprocessing-prj\data\train\turnip\Image_30.jpg,116.83,0e79ca0d15505742d53a7eed5ea1ea04
train,turnip,Image_31.jpg,C:\Users\Computer\OneDrive\เดสก์ท็อป\imageprocessing-prj\data\train\turnip\Image_31.jpg,514.03,34ea7fe0f9b003a17c34889abfc8f9c5
train,turnip,Image_32.jpg,C:\Users\Computer\OneDrive\เดสก์ท็อป\imageprocessing-prj\data\train\turnip\Image_32.jpg,40.81,8a3dce10c4c5b0023550495c501a0acb
train,turnip,Image_33.jpg,C:\Users\Computer\OneDrive\เดสก์ท็อป\imageprocessing-prj\data\train\turnip\Image_33.jpg,33.36,99c921c79a2ebe49d2c12ee15266b59b
train,turnip,Image_34.jpg,C:\Users\Computer\OneDrive\เดสก์ท็อป\imageprocessing-prj\data\train\turnip\Image_34.jpg,687.69,bd302eb66da4bcb8bc0a0541674114cb
train,turnip,Image_35.jpg,C:\Users\Computer\OneDrive\เดสก์ท็อป\imageprocessing-prj\data\train\turnip\Image_35.jpg,245.41,3f1d4076fa22c60d782f1e4a688aa3db
train,turnip,Image_36.jpg,C:\Users\Computer\OneDrive\เดสก์ท็อป\imageprocessing-prj\data\train\turnip\Image_36.jpg,82.46,852a776815af19371d88977ac3a8dba5
train,turnip,Image_37.jpg,C:\Users\Computer\OneDrive\เดสก์ท็อป\imageprocessing-prj\data\train\turnip\Image_37.jpg,384.17,48fc7139b87104b5c87553be7ca93a30
train,turnip,Image_38.jpg,C:\Users\Computer\OneDrive\เดสก์ท็อป\imageprocessing-prj\data\train\turnip\Image_38.jpg,89.86,eabdff2c86fbf53441adb227022331e1
train,turnip,Image_39.png,C:\Users\Computer\OneDrive\เดสก์ท็อป\imageprocessing-prj\data\train\turnip\Image_39.png,148.42,3ba132afa5a28f3ddf36970ee90d0702
train,turnip,Image_4.jpg,C:\Users\Computer\OneDrive\เดสก์ท็อป\imageprocessing-prj\data\train\turnip\Image_4.jpg,243.05,d933e03467bceddf3134ce7fb5b1c209
train,turnip,Image_40.jpg,C:\Users\Computer\OneDrive\เดสก์ท็อป\imageprocessing-prj\data\train\turnip\Image_40.jpg,37.62,2f2f867cc67fd2f69460f55079f6d280
train,turnip,Image_41.jpg,C:\Users\Computer\OneDrive\เดสก์ท็อป\imageprocessing-prj\data\train\turnip\Image_41.jpg,30.45,bfc1ce6cc6c7ab7fd10a4f671469e535
train,turnip,Image_42.jpg,C:\Users\Computer\OneDrive\เดสก์ท็อป\imageprocessing-prj\data\train\turnip\Image_42.jpg,2525.61,151a4f9015a8010d336f742370433543
train,turnip,Image_43.jpg,C:\Users\Computer\OneDrive\เดสก์ท็อป\imageprocessing-prj\data\train\turnip\Image_43.jpg,149.76,b9ee825a404ee0e322669e23750807ac
train,turnip,Image_44.jpg,C:\Users\Computer\OneDrive\เดสก์ท็อป\imageprocessing-prj\data\train\turnip\Image_44.jpg,78.02,88dc00a837c788c994c2bc9441607dd2
train,turnip,Image_45.jpg,C:\Users\Computer\OneDrive\เดสก์ท็อป\imageprocessing-prj\data\train\turnip\Image_45.jpg,84.89,60659d20871f014e01d5374d4b628a95
train,turnip,Image_46.jpg,C:\Users\Computer\OneDrive\เดสก์ท็อป\imageprocessing-prj\data\train\turnip\Image_46.jpg,171.87,fe43cbf508000583921e797f4f504dce
train,turnip,Image_48.jpg,C:\Users\Computer\OneDrive\เดสก์ท็อป\imageprocessing-prj\data\train\turnip\Image_48.jpg,38.51,f10253213fd6777420507a56aba79087
train,turnip,Image_5.jpg,C:\Users\Computer\OneDrive\เดสก์ท็อป\imageprocessing-prj\data\train\turnip\Image_5.jpg,93.4,cdf893dcc22150de9e678fbfe7105d8a
train,turnip,Image_50.jpg,C:\Users\Computer\OneDrive\เดสก์ท็อป\imageprocessing-prj\data\train\turnip\Image_50.jpg,617.72,a600973b74fec5e7bba5d3e301c0dbe0
train,turnip,Image_51.png,C:\Users\Computer\OneDrive\เดสก์ท็อป\imageprocessing-prj\data\train\turnip\Image_51.png,16.31,4a81bae1c97f2511a3307c9441fc43cb
train,turnip,Image_52.jpg,C:\Users\Computer\OneDrive\เดสก์ท็อป\imageprocessing-prj\data\train\turnip\Image_52.jpg,262.02,b31236dfe2f17656b66935e0e2256bf9
train,turnip,Image_53.jpg,C:\Users\Computer\OneDrive\เดสก์ท็อป\imageprocessing-prj\data\train\turnip\Image_53.jpg,184.01,ecca29bd427890f908126e5c5fe01cdf
train,turnip,Image_54.jpg,C:\Users\Computer\OneDrive\เดสก์ท็อป\imageprocessing-prj\data\train\turnip\Image_54.jpg,390.38,6bcac681346d63f123e50dda33d4d498
train,turnip,Image_55.jpg,C:\Users\Computer\OneDrive\เดสก์ท็อป\imageprocessing-prj\data\train\turnip\Image_55.jpg,30.39,4eb03d5ca7d7ff64da934010f4eb8471
train,turnip,Image_56.jpg,C:\Users\Computer\OneDrive\เดสก์ท็อป\imageprocessing-prj\data\train\turnip\Image_56.jpg,28.92,feb458b22b02c1cd103b81315691d4dd
train,turnip,Image_57.jpg,C:\Users\Computer\OneDrive\เดสก์ท็อป\imageprocessing-prj\data\train\turnip\Image_57.jpg,27.83,5efc899d0c92ed1e6d7aebc28e57fb6f
train,turnip,Image_58.jpg,C:\Users\Computer\OneDrive\เดสก์ท็อป\imageprocessing-prj\data\train\turnip\Image_58.jpg,18.08,39fc0966dab9f7d50ef8d46e8b215fd4
train,turnip,Image_59.jpg,C:\Users\Computer\OneDrive\เดสก์ท็อป\imageprocessing-prj\data\train\turnip\Image_59.jpg,141.25,6a14bb4044e8247200b48297750dbf89
train,turnip,Image_6.jpg,C:\Users\Computer\OneDrive\เดสก์ท็อป\imageprocessing-prj\data\train\turnip\Image_6.jpg,210.95,e6501ea8bbafef23861a9c276732a714
train,turnip,Image_60.jpg,C:\Users\Computer\OneDrive\เดสก์ท็อป\imageprocessing-prj\data\train\turnip\Image_60.jpg,422.43,79f960bb8fcf199423e448d810b5dbc3
train,turnip,Image_61.jpg,C:\Users\Computer\OneDrive\เดสก์ท็อป\imageprocessing-prj\data\train\turnip\Image_61.jpg,111.27,977ec5819221dea8c882bb137aa5621f
train,turnip,Image_62.jpg,C:\Users\Computer\OneDrive\เดสก์ท็อป\imageprocessing-prj\data\train\turnip\Image_62.jpg,130.96,8266d6c514d0f2cf0db8efe48e202a2a
train,turnip,Image_63.JPG,C:\Users\Computer\OneDrive\เดสก์ท็อป\imageprocessing-prj\data\train\turnip\Image_63.JPG,197.28,5e178160ed9fe10ba247325b243a205d
train,turnip,Image_64.jpg,C:\Users\Computer\OneDrive\เดสก์ท็อป\imageprocessing-prj\data\train\turnip\Image_64.jpg,439.54,784f29c924809d3bc0ae3c5da3cf4b3b
train,turnip,Image_65.jpg,C:\Users\Computer\OneDrive\เดสก์ท็อป\imageprocessing-prj\data\train\turnip\Image_65.jpg,55.33,b5a23c80bf3db9141c883469c4694fe8
train,turnip,Image_66.png,C:\Users\Computer\OneDrive\เดสก์ท็อป\imageprocessing-prj\data\train\turnip\Image_66.png,93.56,6610759150c0ae90aad180b494aeb884
train,turnip,Image_67.jpg,C:\Users\Computer\OneDrive\เดสก์ท็อป\imageprocessing-prj\data\train\turnip\Image_67.jpg,801.94,d36e95aacf5d08dfdf44dcc37eec07e8
train,turnip,Image_68.JPG,C:\Users\Computer\OneDrive\เดสก์ท็อป\imageprocessing-prj\data\train\turnip\Image_68.JPG,124.19,dbcf09690f85dfa540bbe56a07a5ceca
train,turnip,Image_69.png,C:\Users\Computer\OneDrive\เดสก์ท็อป\imageprocessing-prj\data\train\turnip\Image_69.png,12.71,1bdbd25c59432d8afd1c2497a0634873
train,turnip,Image_7.jpg,C:\Users\Computer\OneDrive\เดสก์ท็อป\imageprocessing-prj\data\train\turnip\Image_7.jpg,94.97,0519cbbfc21a4a93a6618c8a13a64fb8
train,turnip,Image_70.jpg,C:\Users\Computer\OneDrive\เดสก์ท็อป\imageprocessing-prj\data\train\turnip\Image_70.jpg,20.62,f7b94b320e661f94b321293e39a5306a
train,turnip,Image_71.jpg,C:\Users\Computer\OneDrive\เดสก์ท็อป\imageprocessing-prj\data\train\turnip\Image_71.jpg,42.97,4999aaf3b9a03b7d11fecade45abc23f
train,turnip,Image_72.JPG,C:\Users\Computer\OneDrive\เดสก์ท็อป\imageprocessing-prj\data\train\turnip\Image_72.JPG,114.48,5e8d5c78b9353dc9a288fde884da8f12
train,turnip,Image_73.jpg,C:\Users\Computer\OneDrive\เดสก์ท็อป\imageprocessing-prj\data\train\turnip\Image_73.jpg,94.01,8d8a5ff9fafe801574e60066cf983ca9
train,turnip,Image_74.jpg,C:\Users\Computer\OneDrive\เดสก์ท็อป\imageprocessing-prj\data\train\turnip\Image_74.jpg,87.3,48e4853874d95587cce14068feaa1e9d
train,turnip,Image_75.jpg,C:\Users\Computer\OneDrive\เดสก์ท็อป\imageprocessing-prj\data\train\turnip\Image_75.jpg,133.19,7333e9d5e482f96b4ee196d938e222e4
train,turnip,Image_76.jpg,C:\Users\Computer\OneDrive\เดสก์ท็อป\imageprocessing-prj\data\train\turnip\Image_76.jpg,64.99,0a4219c6756cb4fe1c916a0e497b601b
train,turnip,Image_77.jpg,C:\Users\Computer\OneDrive\เดสก์ท็อป\imageprocessing-prj\data\train\turnip\Image_77.jpg,75.43,77a80a8d7107101565d25e4173c15b89
train,turnip,Image_78.jpg,C:\Users\Computer\OneDrive\เดสก์ท็อป\imageprocessing-prj\data\train\turnip\Image_78.jpg,103.45,9ae9131e8355044011a6a81a9b38c945
train,turnip,Image_79.jpg,C:\Users\Computer\OneDrive\เดสก์ท็อป\imageprocessing-prj\data\train\turnip\Image_79.jpg,412.41,c32ace826eccde1d21d29266b436e727
train,turnip,Image_8.jpg,C:\Users\Computer\OneDrive\เดสก์ท็อป\imageprocessing-prj\data\train\turnip\Image_8.jpg,1064.76,b3a4c208ff1f5fc14742cd8736554930
train,turnip,Image_80.jpg,C:\Users\Computer\OneDrive\เดสก์ท็อป\imageprocessing-prj\data\train\turnip\Image_80.jpg,108.41,e011b5e12e153b3f986a29b50c40de3e
train,turnip,Image_81.jpg,C:\Users\Computer\OneDrive\เดสก์ท็อป\imageprocessing-prj\data\train\turnip\Image_81.jpg,147.87,4a1ee07c3917b590d40d6803d995a1c1
train,turnip,Image_82.jpg,C:\Users\Computer\OneDrive\เดสก์ท็อป\imageprocessing-prj\data\train\turnip\Image_82.jpg,47.84,8e11eba24bf3e033b8273f0a3693012f
train,turnip,Image_83.png,C:\Users\Computer\OneDrive\เดสก์ท็อป\imageprocessing-prj\data\train\turnip\Image_83.png,163.86,32bc1e2d3b376077206672b8e895063e
train,turnip,Image_84.jpg,C:\Users\Computer\OneDrive\เดสก์ท็อป\imageprocessing-prj\data\train\turnip\Image_84.jpg,63.31,92039f85d0a6380d060902ed8c933027
train,turnip,Image_85.jpg,C:\Users\Computer\OneDrive\เดสก์ท็อป\imageprocessing-prj\data\train\turnip\Image_85.jpg,151.1,e9b237971261d8c36373d34a349f4282
train,turnip,Image_86.jpg,C:\Users\Computer\OneDrive\เดสก์ท็อป\imageprocessing-prj\data\train\turnip\Image_86.jpg,17.33,960cb04779b33e4bcaac96e0870514d6
train,turnip,Image_87.jpg,C:\Users\Computer\OneDrive\เดสก์ท็อป\imageprocessing-prj\data\train\turnip\Image_87.jpg,41.48,795290521cc4f94d2bc7676050e18ce4
train,turnip,Image_88.jpg,C:\Users\Computer\OneDrive\เดสก์ท็อป\imageprocessing-prj\data\train\turnip\Image_88.jpg,18.18,a21c2389bd22ad404bb95af0c3011e6e
train,turnip,Image_89.jpg,C:\Users\Computer\OneDrive\เดสก์ท็อป\imageprocessing-prj\data\train\turnip\Image_89.jpg,106.83,7e29837af9418594c9b7d982e4f3d0c8
train,turnip,Image_9.jpg,C:\Users\Computer\OneDrive\เดสก์ท็อป\imageprocessing-prj\data\train\turnip\Image_9.jpg,243.79,4e7197e4eb1138efe1cd5fee2a7df930
train,turnip,Image_90.jpeg,C:\Users\Computer\OneDrive\เดสก์ท็อป\imageprocessing-prj\data\train\turnip\Image_90.jpeg,25.24,9f7e5ae5dd1213dfd5fc55e5bb925e64
train,turnip,Image_91.jpg,C:\Users\Computer\OneDrive\เดสก์ท็อป\imageprocessing-prj\data\train\turnip\Image_91.jpg,76.63,7fd532e4d14ea0467f394d4252b7d410
train,turnip,Image_92.jpg,C:\Users\Computer\OneDrive\เดสก์ท็อป\imageprocessing-prj\data\train\turnip\Image_92.jpg,149.74,861ba2dcd11a1c6293eadcfc8fa8a320
train,turnip,Image_93.JPG,C:\Users\Computer\OneDrive\เดสก์ท็อป\imageprocessing-prj\data\train\turnip\Image_93.JPG,289.08,69570d917495094a68475295f62b2331
train,turnip,Image_94.jpg,C:\Users\Computer\OneDrive\เดสก์ท็อป\imageprocessing-prj\data\train\turnip\Image_94.jpg,94.87,d6ccd793705f2370323df1f502d52ce8
train,turnip,Image_95.jpg,C:\Users\Computer\OneDrive\เดสก์ท็อป\imageprocessing-prj\data\train\turnip\Image_95.jpg,238.12,e1a5972e1dad8cf38e0e04182f28e17b
train,turnip,Image_96.jpg,C:\Users\Computer\OneDrive\เดสก์ท็อป\imageprocessing-prj\data\train\turnip\Image_96.jpg,431.17,f58425304d62c460345ea806bb5c0559
train,turnip,Image_97.jpg,C:\Users\Computer\OneDrive\เดสก์ท็อป\imageprocessing-prj\data\train\turnip\Image_97.jpg,243.05,d933e03467bceddf3134ce7fb5b1c209
train,turnip,Image_98.jpg,C:\Users\Computer\OneDrive\เดสก์ท็อป\imageprocessing-prj\data\train\turnip\Image_98.jpg,93.4,cdf893dcc22150de9e678fbfe7105d8a
train,turnip,Image_99.jpg,C:\Users\Computer\OneDrive\เดสก์ท็อป\imageprocessing-prj\data\train\turnip\Image_99.jpg,210.95,e6501ea8bbafef23861a9c276732a714
train,watermelon,Image_1.jpg,C:\Users\Computer\OneDrive\เดสก์ท็อป\imageprocessing-prj\data\train\watermelon\Image_1.jpg,3360.17,66a746bacf1e9599d597e5e4757b8f3e
train,watermelon,Image_10.jpg,C:\Users\Computer\OneDrive\เดสก์ท็อป\imageprocessing-prj\data\train\watermelon\Image_10.jpg,912.67,f0d9aa868ff1d8fdf85d1d2f837b92b2
train,watermelon,Image_100.jpg,C:\Users\Computer\OneDrive\เดสก์ท็อป\imageprocessing-prj\data\train\watermelon\Image_100.jpg,447.63,6f5222954efd96e5400ce62d87fa029a
train,watermelon,Image_13.jpg,C:\Users\Computer\OneDrive\เดสก์ท็อป\imageprocessing-prj\data\train\watermelon\Image_13.jpg,198.77,839ce3f8fb086d386d4b097465b39cc7
train,watermelon,Image_14.jpeg,C:\Users\Computer\OneDrive\เดสก์ท็อป\imageprocessing-prj\data\train\watermelon\Image_14.jpeg,329.92,e5b9136205314aa643a70e64ced30ef1
train,watermelon,Image_15.jpg,C:\Users\Computer\OneDrive\เดสก์ท็อป\imageprocessing-prj\data\train\watermelon\Image_15.jpg,60.58,ff21ceae313cdb8dd63b5b4396aaf434
train,watermelon,Image_16.jpg,C:\Users\Computer\OneDrive\เดสก์ท็อป\imageprocessing-prj\data\train\watermelon\Image_16.jpg,2376.6,9a3730a1c5da5359b6fd9ff6a9b1b4c7
train,watermelon,Image_17.jpg,C:\Users\Computer\OneDrive\เดสก์ท็อป\imageprocessing-prj\data\train\watermelon\Image_17.jpg,59.33,fa625f9ae559e4e638da48239e7f6ae4
train,watermelon,Image_18.jpg,C:\Users\Computer\OneDrive\เดสก์ท็อป\imageprocessing-prj\data\train\watermelon\Image_18.jpg,210.94,8cbfd997490907394b29bdd5e990f05a
train,watermelon,Image_19.png,C:\Users\Computer\OneDrive\เดสก์ท็อป\imageprocessing-prj\data\train\watermelon\Image_19.png,2146.66,760a20a34b6b946299df1fd207354ce0
train,watermelon,Image_2.jpg,C:\Users\Computer\OneDrive\เดสก์ท็อป\imageprocessing-prj\data\train\watermelon\Image_2.jpg,105.74,e586988a32b5698e8225839e88b8ad1f
train,watermelon,Image_20.jpg,C:\Users\Computer\OneDrive\เดสก์ท็อป\imageprocessing-prj\data\train\watermelon\Image_20.jpg,88.82,7b06e6dbb6a9b336e0deeb8476dda770
train,watermelon,Image_21.jpg,C:\Users\Computer\OneDrive\เดสก์ท็อป\imageprocessing-prj\data\train\watermelon\Image_21.jpg,699.8,65270125da9027ea1f0cf55e11315a0a
train,watermelon,Image_22.jpg,C:\Users\Computer\OneDrive\เดสก์ท็อป\imageprocessing-prj\data\train\watermelon\Image_22.jpg,121.0,6cb8ce85a21e143bc8c2c07f1865cdbc
train,watermelon,Image_23.jpg,C:\Users\Computer\OneDrive\เดสก์ท็อป\imageprocessing-prj\data\train\watermelon\Image_23.jpg,93.78,30b98d018d382ac93af971935a081b1e
train,watermelon,Image_24.jpg,C:\Users\Computer\OneDrive\เดสก์ท็อป\imageprocessing-prj\data\train\watermelon\Image_24.jpg,67.79,75dd6e0a98d1eb6c34113c4a7bf0c6d9
train,watermelon,Image_25.jpg,C:\Users\Computer\OneDrive\เดสก์ท็อป\imageprocessing-prj\data\train\watermelon\Image_25.jpg,649.6,a69c103fb9ff994708ee03f91b5dc2c9
train,watermelon,Image_26.jpg,C:\Users\Computer\OneDrive\เดสก์ท็อป\imageprocessing-prj\data\train\watermelon\Image_26.jpg,138.7,562336cb35d8c0180d63d4024a9a77ac
train,watermelon,Image_27.jpg,C:\Users\Computer\OneDrive\เดสก์ท็อป\imageprocessing-prj\data\train\watermelon\Image_27.jpg,72.0,0d52964ff02bd3ced429ad3fdeab45ce
train,watermelon,Image_28.jpg,C:\Users\Computer\OneDrive\เดสก์ท็อป\imageprocessing-prj\data\train\watermelon\Image_28.jpg,3814.9,7b9f99265db248e9c116afe497a52539
train,watermelon,Image_29.jpg,C:\Users\Computer\OneDrive\เดสก์ท็อป\imageprocessing-prj\data\train\watermelon\Image_29.jpg,89.92,7096038eff31c894805a2acc48619912
train,watermelon,Image_3.jpg,C:\Users\Computer\OneDrive\เดสก์ท็อป\imageprocessing-prj\data\train\watermelon\Image_3.jpg,554.54,4bd40330c0eb3057e752da88394b5d4f
train,watermelon,Image_30.jpg,C:\Users\Computer\OneDrive\เดสก์ท็อป\imageprocessing-prj\data\train\watermelon\Image_30.jpg,123.02,1acba4e38a6edcb06f63624e9576a3bf
train,watermelon,Image_31.JPG,C:\Users\Computer\OneDrive\เดสก์ท็อป\imageprocessing-prj\data\train\watermelon\Image_31.JPG,196.64,cdab0784b3dc13c6a1c823f798fe3491
train,watermelon,Image_32.jpg,C:\Users\Computer\OneDrive\เดสก์ท็อป\imageprocessing-prj\data\train\watermelon\Image_32.jpg,4111.2,f09ce26cd1bf162702747ec083942e2f
train,watermelon,Image_33.png,C:\Users\Computer\OneDrive\เดสก์ท็อป\imageprocessing-prj\data\train\watermelon\Image_33.png,1229.68,7cc7ea08ef8aa4146571485bcd00c9df
train,watermelon,Image_34.jpg,C:\Users\Computer\OneDrive\เดสก์ท็อป\imageprocessing-prj\data\train\watermelon\Image_34.jpg,418.18,3fc44f288fa8905d333f27e8116db74f
train,watermelon,Image_35.jpg,C:\Users\Computer\OneDrive\เดสก์ท็อป\imageprocessing-prj\data\train\watermelon\Image_35.jpg,202.47,85fd7cff5f27a5742ad258784ce98734
train,watermelon,Image_36.jpg,C:\Users\Computer\OneDrive\เดสก์ท็อป\imageprocessing-prj\data\train\watermelon\Image_36.jpg,254.86,3eaa09e61413f17b13fc006fa4e4c584
train,watermelon,Image_37.jpg,C:\Users\Computer\OneDrive\เดสก์ท็อป\imageprocessing-prj\data\train\watermelon\Image_37.jpg,168.92,f4bf637d72a5f619ea54cc1887bb7ccc
train,watermelon,Image_38.jpg,C:\Users\Computer\OneDrive\เดสก์ท็อป\imageprocessing-prj\data\train\watermelon\Image_38.jpg,68.63,eff57b206c0c8ef3e6d7301285f6f4e6
train,watermelon,Image_39.jpg,C:\Users\Computer\OneDrive\เดสก์ท็อป\imageprocessing-prj\data\train\watermelon\Image_39.jpg,114.91,3b83dc46a8b5bebf59d6578d6282eae3
train,watermelon,Image_4.jpg,C:\Users\Computer\OneDrive\เดสก์ท็อป\imageprocessing-prj\data\train\watermelon\Image_4.jpg,447.63,6f5222954efd96e5400ce62d87fa029a
train,watermelon,Image_40.jpg,C:\Users\Computer\OneDrive\เดสก์ท็อป\imageprocessing-prj\data\train\watermelon\Image_40.jpg,12.23,a4d5c9e12982d736d40a81bad72dbda6
train,watermelon,Image_41.jpg,C:\Users\Computer\OneDrive\เดสก์ท็อป\imageprocessing-prj\data\train\watermelon\Image_41.jpg,183.7,d7baaf414724371d354cb0253bcaac0f
train,watermelon,Image_42.jpg,C:\Users\Computer\OneDrive\เดสก์ท็อป\imageprocessing-prj\data\train\watermelon\Image_42.jpg,204.92,1ff28823dddb6dd6f1149158c7f2a4ff
train,watermelon,Image_43.jpg,C:\Users\Computer\OneDrive\เดสก์ท็อป\imageprocessing-prj\data\train\watermelon\Image_43.jpg,11.28,e3ac82c31cb966be89b59dfab31ddd25
train,watermelon,Image_44.jpg,C:\Users\Computer\OneDrive\เดสก์ท็อป\imageprocessing-prj\data\train\watermelon\Image_44.jpg,148.38,d60cd62fc46dd92079312e39a9154ed7
train,watermelon,Image_45.jpg,C:\Users\Computer\OneDrive\เดสก์ท็อป\imageprocessing-prj\data\train\watermelon\Image_45.jpg,881.76,549a41ae652b7b3e2de0424aaf5a6645
train,watermelon,Image_46.jpg,C:\Users\Computer\OneDrive\เดสก์ท็อป\imageprocessing-prj\data\train\watermelon\Image_46.jpg,245.79,a4e12afe07dfb90a00c2ec8b79ee9acd
train,watermelon,Image_47.jpg,C:\Users\Computer\OneDrive\เดสก์ท็อป\imageprocessing-prj\data\train\watermelon\Image_47.jpg,53.93,d46a686b31cfaf89fe5ce6d4f9a79786
train,watermelon,Image_49.jpg,C:\Users\Computer\OneDrive\เดสก์ท็อป\imageprocessing-prj\data\train\watermelon\Image_49.jpg,120.28,a9b5d470087a4535b3d75722ffcd9043
train,watermelon,Image_5.jpg,C:\Users\Computer\OneDrive\เดสก์ท็อป\imageprocessing-prj\data\train\watermelon\Image_5.jpg,4640.22,2dae0b41b550720e001ae0b93538c5ea
train,watermelon,Image_50.jpg,C:\Users\Computer\OneDrive\เดสก์ท็อป\imageprocessing-prj\data\train\watermelon\Image_50.jpg,181.06,b1f43e54d490354670e9504afe49fe55
train,watermelon,Image_51.jpg,C:\Users\Computer\OneDrive\เดสก์ท็อป\imageprocessing-prj\data\train\watermelon\Image_51.jpg,702.68,f024aa682ebdcd5595d403b0b07debb8
train,watermelon,Image_52.jpg,C:\Users\Computer\OneDrive\เดสก์ท็อป\imageprocessing-prj\data\train\watermelon\Image_52.jpg,9417.9,eca283a287af856dc0a0c8e34cce8e85
train,watermelon,Image_53.jpg,C:\Users\Computer\OneDrive\เดสก์ท็อป\imageprocessing-prj\data\train\watermelon\Image_53.jpg,17.85,a230b9e86b86bcdd7b8191085568f392
train,watermelon,Image_55.jpg,C:\Users\Computer\OneDrive\เดสก์ท็อป\imageprocessing-prj\data\train\watermelon\Image_55.jpg,53.44,fa58f0b7e81ce9047ef4e33456f05d2f
train,watermelon,Image_56.jpg,C:\Users\Computer\OneDrive\เดสก์ท็อป\imageprocessing-prj\data\train\watermelon\Image_56.jpg,76.82,dd9a7dd56c59adf816fe809335d5145f
train,watermelon,Image_57.jpg,C:\Users\Computer\OneDrive\เดสก์ท็อป\imageprocessing-prj\data\train\watermelon\Image_57.jpg,191.85,486ebe16d523c9f8cbcb2f550d9c231a
train,watermelon,Image_58.jpg,C:\Users\Computer\OneDrive\เดสก์ท็อป\imageprocessing-prj\data\train\watermelon\Image_58.jpg,929.71,64072369f1bf4e69bb4730d2fbed5e18
train,watermelon,Image_59.jpg,C:\Users\Computer\OneDrive\เดสก์ท็อป\imageprocessing-prj\data\train\watermelon\Image_59.jpg,1206.26,3beae99c0fcf712c7711ba2bac6b1ee1
train,watermelon,Image_6.jpg,C:\Users\Computer\OneDrive\เดสก์ท็อป\imageprocessing-prj\data\train\watermelon\Image_6.jpg,231.71,5c2befa0cbcac9f3e6078baaae243078
train,watermelon,Image_61.jpg,C:\Users\Computer\OneDrive\เดสก์ท็อป\imageprocessing-prj\data\train\watermelon\Image_61.jpg,677.19,48c3840299d6417f975d54e17b2287ea
train,watermelon,Image_62.jpg,C:\Users\Computer\OneDrive\เดสก์ท็อป\imageprocessing-prj\data\train\watermelon\Image_62.jpg,48.96,92cd49064895fb8eac66f4824b6c3df5
train,watermelon,Image_63.jpg,C:\Users\Computer\OneDrive\เดสก์ท็อป\imageprocessing-prj\data\train\watermelon\Image_63.jpg,127.18,8169e2ef986f38d202b26295e3c6980d
train,watermelon,Image_65.jpg,C:\Users\Computer\OneDrive\เดสก์ท็อป\imageprocessing-prj\data\train\watermelon\Image_65.jpg,211.31,3530ab95a446739c4e2977771b9952d2
train,watermelon,Image_66.jpg,C:\Users\Computer\OneDrive\เดสก์ท็อป\imageprocessing-prj\data\train\watermelon\Image_66.jpg,922.51,b5ed1fe23144b5fddc9231bedfab2b5e
train,watermelon,Image_67.jpg,C:\Users\Computer\OneDrive\เดสก์ท็อป\imageprocessing-prj\data\train\watermelon\Image_67.jpg,223.01,2c72d0225fa7dd386c1c1b0bc07bc316
train,watermelon,Image_68.jpg,C:\Users\Computer\OneDrive\เดสก์ท็อป\imageprocessing-prj\data\train\watermelon\Image_68.jpg,90.58,3d4406881f4ab8a669aa6379530acf9a
train,watermelon,Image_69.jpg,C:\Users\Computer\OneDrive\เดสก์ท็อป\imageprocessing-prj\data\train\watermelon\Image_69.jpg,2221.36,1dc0f5e5e1aed90868323b7d61f90b4e
train,watermelon,Image_7.jpg,C:\Users\Computer\OneDrive\เดสก์ท็อป\imageprocessing-prj\data\train\watermelon\Image_7.jpg,299.18,50b723fa93c493001528aa60b182b25b
train,watermelon,Image_70.jpg,C:\Users\Computer\OneDrive\เดสก์ท็อป\imageprocessing-prj\data\train\watermelon\Image_70.jpg,17.01,250c89afe5b6d960d346d5b56d2537f0
train,watermelon,Image_73.jpg,C:\Users\Computer\OneDrive\เดสก์ท็อป\imageprocessing-prj\data\train\watermelon\Image_73.jpg,239.36,672c886e7d98d0462f053bf2882f0a2a
train,watermelon,Image_78.jpg,C:\Users\Computer\OneDrive\เดสก์ท็อป\imageprocessing-prj\data\train\watermelon\Image_78.jpg,108.74,b0e75e5a2f78e37acd799de2ccf76b17
train,watermelon,Image_79.jpg,C:\Users\Computer\OneDrive\เดสก์ท็อป\imageprocessing-prj\data\train\watermelon\Image_79.jpg,24.92,bd75154b6530fed0ac760a46ba489d11
train,watermelon,Image_8.jpg,C:\Users\Computer\OneDrive\เดสก์ท็อป\imageprocessing-prj\data\train\watermelon\Image_8.jpg,289.6,91acd7b802a1b97dd976565339381c62
train,watermelon,Image_81.jpg,C:\Users\Computer\OneDrive\เดสก์ท็อป\imageprocessing-prj\data\train\watermelon\Image_81.jpg,1036.52,71ea6b54a229ddb3c81b1345e5b90410
train,watermelon,Image_83.jpg,C:\Users\Computer\OneDrive\เดสก์ท็อป\imageprocessing-prj\data\train\watermelon\Image_83.jpg,1790.01,17e3df2d0eac3f36eca6a67d7d2291bf
train,watermelon,Image_84.jpg,C:\Users\Computer\OneDrive\เดสก์ท็อป\imageprocessing-prj\data\train\watermelon\Image_84.jpg,49.45,9cfd39e3c2fcb89dfad60d0d7892dbbe
train,watermelon,Image_85.jpg,C:\Users\Computer\OneDrive\เดสก์ท็อป\imageprocessing-prj\data\train\watermelon\Image_85.jpg,118.77,36af1cc46775973127388be128a125bf
train,watermelon,Image_86.jpg,C:\Users\Computer\OneDrive\เดสก์ท็อป\imageprocessing-prj\data\train\watermelon\Image_86.jpg,351.93,0068f61dee21662c0028fd4a1a5a5900
train,watermelon,Image_88.jpg,C:\Users\Computer\OneDrive\เดสก์ท็อป\imageprocessing-prj\data\train\watermelon\Image_88.jpg,388.79,93f9d1b159476d6a84b1336b60bbeaf3
train,watermelon,Image_89.png,C:\Users\Computer\OneDrive\เดสก์ท็อป\imageprocessing-prj\data\train\watermelon\Image_89.png,254.69,873b8d92f90ab96e31e8ecef1ca8c6ec
train,watermelon,Image_9.jpg,C:\Users\Computer\OneDrive\เดสก์ท็อป\imageprocessing-prj\data\train\watermelon\Image_9.jpg,136.45,24bcd4d680d0ab71b1cc1d149485ba1e
train,watermelon,Image_90.jpg,C:\Users\Computer\OneDrive\เดสก์ท็อป\imageprocessing-prj\data\train\watermelon\Image_90.jpg,95.46,92f3f35c0ad1bc3a68cb1d42fa114429
train,watermelon,Image_91.jpg,C:\Users\Computer\OneDrive\เดสก์ท็อป\imageprocessing-prj\data\train\watermelon\Image_91.jpg,672.03,8e44647e942c6a74c637c28d7700db8f
train,watermelon,Image_92.jpg,C:\Users\Computer\OneDrive\เดสก์ท็อป\imageprocessing-prj\data\train\watermelon\Image_92.jpg,216.29,3490f022978b9e6aa4dfd8af7dc0cf37
train,watermelon,Image_94.jpg,C:\Users\Computer\OneDrive\เดสก์ท็อป\imageprocessing-prj\data\train\watermelon\Image_94.jpg,135.88,f291b93e4a0ead1988b49287580aa16b
train,watermelon,Image_95.jpg,C:\Users\Computer\OneDrive\เดสก์ท็อป\imageprocessing-prj\data\train\watermelon\Image_95.jpg,66.14,9ac5796f57e815ea5ea5504bf8c42a8d
train,watermelon,Image_96.jpg,C:\Users\Computer\OneDrive\เดสก์ท็อป\imageprocessing-prj\data\train\watermelon\Image_96.jpg,178.73,0e5f88594a732aafdf2fc14083c3411d
train,watermelon,Image_97.jpg,C:\Users\Computer\OneDrive\เดสก์ท็อป\imageprocessing-prj\data\train\watermelon\Image_97.jpg,3360.17,66a746bacf1e9599d597e5e4757b8f3e
train,watermelon,Image_98.jpg,C:\Users\Computer\OneDrive\เดสก์ท็อป\imageprocessing-prj\data\train\watermelon\Image_98.jpg,105.74,e586988a32b5698e8225839e88b8ad1f
train,watermelon,Image_99.jpg,C:\Users\Computer\OneDrive\เดสก์ท็อป\imageprocessing-prj\data\train\watermelon\Image_99.jpg,554.54,4bd40330c0eb3057e752da88394b5d4f
validation,apple,Image_1.jpg,C:\Users\Computer\OneDrive\เดสก์ท็อป\imageprocessing-prj\data\validation\apple\Image_1.jpg,1591.03,a12171c58c67ab73fe56f9f5d6c08b50
validation,apple,Image_10.jpg,C:\Users\Computer\OneDrive\เดสก์ท็อป\imageprocessing-prj\data\validation\apple\Image_10.jpg,1591.03,a12171c58c67ab73fe56f9f5d6c08b50
validation,apple,Image_2.jpg,C:\Users\Computer\OneDrive\เดสก์ท็อป\imageprocessing-prj\data\validation\apple\Image_2.jpg,74.17,d3998252f568bd9135733a89656de32a
validation,apple,Image_3.jpg,C:\Users\Computer\OneDrive\เดสก์ท็อป\imageprocessing-prj\data\validation\apple\Image_3.jpg,348.61,be2f7c93b3eef067a60282118af7f7c8
validation,apple,Image_4.jpg,C:\Users\Computer\OneDrive\เดสก์ท็อป\imageprocessing-prj\data\validation\apple\Image_4.jpg,2569.77,d29d7add71199eb254b19d24b5cbf38f
validation,apple,Image_5.jpg,C:\Users\Computer\OneDrive\เดสก์ท็อป\imageprocessing-prj\data\validation\apple\Image_5.jpg,22.62,408240b30522829461f8d9ed9eaed141
validation,apple,Image_6.JPG,C:\Users\Computer\OneDrive\เดสก์ท็อป\imageprocessing-prj\data\validation\apple\Image_6.JPG,155.14,fce5895e1376ea8402c256eecedc103f
validation,apple,Image_7.jpg,C:\Users\Computer\OneDrive\เดสก์ท็อป\imageprocessing-prj\data\validation\apple\Image_7.jpg,710.95,60569a8e86c02032d90fc4ce23a6b6c5
validation,apple,Image_8.jpg,C:\Users\Computer\OneDrive\เดสก์ท็อป\imageprocessing-prj\data\validation\apple\Image_8.jpg,585.97,24a6fdcb7ddc58530dd513a0191fdf97
validation,apple,Image_9.jpg,C:\Users\Computer\OneDrive\เดสก์ท็อป\imageprocessing-prj\data\validation\apple\Image_9.jpg,81.49,13ea368711984a4a825a7e7b20eb84a2
validation,banana,Image_1.jpg,C:\Users\Computer\OneDrive\เดสก์ท็อป\imageprocessing-prj\data\validation\banana\Image_1.jpg,59.87,589c6beca423dbc5f47de0a7cb605e7f
validation,banana,Image_10.jpg,C:\Users\Computer\OneDrive\เดสก์ท็อป\imageprocessing-prj\data\validation\banana\Image_10.jpg,59.87,589c6beca423dbc5f47de0a7cb605e7f
validation,banana,Image_2.jpg,C:\Users\Computer\OneDrive\เดสก์ท็อป\imageprocessing-prj\data\validation\banana\Image_2.jpg,8.77,edcd2e3b1988576d8ce16db791667617
validation,banana,Image_3.jpg,C:\Users\Computer\OneDrive\เดสก์ท็อป\imageprocessing-prj\data\validation\banana\Image_3.jpg,64.94,ac7d96bd00e4df398b0fe65a2c945d24
validation,banana,Image_4.jpg,C:\Users\Computer\OneDrive\เดสก์ท็อป\imageprocessing-prj\data\validation\banana\Image_4.jpg,220.54,474d2b203a4588ef3be16cf45808066c
validation,banana,Image_5.jpg,C:\Users\Computer\OneDrive\เดสก์ท็อป\imageprocessing-prj\data\validation\banana\Image_5.jpg,48.3,a12947c18f587f9e6bf9d629e7400466
validation,banana,Image_6.jpg,C:\Users\Computer\OneDrive\เดสก์ท็อป\imageprocessing-prj\data\validation\banana\Image_6.jpg,67.15,783f74323f64aae38c200769fe659ed4
validation,banana,Image_8.jpg,C:\Users\Computer\OneDrive\เดสก์ท็อป\imageprocessing-prj\data\validation\banana\Image_8.jpg,69.07,4a7eb1d02560ef30e31cbca7e1d7bd8e
validation,banana,Image_9.jpg,C:\Users\Computer\OneDrive\เดสก์ท็อป\imageprocessing-prj\data\validation\banana\Image_9.jpg,9.02,44305ae26c4971fa4856b9c9bd3b16c7
validation,beetroot,Image_1.jpg,C:\Users\Computer\OneDrive\เดสก์ท็อป\imageprocessing-prj\data\validation\beetroot\Image_1.jpg,1141.21,48c12ef3f9afb0189f52acbf73c3a439
validation,beetroot,Image_10.jpg,C:\Users\Computer\OneDrive\เดสก์ท็อป\imageprocessing-prj\data\validation\beetroot\Image_10.jpg,1292.64,21181f1c59f0306ea351532f166fe5c8
validation,beetroot,Image_2.jpg,C:\Users\Computer\OneDrive\เดสก์ท็อป\imageprocessing-prj\data\validation\beetroot\Image_2.jpg,806.29,5ad71f7cd82dbfa034e1e798e9b4cb89
validation,beetroot,Image_3.jpg,C:\Users\Computer\OneDrive\เดสก์ท็อป\imageprocessing-prj\data\validation\beetroot\Image_3.jpg,198.2,edf671c9b63572bfff886517c9a6c33c
validation,beetroot,Image_4.jpg,C:\Users\Computer\OneDrive\เดสก์ท็อป\imageprocessing-prj\data\validation\beetroot\Image_4.jpg,175.86,0b6fd6ec10d1dae8fcebe80c55dcdd20
validation,beetroot,Image_5.jpg,C:\Users\Computer\OneDrive\เดสก์ท็อป\imageprocessing-prj\data\validation\beetroot\Image_5.jpg,170.62,6f0b7bfd8998b074ace2bc862700117b
validation,beetroot,Image_6.jpg,C:\Users\Computer\OneDrive\เดสก์ท็อป\imageprocessing-prj\data\validation\beetroot\Image_6.jpg,2389.13,462e11ab0ca54cf4c13ebeb6f6f5ae5b
validation,beetroot,Image_7.jpg,C:\Users\Computer\OneDrive\เดสก์ท็อป\imageprocessing-prj\data\validation\beetroot\Image_7.jpg,421.34,39392a4a10dd4463ca621e884c749b9f
validation,beetroot,Image_8.jpg,C:\Users\Computer\OneDrive\เดสก์ท็อป\imageprocessing-prj\data\validation\beetroot\Image_8.jpg,227.79,cc6e617b404980aaf862da9334a86f0c
validation,beetroot,Image_9.jpg,C:\Users\Computer\OneDrive\เดสก์ท็อป\imageprocessing-prj\data\validation\beetroot\Image_9.jpg,436.11,ce0b7dd3ebd94684293757b88b707eb1
validation,bell pepper,Image_1.jpg,C:\Users\Computer\OneDrive\เดสก์ท็อป\imageprocessing-prj\data\validation\bell pepper\Image_1.jpg,4268.56,e3dcccb06b4dd21a05c3c04c4338dbf1
validation,bell pepper,Image_10.jpg,C:\Users\Computer\OneDrive\เดสก์ท็อป\imageprocessing-prj\data\validation\bell pepper\Image_10.jpg,67.06,57d8e9c0e24be1e228680b4fc8a36c7f
validation,bell pepper,Image_2.jpg,C:\Users\Computer\OneDrive\เดสก์ท็อป\imageprocessing-prj\data\validation\bell pepper\Image_2.jpg,67.06,57d8e9c0e24be1e228680b4fc8a36c7f
validation,bell pepper,Image_4.jpg,C:\Users\Computer\OneDrive\เดสก์ท็อป\imageprocessing-prj\data\validation\bell pepper\Image_4.jpg,3753.21,a3f8634e8d38557faab1f6ab41f9decd
validation,bell pepper,Image_5.jpg,C:\Users\Computer\OneDrive\เดสก์ท็อป\imageprocessing-prj\data\validation\bell pepper\Image_5.jpg,70.01,e8d3df5ed0e3b687362b62cfc3a97169
validation,bell pepper,Image_6.jpg,C:\Users\Computer\OneDrive\เดสก์ท็อป\imageprocessing-prj\data\validation\bell pepper\Image_6.jpg,82.24,c0c9c100e21733c16c8154a4d545fcf0
validation,bell pepper,Image_7.jpg,C:\Users\Computer\OneDrive\เดสก์ท็อป\imageprocessing-prj\data\validation\bell pepper\Image_7.jpg,1806.1,65350806dd46f1bbc05b58b45e6c25f2
validation,bell pepper,Image_8.jpg,C:\Users\Computer\OneDrive\เดสก์ท็อป\imageprocessing-prj\data\validation\bell pepper\Image_8.jpg,6606.99,151176718fb6743be76c83adaac2156b
validation,bell pepper,Image_9.jpg,C:\Users\Computer\OneDrive\เดสก์ท็อป\imageprocessing-prj\data\validation\bell pepper\Image_9.jpg,4268.56,e3dcccb06b4dd21a05c3c04c4338dbf1
validation,cabbage,Image_1.jpg,C:\Users\Computer\OneDrive\เดสก์ท็อป\imageprocessing-prj\data\validation\cabbage\Image_1.jpg,269.4,36531ddc4360a223e90fb23e2ef97509
validation,cabbage,Image_10.jpg,C:\Users\Computer\OneDrive\เดสก์ท็อป\imageprocessing-prj\data\validation\cabbage\Image_10.jpg,269.4,36531ddc4360a223e90fb23e2ef97509
validation,cabbage,Image_2.jpg,C:\Users\Computer\OneDrive\เดสก์ท็อป\imageprocessing-prj\data\validation\cabbage\Image_2.jpg,1392.77,90f7a464706bb449b92a24588d80ab45
validation,cabbage,Image_3.jpg,C:\Users\Computer\OneDrive\เดสก์ท็อป\imageprocessing-prj\data\validation\cabbage\Image_3.jpg,94.08,814c3b2ae406c2fbde47bea4478556a6
validation,cabbage,Image_4.jpg,C:\Users\Computer\OneDrive\เดสก์ท็อป\imageprocessing-prj\data\validation\cabbage\Image_4.jpg,1674.73,8ad38b8810250643fd52d4e684d2776d
validation,cabbage,Image_5.jpg,C:\Users\Computer\OneDrive\เดสก์ท็อป\imageprocessing-prj\data\validation\cabbage\Image_5.jpg,298.83,4acf615f40b2c2cc0cec8353ab593cb9
validation,cabbage,Image_6.jpg,C:\Users\Computer\OneDrive\เดสก์ท็อป\imageprocessing-prj\data\validation\cabbage\Image_6.jpg,238.4,6818061ebbaac8bcffc21625a62da204
validation,cabbage,Image_7.jpg,C:\Users\Computer\OneDrive\เดสก์ท็อป\imageprocessing-prj\data\validation\cabbage\Image_7.jpg,2275.43,c12558ae62443df8a11cfce0077cf366
validation,cabbage,Image_8.jpg,C:\Users\Computer\OneDrive\เดสก์ท็อป\imageprocessing-prj\data\validation\cabbage\Image_8.jpg,182.29,ffbc2981b702f5e9dc384d892e3f5e86
validation,cabbage,Image_9.jpg,C:\Users\Computer\OneDrive\เดสก์ท็อป\imageprocessing-prj\data\validation\cabbage\Image_9.jpg,555.12,82cb81d60b542e3b6fd4dcfd9130f557
validation,capsicum,Image_1.jpg,C:\Users\Computer\OneDrive\เดสก์ท็อป\imageprocessing-prj\data\validation\capsicum\Image_1.jpg,232.49,7228ca89271c9fc347ac51467d26e74e
validation,capsicum,Image_10.jpg,C:\Users\Computer\OneDrive\เดสก์ท็อป\imageprocessing-prj\data\validation\capsicum\Image_10.jpg,232.49,7228ca89271c9fc347ac51467d26e74e
validation,capsicum,Image_2.jpg,C:\Users\Computer\OneDrive\เดสก์ท็อป\imageprocessing-prj\data\validation\capsicum\Image_2.jpg,527.06,046e8aa641764251a569c3d1ab074b52
validation,capsicum,Image_3.JPG,C:\Users\Computer\OneDrive\เดสก์ท็อป\imageprocessing-prj\data\validation\capsicum\Image_3.JPG,243.37,e6a67b3957418780a9f2a9999dcaf567
validation,capsicum,Image_4.jpg,C:\Users\Computer\OneDrive\เดสก์ท็อป\imageprocessing-prj\data\validation\capsicum\Image_4.jpg,104.0,181a72fc70db9768654ae2178634f638
validation,capsicum,Image_5.jpg,C:\Users\Computer\OneDrive\เดสก์ท็อป\imageprocessing-prj\data\validation\capsicum\Image_5.jpg,62.03,250b96ddcfdc239d634428ee8063f276
validation,capsicum,Image_6.jpg,C:\Users\Computer\OneDrive\เดสก์ท็อป\imageprocessing-prj\data\validation\capsicum\Image_6.jpg,570.4,2473b65040c72354f21b668c79a148bf
validation,capsicum,Image_7.jpg,C:\Users\Computer\OneDrive\เดสก์ท็อป\imageprocessing-prj\data\validation\capsicum\Image_7.jpg,2400.33,ccb18e51d0cccbc7ce34edda47cd279a
validation,capsicum,Image_8.jpg,C:\Users\Computer\OneDrive\เดสก์ท็อป\imageprocessing-prj\data\validation\capsicum\Image_8.jpg,1369.92,a2d78db13f823381b19ceba03e4f835c
validation,capsicum,Image_9.jpg,C:\Users\Computer\OneDrive\เดสก์ท็อป\imageprocessing-prj\data\validation\capsicum\Image_9.jpg,657.04,285c9e891ccd81c98b5f4f66a4f140e1
validation,carrot,Image_1.jpg,C:\Users\Computer\OneDrive\เดสก์ท็อป\imageprocessing-prj\data\validation\carrot\Image_1.jpg,190.73,817a812fb4483c6b4969ffc0700fcaa1
validation,carrot,Image_10.jpg,C:\Users\Computer\OneDrive\เดสก์ท็อป\imageprocessing-prj\data\validation\carrot\Image_10.jpg,190.73,817a812fb4483c6b4969ffc0700fcaa1
validation,carrot,Image_2.jpg,C:\Users\Computer\OneDrive\เดสก์ท็อป\imageprocessing-prj\data\validation\carrot\Image_2.jpg,103.4,ae5de4d0454de4b2b4c91f14847ab2d3
validation,carrot,Image_3.jpg,C:\Users\Computer\OneDrive\เดสก์ท็อป\imageprocessing-prj\data\validation\carrot\Image_3.jpg,373.04,33c50d435b73833f0fa4de54a4445271
validation,carrot,Image_4.png,C:\Users\Computer\OneDrive\เดสก์ท็อป\imageprocessing-prj\data\validation\carrot\Image_4.png,190.06,b06e0c2d4aba5051edfcb50b9de28de1
validation,carrot,Image_5.jpg,C:\Users\Computer\OneDrive\เดสก์ท็อป\imageprocessing-prj\data\validation\carrot\Image_5.jpg,334.27,efc312f054773d1f1fd7a77a1e28b9f1
validation,carrot,Image_6.jpg,C:\Users\Computer\OneDrive\เดสก์ท็อป\imageprocessing-prj\data\validation\carrot\Image_6.jpg,57.14,c8fd324c69bdd2dd2b1eae0fd8334670
validation,carrot,Image_7.JPG,C:\Users\Computer\OneDrive\เดสก์ท็อป\imageprocessing-prj\data\validation\carrot\Image_7.JPG,179.59,f2fcc902192f9f3d242587326597e8c8
validation,carrot,Image_8.jpg,C:\Users\Computer\OneDrive\เดสก์ท็อป\imageprocessing-prj\data\validation\carrot\Image_8.jpg,200.04,480c98d564de2494595fb9049d959fb0
validation,cauliflower,Image_1.jpg,C:\Users\Computer\OneDrive\เดสก์ท็อป\imageprocessing-prj\data\validation\cauliflower\Image_1.jpg,361.07,a8c9ec79fa57d0a9ed5b07c49e23eb09
validation,cauliflower,Image_10.jpg,C:\Users\Computer\OneDrive\เดสก์ท็อป\imageprocessing-prj\data\validation\cauliflower\Image_10.jpg,330.66,18ea9fad8665eaf4f47df4a181f6625f
validation,cauliflower,Image_2.jpg,C:\Users\Computer\OneDrive\เดสก์ท็อป\imageprocessing-prj\data\validation\cauliflower\Image_2.jpg,869.97,a9bb5f4e2784a4e038cbae92634cef10
validation,cauliflower,Image_3.jpg,C:\Users\Computer\OneDrive\เดสก์ท็อป\imageprocessing-prj\data\validation\cauliflower\Image_3.jpg,288.45,403e5db8379db6fe6dd811e927b281b9
validation,cauliflower,Image_4.jpg,C:\Users\Computer\OneDrive\เดสก์ท็อป\imageprocessing-prj\data\validation\cauliflower\Image_4.jpg,90.25,7443e61b0ae143ac8d310eb5cd81e411
validation,cauliflower,Image_5.JPG,C:\Users\Computer\OneDrive\เดสก์ท็อป\imageprocessing-prj\data\validation\cauliflower\Image_5.JPG,1883.77,778069bf08a41b7e7da97aae288f7614
validation,cauliflower,Image_6.jpg,C:\Users\Computer\OneDrive\เดสก์ท็อป\imageprocessing-prj\data\validation\cauliflower\Image_6.jpg,176.41,307a741e21455d14eb2e5d5b30f8404a
validation,cauliflower,Image_7.jpg,C:\Users\Computer\OneDrive\เดสก์ท็อป\imageprocessing-prj\data\validation\cauliflower\Image_7.jpg,89.76,c69840eacad8014ab920a633598d5080
validation,cauliflower,Image_8.jpg,C:\Users\Computer\OneDrive\เดสก์ท็อป\imageprocessing-prj\data\validation\cauliflower\Image_8.jpg,149.98,6eb1bd1ea584d5c4913ed8c859a59165
validation,cauliflower,Image_9.jpg,C:\Users\Computer\OneDrive\เดสก์ท็อป\imageprocessing-prj\data\validation\cauliflower\Image_9.jpg,285.05,36417dacbf35ea2e2e6b89d23f3c6d5e
validation,chilli pepper,Image_1.jpg,C:\Users\Computer\OneDrive\เดสก์ท็อป\imageprocessing-prj\data\validation\chilli pepper\Image_1.jpg,258.53,1019cf5856c6f181773cef3a97d7d1d8
validation,chilli pepper,Image_10.jpg,C:\Users\Computer\OneDrive\เดสก์ท็อป\imageprocessing-prj\data\validation\chilli pepper\Image_10.jpg,258.53,1019cf5856c6f181773cef3a97d7d1d8
validation,chilli pepper,Image_2.png,C:\Users\Computer\OneDrive\เดสก์ท็อป\imageprocessing-prj\data\validation\chilli pepper\Image_2.png,1470.51,7b9f18554d8ffab045dd2c719e3ad3c5
validation,chilli pepper,Image_3.jpg,C:\Users\Computer\OneDrive\เดสก์ท็อป\imageprocessing-prj\data\validation\chilli pepper\Image_3.jpg,78.67,f89daff1bbab86bb43855c98abb80f31
validation,chilli pepper,Image_4.jpg,C:\Users\Computer\OneDrive\เดสก์ท็อป\imageprocessing-prj\data\validation\chilli pepper\Image_4.jpg,188.01,502819395e0f99b51c4e8cdcaf06cef3
validation,chilli pepper,Image_5.png,C:\Users\Computer\OneDrive\เดสก์ท็อป\imageprocessing-prj\data\validation\chilli pepper\Image_5.png,1764.9,807dbb930cfd802bd00718b9a603eaa1
validation,chilli pepper,Image_7.jpg,C:\Users\Computer\OneDrive\เดสก์ท็อป\imageprocessing-prj\data\validation\chilli pepper\Image_7.jpg,558.03,1161b9b04c5a1b4ac4f41d42704be55d
validation,chilli pepper,Image_8.jpg,C:\Users\Computer\OneDrive\เดสก์ท็อป\imageprocessing-prj\data\validation\chilli pepper\Image_8.jpg,136.0,bd2236d1122cf8ce1101c1bf455e24cc
validation,chilli pepper,Image_9.jpg,C:\Users\Computer\OneDrive\เดสก์ท็อป\imageprocessing-prj\data\validation\chilli pepper\Image_9.jpg,103.2,6c48c69b5a82932729e7bea1b29cf6ca
validation,corn,Image_1.jpg,C:\Users\Computer\OneDrive\เดสก์ท็อป\imageprocessing-prj\data\validation\corn\Image_1.jpg,533.25,7274d948afe8727871153db270236f49
validation,corn,Image_10.jpg,C:\Users\Computer\OneDrive\เดสก์ท็อป\imageprocessing-prj\data\validation\corn\Image_10.jpg,328.67,80fe6072d1c9fa8a0c60843d5650ad44
validation,corn,Image_2.jpg,C:\Users\Computer\OneDrive\เดสก์ท็อป\imageprocessing-prj\data\validation\corn\Image_2.jpg,1471.53,104af04b58c12805589e534d638c14d5
validation,corn,Image_3.jpg,C:\Users\Computer\OneDrive\เดสก์ท็อป\imageprocessing-prj\data\validation\corn\Image_3.jpg,2263.59,194bf0c5d567ccbc7c53007a4d2551a7
validation,corn,Image_4.jpg,C:\Users\Computer\OneDrive\เดสก์ท็อป\imageprocessing-prj\data\validation\corn\Image_4.jpg,138.47,4f32701b78c0cd8c0414859ebb806a89
validation,corn,Image_5.jpg,C:\Users\Computer\OneDrive\เดสก์ท็อป\imageprocessing-prj\data\validation\corn\Image_5.jpg,6602.03,2f7fadf414beb681cb7509d756853360
validation,corn,Image_6.jpg,C:\Users\Computer\OneDrive\เดสก์ท็อป\imageprocessing-prj\data\validation\corn\Image_6.jpg,201.99,36b7ef076598ae060514362959d0cbaf
validation,corn,Image_7.jpg,C:\Users\Computer\OneDrive\เดสก์ท็อป\imageprocessing-prj\data\validation\corn\Image_7.jpg,160.7,67be92811dc1df52d95bb88196ed0051
validation,corn,Image_8.jpg,C:\Users\Computer\OneDrive\เดสก์ท็อป\imageprocessing-prj\data\validation\corn\Image_8.jpg,165.97,dd9da97cafb7c0984d65fefa7aaded11
validation,corn,Image_9.jpg,C:\Users\Computer\OneDrive\เดสก์ท็อป\imageprocessing-prj\data\validation\corn\Image_9.jpg,305.62,96851be2e53d728ff43df4f95ebd163a
validation,cucumber,Image_1.jpg,C:\Users\Computer\OneDrive\เดสก์ท็อป\imageprocessing-prj\data\validation\cucumber\Image_1.jpg,2732.53,e9e43ddbf1f6c428f38d7222040eaee1
validation,cucumber,Image_10.jpg,C:\Users\Computer\OneDrive\เดสก์ท็อป\imageprocessing-prj\data\validation\cucumber\Image_10.jpg,2732.53,e9e43ddbf1f6c428f38d7222040eaee1
validation,cucumber,Image_2.jpg,C:\Users\Computer\OneDrive\เดสก์ท็อป\imageprocessing-prj\data\validation\cucumber\Image_2.jpg,288.0,23f067cc5b70b54284283e7bd4abda92
validation,cucumber,Image_3.jpg,C:\Users\Computer\OneDrive\เดสก์ท็อป\imageprocessing-prj\data\validation\cucumber\Image_3.jpg,36.35,2818f7b5cd1a0014f0f8be3b3526264b
validation,cucumber,Image_4.jpg,C:\Users\Computer\OneDrive\เดสก์ท็อป\imageprocessing-prj\data\validation\cucumber\Image_4.jpg,103.1,c86159fb50da86a58a039f321161de7f
validation,cucumber,Image_5.jpg,C:\Users\Computer\OneDrive\เดสก์ท็อป\imageprocessing-prj\data\validation\cucumber\Image_5.jpg,165.92,1bb1cd1f420e665dd650bf717ea15b5c
validation,cucumber,Image_6.jpg,C:\Users\Computer\OneDrive\เดสก์ท็อป\imageprocessing-prj\data\validation\cucumber\Image_6.jpg,42.32,2127d63c46fda4cd7cbdbaa46f0044d5
validation,cucumber,Image_7.jpg,C:\Users\Computer\OneDrive\เดสก์ท็อป\imageprocessing-prj\data\validation\cucumber\Image_7.jpg,506.63,8317a240f91ce04e9ca402a45b189183
validation,cucumber,Image_8.jpg,C:\Users\Computer\OneDrive\เดสก์ท็อป\imageprocessing-prj\data\validation\cucumber\Image_8.jpg,362.56,2f24c57fd4cc202477e3376b541929d1
validation,cucumber,Image_9.jpg,C:\Users\Computer\OneDrive\เดสก์ท็อป\imageprocessing-prj\data\validation\cucumber\Image_9.jpg,630.98,e6c093715697f871eb9cfb00909a66fd
validation,eggplant,Image_1.jpg,C:\Users\Computer\OneDrive\เดสก์ท็อป\imageprocessing-prj\data\validation\eggplant\Image_1.jpg,3238.8,038ab3be44a817516bfaefb3e89cdf13
validation,eggplant,Image_10.jpg,C:\Users\Computer\OneDrive\เดสก์ท็อป\imageprocessing-prj\data\validation\eggplant\Image_10.jpg,3270.73,3db2d3add42b1ab0d6db963a0de6cb7d
validation,eggplant,Image_2.jpg,C:\Users\Computer\OneDrive\เดสก์ท็อป\imageprocessing-prj\data\validation\eggplant\Image_2.jpg,650.91,1a7738894c08ab7af3e9be7c0dd5c40b
validation,eggplant,Image_3.jpg,C:\Users\Computer\OneDrive\เดสก์ท็อป\imageprocessing-prj\data\validation\eggplant\Image_3.jpg,185.33,678195537a88009cef1caa0042a69085
validation,eggplant,Image_4.jpg,C:\Users\Computer\OneDrive\เดสก์ท็อป\imageprocessing-prj\data\validation\eggplant\Image_4.jpg,94.39,788c95e5f0f106bea52ab895ef99584f
validation,eggplant,Image_5.jpg,C:\Users\Computer\OneDrive\เดสก์ท็อป\imageprocessing-prj\data\validation\eggplant\Image_5.jpg,1802.99,fe6ef053e500b05683bcf542bbe97ccc
validation,eggplant,Image_6.jpg,C:\Users\Computer\OneDrive\เดสก์ท็อป\imageprocessing-prj\data\validation\eggplant\Image_6.jpg,262.4,85faeb4a8ade837a8c32f3a2f8fd174e
validation,eggplant,Image_7.jpg,C:\Users\Computer\OneDrive\เดสก์ท็อป\imageprocessing-prj\data\validation\eggplant\Image_7.jpg,242.37,640c774050a802958fff7b2401cd96aa
validation,eggplant,Image_8.jpg,C:\Users\Computer\OneDrive\เดสก์ท็อป\imageprocessing-prj\data\validation\eggplant\Image_8.jpg,976.74,1092a60282a53ad062b14bd2b4a6bb74
validation,eggplant,Image_9.jpg,C:\Users\Computer\OneDrive\เดสก์ท็อป\imageprocessing-prj\data\validation\eggplant\Image_9.jpg,287.88,a10cf08549a24e78c692b4b356b991df
validation,garlic,Image_1.jpg,C:\Users\Computer\OneDrive\เดสก์ท็อป\imageprocessing-prj\data\validation\garlic\Image_1.jpg,497.81,4bf20faf9df86b3b06373409bf38c1a1
validation,garlic,Image_10.jpg,C:\Users\Computer\OneDrive\เดสก์ท็อป\imageprocessing-prj\data\validation\garlic\Image_10.jpg,128.9,a6c9c1c6743073747f5cfd6daf41f992
validation,garlic,Image_2.jpg,C:\Users\Computer\OneDrive\เดสก์ท็อป\imageprocessing-prj\data\validation\garlic\Image_2.jpg,134.93,ed9f6f1abe4ebcf33b68d197bc6ad254
validation,garlic,Image_3.jpg,C:\Users\Computer\OneDrive\เดสก์ท็อป\imageprocessing-prj\data\validation\garlic\Image_3.jpg,1237.22,750ee80645d877fc8b79a1d5d663744b
validation,garlic,Image_4.jpg,C:\Users\Computer\OneDrive\เดสก์ท็อป\imageprocessing-prj\data\validation\garlic\Image_4.jpg,800.89,02244cc876cbe60b8e2d1ed5b67af565
validation,garlic,Image_5.jpg,C:\Users\Computer\OneDrive\เดสก์ท็อป\imageprocessing-prj\data\validation\garlic\Image_5.jpg,101.74,5f7a693f8cc43be1a856e8732badf80c
validation,garlic,Image_6.jpg,C:\Users\Computer\OneDrive\เดสก์ท็อป\imageprocessing-prj\data\validation\garlic\Image_6.jpg,330.23,b403af4c9271597b7f786101963a2059
validation,garlic,Image_7.jpg,C:\Users\Computer\OneDrive\เดสก์ท็อป\imageprocessing-prj\data\validation\garlic\Image_7.jpg,130.65,5928e092f019ad727af454ef133f62cd
validation,garlic,Image_8.jpg,C:\Users\Computer\OneDrive\เดสก์ท็อป\imageprocessing-prj\data\validation\garlic\Image_8.jpg,335.93,ee17f0d6d5bf78f726e8ddc6caf7fbcd
validation,garlic,Image_9.jpg,C:\Users\Computer\OneDrive\เดสก์ท็อป\imageprocessing-prj\data\validation\garlic\Image_9.jpg,173.31,050a5bd0f66f943418c14faafea5fe33
validation,ginger,Image_1.jpg,C:\Users\Computer\OneDrive\เดสก์ท็อป\imageprocessing-prj\data\validation\ginger\Image_1.jpg,459.62,539f9df79b91c497d01526263ac3c83b
validation,ginger,Image_10.jpg,C:\Users\Computer\OneDrive\เดสก์ท็อป\imageprocessing-prj\data\validation\ginger\Image_10.jpg,151.21,b2d7113510bf892cb7872a5ebd5e107f
validation,ginger,Image_2.jpg,C:\Users\Computer\OneDrive\เดสก์ท็อป\imageprocessing-prj\data\validation\ginger\Image_2.jpg,151.21,b2d7113510bf892cb7872a5ebd5e107f
validation,ginger,Image_3.jpg,C:\Users\Computer\OneDrive\เดสก์ท็อป\imageprocessing-prj\data\validation\ginger\Image_3.jpg,448.39,3ca1def90c2c3b26aa93ee491120cb31
validation,ginger,Image_4.jpg,C:\Users\Computer\OneDrive\เดสก์ท็อป\imageprocessing-prj\data\validation\ginger\Image_4.jpg,89.55,cabe4480c5fee6ca00f4613c1a50d74a
validation,ginger,Image_5.jpg,C:\Users\Computer\OneDrive\เดสก์ท็อป\imageprocessing-prj\data\validation\ginger\Image_5.jpg,43.75,ce40aa03f42731f25a92d1c7a73ddc71
validation,ginger,Image_6.jpg,C:\Users\Computer\OneDrive\เดสก์ท็อป\imageprocessing-prj\data\validation\ginger\Image_6.jpg,121.33,f6382f47f6043e7f4079ed5482681e08
validation,ginger,Image_7.jpg,C:\Users\Computer\OneDrive\เดสก์ท็อป\imageprocessing-prj\data\validation\ginger\Image_7.jpg,118.5,e4e375da073d23f427fb662a2d8da004
validation,ginger,Image_8.jpg,C:\Users\Computer\OneDrive\เดสก์ท็อป\imageprocessing-prj\data\validation\ginger\Image_8.jpg,335.22,3bd9e75e3709e91168b96957f6ed599e
validation,ginger,Image_9.jpg,C:\Users\Computer\OneDrive\เดสก์ท็อป\imageprocessing-prj\data\validation\ginger\Image_9.jpg,7767.82,d9dc335d29ff40d892b6e9fa37b4b7a1
validation,grapes,Image_1.jpg,C:\Users\Computer\OneDrive\เดสก์ท็อป\imageprocessing-prj\data\validation\grapes\Image_1.jpg,392.09,1207b79305b291bad4d26269ab3da736
validation,grapes,Image_10.jpg,C:\Users\Computer\OneDrive\เดสก์ท็อป\imageprocessing-prj\data\validation\grapes\Image_10.jpg,191.31,1b4411d55e96dc4f98152d57ee2c471f
validation,grapes,Image_2.jpg,C:\Users\Computer\OneDrive\เดสก์ท็อป\imageprocessing-prj\data\validation\grapes\Image_2.jpg,177.96,4b52010a45b22ccdc43ec6425a6d217f
validation,grapes,Image_3.jpg,C:\Users\Computer\OneDrive\เดสก์ท็อป\imageprocessing-prj\data\validation\grapes\Image_3.jpg,209.94,42df01cae754a405df0d41c26be88bbb
validation,grapes,Image_4.jpg,C:\Users\Computer\OneDrive\เดสก์ท็อป\imageprocessing-prj\data\validation\grapes\Image_4.jpg,273.08,9147c9fc4d3073e363253ce1d379cc49
validation,grapes,Image_6.jpg,C:\Users\Computer\OneDrive\เดสก์ท็อป\imageprocessing-prj\data\validation\grapes\Image_6.jpg,453.59,aa84f88f31b12dd05a0bfc77555a6e58
validation,grapes,Image_7.JPG,C:\Users\Computer\OneDrive\เดสก์ท็อป\imageprocessing-prj\data\validation\grapes\Image_7.JPG,447.97,c3158797613ec4b0ecdb3a78aa055d67
validation,grapes,Image_8.jpg,C:\Users\Computer\OneDrive\เดสก์ท็อป\imageprocessing-prj\data\validation\grapes\Image_8.jpg,16.65,c903f2adfc7745a4fa30210d9b6698e7
validation,grapes,Image_9.jpg,C:\Users\Computer\OneDrive\เดสก์ท็อป\imageprocessing-prj\data\validation\grapes\Image_9.jpg,269.12,8bc6b91255d53ee2e93c21ab00db09ec
validation,jalepeno,Image_10.jpg,C:\Users\Computer\OneDrive\เดสก์ท็อป\imageprocessing-prj\data\validation\jalepeno\Image_10.jpg,68.69,1d93f3a75bff0c53a7cec7189ce2ee65
validation,jalepeno,Image_2.jpg,C:\Users\Computer\OneDrive\เดสก์ท็อป\imageprocessing-prj\data\validation\jalepeno\Image_2.jpg,167.66,4dcd65e7a797cb4aa1020f45430f711b
validation,jalepeno,Image_3.jpg,C:\Users\Computer\OneDrive\เดสก์ท็อป\imageprocessing-prj\data\validation\jalepeno\Image_3.jpg,132.85,1e3ca4f0091486def7c3f3fae045235c
validation,jalepeno,Image_4.jpg,C:\Users\Computer\OneDrive\เดสก์ท็อป\imageprocessing-prj\data\validation\jalepeno\Image_4.jpg,638.34,8990d3289173a5100a2b34a30379ba00
validation,jalepeno,Image_5.jpg,C:\Users\Computer\OneDrive\เดสก์ท็อป\imageprocessing-prj\data\validation\jalepeno\Image_5.jpg,214.51,a453ac263bde909c34d8f147c7952fe1
validation,jalepeno,Image_6.jpg,C:\Users\Computer\OneDrive\เดสก์ท็อป\imageprocessing-prj\data\validation\jalepeno\Image_6.jpg,199.77,2f0d2e1bb4b13f22b23acb0f74f4bcd0
validation,jalepeno,Image_7.jpg,C:\Users\Computer\OneDrive\เดสก์ท็อป\imageprocessing-prj\data\validation\jalepeno\Image_7.jpg,1146.98,e4eaf5b2c15c8900ee6347a2b0734534
validation,jalepeno,Image_8.jpg,C:\Users\Computer\OneDrive\เดสก์ท็อป\imageprocessing-prj\data\validation\jalepeno\Image_8.jpg,167.67,792e648575874638db3618d5415e5a83
validation,jalepeno,Image_9.jpg,C:\Users\Computer\OneDrive\เดสก์ท็อป\imageprocessing-prj\data\validation\jalepeno\Image_9.jpg,196.5,490031258cdbfb42ae68a832ef4ad2e7
validation,kiwi,Image_1.jpg,C:\Users\Computer\OneDrive\เดสก์ท็อป\imageprocessing-prj\data\validation\kiwi\Image_1.jpg,243.14,30f76d864c1c4b1f4acb402dcb4bba31
validation,kiwi,Image_10.jpg,C:\Users\Computer\OneDrive\เดสก์ท็อป\imageprocessing-prj\data\validation\kiwi\Image_10.jpg,25.08,55f925f9b18bb9b74df0e769df519f69
validation,kiwi,Image_2.jpg,C:\Users\Computer\OneDrive\เดสก์ท็อป\imageprocessing-prj\data\validation\kiwi\Image_2.jpg,807.69,eabbda1d7771b536e7744a1fe2a70c83
validation,kiwi,Image_3.jpg,C:\Users\Computer\OneDrive\เดสก์ท็อป\imageprocessing-prj\data\validation\kiwi\Image_3.jpg,168.37,cb2c9051015a3a15dc328224e1826506
validation,kiwi,Image_4.jpg,C:\Users\Computer\OneDrive\เดสก์ท็อป\imageprocessing-prj\data\validation\kiwi\Image_4.jpg,596.19,5ba4e39b3ebf85e645a2ad4a3f6a134b
validation,kiwi,Image_5.jpg,C:\Users\Computer\OneDrive\เดสก์ท็อป\imageprocessing-prj\data\validation\kiwi\Image_5.jpg,55.9,9f35b9568ad58d098fb209e670bcacb2
validation,kiwi,Image_6.jpg,C:\Users\Computer\OneDrive\เดสก์ท็อป\imageprocessing-prj\data\validation\kiwi\Image_6.jpg,143.7,bcac5e4c6ae23f2101755964fb09557e
validation,kiwi,Image_7.jpg,C:\Users\Computer\OneDrive\เดสก์ท็อป\imageprocessing-prj\data\validation\kiwi\Image_7.jpg,182.54,fe42cfdc3c5f7f28c9acfca8c9f5e73c
validation,kiwi,Image_8.jpg,C:\Users\Computer\OneDrive\เดสก์ท็อป\imageprocessing-prj\data\validation\kiwi\Image_8.jpg,66.9,21c7db237c8638af4eb28d6f354a0cb3
validation,kiwi,Image_9.jpg,C:\Users\Computer\OneDrive\เดสก์ท็อป\imageprocessing-prj\data\validation\kiwi\Image_9.jpg,189.87,ceef5d786a213bb8d92fffdcaa058a54
validation,lemon,Image_1.png,C:\Users\Computer\OneDrive\เดสก์ท็อป\imageprocessing-prj\data\validation\lemon\Image_1.png,573.85,f073be7b6708c3c8ec70f6d42b3cc546
validation,lemon,Image_10.jpg,C:\Users\Computer\OneDrive\เดสก์ท็อป\imageprocessing-prj\data\validation\lemon\Image_10.jpg,4510.34,5e01d1c497ac6f41622e380b36f60a99
validation,lemon,Image_2.jpg,C:\Users\Computer\OneDrive\เดสก์ท็อป\imageprocessing-prj\data\validation\lemon\Image_2.jpg,56.64,2e1bbe6aa8f301ae104801fd578a1d96
validation,lemon,Image_3.jpg,C:\Users\Computer\OneDrive\เดสก์ท็อป\imageprocessing-prj\data\validation\lemon\Image_3.jpg,142.01,29d6aa297db4b6642e4eabd673c13957
validation,lemon,Image_4.jpg,C:\Users\Computer\OneDrive\เดสก์ท็อป\imageprocessing-prj\data\validation\lemon\Image_4.jpg,144.99,7f7aa80a86d503c8a4750d8c809b25d1
validation,lemon,Image_5.jpg,C:\Users\Computer\OneDrive\เดสก์ท็อป\imageprocessing-prj\data\validation\lemon\Image_5.jpg,79.08,1d995c8bf4c413f772c3799dda2afc75
validation,lemon,Image_6.png,C:\Users\Computer\OneDrive\เดสก์ท็อป\imageprocessing-prj\data\validation\lemon\Image_6.png,994.18,d3d603c3e345e57fd1e5b20fc443737e
validation,lemon,Image_7.jpg,C:\Users\Computer\OneDrive\เดสก์ท็อป\imageprocessing-prj\data\validation\lemon\Image_7.jpg,356.6,df9b30489d2db0a0f2593aa8aac2e527
validation,lemon,Image_8.jpg,C:\Users\Computer\OneDrive\เดสก์ท็อป\imageprocessing-prj\data\validation\lemon\Image_8.jpg,1584.33,942ae5fef496a4a85ccf234599acd9f9
validation,lemon,Image_9.png,C:\Users\Computer\OneDrive\เดสก์ท็อป\imageprocessing-prj\data\validation\lemon\Image_9.png,6301.84,902b3f9f7e298efb7b1349ea4ab86777
validation,lettuce,Image_1.jpg,C:\Users\Computer\OneDrive\เดสก์ท็อป\imageprocessing-prj\data\validation\lettuce\Image_1.jpg,881.07,37e01858521eab209accbd27d3e3efc5
validation,lettuce,Image_10.jpg,C:\Users\Computer\OneDrive\เดสก์ท็อป\imageprocessing-prj\data\validation\lettuce\Image_10.jpg,348.35,925cb9f5d9a48ed165bd6f8eb44bb008
validation,lettuce,Image_2.jpg,C:\Users\Computer\OneDrive\เดสก์ท็อป\imageprocessing-prj\data\validation\lettuce\Image_2.jpg,2182.23,7249c29031c88b678eff630f1f556723
validation,lettuce,Image_3.jpg,C:\Users\Computer\OneDrive\เดสก์ท็อป\imageprocessing-prj\data\validation\lettuce\Image_3.jpg,118.13,5b2e8b054b5922f2d4772d5cb9585a03
validation,lettuce,Image_4.jpg,C:\Users\Computer\OneDrive\เดสก์ท็อป\imageprocessing-prj\data\validation\lettuce\Image_4.jpg,1407.55,e77e7338994d878da2451604c23124b5
validation,lettuce,Image_6.jpg,C:\Users\Computer\OneDrive\เดสก์ท็อป\imageprocessing-prj\data\validation\lettuce\Image_6.jpg,538.89,2f45abaf342309fb2d9a717624420de4
validation,lettuce,Image_7.jpg,C:\Users\Computer\OneDrive\เดสก์ท็อป\imageprocessing-prj\data\validation\lettuce\Image_7.jpg,77.11,0526fc8f4eed187f7d8d5bd2a938a32a
validation,lettuce,Image_8.jpg,C:\Users\Computer\OneDrive\เดสก์ท็อป\imageprocessing-prj\data\validation\lettuce\Image_8.jpg,742.11,049eac704cb3c26aa147caace7843f74
validation,lettuce,Image_9.jpg,C:\Users\Computer\OneDrive\เดสก์ท็อป\imageprocessing-prj\data\validation\lettuce\Image_9.jpg,403.05,5c0ff5288b854c7d90f37cefc1d041f3
validation,mango,Image_1.jpg,C:\Users\Computer\OneDrive\เดสก์ท็อป\imageprocessing-prj\data\validation\mango\Image_1.jpg,248.38,2e607e600a81d28905b5e60453e5c984
validation,mango,Image_10.jpg,C:\Users\Computer\OneDrive\เดสก์ท็อป\imageprocessing-prj\data\validation\mango\Image_10.jpg,140.4,71c860d10ca41b045ea761fa03c92b0d
validation,mango,Image_2.jpg,C:\Users\Computer\OneDrive\เดสก์ท็อป\imageprocessing-prj\data\validation\mango\Image_2.jpg,212.58,087679c0a5afcd0791b27f2b68d4126a
validation,mango,Image_3.jpg,C:\Users\Computer\OneDrive\เดสก์ท็อป\imageprocessing-prj\data\validation\mango\Image_3.jpg,202.72,42d306ae92fbfe68f8fa46fe2a736174
validation,mango,Image_4.jpg,C:\Users\Computer\OneDrive\เดสก์ท็อป\imageprocessing-prj\data\validation\mango\Image_4.jpg,154.79,769811426dada499be11cf0e7175614f
validation,mango,Image_5.jpg,C:\Users\Computer\OneDrive\เดสก์ท็อป\imageprocessing-prj\data\validation\mango\Image_5.jpg,2853.94,9febaebeeabfb4f39e8437243e8ba233
validation,mango,Image_6.jpg,C:\Users\Computer\OneDrive\เดสก์ท็อป\imageprocessing-prj\data\validation\mango\Image_6.jpg,269.94,32bb87a81955f76a3295e0e4da5bafd4
validation,mango,Image_7.jpg,C:\Users\Computer\OneDrive\เดสก์ท็อป\imageprocessing-prj\data\validation\mango\Image_7.jpg,106.41,322e025e16de22e228ba8797e7d5191c
validation,mango,Image_8.jpg,C:\Users\Computer\OneDrive\เดสก์ท็อป\imageprocessing-prj\data\validation\mango\Image_8.jpg,109.25,18b9381670e2d6446fe3e035d5a270b5
validation,mango,Image_9.jpg,C:\Users\Computer\OneDrive\เดสก์ท็อป\imageprocessing-prj\data\validation\mango\Image_9.jpg,38.2,0fbc1c51a909783f49bdae29ca7b2fe5
validation,onion,Image_1.jpg,C:\Users\Computer\OneDrive\เดสก์ท็อป\imageprocessing-prj\data\validation\onion\Image_1.jpg,376.17,ba2522d4519904bd618b3972e60ae73b
validation,onion,Image_10.jpg,C:\Users\Computer\OneDrive\เดสก์ท็อป\imageprocessing-prj\data\validation\onion\Image_10.jpg,376.17,ba2522d4519904bd618b3972e60ae73b
validation,onion,Image_2.jpg,C:\Users\Computer\OneDrive\เดสก์ท็อป\imageprocessing-prj\data\validation\onion\Image_2.jpg,629.01,ef8ac7d950cbbd900cdcff2e53ca40b4
validation,onion,Image_3.jpg,C:\Users\Computer\OneDrive\เดสก์ท็อป\imageprocessing-prj\data\validation\onion\Image_3.jpg,49.25,35eef334781dd3f52636123bc9693cca
validation,onion,Image_4.jpg,C:\Users\Computer\OneDrive\เดสก์ท็อป\imageprocessing-prj\data\validation\onion\Image_4.jpg,369.23,784d881d02d3a25082f5897a10b3bbc8
validation,onion,Image_5.jpg,C:\Users\Computer\OneDrive\เดสก์ท็อป\imageprocessing-prj\data\validation\onion\Image_5.jpg,37.59,127cee93542fa69bb647667568673ad3
validation,onion,Image_6.jpg,C:\Users\Computer\OneDrive\เดสก์ท็อป\imageprocessing-prj\data\validation\onion\Image_6.jpg,115.93,609f051af73dcbbb900d5051399764e8
validation,onion,Image_7.png,C:\Users\Computer\OneDrive\เดสก์ท็อป\imageprocessing-prj\data\validation\onion\Image_7.png,1638.96,80fa57aa54170414b36d15b6853e6539
validation,onion,Image_8.jpg,C:\Users\Computer\OneDrive\เดสก์ท็อป\imageprocessing-prj\data\validation\onion\Image_8.jpg,219.6,bcf741318ea52dd3fa2a526f8a5a5e56
validation,onion,Image_9.jpg,C:\Users\Computer\OneDrive\เดสก์ท็อป\imageprocessing-prj\data\validation\onion\Image_9.jpg,296.52,85fb95d8fc75e5d7714acf2eb8be3631
validation,orange,Image_1.png,C:\Users\Computer\OneDrive\เดสก์ท็อป\imageprocessing-prj\data\validation\orange\Image_1.png,1564.16,15397f4cc565a330a89d0995aee74eac
validation,orange,Image_10.png,C:\Users\Computer\OneDrive\เดสก์ท็อป\imageprocessing-prj\data\validation\orange\Image_10.png,1564.16,15397f4cc565a330a89d0995aee74eac
validation,orange,Image_2.jpg,C:\Users\Computer\OneDrive\เดสก์ท็อป\imageprocessing-prj\data\validation\orange\Image_2.jpg,70.55,6a1623dca89f9f66b84157c7272522f8
validation,orange,Image_3.jpg,C:\Users\Computer\OneDrive\เดสก์ท็อป\imageprocessing-prj\data\validation\orange\Image_3.jpg,220.02,62657b11040a56571d7a3891f10db427
validation,orange,Image_4.jpg,C:\Users\Computer\OneDrive\เดสก์ท็อป\imageprocessing-prj\data\validation\orange\Image_4.jpg,830.98,b5d4a0ad0026568f639d1b92a65ee063
validation,orange,Image_5.jpg,C:\Users\Computer\OneDrive\เดสก์ท็อป\imageprocessing-prj\data\validation\orange\Image_5.jpg,797.28,1a784e00f1bd88c7cfd11f883176a742
validation,orange,Image_6.jpg,C:\Users\Computer\OneDrive\เดสก์ท็อป\imageprocessing-prj\data\validation\orange\Image_6.jpg,655.46,0aad614323e1e2602dbfd436e482b4f9
validation,orange,Image_7.jpg,C:\Users\Computer\OneDrive\เดสก์ท็อป\imageprocessing-prj\data\validation\orange\Image_7.jpg,4311.9,76092a084c9f2b58352dc367ffbc83ff
validation,orange,Image_9.jpg,C:\Users\Computer\OneDrive\เดสก์ท็อป\imageprocessing-prj\data\validation\orange\Image_9.jpg,434.67,f529fd777e3be976df1b31b631a0d2d0
validation,paprika,Image_1.jpg,C:\Users\Computer\OneDrive\เดสก์ท็อป\imageprocessing-prj\data\validation\paprika\Image_1.jpg,293.12,6646750394ec72fb9d23093f1d2c60b3
validation,paprika,Image_10.jpg,C:\Users\Computer\OneDrive\เดสก์ท็อป\imageprocessing-prj\data\validation\paprika\Image_10.jpg,293.12,6646750394ec72fb9d23093f1d2c60b3
validation,paprika,Image_2.jpg,C:\Users\Computer\OneDrive\เดสก์ท็อป\imageprocessing-prj\data\validation\paprika\Image_2.jpg,83.59,bf08442dcd6cc348c11914b7bda41dea
validation,paprika,Image_3.jpg,C:\Users\Computer\OneDrive\เดสก์ท็อป\imageprocessing-prj\data\validation\paprika\Image_3.jpg,113.35,27f8fe6d7a527675a265a3f0d177d1ae
validation,paprika,Image_4.jpg,C:\Users\Computer\OneDrive\เดสก์ท็อป\imageprocessing-prj\data\validation\paprika\Image_4.jpg,80.66,d6d5c03c5b5a4273109411bed0d32655
validation,paprika,Image_5.jpg,C:\Users\Computer\OneDrive\เดสก์ท็อป\imageprocessing-prj\data\validation\paprika\Image_5.jpg,41.62,f462b5245e9735d5a6f9043f97dfc83b
validation,paprika,Image_6.jpg,C:\Users\Computer\OneDrive\เดสก์ท็อป\imageprocessing-prj\data\validation\paprika\Image_6.jpg,77.37,625a36e8c87be53ccec1c5623fe1b20f
validation,paprika,Image_7.jpg,C:\Users\Computer\OneDrive\เดสก์ท็อป\imageprocessing-prj\data\validation\paprika\Image_7.jpg,99.54,f2e2aca77ea0a1d5b1621e0191516f03
validation,paprika,Image_8.jpg,C:\Users\Computer\OneDrive\เดสก์ท็อป\imageprocessing-prj\data\validation\paprika\Image_8.jpg,89.68,0ef3c5dc45b4067d7a4a064bceeaa822
validation,paprika,Image_9.jpg,C:\Users\Computer\OneDrive\เดสก์ท็อป\imageprocessing-prj\data\validation\paprika\Image_9.jpg,1280.21,abeb78060a62f30c08ec609f17a044dd
validation,pear,Image_1.jpg,C:\Users\Computer\OneDrive\เดสก์ท็อป\imageprocessing-prj\data\validation\pear\Image_1.jpg,168.88,46b821ca7cdca43e42aecda5bb9e4a65
validation,pear,Image_10.jpg,C:\Users\Computer\OneDrive\เดสก์ท็อป\imageprocessing-prj\data\validation\pear\Image_10.jpg,331.0,f0ce0f437312bf1b297927c5e3121be8
validation,pear,Image_2.jpg,C:\Users\Computer\OneDrive\เดสก์ท็อป\imageprocessing-prj\data\validation\pear\Image_2.jpg,76.19,d9ecef7eed69143e5883928e9f420509
validation,pear,Image_3.jpg,C:\Users\Computer\OneDrive\เดสก์ท็อป\imageprocessing-prj\data\validation\pear\Image_3.jpg,331.0,f0ce0f437312bf1b297927c5e3121be8
validation,pear,Image_4.jpg,C:\Users\Computer\OneDrive\เดสก์ท็อป\imageprocessing-prj\data\validation\pear\Image_4.jpg,344.04,bcbc627f412380d3889404e34cfc324d
validation,pear,Image_5.jpg,C:\Users\Computer\OneDrive\เดสก์ท็อป\imageprocessing-prj\data\validation\pear\Image_5.jpg,2314.76,e8b50d1a6104b4678e676d27df0c799e
validation,pear,Image_6.jpg,C:\Users\Computer\OneDrive\เดสก์ท็อป\imageprocessing-prj\data\validation\pear\Image_6.jpg,108.63,4dbafc2671fbf890b4d67387f490152d
validation,pear,Image_7.jpg,C:\Users\Computer\OneDrive\เดสก์ท็อป\imageprocessing-prj\data\validation\pear\Image_7.jpg,16.79,12844dc921ee1e774787cc1fa8505189
validation,pear,Image_8.jpg,C:\Users\Computer\OneDrive\เดสก์ท็อป\imageprocessing-prj\data\validation\pear\Image_8.jpg,76.19,d9ecef7eed69143e5883928e9f420509
validation,pear,Image_9.jpg,C:\Users\Computer\OneDrive\เดสก์ท็อป\imageprocessing-prj\data\validation\pear\Image_9.jpg,168.88,46b821ca7cdca43e42aecda5bb9e4a65
validation,peas,Image_1.jpg,C:\Users\Computer\OneDrive\เดสก์ท็อป\imageprocessing-prj\data\validation\peas\Image_1.jpg,208.96,c0199312045795a2a5558fa04e2d8689
validation,peas,Image_10.jpg,C:\Users\Computer\OneDrive\เดสก์ท็อป\imageprocessing-prj\data\validation\peas\Image_10.jpg,3041.86,541fc584096b8c961b7bea732b74edf1
validation,peas,Image_2.jpg,C:\Users\Computer\OneDrive\เดสก์ท็อป\imageprocessing-prj\data\validation\peas\Image_2.jpg,2319.26,75641356fdbbedaf1698499aebaf4dbb
validation,peas,Image_3.jpg,C:\Users\Computer\OneDrive\เดสก์ท็อป\imageprocessing-prj\data\validation\peas\Image_3.jpg,59.66,b58d45be6e10ead4a82825d2e68517c7
validation,peas,Image_4.jpg,C:\Users\Computer\OneDrive\เดสก์ท็อป\imageprocessing-prj\data\validation\peas\Image_4.jpg,99.49,424002dd16c1d73d382a994792195bd7
validation,peas,Image_5.jpg,C:\Users\Computer\OneDrive\เดสก์ท็อป\imageprocessing-prj\data\validation\peas\Image_5.jpg,2939.2,066368c4f8309fb931103579e7be9c49
validation,peas,Image_6.png,C:\Users\Computer\OneDrive\เดสก์ท็อป\imageprocessing-prj\data\validation\peas\Image_6.png,1102.19,724792d86d871b26534b8e5b9a9c8141
validation,peas,Image_7.jpg,C:\Users\Computer\OneDrive\เดสก์ท็อป\imageprocessing-prj\data\validation\peas\Image_7.jpg,1999.46,a9538db581611d3ab7f097470785ba42
validation,peas,Image_8.jpg,C:\Users\Computer\OneDrive\เดสก์ท็อป\imageprocessing-prj\data\validation\peas\Image_8.jpg,869.65,93ce242e505ed87bc9443cd858e3b4c0
validation,peas,Image_9.jpg,C:\Users\Computer\OneDrive\เดสก์ท็อป\imageprocessing-prj\data\validation\peas\Image_9.jpg,96.06,b9a1ff1ed6601db331d62b72fbb2783c
validation,pineapple,Image_1.jpg,C:\Users\Computer\OneDrive\เดสก์ท็อป\imageprocessing-prj\data\validation\pineapple\Image_1.jpg,85.79,b64c6aa64eef9778be69045a317bc784
validation,pineapple,Image_10.jpg,C:\Users\Computer\OneDrive\เดสก์ท็อป\imageprocessing-prj\data\validation\pineapple\Image_10.jpg,343.55,89f49a7397bc86011cd46829a8b267fa
validation,pineapple,Image_2.jpg,C:\Users\Computer\OneDrive\เดสก์ท็อป\imageprocessing-prj\data\validation\pineapple\Image_2.jpg,231.92,417ed856cf38fe9c97aa089bd7df301d
validation,pineapple,Image_3.jpg,C:\Users\Computer\OneDrive\เดสก์ท็อป\imageprocessing-prj\data\validation\pineapple\Image_3.jpg,1633.4,e1f2b00a1bf57e54450b33b9dd2cb476
validation,pineapple,Image_4.jpg,C:\Users\Computer\OneDrive\เดสก์ท็อป\imageprocessing-prj\data\validation\pineapple\Image_4.jpg,690.69,45846991642478a5032d4bc13b15811e
validation,pineapple,Image_5.jpg,C:\Users\Computer\OneDrive\เดสก์ท็อป\imageprocessing-prj\data\validation\pineapple\Image_5.jpg,145.86,9b5465a5891000314cb2227defbe9a0c
validation,pineapple,Image_6.jpg,C:\Users\Computer\OneDrive\เดสก์ท็อป\imageprocessing-prj\data\validation\pineapple\Image_6.jpg,1237.21,3432a91e04599ccd920581b426a5dae0
validation,pineapple,Image_7.jpg,C:\Users\Computer\OneDrive\เดสก์ท็อป\imageprocessing-prj\data\validation\pineapple\Image_7.jpg,104.19,33520c4c75510604df8ab1073cdb0adb
validation,pineapple,Image_8.jpg,C:\Users\Computer\OneDrive\เดสก์ท็อป\imageprocessing-prj\data\validation\pineapple\Image_8.jpg,7861.68,61a78a7bfec2e988caf0e81b20ce00ff
validation,pineapple,Image_9.jpg,C:\Users\Computer\OneDrive\เดสก์ท็อป\imageprocessing-prj\data\validation\pineapple\Image_9.jpg,66.96,915e569438879693d4c7da1ec4af1277
validation,pomegranate,Image_1.jpg,C:\Users\Computer\OneDrive\เดสก์ท็อป\imageprocessing-prj\data\validation\pomegranate\Image_1.jpg,482.47,b06e2b2b6b57e3a0b6c524dc7ae3ef9f
validation,pomegranate,Image_10.jpg,C:\Users\Computer\OneDrive\เดสก์ท็อป\imageprocessing-prj\data\validation\pomegranate\Image_10.jpg,482.47,b06e2b2b6b57e3a0b6c524dc7ae3ef9f
validation,pomegranate,Image_2.jpg,C:\Users\Computer\OneDrive\เดสก์ท็อป\imageprocessing-prj\data\validation\pomegranate\Image_2.jpg,1513.02,36ac1c54377a3f896ff490e48ba0009c
validation,pomegranate,Image_3.jpg,C:\Users\Computer\OneDrive\เดสก์ท็อป\imageprocessing-prj\data\validation\pomegranate\Image_3.jpg,132.94,bcbd78017ffcb61a3aa81cd15dcf4b99
validation,pomegranate,Image_4.jpg,C:\Users\Computer\OneDrive\เดสก์ท็อป\imageprocessing-prj\data\validation\pomegranate\Image_4.jpg,197.91,d52d4869febc24467d441faade771055
validation,pomegranate,Image_5.jpg,C:\Users\Computer\OneDrive\เดสก์ท็อป\imageprocessing-prj\data\validation\pomegranate\Image_5.jpg,106.58,8f83ca306eeaad7f7524bf49a23fe30d
validation,pomegranate,Image_6.jpg,C:\Users\Computer\OneDrive\เดสก์ท็อป\imageprocessing-prj\data\validation\pomegranate\Image_6.jpg,297.18,4c34390c9af08ef675a38cb92f0dbc41
validation,pomegranate,Image_7.jpg,C:\Users\Computer\OneDrive\เดสก์ท็อป\imageprocessing-prj\data\validation\pomegranate\Image_7.jpg,561.98,20a07b1bf8d8e7d94afb8fd5994b0345
validation,pomegranate,Image_8.jpg,C:\Users\Computer\OneDrive\เดสก์ท็อป\imageprocessing-prj\data\validation\pomegranate\Image_8.jpg,371.05,d9fc7a24ee046f78ed42fd956280f8d4
validation,pomegranate,Image_9.jpg,C:\Users\Computer\OneDrive\เดสก์ท็อป\imageprocessing-prj\data\validation\pomegranate\Image_9.jpg,174.38,2d0573fa7a91b72dbd2685cfa7c6c33e
validation,potato,Image_1.jpg,C:\Users\Computer\OneDrive\เดสก์ท็อป\imageprocessing-prj\data\validation\potato\Image_1.jpg,140.77,fceff7c6cfc07ebd828c16b5320b872a
validation,potato,Image_10.jpg,C:\Users\Computer\OneDrive\เดสก์ท็อป\imageprocessing-prj\data\validation\potato\Image_10.jpg,13.05,3b07b1cc3ed797bc0fbfb600e82f9afe
validation,potato,Image_2.jpg,C:\Users\Computer\OneDrive\เดสก์ท็อป\imageprocessing-prj\data\validation\potato\Image_2.jpg,61.35,e1becfdf0a4c63ba5fe90faf0ca92793
validation,potato,Image_3.jpg,C:\Users\Computer\OneDrive\เดสก์ท็อป\imageprocessing-prj\data\validation\potato\Image_3.jpg,164.32,14bf66366f2156c27e975eafea27c8c0
validation,potato,Image_4.jpg,C:\Users\Computer\OneDrive\เดสก์ท็อป\imageprocessing-prj\data\validation\potato\Image_4.jpg,24.26,be001310bf938bb1e3da3c2a0cb34946
validation,potato,Image_5.JPG,C:\Users\Computer\OneDrive\เดสก์ท็อป\imageprocessing-prj\data\validation\potato\Image_5.JPG,72.35,807fbe2bb9afd4bf70f69a571198fff2
validation,potato,Image_6.jpg,C:\Users\Computer\OneDrive\เดสก์ท็อป\imageprocessing-prj\data\validation\potato\Image_6.jpg,59.62,39d0f942e87fbc1a8b252027a8c5f3ba
validation,potato,Image_7.jpg,C:\Users\Computer\OneDrive\เดสก์ท็อป\imageprocessing-prj\data\validation\potato\Image_7.jpg,111.24,d32c78919114e909f9945dce1ac30235
validation,potato,Image_8.jpg,C:\Users\Computer\OneDrive\เดสก์ท็อป\imageprocessing-prj\data\validation\potato\Image_8.jpg,26.99,ec0a3b6e34254be1dac69484e7654502
validation,potato,Image_9.jpg,C:\Users\Computer\OneDrive\เดสก์ท็อป\imageprocessing-prj\data\validation\potato\Image_9.jpg,132.02,830fe53ab6c96bfee8fc5b04eb94d28a
validation,raddish,Image_1.jpg,C:\Users\Computer\OneDrive\เดสก์ท็อป\imageprocessing-prj\data\validation\raddish\Image_1.jpg,120.51,043ea44b040ecfb4a9a70070ecbb2c3b
validation,raddish,Image_10.jpg,C:\Users\Computer\OneDrive\เดสก์ท็อป\imageprocessing-prj\data\validation\raddish\Image_10.jpg,120.51,043ea44b040ecfb4a9a70070ecbb2c3b
validation,raddish,Image_2.jpg,C:\Users\Computer\OneDrive\เดสก์ท็อป\imageprocessing-prj\data\validation\raddish\Image_2.jpg,12.47,60529c506932b91062b0330e25cbf23a
validation,raddish,Image_3.jpg,C:\Users\Computer\OneDrive\เดสก์ท็อป\imageprocessing-prj\data\validation\raddish\Image_3.jpg,243.61,2822bc9264029bb2d2e69046451b6db1
validation,raddish,Image_4.jpg,C:\Users\Computer\OneDrive\เดสก์ท็อป\imageprocessing-prj\data\validation\raddish\Image_4.jpg,236.32,cd5fae3f3be46a31f8cf7572d7cd0f20
validation,raddish,Image_5.png,C:\Users\Computer\OneDrive\เดสก์ท็อป\imageprocessing-prj\data\validation\raddish\Image_5.png,153.24,0ce33cb00de5fe63bc480952cce49516
validation,raddish,Image_6.jpg,C:\Users\Computer\OneDrive\เดสก์ท็อป\imageprocessing-prj\data\validation\raddish\Image_6.jpg,61.17,ad79474911641f463a3da491f5a4c522
validation,raddish,Image_7.jpg,C:\Users\Computer\OneDrive\เดสก์ท็อป\imageprocessing-prj\data\validation\raddish\Image_7.jpg,119.28,a08466b9d6a19138ded5e486e7dcd977
validation,raddish,Image_8.jpg,C:\Users\Computer\OneDrive\เดสก์ท็อป\imageprocessing-prj\data\validation\raddish\Image_8.jpg,224.9,c9cf0fe52f1aa950b220102cd614d9fe
validation,soy beans,Image_1.jpg,C:\Users\Computer\OneDrive\เดสก์ท็อป\imageprocessing-prj\data\validation\soy beans\Image_1.jpg,105.18,7ef6a1b708c4146b5acf656925d3ea36
validation,soy beans,Image_10.jpg,C:\Users\Computer\OneDrive\เดสก์ท็อป\imageprocessing-prj\data\validation\soy beans\Image_10.jpg,105.95,c1178a6acd0ea1ff5a2226e3157189ae
validation,soy beans,Image_2.jpg,C:\Users\Computer\OneDrive\เดสก์ท็อป\imageprocessing-prj\data\validation\soy beans\Image_2.jpg,204.14,a7d588db988c2e638a172a266a37177d
validation,soy beans,Image_3.jpg,C:\Users\Computer\OneDrive\เดสก์ท็อป\imageprocessing-prj\data\validation\soy beans\Image_3.jpg,195.56,903f20f85c7638ff5aa87a224504f7d9
validation,soy beans,Image_4.jpg,C:\Users\Computer\OneDrive\เดสก์ท็อป\imageprocessing-prj\data\validation\soy beans\Image_4.jpg,43.68,16c67dda655a1509083e546c0dfe8181
validation,soy beans,Image_5.jpg,C:\Users\Computer\OneDrive\เดสก์ท็อป\imageprocessing-prj\data\validation\soy beans\Image_5.jpg,2383.85,bfa2b62095fb4f273716be4870a2d510
validation,soy beans,Image_6.jpg,C:\Users\Computer\OneDrive\เดสก์ท็อป\imageprocessing-prj\data\validation\soy beans\Image_6.jpg,274.26,f1bd53b8d03ea294932a14beb95abff1
validation,soy beans,Image_7.jpg,C:\Users\Computer\OneDrive\เดสก์ท็อป\imageprocessing-prj\data\validation\soy beans\Image_7.jpg,68.53,0cfee77e49a76e24b984a8b2165b6870
validation,soy beans,Image_8.jpg,C:\Users\Computer\OneDrive\เดสก์ท็อป\imageprocessing-prj\data\validation\soy beans\Image_8.jpg,215.65,b0c235b86b0d59627448492029feaf02
validation,soy beans,Image_9.jpg,C:\Users\Computer\OneDrive\เดสก์ท็อป\imageprocessing-prj\data\validation\soy beans\Image_9.jpg,428.16,aa7ceb273872d55cc9edf2a4e0f0e0fb
validation,spinach,Image_1.jpg,C:\Users\Computer\OneDrive\เดสก์ท็อป\imageprocessing-prj\data\validation\spinach\Image_1.jpg,614.38,7b35a03286514c79154b58cfa4db65f3
validation,spinach,Image_10.jpg,C:\Users\Computer\OneDrive\เดสก์ท็อป\imageprocessing-prj\data\validation\spinach\Image_10.jpg,240.7,6033d4f7a540f1792c045a20c2b9206d
validation,spinach,Image_2.jpg,C:\Users\Computer\OneDrive\เดสก์ท็อป\imageprocessing-prj\data\validation\spinach\Image_2.jpg,105.73,23869738622635560cec9d966425aca2
validation,spinach,Image_3.jpg,C:\Users\Computer\OneDrive\เดสก์ท็อป\imageprocessing-prj\data\validation\spinach\Image_3.jpg,1155.93,fe29f37605514d9ac66522fff5572245
validation,spinach,Image_4.jpg,C:\Users\Computer\OneDrive\เดสก์ท็อป\imageprocessing-prj\data\validation\spinach\Image_4.jpg,1748.78,a72e4b5bc831877fa2d5b6d6c8dce9b1
validation,spinach,Image_5.jpg,C:\Users\Computer\OneDrive\เดสก์ท็อป\imageprocessing-prj\data\validation\spinach\Image_5.jpg,1944.03,d4096cb9a313c748922650feb09d32bb
validation,spinach,Image_6.jpg,C:\Users\Computer\OneDrive\เดสก์ท็อป\imageprocessing-prj\data\validation\spinach\Image_6.jpg,586.67,1143cb96ecdd88def4e181edc75bcf20
validation,spinach,Image_7.jpg,C:\Users\Computer\OneDrive\เดสก์ท็อป\imageprocessing-prj\data\validation\spinach\Image_7.jpg,132.89,e47786dab9e6c8b25de72940b85e137f
validation,spinach,Image_8.jpg,C:\Users\Computer\OneDrive\เดสก์ท็อป\imageprocessing-prj\data\validation\spinach\Image_8.jpg,354.92,2361bf0912981873b3361eabfb2ee23a
validation,spinach,Image_9.jpg,C:\Users\Computer\OneDrive\เดสก์ท็อป\imageprocessing-prj\data\validation\spinach\Image_9.jpg,2625.08,2da595f4aa3284cb58f7fd0a70a36fb7
validation,sweetcorn,Image_1.jpg,C:\Users\Computer\OneDrive\เดสก์ท็อป\imageprocessing-prj\data\validation\sweetcorn\Image_1.jpg,144.66,942f03a0e83059b0c78fab68341868bc
validation,sweetcorn,Image_10.jpg,C:\Users\Computer\OneDrive\เดสก์ท็อป\imageprocessing-prj\data\validation\sweetcorn\Image_10.jpg,232.48,09c5cf0c8635042fb62374c07055d0ed
validation,sweetcorn,Image_2.jpg,C:\Users\Computer\OneDrive\เดสก์ท็อป\imageprocessing-prj\data\validation\sweetcorn\Image_2.jpg,49.76,721e5710d1a36828af19225209dbe6c5
validation,sweetcorn,Image_3.jpg,C:\Users\Computer\OneDrive\เดสก์ท็อป\imageprocessing-prj\data\validation\sweetcorn\Image_3.jpg,102.57,4ae37772c8cbbee9e49c66ec426d0cc2
validation,sweetcorn,Image_4.jpg,C:\Users\Computer\OneDrive\เดสก์ท็อป\imageprocessing-prj\data\validation\sweetcorn\Image_4.jpg,399.08,f7c43a1926a86b3fb991765334012318
validation,sweetcorn,Image_5.jpg,C:\Users\Computer\OneDrive\เดสก์ท็อป\imageprocessing-prj\data\validation\sweetcorn\Image_5.jpg,2263.59,194bf0c5d567ccbc7c53007a4d2551a7
validation,sweetcorn,Image_6.jpg,C:\Users\Computer\OneDrive\เดสก์ท็อป\imageprocessing-prj\data\validation\sweetcorn\Image_6.jpg,93.64,d8847f905e647593e3525cbbe8a1355c
validation,sweetcorn,Image_7.jpg,C:\Users\Computer\OneDrive\เดสก์ท็อป\imageprocessing-prj\data\validation\sweetcorn\Image_7.jpg,665.52,ebeef576e669306a423e81d52a1f1519
validation,sweetcorn,Image_8.jpg,C:\Users\Computer\OneDrive\เดสก์ท็อป\imageprocessing-prj\data\validation\sweetcorn\Image_8.jpg,98.79,2fc417aca15e5f17817685a260ee74a6
validation,sweetcorn,Image_9.jpg,C:\Users\Computer\OneDrive\เดสก์ท็อป\imageprocessing-prj\data\validation\sweetcorn\Image_9.jpg,533.25,7274d948afe8727871153db270236f49
validation,sweetpotato,Image_1.jpg,C:\Users\Computer\OneDrive\เดสก์ท็อป\imageprocessing-prj\data\validation\sweetpotato\Image_1.jpg,132.03,9e9e4ccddb1537f6395be8cb600e671b
validation,sweetpotato,Image_10.jpg,C:\Users\Computer\OneDrive\เดสก์ท็อป\imageprocessing-prj\data\validation\sweetpotato\Image_10.jpg,1198.97,0d056f645726f2ca52026c0d4c7912f6
validation,sweetpotato,Image_2.jpg,C:\Users\Computer\OneDrive\เดสก์ท็อป\imageprocessing-prj\data\validation\sweetpotato\Image_2.jpg,1198.97,0d056f645726f2ca52026c0d4c7912f6
validation,sweetpotato,Image_3.jpg,C:\Users\Computer\OneDrive\เดสก์ท็อป\imageprocessing-prj\data\validation\sweetpotato\Image_3.jpg,410.93,702e887e96a208033a4e05898f8585dd
validation,sweetpotato,Image_4.jpg,C:\Users\Computer\OneDrive\เดสก์ท็อป\imageprocessing-prj\data\validation\sweetpotato\Image_4.jpg,154.84,e9858735cd394f634096f78aa86a5659
validation,sweetpotato,Image_5.jpg,C:\Users\Computer\OneDrive\เดสก์ท็อป\imageprocessing-prj\data\validation\sweetpotato\Image_5.jpg,383.39,fb8549af1905d9f093056c0e11f6c3dc
validation,sweetpotato,Image_6.jpg,C:\Users\Computer\OneDrive\เดสก์ท็อป\imageprocessing-prj\data\validation\sweetpotato\Image_6.jpg,384.09,313bf8ba2395cf6a7161e88ab02570cd
validation,sweetpotato,Image_7.jpg,C:\Users\Computer\OneDrive\เดสก์ท็อป\imageprocessing-prj\data\validation\sweetpotato\Image_7.jpg,343.3,56d4f780bfbfea78b7a992105f00a008
validation,sweetpotato,Image_8.jpg,C:\Users\Computer\OneDrive\เดสก์ท็อป\imageprocessing-prj\data\validation\sweetpotato\Image_8.jpg,154.84,e9858735cd394f634096f78aa86a5659
validation,sweetpotato,Image_9.jpg,C:\Users\Computer\OneDrive\เดสก์ท็อป\imageprocessing-prj\data\validation\sweetpotato\Image_9.jpg,132.03,9e9e4ccddb1537f6395be8cb600e671b
validation,tomato,Image_1.jpg,C:\Users\Computer\OneDrive\เดสก์ท็อป\imageprocessing-prj\data\validation\tomato\Image_1.jpg,121.59,2baeeb4f1c20be36b404ae17a30b4681
validation,tomato,Image_10.jpg,C:\Users\Computer\OneDrive\เดสก์ท็อป\imageprocessing-prj\data\validation\tomato\Image_10.jpg,121.59,2baeeb4f1c20be36b404ae17a30b4681
validation,tomato,Image_2.jpg,C:\Users\Computer\OneDrive\เดสก์ท็อป\imageprocessing-prj\data\validation\tomato\Image_2.jpg,100.83,201abe2e3298a414bf6722bd5a173639
validation,tomato,Image_3.jpg,C:\Users\Computer\OneDrive\เดสก์ท็อป\imageprocessing-prj\data\validation\tomato\Image_3.jpg,657.52,a17f584ee44beda9cef00d6217780fd1
validation,tomato,Image_4.jpg,C:\Users\Computer\OneDrive\เดสก์ท็อป\imageprocessing-prj\data\validation\tomato\Image_4.jpg,465.15,9058be4d7c0f9d64fda47f25feef79f4
validation,tomato,Image_5.jpg,C:\Users\Computer\OneDrive\เดสก์ท็อป\imageprocessing-prj\data\validation\tomato\Image_5.jpg,212.98,7c27ee818ed26f0f9971ef9e23194c37
validation,tomato,Image_6.jpg,C:\Users\Computer\OneDrive\เดสก์ท็อป\imageprocessing-prj\data\validation\tomato\Image_6.jpg,328.15,610085b4dc529ca83bbac194700f1f01
validation,tomato,Image_7.jpg,C:\Users\Computer\OneDrive\เดสก์ท็อป\imageprocessing-prj\data\validation\tomato\Image_7.jpg,1039.43,f75444a8652496f93f3333fb5f4246b1
validation,tomato,Image_8.jpg,C:\Users\Computer\OneDrive\เดสก์ท็อป\imageprocessing-prj\data\validation\tomato\Image_8.jpg,3755.83,4c87ad3db758b02ae817852409ac768c
validation,tomato,Image_9.jpg,C:\Users\Computer\OneDrive\เดสก์ท็อป\imageprocessing-prj\data\validation\tomato\Image_9.jpg,123.53,5dd4fb53308b43e4920d3312a7e32965
validation,turnip,Image_1.jpg,C:\Users\Computer\OneDrive\เดสก์ท็อป\imageprocessing-prj\data\validation\turnip\Image_1.jpg,94.87,d6ccd793705f2370323df1f502d52ce8
validation,turnip,Image_10.jpg,C:\Users\Computer\OneDrive\เดสก์ท็อป\imageprocessing-prj\data\validation\turnip\Image_10.jpg,94.87,d6ccd793705f2370323df1f502d52ce8
validation,turnip,Image_2.jpg,C:\Users\Computer\OneDrive\เดสก์ท็อป\imageprocessing-prj\data\validation\turnip\Image_2.jpg,238.12,e1a5972e1dad8cf38e0e04182f28e17b
validation,turnip,Image_3.jpg,C:\Users\Computer\OneDrive\เดสก์ท็อป\imageprocessing-prj\data\validation\turnip\Image_3.jpg,431.17,f58425304d62c460345ea806bb5c0559
validation,turnip,Image_4.jpg,C:\Users\Computer\OneDrive\เดสก์ท็อป\imageprocessing-prj\data\validation\turnip\Image_4.jpg,243.05,d933e03467bceddf3134ce7fb5b1c209
validation,turnip,Image_5.jpg,C:\Users\Computer\OneDrive\เดสก์ท็อป\imageprocessing-prj\data\validation\turnip\Image_5.jpg,210.95,e6501ea8bbafef23861a9c276732a714
validation,turnip,Image_6.jpg,C:\Users\Computer\OneDrive\เดสก์ท็อป\imageprocessing-prj\data\validation\turnip\Image_6.jpg,93.4,cdf893dcc22150de9e678fbfe7105d8a
validation,turnip,Image_7.jpg,C:\Users\Computer\OneDrive\เดสก์ท็อป\imageprocessing-prj\data\validation\turnip\Image_7.jpg,94.97,0519cbbfc21a4a93a6618c8a13a64fb8
validation,turnip,Image_8.jpg,C:\Users\Computer\OneDrive\เดสก์ท็อป\imageprocessing-prj\data\validation\turnip\Image_8.jpg,243.79,4e7197e4eb1138efe1cd5fee2a7df930
validation,turnip,Image_9.jpg,C:\Users\Computer\OneDrive\เดสก์ท็อป\imageprocessing-prj\data\validation\turnip\Image_9.jpg,321.69,b001412f415172af30cfa73189c6ae15
validation,watermelon,Image_1.jpg,C:\Users\Computer\OneDrive\เดสก์ท็อป\imageprocessing-prj\data\validation\watermelon\Image_1.jpg,3360.17,66a746bacf1e9599d597e5e4757b8f3e
validation,watermelon,Image_10.jpg,C:\Users\Computer\OneDrive\เดสก์ท็อป\imageprocessing-prj\data\validation\watermelon\Image_10.jpg,912.67,f0d9aa868ff1d8fdf85d1d2f837b92b2
validation,watermelon,Image_2.jpg,C:\Users\Computer\OneDrive\เดสก์ท็อป\imageprocessing-prj\data\validation\watermelon\Image_2.jpg,105.74,e586988a32b5698e8225839e88b8ad1f
validation,watermelon,Image_3.jpg,C:\Users\Computer\OneDrive\เดสก์ท็อป\imageprocessing-prj\data\validation\watermelon\Image_3.jpg,554.54,4bd40330c0eb3057e752da88394b5d4f
validation,watermelon,Image_4.jpg,C:\Users\Computer\OneDrive\เดสก์ท็อป\imageprocessing-prj\data\validation\watermelon\Image_4.jpg,447.63,6f5222954efd96e5400ce62d87fa029a
validation,watermelon,Image_5.jpg,C:\Users\Computer\OneDrive\เดสก์ท็อป\imageprocessing-prj\data\validation\watermelon\Image_5.jpg,4640.22,2dae0b41b550720e001ae0b93538c5ea
validation,watermelon,Image_6.jpg,C:\Users\Computer\OneDrive\เดสก์ท็อป\imageprocessing-prj\data\validation\watermelon\Image_6.jpg,231.71,5c2befa0cbcac9f3e6078baaae243078
validation,watermelon,Image_7.jpg,C:\Users\Computer\OneDrive\เดสก์ท็อป\imageprocessing-prj\data\validation\watermelon\Image_7.jpg,299.18,50b723fa93c493001528aa60b182b25b
validation,watermelon,Image_8.jpg,C:\Users\Computer\OneDrive\เดสก์ท็อป\imageprocessing-prj\data\validation\watermelon\Image_8.jpg,289.6,91acd7b802a1b97dd976565339381c62
validation,watermelon,Image_9.jpg,C:\Users\Computer\OneDrive\เดสก์ท็อป\imageprocessing-prj\data\validation\watermelon\Image_9.jpg,136.45,24bcd4d680d0ab71b1cc1d149485ba1e
test,apple,Image_1.jpg,C:\Users\Computer\OneDrive\เดสก์ท็อป\imageprocessing-prj\data\test\apple\Image_1.jpg,1591.03,a12171c58c67ab73fe56f9f5d6c08b50
test,apple,Image_10.jpg,C:\Users\Computer\OneDrive\เดสก์ท็อป\imageprocessing-prj\data\test\apple\Image_10.jpg,1591.03,a12171c58c67ab73fe56f9f5d6c08b50
test,apple,Image_2.jpg,C:\Users\Computer\OneDrive\เดสก์ท็อป\imageprocessing-prj\data\test\apple\Image_2.jpg,74.17,d3998252f568bd9135733a89656de32a
test,apple,Image_3.jpg,C:\Users\Computer\OneDrive\เดสก์ท็อป\imageprocessing-prj\data\test\apple\Image_3.jpg,348.61,be2f7c93b3eef067a60282118af7f7c8
test,apple,Image_4.jpg,C:\Users\Computer\OneDrive\เดสก์ท็อป\imageprocessing-prj\data\test\apple\Image_4.jpg,2569.77,d29d7add71199eb254b19d24b5cbf38f
test,apple,Image_5.jpg,C:\Users\Computer\OneDrive\เดสก์ท็อป\imageprocessing-prj\data\test\apple\Image_5.jpg,22.62,408240b30522829461f8d9ed9eaed141
test,apple,Image_6.JPG,C:\Users\Computer\OneDrive\เดสก์ท็อป\imageprocessing-prj\data\test\apple\Image_6.JPG,155.14,fce5895e1376ea8402c256eecedc103f
test,apple,Image_7.jpg,C:\Users\Computer\OneDrive\เดสก์ท็อป\imageprocessing-prj\data\test\apple\Image_7.jpg,710.95,60569a8e86c02032d90fc4ce23a6b6c5
test,apple,Image_8.jpg,C:\Users\Computer\OneDrive\เดสก์ท็อป\imageprocessing-prj\data\test\apple\Image_8.jpg,585.97,24a6fdcb7ddc58530dd513a0191fdf97
test,apple,Image_9.jpg,C:\Users\Computer\OneDrive\เดสก์ท็อป\imageprocessing-prj\data\test\apple\Image_9.jpg,81.49,13ea368711984a4a825a7e7b20eb84a2
test,banana,Image_1.jpg,C:\Users\Computer\OneDrive\เดสก์ท็อป\imageprocessing-prj\data\test\banana\Image_1.jpg,59.87,589c6beca423dbc5f47de0a7cb605e7f
test,banana,Image_10.jpg,C:\Users\Computer\OneDrive\เดสก์ท็อป\imageprocessing-prj\data\test\banana\Image_10.jpg,59.87,589c6beca423dbc5f47de0a7cb605e7f
test,banana,Image_2.jpg,C:\Users\Computer\OneDrive\เดสก์ท็อป\imageprocessing-prj\data\test\banana\Image_2.jpg,8.77,edcd2e3b1988576d8ce16db791667617
test,banana,Image_3.jpg,C:\Users\Computer\OneDrive\เดสก์ท็อป\imageprocessing-prj\data\test\banana\Image_3.jpg,64.94,ac7d96bd00e4df398b0fe65a2c945d24
test,banana,Image_4.jpg,C:\Users\Computer\OneDrive\เดสก์ท็อป\imageprocessing-prj\data\test\banana\Image_4.jpg,220.54,474d2b203a4588ef3be16cf45808066c
test,banana,Image_5.jpg,C:\Users\Computer\OneDrive\เดสก์ท็อป\imageprocessing-prj\data\test\banana\Image_5.jpg,48.3,a12947c18f587f9e6bf9d629e7400466
test,banana,Image_6.jpg,C:\Users\Computer\OneDrive\เดสก์ท็อป\imageprocessing-prj\data\test\banana\Image_6.jpg,67.15,783f74323f64aae38c200769fe659ed4
test,banana,Image_8.jpg,C:\Users\Computer\OneDrive\เดสก์ท็อป\imageprocessing-prj\data\test\banana\Image_8.jpg,149.21,c5dec3137131153810431a5b52ae7f06
test,banana,Image_9.jpg,C:\Users\Computer\OneDrive\เดสก์ท็อป\imageprocessing-prj\data\test\banana\Image_9.jpg,9.02,44305ae26c4971fa4856b9c9bd3b16c7
test,beetroot,Image_1.jpg,C:\Users\Computer\OneDrive\เดสก์ท็อป\imageprocessing-prj\data\test\beetroot\Image_1.jpg,1141.21,48c12ef3f9afb0189f52acbf73c3a439
test,beetroot,Image_10.jpg,C:\Users\Computer\OneDrive\เดสก์ท็อป\imageprocessing-prj\data\test\beetroot\Image_10.jpg,1292.64,21181f1c59f0306ea351532f166fe5c8
test,beetroot,Image_2.jpg,C:\Users\Computer\OneDrive\เดสก์ท็อป\imageprocessing-prj\data\test\beetroot\Image_2.jpg,806.29,5ad71f7cd82dbfa034e1e798e9b4cb89
test,beetroot,Image_3.jpg,C:\Users\Computer\OneDrive\เดสก์ท็อป\imageprocessing-prj\data\test\beetroot\Image_3.jpg,198.2,edf671c9b63572bfff886517c9a6c33c
test,beetroot,Image_4.jpg,C:\Users\Computer\OneDrive\เดสก์ท็อป\imageprocessing-prj\data\test\beetroot\Image_4.jpg,175.86,0b6fd6ec10d1dae8fcebe80c55dcdd20
test,beetroot,Image_5.jpg,C:\Users\Computer\OneDrive\เดสก์ท็อป\imageprocessing-prj\data\test\beetroot\Image_5.jpg,170.62,6f0b7bfd8998b074ace2bc862700117b
test,beetroot,Image_6.jpg,C:\Users\Computer\OneDrive\เดสก์ท็อป\imageprocessing-prj\data\test\beetroot\Image_6.jpg,2389.13,462e11ab0ca54cf4c13ebeb6f6f5ae5b
test,beetroot,Image_7.jpg,C:\Users\Computer\OneDrive\เดสก์ท็อป\imageprocessing-prj\data\test\beetroot\Image_7.jpg,421.34,39392a4a10dd4463ca621e884c749b9f
test,beetroot,Image_8.jpg,C:\Users\Computer\OneDrive\เดสก์ท็อป\imageprocessing-prj\data\test\beetroot\Image_8.jpg,227.79,cc6e617b404980aaf862da9334a86f0c
test,beetroot,Image_9.jpg,C:\Users\Computer\OneDrive\เดสก์ท็อป\imageprocessing-prj\data\test\beetroot\Image_9.jpg,436.11,ce0b7dd3ebd94684293757b88b707eb1
test,bell pepper,Image_1.jpg,C:\Users\Computer\OneDrive\เดสก์ท็อป\imageprocessing-prj\data\test\bell pepper\Image_1.jpg,4268.56,e3dcccb06b4dd21a05c3c04c4338dbf1
test,bell pepper,Image_10.jpg,C:\Users\Computer\OneDrive\เดสก์ท็อป\imageprocessing-prj\data\test\bell pepper\Image_10.jpg,67.06,57d8e9c0e24be1e228680b4fc8a36c7f
test,bell pepper,Image_2.jpg,C:\Users\Computer\OneDrive\เดสก์ท็อป\imageprocessing-prj\data\test\bell pepper\Image_2.jpg,67.06,57d8e9c0e24be1e228680b4fc8a36c7f
test,bell pepper,Image_3.jpeg,C:\Users\Computer\OneDrive\เดสก์ท็อป\imageprocessing-prj\data\test\bell pepper\Image_3.jpeg,75.46,767246601ce507c206eedbfa078f1712
test,bell pepper,Image_4.jpg,C:\Users\Computer\OneDrive\เดสก์ท็อป\imageprocessing-prj\data\test\bell pepper\Image_4.jpg,3753.21,a3f8634e8d38557faab1f6ab41f9decd
test,bell pepper,Image_5.jpg,C:\Users\Computer\OneDrive\เดสก์ท็อป\imageprocessing-prj\data\test\bell pepper\Image_5.jpg,70.01,e8d3df5ed0e3b687362b62cfc3a97169
test,bell pepper,Image_6.jpg,C:\Users\Computer\OneDrive\เดสก์ท็อป\imageprocessing-prj\data\test\bell pepper\Image_6.jpg,82.24,c0c9c100e21733c16c8154a4d545fcf0
test,bell pepper,Image_7.jpg,C:\Users\Computer\OneDrive\เดสก์ท็อป\imageprocessing-prj\data\test\bell pepper\Image_7.jpg,1806.1,65350806dd46f1bbc05b58b45e6c25f2
test,bell pepper,Image_8.jpg,C:\Users\Computer\OneDrive\เดสก์ท็อป\imageprocessing-prj\data\test\bell pepper\Image_8.jpg,6606.99,151176718fb6743be76c83adaac2156b
test,bell pepper,Image_9.jpg,C:\Users\Computer\OneDrive\เดสก์ท็อป\imageprocessing-prj\data\test\bell pepper\Image_9.jpg,4268.56,e3dcccb06b4dd21a05c3c04c4338dbf1
test,cabbage,Image_1.jpg,C:\Users\Computer\OneDrive\เดสก์ท็อป\imageprocessing-prj\data\test\cabbage\Image_1.jpg,269.4,36531ddc4360a223e90fb23e2ef97509
test,cabbage,Image_10.jpg,C:\Users\Computer\OneDrive\เดสก์ท็อป\imageprocessing-prj\data\test\cabbage\Image_10.jpg,269.4,36531ddc4360a223e90fb23e2ef97509
test,cabbage,Image_2.jpg,C:\Users\Computer\OneDrive\เดสก์ท็อป\imageprocessing-prj\data\test\cabbage\Image_2.jpg,1392.77,90f7a464706bb449b92a24588d80ab45
test,cabbage,Image_3.jpg,C:\Users\Computer\OneDrive\เดสก์ท็อป\imageprocessing-prj\data\test\cabbage\Image_3.jpg,94.08,814c3b2ae406c2fbde47bea4478556a6
test,cabbage,Image_4.jpg,C:\Users\Computer\OneDrive\เดสก์ท็อป\imageprocessing-prj\data\test\cabbage\Image_4.jpg,1674.73,8ad38b8810250643fd52d4e684d2776d
test,cabbage,Image_5.jpg,C:\Users\Computer\OneDrive\เดสก์ท็อป\imageprocessing-prj\data\test\cabbage\Image_5.jpg,298.83,4acf615f40b2c2cc0cec8353ab593cb9
test,cabbage,Image_6.jpg,C:\Users\Computer\OneDrive\เดสก์ท็อป\imageprocessing-prj\data\test\cabbage\Image_6.jpg,238.4,6818061ebbaac8bcffc21625a62da204
test,cabbage,Image_7.jpg,C:\Users\Computer\OneDrive\เดสก์ท็อป\imageprocessing-prj\data\test\cabbage\Image_7.jpg,2275.43,c12558ae62443df8a11cfce0077cf366
test,cabbage,Image_8.jpg,C:\Users\Computer\OneDrive\เดสก์ท็อป\imageprocessing-prj\data\test\cabbage\Image_8.jpg,182.29,ffbc2981b702f5e9dc384d892e3f5e86
test,cabbage,Image_9.jpg,C:\Users\Computer\OneDrive\เดสก์ท็อป\imageprocessing-prj\data\test\cabbage\Image_9.jpg,555.12,82cb81d60b542e3b6fd4dcfd9130f557
test,capsicum,Image_1.jpg,C:\Users\Computer\OneDrive\เดสก์ท็อป\imageprocessing-prj\data\test\capsicum\Image_1.jpg,232.49,7228ca89271c9fc347ac51467d26e74e
test,capsicum,Image_10.jpg,C:\Users\Computer\OneDrive\เดสก์ท็อป\imageprocessing-prj\data\test\capsicum\Image_10.jpg,232.49,7228ca89271c9fc347ac51467d26e74e
test,capsicum,Image_2.jpg,C:\Users\Computer\OneDrive\เดสก์ท็อป\imageprocessing-prj\data\test\capsicum\Image_2.jpg,527.06,046e8aa641764251a569c3d1ab074b52
test,capsicum,Image_3.JPG,C:\Users\Computer\OneDrive\เดสก์ท็อป\imageprocessing-prj\data\test\capsicum\Image_3.JPG,243.37,e6a67b3957418780a9f2a9999dcaf567
test,capsicum,Image_4.jpg,C:\Users\Computer\OneDrive\เดสก์ท็อป\imageprocessing-prj\data\test\capsicum\Image_4.jpg,104.0,181a72fc70db9768654ae2178634f638
test,capsicum,Image_5.jpg,C:\Users\Computer\OneDrive\เดสก์ท็อป\imageprocessing-prj\data\test\capsicum\Image_5.jpg,62.03,250b96ddcfdc239d634428ee8063f276
test,capsicum,Image_6.jpg,C:\Users\Computer\OneDrive\เดสก์ท็อป\imageprocessing-prj\data\test\capsicum\Image_6.jpg,570.4,2473b65040c72354f21b668c79a148bf
test,capsicum,Image_7.jpg,C:\Users\Computer\OneDrive\เดสก์ท็อป\imageprocessing-prj\data\test\capsicum\Image_7.jpg,2400.33,ccb18e51d0cccbc7ce34edda47cd279a
test,capsicum,Image_8.jpg,C:\Users\Computer\OneDrive\เดสก์ท็อป\imageprocessing-prj\data\test\capsicum\Image_8.jpg,1369.92,a2d78db13f823381b19ceba03e4f835c
test,capsicum,Image_9.jpg,C:\Users\Computer\OneDrive\เดสก์ท็อป\imageprocessing-prj\data\test\capsicum\Image_9.jpg,657.04,285c9e891ccd81c98b5f4f66a4f140e1
test,carrot,Image_1.jpg,C:\Users\Computer\OneDrive\เดสก์ท็อป\imageprocessing-prj\data\test\carrot\Image_1.jpg,190.73,817a812fb4483c6b4969ffc0700fcaa1
test,carrot,Image_10.jpg,C:\Users\Computer\OneDrive\เดสก์ท็อป\imageprocessing-prj\data\test\carrot\Image_10.jpg,190.73,817a812fb4483c6b4969ffc0700fcaa1
test,carrot,Image_2.jpg,C:\Users\Computer\OneDrive\เดสก์ท็อป\imageprocessing-prj\data\test\carrot\Image_2.jpg,103.4,ae5de4d0454de4b2b4c91f14847ab2d3
test,carrot,Image_3.jpg,C:\Users\Computer\OneDrive\เดสก์ท็อป\imageprocessing-prj\data\test\carrot\Image_3.jpg,373.04,33c50d435b73833f0fa4de54a4445271
test,carrot,Image_4.png,C:\Users\Computer\OneDrive\เดสก์ท็อป\imageprocessing-prj\data\test\carrot\Image_4.png,190.06,b06e0c2d4aba5051edfcb50b9de28de1
test,carrot,Image_5.jpg,C:\Users\Computer\OneDrive\เดสก์ท็อป\imageprocessing-prj\data\test\carrot\Image_5.jpg,334.27,efc312f054773d1f1fd7a77a1e28b9f1
test,carrot,Image_6.jpg,C:\Users\Computer\OneDrive\เดสก์ท็อป\imageprocessing-prj\data\test\carrot\Image_6.jpg,57.14,c8fd324c69bdd2dd2b1eae0fd8334670
test,carrot,Image_7.JPG,C:\Users\Computer\OneDrive\เดสก์ท็อป\imageprocessing-prj\data\test\carrot\Image_7.JPG,179.59,f2fcc902192f9f3d242587326597e8c8
test,carrot,Image_8.jpg,C:\Users\Computer\OneDrive\เดสก์ท็อป\imageprocessing-prj\data\test\carrot\Image_8.jpg,200.04,480c98d564de2494595fb9049d959fb0
test,carrot,Image_9.jpeg,C:\Users\Computer\OneDrive\เดสก์ท็อป\imageprocessing-prj\data\test\carrot\Image_9.jpeg,80.65,116aa7c0177c05f2238b420e3490b504
test,cauliflower,Image_1.jpg,C:\Users\Computer\OneDrive\เดสก์ท็อป\imageprocessing-prj\data\test\cauliflower\Image_1.jpg,361.07,a8c9ec79fa57d0a9ed5b07c49e23eb09
test,cauliflower,Image_10.jpg,C:\Users\Computer\OneDrive\เดสก์ท็อป\imageprocessing-prj\data\test\cauliflower\Image_10.jpg,330.66,18ea9fad8665eaf4f47df4a181f6625f
test,cauliflower,Image_2.jpg,C:\Users\Computer\OneDrive\เดสก์ท็อป\imageprocessing-prj\data\test\cauliflower\Image_2.jpg,869.97,a9bb5f4e2784a4e038cbae92634cef10
test,cauliflower,Image_3.jpg,C:\Users\Computer\OneDrive\เดสก์ท็อป\imageprocessing-prj\data\test\cauliflower\Image_3.jpg,288.45,403e5db8379db6fe6dd811e927b281b9
test,cauliflower,Image_4.jpg,C:\Users\Computer\OneDrive\เดสก์ท็อป\imageprocessing-prj\data\test\cauliflower\Image_4.jpg,90.25,7443e61b0ae143ac8d310eb5cd81e411
test,cauliflower,Image_5.JPG,C:\Users\Computer\OneDrive\เดสก์ท็อป\imageprocessing-prj\data\test\cauliflower\Image_5.JPG,1883.77,778069bf08a41b7e7da97aae288f7614
test,cauliflower,Image_6.jpg,C:\Users\Computer\OneDrive\เดสก์ท็อป\imageprocessing-prj\data\test\cauliflower\Image_6.jpg,176.41,307a741e21455d14eb2e5d5b30f8404a
test,cauliflower,Image_7.jpg,C:\Users\Computer\OneDrive\เดสก์ท็อป\imageprocessing-prj\data\test\cauliflower\Image_7.jpg,89.76,c69840eacad8014ab920a633598d5080
test,cauliflower,Image_8.jpg,C:\Users\Computer\OneDrive\เดสก์ท็อป\imageprocessing-prj\data\test\cauliflower\Image_8.jpg,149.98,6eb1bd1ea584d5c4913ed8c859a59165
test,cauliflower,Image_9.jpg,C:\Users\Computer\OneDrive\เดสก์ท็อป\imageprocessing-prj\data\test\cauliflower\Image_9.jpg,285.05,36417dacbf35ea2e2e6b89d23f3c6d5e
test,chilli pepper,Image_1.jpg,C:\Users\Computer\OneDrive\เดสก์ท็อป\imageprocessing-prj\data\test\chilli pepper\Image_1.jpg,258.53,1019cf5856c6f181773cef3a97d7d1d8
test,chilli pepper,Image_10.jpg,C:\Users\Computer\OneDrive\เดสก์ท็อป\imageprocessing-prj\data\test\chilli pepper\Image_10.jpg,258.53,1019cf5856c6f181773cef3a97d7d1d8
test,chilli pepper,Image_2.png,C:\Users\Computer\OneDrive\เดสก์ท็อป\imageprocessing-prj\data\test\chilli pepper\Image_2.png,1470.51,7b9f18554d8ffab045dd2c719e3ad3c5
test,chilli pepper,Image_3.jpg,C:\Users\Computer\OneDrive\เดสก์ท็อป\imageprocessing-prj\data\test\chilli pepper\Image_3.jpg,78.67,f89daff1bbab86bb43855c98abb80f31
test,chilli pepper,Image_4.jpg,C:\Users\Computer\OneDrive\เดสก์ท็อป\imageprocessing-prj\data\test\chilli pepper\Image_4.jpg,188.01,502819395e0f99b51c4e8cdcaf06cef3
test,chilli pepper,Image_5.png,C:\Users\Computer\OneDrive\เดสก์ท็อป\imageprocessing-prj\data\test\chilli pepper\Image_5.png,1764.9,807dbb930cfd802bd00718b9a603eaa1
test,chilli pepper,Image_6.jpeg,C:\Users\Computer\OneDrive\เดสก์ท็อป\imageprocessing-prj\data\test\chilli pepper\Image_6.jpeg,63.06,f52c29be69a55ae8294b7f3c8a2389cc
test,chilli pepper,Image_7.jpg,C:\Users\Computer\OneDrive\เดสก์ท็อป\imageprocessing-prj\data\test\chilli pepper\Image_7.jpg,558.03,1161b9b04c5a1b4ac4f41d42704be55d
test,chilli pepper,Image_8.jpg,C:\Users\Computer\OneDrive\เดสก์ท็อป\imageprocessing-prj\data\test\chilli pepper\Image_8.jpg,136.0,bd2236d1122cf8ce1101c1bf455e24cc
test,chilli pepper,Image_9.jpg,C:\Users\Computer\OneDrive\เดสก์ท็อป\imageprocessing-prj\data\test\chilli pepper\Image_9.jpg,103.2,6c48c69b5a82932729e7bea1b29cf6ca
test,corn,Image_1.jpg,C:\Users\Computer\OneDrive\เดสก์ท็อป\imageprocessing-prj\data\test\corn\Image_1.jpg,533.25,7274d948afe8727871153db270236f49
test,corn,Image_10.jpg,C:\Users\Computer\OneDrive\เดสก์ท็อป\imageprocessing-prj\data\test\corn\Image_10.jpg,328.67,80fe6072d1c9fa8a0c60843d5650ad44
test,corn,Image_2.jpg,C:\Users\Computer\OneDrive\เดสก์ท็อป\imageprocessing-prj\data\test\corn\Image_2.jpg,1471.53,104af04b58c12805589e534d638c14d5
test,corn,Image_3.jpg,C:\Users\Computer\OneDrive\เดสก์ท็อป\imageprocessing-prj\data\test\corn\Image_3.jpg,2263.59,194bf0c5d567ccbc7c53007a4d2551a7
test,corn,Image_4.jpg,C:\Users\Computer\OneDrive\เดสก์ท็อป\imageprocessing-prj\data\test\corn\Image_4.jpg,138.47,4f32701b78c0cd8c0414859ebb806a89
test,corn,Image_5.jpg,C:\Users\Computer\OneDrive\เดสก์ท็อป\imageprocessing-prj\data\test\corn\Image_5.jpg,6602.03,2f7fadf414beb681cb7509d756853360
test,corn,Image_6.jpg,C:\Users\Computer\OneDrive\เดสก์ท็อป\imageprocessing-prj\data\test\corn\Image_6.jpg,201.99,36b7ef076598ae060514362959d0cbaf
test,corn,Image_7.jpg,C:\Users\Computer\OneDrive\เดสก์ท็อป\imageprocessing-prj\data\test\corn\Image_7.jpg,165.61,9373cee2a359f7ef7a5656a55ea3b2f1
test,corn,Image_8.jpg,C:\Users\Computer\OneDrive\เดสก์ท็อป\imageprocessing-prj\data\test\corn\Image_8.jpg,165.97,dd9da97cafb7c0984d65fefa7aaded11
test,corn,Image_9.jpg,C:\Users\Computer\OneDrive\เดสก์ท็อป\imageprocessing-prj\data\test\corn\Image_9.jpg,305.62,96851be2e53d728ff43df4f95ebd163a
test,cucumber,Image_1.jpg,C:\Users\Computer\OneDrive\เดสก์ท็อป\imageprocessing-prj\data\test\cucumber\Image_1.jpg,2732.53,e9e43ddbf1f6c428f38d7222040eaee1
test,cucumber,Image_10.jpg,C:\Users\Computer\OneDrive\เดสก์ท็อป\imageprocessing-prj\data\test\cucumber\Image_10.jpg,2732.53,e9e43ddbf1f6c428f38d7222040eaee1
test,cucumber,Image_2.jpg,C:\Users\Computer\OneDrive\เดสก์ท็อป\imageprocessing-prj\data\test\cucumber\Image_2.jpg,288.0,23f067cc5b70b54284283e7bd4abda92
test,cucumber,Image_3.jpg,C:\Users\Computer\OneDrive\เดสก์ท็อป\imageprocessing-prj\data\test\cucumber\Image_3.jpg,36.35,2818f7b5cd1a0014f0f8be3b3526264b
test,cucumber,Image_4.jpg,C:\Users\Computer\OneDrive\เดสก์ท็อป\imageprocessing-prj\data\test\cucumber\Image_4.jpg,103.1,c86159fb50da86a58a039f321161de7f
test,cucumber,Image_5.jpg,C:\Users\Computer\OneDrive\เดสก์ท็อป\imageprocessing-prj\data\test\cucumber\Image_5.jpg,165.92,1bb1cd1f420e665dd650bf717ea15b5c
test,cucumber,Image_6.jpg,C:\Users\Computer\OneDrive\เดสก์ท็อป\imageprocessing-prj\data\test\cucumber\Image_6.jpg,42.32,2127d63c46fda4cd7cbdbaa46f0044d5
test,cucumber,Image_7.jpg,C:\Users\Computer\OneDrive\เดสก์ท็อป\imageprocessing-prj\data\test\cucumber\Image_7.jpg,506.63,8317a240f91ce04e9ca402a45b189183
test,cucumber,Image_8.jpg,C:\Users\Computer\OneDrive\เดสก์ท็อป\imageprocessing-prj\data\test\cucumber\Image_8.jpg,362.56,2f24c57fd4cc202477e3376b541929d1
test,cucumber,Image_9.jpg,C:\Users\Computer\OneDrive\เดสก์ท็อป\imageprocessing-prj\data\test\cucumber\Image_9.jpg,630.98,e6c093715697f871eb9cfb00909a66fd
test,eggplant,Image_1.jpg,C:\Users\Computer\OneDrive\เดสก์ท็อป\imageprocessing-prj\data\test\eggplant\Image_1.jpg,3238.8,038ab3be44a817516bfaefb3e89cdf13
test,eggplant,Image_10.jpg,C:\Users\Computer\OneDrive\เดสก์ท็อป\imageprocessing-prj\data\test\eggplant\Image_10.jpg,3270.73,3db2d3add42b1ab0d6db963a0de6cb7d
test,eggplant,Image_2.jpg,C:\Users\Computer\OneDrive\เดสก์ท็อป\imageprocessing-prj\data\test\eggplant\Image_2.jpg,650.91,1a7738894c08ab7af3e9be7c0dd5c40b
test,eggplant,Image_3.jpg,C:\Users\Computer\OneDrive\เดสก์ท็อป\imageprocessing-prj\data\test\eggplant\Image_3.jpg,185.33,678195537a88009cef1caa0042a69085
test,eggplant,Image_4.jpg,C:\Users\Computer\OneDrive\เดสก์ท็อป\imageprocessing-prj\data\test\eggplant\Image_4.jpg,94.39,788c95e5f0f106bea52ab895ef99584f
test,eggplant,Image_5.jpg,C:\Users\Computer\OneDrive\เดสก์ท็อป\imageprocessing-prj\data\test\eggplant\Image_5.jpg,1802.99,fe6ef053e500b05683bcf542bbe97ccc
test,eggplant,Image_6.jpg,C:\Users\Computer\OneDrive\เดสก์ท็อป\imageprocessing-prj\data\test\eggplant\Image_6.jpg,262.4,85faeb4a8ade837a8c32f3a2f8fd174e
test,eggplant,Image_7.jpg,C:\Users\Computer\OneDrive\เดสก์ท็อป\imageprocessing-prj\data\test\eggplant\Image_7.jpg,242.37,640c774050a802958fff7b2401cd96aa
test,eggplant,Image_8.jpg,C:\Users\Computer\OneDrive\เดสก์ท็อป\imageprocessing-prj\data\test\eggplant\Image_8.jpg,976.74,1092a60282a53ad062b14bd2b4a6bb74
test,eggplant,Image_9.jpg,C:\Users\Computer\OneDrive\เดสก์ท็อป\imageprocessing-prj\data\test\eggplant\Image_9.jpg,287.88,a10cf08549a24e78c692b4b356b991df
test,garlic,Image_1.jpg,C:\Users\Computer\OneDrive\เดสก์ท็อป\imageprocessing-prj\data\test\garlic\Image_1.jpg,497.81,4bf20faf9df86b3b06373409bf38c1a1
test,garlic,Image_10.jpg,C:\Users\Computer\OneDrive\เดสก์ท็อป\imageprocessing-prj\data\test\garlic\Image_10.jpg,128.9,a6c9c1c6743073747f5cfd6daf41f992
test,garlic,Image_2.jpg,C:\Users\Computer\OneDrive\เดสก์ท็อป\imageprocessing-prj\data\test\garlic\Image_2.jpg,134.93,ed9f6f1abe4ebcf33b68d197bc6ad254
test,garlic,Image_3.jpg,C:\Users\Computer\OneDrive\เดสก์ท็อป\imageprocessing-prj\data\test\garlic\Image_3.jpg,1237.22,750ee80645d877fc8b79a1d5d663744b
test,garlic,Image_4.jpg,C:\Users\Computer\OneDrive\เดสก์ท็อป\imageprocessing-prj\data\test\garlic\Image_4.jpg,800.89,02244cc876cbe60b8e2d1ed5b67af565
test,garlic,Image_5.jpg,C:\Users\Computer\OneDrive\เดสก์ท็อป\imageprocessing-prj\data\test\garlic\Image_5.jpg,101.74,5f7a693f8cc43be1a856e8732badf80c
test,garlic,Image_6.jpg,C:\Users\Computer\OneDrive\เดสก์ท็อป\imageprocessing-prj\data\test\garlic\Image_6.jpg,330.23,b403af4c9271597b7f786101963a2059
test,garlic,Image_7.jpg,C:\Users\Computer\OneDrive\เดสก์ท็อป\imageprocessing-prj\data\test\garlic\Image_7.jpg,130.65,5928e092f019ad727af454ef133f62cd
test,garlic,Image_8.jpg,C:\Users\Computer\OneDrive\เดสก์ท็อป\imageprocessing-prj\data\test\garlic\Image_8.jpg,335.93,ee17f0d6d5bf78f726e8ddc6caf7fbcd
test,garlic,Image_9.jpg,C:\Users\Computer\OneDrive\เดสก์ท็อป\imageprocessing-prj\data\test\garlic\Image_9.jpg,173.31,050a5bd0f66f943418c14faafea5fe33
test,ginger,Image_1.jpg,C:\Users\Computer\OneDrive\เดสก์ท็อป\imageprocessing-prj\data\test\ginger\Image_1.jpg,459.62,539f9df79b91c497d01526263ac3c83b
test,ginger,Image_10.jpg,C:\Users\Computer\OneDrive\เดสก์ท็อป\imageprocessing-prj\data\test\ginger\Image_10.jpg,151.21,b2d7113510bf892cb7872a5ebd5e107f
test,ginger,Image_2.jpg,C:\Users\Computer\OneDrive\เดสก์ท็อป\imageprocessing-prj\data\test\ginger\Image_2.jpg,151.21,b2d7113510bf892cb7872a5ebd5e107f
test,ginger,Image_3.jpg,C:\Users\Computer\OneDrive\เดสก์ท็อป\imageprocessing-prj\data\test\ginger\Image_3.jpg,448.39,3ca1def90c2c3b26aa93ee491120cb31
test,ginger,Image_4.jpg,C:\Users\Computer\OneDrive\เดสก์ท็อป\imageprocessing-prj\data\test\ginger\Image_4.jpg,89.55,cabe4480c5fee6ca00f4613c1a50d74a
test,ginger,Image_5.jpg,C:\Users\Computer\OneDrive\เดสก์ท็อป\imageprocessing-prj\data\test\ginger\Image_5.jpg,43.75,ce40aa03f42731f25a92d1c7a73ddc71
test,ginger,Image_6.jpg,C:\Users\Computer\OneDrive\เดสก์ท็อป\imageprocessing-prj\data\test\ginger\Image_6.jpg,121.33,f6382f47f6043e7f4079ed5482681e08
test,ginger,Image_7.jpg,C:\Users\Computer\OneDrive\เดสก์ท็อป\imageprocessing-prj\data\test\ginger\Image_7.jpg,118.5,e4e375da073d23f427fb662a2d8da004
test,ginger,Image_8.jpg,C:\Users\Computer\OneDrive\เดสก์ท็อป\imageprocessing-prj\data\test\ginger\Image_8.jpg,335.22,3bd9e75e3709e91168b96957f6ed599e
test,ginger,Image_9.jpg,C:\Users\Computer\OneDrive\เดสก์ท็อป\imageprocessing-prj\data\test\ginger\Image_9.jpg,7767.82,d9dc335d29ff40d892b6e9fa37b4b7a1
test,grapes,Image_1.jpg,C:\Users\Computer\OneDrive\เดสก์ท็อป\imageprocessing-prj\data\test\grapes\Image_1.jpg,392.09,1207b79305b291bad4d26269ab3da736
test,grapes,Image_10.jpg,C:\Users\Computer\OneDrive\เดสก์ท็อป\imageprocessing-prj\data\test\grapes\Image_10.jpg,191.31,1b4411d55e96dc4f98152d57ee2c471f
test,grapes,Image_2.jpg,C:\Users\Computer\OneDrive\เดสก์ท็อป\imageprocessing-prj\data\test\grapes\Image_2.jpg,177.96,4b52010a45b22ccdc43ec6425a6d217f
test,grapes,Image_3.jpg,C:\Users\Computer\OneDrive\เดสก์ท็อป\imageprocessing-prj\data\test\grapes\Image_3.jpg,209.94,42df01cae754a405df0d41c26be88bbb
test,grapes,Image_4.jpg,C:\Users\Computer\OneDrive\เดสก์ท็อป\imageprocessing-prj\data\test\grapes\Image_4.jpg,273.08,9147c9fc4d3073e363253ce1d379cc49
test,grapes,Image_5.jpeg,C:\Users\Computer\OneDrive\เดสก์ท็อป\imageprocessing-prj\data\test\grapes\Image_5.jpeg,134.7,fe143158b2320f21c277a9f9bca4d7a9
test,grapes,Image_6.jpg,C:\Users\Computer\OneDrive\เดสก์ท็อป\imageprocessing-prj\data\test\grapes\Image_6.jpg,453.59,aa84f88f31b12dd05a0bfc77555a6e58
test,grapes,Image_7.JPG,C:\Users\Computer\OneDrive\เดสก์ท็อป\imageprocessing-prj\data\test\grapes\Image_7.JPG,447.97,c3158797613ec4b0ecdb3a78aa055d67
test,grapes,Image_8.jpg,C:\Users\Computer\OneDrive\เดสก์ท็อป\imageprocessing-prj\data\test\grapes\Image_8.jpg,16.65,c903f2adfc7745a4fa30210d9b6698e7
test,grapes,Image_9.jpg,C:\Users\Computer\OneDrive\เดสก์ท็อป\imageprocessing-prj\data\test\grapes\Image_9.jpg,269.12,8bc6b91255d53ee2e93c21ab00db09ec
test,jalepeno,Image_1.jpeg,C:\Users\Computer\OneDrive\เดสก์ท็อป\imageprocessing-prj\data\test\jalepeno\Image_1.jpeg,65.93,96f34bc12e85b4572b2fe5d4b4df9ea2
test,jalepeno,Image_10.jpg,C:\Users\Computer\OneDrive\เดสก์ท็อป\imageprocessing-prj\data\test\jalepeno\Image_10.jpg,68.69,1d93f3a75bff0c53a7cec7189ce2ee65
test,jalepeno,Image_2.jpg,C:\Users\Computer\OneDrive\เดสก์ท็อป\imageprocessing-prj\data\test\jalepeno\Image_2.jpg,167.66,4dcd65e7a797cb4aa1020f45430f711b
test,jalepeno,Image_3.jpg,C:\Users\Computer\OneDrive\เดสก์ท็อป\imageprocessing-prj\data\test\jalepeno\Image_3.jpg,132.85,1e3ca4f0091486def7c3f3fae045235c
test,jalepeno,Image_4.jpg,C:\Users\Computer\OneDrive\เดสก์ท็อป\imageprocessing-prj\data\test\jalepeno\Image_4.jpg,638.34,8990d3289173a5100a2b34a30379ba00
test,jalepeno,Image_5.jpg,C:\Users\Computer\OneDrive\เดสก์ท็อป\imageprocessing-prj\data\test\jalepeno\Image_5.jpg,214.51,a453ac263bde909c34d8f147c7952fe1
test,jalepeno,Image_6.jpg,C:\Users\Computer\OneDrive\เดสก์ท็อป\imageprocessing-prj\data\test\jalepeno\Image_6.jpg,199.77,2f0d2e1bb4b13f22b23acb0f74f4bcd0
test,jalepeno,Image_7.jpg,C:\Users\Computer\OneDrive\เดสก์ท็อป\imageprocessing-prj\data\test\jalepeno\Image_7.jpg,1146.98,e4eaf5b2c15c8900ee6347a2b0734534
test,jalepeno,Image_8.jpg,C:\Users\Computer\OneDrive\เดสก์ท็อป\imageprocessing-prj\data\test\jalepeno\Image_8.jpg,167.67,792e648575874638db3618d5415e5a83
test,jalepeno,Image_9.jpg,C:\Users\Computer\OneDrive\เดสก์ท็อป\imageprocessing-prj\data\test\jalepeno\Image_9.jpg,196.5,490031258cdbfb42ae68a832ef4ad2e7
test,kiwi,Image_1.jpg,C:\Users\Computer\OneDrive\เดสก์ท็อป\imageprocessing-prj\data\test\kiwi\Image_1.jpg,243.14,30f76d864c1c4b1f4acb402dcb4bba31
test,kiwi,Image_10.jpg,C:\Users\Computer\OneDrive\เดสก์ท็อป\imageprocessing-prj\data\test\kiwi\Image_10.jpg,25.08,55f925f9b18bb9b74df0e769df519f69
test,kiwi,Image_2.jpg,C:\Users\Computer\OneDrive\เดสก์ท็อป\imageprocessing-prj\data\test\kiwi\Image_2.jpg,807.69,eabbda1d7771b536e7744a1fe2a70c83
test,kiwi,Image_3.jpg,C:\Users\Computer\OneDrive\เดสก์ท็อป\imageprocessing-prj\data\test\kiwi\Image_3.jpg,168.37,cb2c9051015a3a15dc328224e1826506
test,kiwi,Image_4.jpg,C:\Users\Computer\OneDrive\เดสก์ท็อป\imageprocessing-prj\data\test\kiwi\Image_4.jpg,596.19,5ba4e39b3ebf85e645a2ad4a3f6a134b
test,kiwi,Image_5.jpg,C:\Users\Computer\OneDrive\เดสก์ท็อป\imageprocessing-prj\data\test\kiwi\Image_5.jpg,55.9,9f35b9568ad58d098fb209e670bcacb2
test,kiwi,Image_6.jpg,C:\Users\Computer\OneDrive\เดสก์ท็อป\imageprocessing-prj\data\test\kiwi\Image_6.jpg,143.7,bcac5e4c6ae23f2101755964fb09557e
test,kiwi,Image_7.jpg,C:\Users\Computer\OneDrive\เดสก์ท็อป\imageprocessing-prj\data\test\kiwi\Image_7.jpg,182.54,fe42cfdc3c5f7f28c9acfca8c9f5e73c
test,kiwi,Image_8.jpg,C:\Users\Computer\OneDrive\เดสก์ท็อป\imageprocessing-prj\data\test\kiwi\Image_8.jpg,66.9,21c7db237c8638af4eb28d6f354a0cb3
test,kiwi,Image_9.jpg,C:\Users\Computer\OneDrive\เดสก์ท็อป\imageprocessing-prj\data\test\kiwi\Image_9.jpg,189.87,ceef5d786a213bb8d92fffdcaa058a54
test,lemon,Image_1.png,C:\Users\Computer\OneDrive\เดสก์ท็อป\imageprocessing-prj\data\test\lemon\Image_1.png,573.85,f073be7b6708c3c8ec70f6d42b3cc546
test,lemon,Image_10.jpg,C:\Users\Computer\OneDrive\เดสก์ท็อป\imageprocessing-prj\data\test\lemon\Image_10.jpg,4510.34,5e01d1c497ac6f41622e380b36f60a99
test,lemon,Image_2.jpg,C:\Users\Computer\OneDrive\เดสก์ท็อป\imageprocessing-prj\data\test\lemon\Image_2.jpg,56.64,2e1bbe6aa8f301ae104801fd578a1d96
test,lemon,Image_3.jpg,C:\Users\Computer\OneDrive\เดสก์ท็อป\imageprocessing-prj\data\test\lemon\Image_3.jpg,142.01,29d6aa297db4b6642e4eabd673c13957
test,lemon,Image_4.jpg,C:\Users\Computer\OneDrive\เดสก์ท็อป\imageprocessing-prj\data\test\lemon\Image_4.jpg,144.99,7f7aa80a86d503c8a4750d8c809b25d1
test,lemon,Image_5.jpg,C:\Users\Computer\OneDrive\เดสก์ท็อป\imageprocessing-prj\data\test\lemon\Image_5.jpg,79.08,1d995c8bf4c413f772c3799dda2afc75
test,lemon,Image_6.png,C:\Users\Computer\OneDrive\เดสก์ท็อป\imageprocessing-prj\data\test\lemon\Image_6.png,994.18,d3d603c3e345e57fd1e5b20fc443737e
test,lemon,Image_7.jpg,C:\Users\Computer\OneDrive\เดสก์ท็อป\imageprocessing-prj\data\test\lemon\Image_7.jpg,356.6,df9b30489d2db0a0f2593aa8aac2e527
test,lemon,Image_8.jpg,C:\Users\Computer\OneDrive\เดสก์ท็อป\imageprocessing-prj\data\test\lemon\Image_8.jpg,1584.33,942ae5fef496a4a85ccf234599acd9f9
test,lemon,Image_9.png,C:\Users\Computer\OneDrive\เดสก์ท็อป\imageprocessing-prj\data\test\lemon\Image_9.png,6301.84,902b3f9f7e298efb7b1349ea4ab86777
test,lettuce,Image_1.jpg,C:\Users\Computer\OneDrive\เดสก์ท็อป\imageprocessing-prj\data\test\lettuce\Image_1.jpg,881.07,37e01858521eab209accbd27d3e3efc5
test,lettuce,Image_10.jpg,C:\Users\Computer\OneDrive\เดสก์ท็อป\imageprocessing-prj\data\test\lettuce\Image_10.jpg,348.35,925cb9f5d9a48ed165bd6f8eb44bb008
test,lettuce,Image_2.jpg,C:\Users\Computer\OneDrive\เดสก์ท็อป\imageprocessing-prj\data\test\lettuce\Image_2.jpg,2182.23,7249c29031c88b678eff630f1f556723
test,lettuce,Image_3.jpg,C:\Users\Computer\OneDrive\เดสก์ท็อป\imageprocessing-prj\data\test\lettuce\Image_3.jpg,118.13,5b2e8b054b5922f2d4772d5cb9585a03
test,lettuce,Image_4.jpg,C:\Users\Computer\OneDrive\เดสก์ท็อป\imageprocessing-prj\data\test\lettuce\Image_4.jpg,1407.55,e77e7338994d878da2451604c23124b5
test,lettuce,Image_5.jpeg,C:\Users\Computer\OneDrive\เดสก์ท็อป\imageprocessing-prj\data\test\lettuce\Image_5.jpeg,513.83,2c8c7fec547449d6bfc4841659897c5c
test,lettuce,Image_6.jpg,C:\Users\Computer\OneDrive\เดสก์ท็อป\imageprocessing-prj\data\test\lettuce\Image_6.jpg,538.89,2f45abaf342309fb2d9a717624420de4
test,lettuce,Image_7.jpg,C:\Users\Computer\OneDrive\เดสก์ท็อป\imageprocessing-prj\data\test\lettuce\Image_7.jpg,77.11,0526fc8f4eed187f7d8d5bd2a938a32a
test,lettuce,Image_8.jpg,C:\Users\Computer\OneDrive\เดสก์ท็อป\imageprocessing-prj\data\test\lettuce\Image_8.jpg,742.11,049eac704cb3c26aa147caace7843f74
test,lettuce,Image_9.jpg,C:\Users\Computer\OneDrive\เดสก์ท็อป\imageprocessing-prj\data\test\lettuce\Image_9.jpg,403.05,5c0ff5288b854c7d90f37cefc1d041f3
test,mango,Image_1.jpg,C:\Users\Computer\OneDrive\เดสก์ท็อป\imageprocessing-prj\data\test\mango\Image_1.jpg,248.38,2e607e600a81d28905b5e60453e5c984
test,mango,Image_10.jpg,C:\Users\Computer\OneDrive\เดสก์ท็อป\imageprocessing-prj\data\test\mango\Image_10.jpg,140.4,71c860d10ca41b045ea761fa03c92b0d
test,mango,Image_2.jpg,C:\Users\Computer\OneDrive\เดสก์ท็อป\imageprocessing-prj\data\test\mango\Image_2.jpg,212.58,087679c0a5afcd0791b27f2b68d4126a
test,mango,Image_3.jpg,C:\Users\Computer\OneDrive\เดสก์ท็อป\imageprocessing-prj\data\test\mango\Image_3.jpg,202.72,42d306ae92fbfe68f8fa46fe2a736174
test,mango,Image_4.jpg,C:\Users\Computer\OneDrive\เดสก์ท็อป\imageprocessing-prj\data\test\mango\Image_4.jpg,154.79,769811426dada499be11cf0e7175614f
test,mango,Image_5.jpg,C:\Users\Computer\OneDrive\เดสก์ท็อป\imageprocessing-prj\data\test\mango\Image_5.jpg,2853.94,9febaebeeabfb4f39e8437243e8ba233
test,mango,Image_6.jpg,C:\Users\Computer\OneDrive\เดสก์ท็อป\imageprocessing-prj\data\test\mango\Image_6.jpg,269.94,32bb87a81955f76a3295e0e4da5bafd4
test,mango,Image_7.jpg,C:\Users\Computer\OneDrive\เดสก์ท็อป\imageprocessing-prj\data\test\mango\Image_7.jpg,106.41,322e025e16de22e228ba8797e7d5191c
test,mango,Image_8.jpg,C:\Users\Computer\OneDrive\เดสก์ท็อป\imageprocessing-prj\data\test\mango\Image_8.jpg,109.25,18b9381670e2d6446fe3e035d5a270b5
test,mango,Image_9.jpg,C:\Users\Computer\OneDrive\เดสก์ท็อป\imageprocessing-prj\data\test\mango\Image_9.jpg,38.2,0fbc1c51a909783f49bdae29ca7b2fe5
test,onion,Image_1.jpg,C:\Users\Computer\OneDrive\เดสก์ท็อป\imageprocessing-prj\data\test\onion\Image_1.jpg,376.17,ba2522d4519904bd618b3972e60ae73b
test,onion,Image_10.jpg,C:\Users\Computer\OneDrive\เดสก์ท็อป\imageprocessing-prj\data\test\onion\Image_10.jpg,376.17,ba2522d4519904bd618b3972e60ae73b
test,onion,Image_2.jpg,C:\Users\Computer\OneDrive\เดสก์ท็อป\imageprocessing-prj\data\test\onion\Image_2.jpg,629.01,ef8ac7d950cbbd900cdcff2e53ca40b4
test,onion,Image_3.jpg,C:\Users\Computer\OneDrive\เดสก์ท็อป\imageprocessing-prj\data\test\onion\Image_3.jpg,49.25,35eef334781dd3f52636123bc9693cca
test,onion,Image_4.jpg,C:\Users\Computer\OneDrive\เดสก์ท็อป\imageprocessing-prj\data\test\onion\Image_4.jpg,369.23,784d881d02d3a25082f5897a10b3bbc8
test,onion,Image_5.jpg,C:\Users\Computer\OneDrive\เดสก์ท็อป\imageprocessing-prj\data\test\onion\Image_5.jpg,37.59,127cee93542fa69bb647667568673ad3
test,onion,Image_6.jpg,C:\Users\Computer\OneDrive\เดสก์ท็อป\imageprocessing-prj\data\test\onion\Image_6.jpg,115.93,609f051af73dcbbb900d5051399764e8
test,onion,Image_7.png,C:\Users\Computer\OneDrive\เดสก์ท็อป\imageprocessing-prj\data\test\onion\Image_7.png,1638.96,80fa57aa54170414b36d15b6853e6539
test,onion,Image_8.jpg,C:\Users\Computer\OneDrive\เดสก์ท็อป\imageprocessing-prj\data\test\onion\Image_8.jpg,219.6,bcf741318ea52dd3fa2a526f8a5a5e56
test,onion,Image_9.jpg,C:\Users\Computer\OneDrive\เดสก์ท็อป\imageprocessing-prj\data\test\onion\Image_9.jpg,296.52,85fb95d8fc75e5d7714acf2eb8be3631
test,orange,Image_1.png,C:\Users\Computer\OneDrive\เดสก์ท็อป\imageprocessing-prj\data\test\orange\Image_1.png,1564.16,15397f4cc565a330a89d0995aee74eac
test,orange,Image_10.png,C:\Users\Computer\OneDrive\เดสก์ท็อป\imageprocessing-prj\data\test\orange\Image_10.png,1564.16,15397f4cc565a330a89d0995aee74eac
test,orange,Image_2.jpg,C:\Users\Computer\OneDrive\เดสก์ท็อป\imageprocessing-prj\data\test\orange\Image_2.jpg,70.55,6a1623dca89f9f66b84157c7272522f8
test,orange,Image_3.jpg,C:\Users\Computer\OneDrive\เดสก์ท็อป\imageprocessing-prj\data\test\orange\Image_3.jpg,220.02,62657b11040a56571d7a3891f10db427
test,orange,Image_4.jpg,C:\Users\Computer\OneDrive\เดสก์ท็อป\imageprocessing-prj\data\test\orange\Image_4.jpg,830.98,b5d4a0ad0026568f639d1b92a65ee063
test,orange,Image_5.jpg,C:\Users\Computer\OneDrive\เดสก์ท็อป\imageprocessing-prj\data\test\orange\Image_5.jpg,797.28,1a784e00f1bd88c7cfd11f883176a742
test,orange,Image_6.jpg,C:\Users\Computer\OneDrive\เดสก์ท็อป\imageprocessing-prj\data\test\orange\Image_6.jpg,655.46,0aad614323e1e2602dbfd436e482b4f9
test,orange,Image_7.jpg,C:\Users\Computer\OneDrive\เดสก์ท็อป\imageprocessing-prj\data\test\orange\Image_7.jpg,4311.9,76092a084c9f2b58352dc367ffbc83ff
test,orange,Image_8.jpeg,C:\Users\Computer\OneDrive\เดสก์ท็อป\imageprocessing-prj\data\test\orange\Image_8.jpeg,5081.1,52ab49d36345efce755e7948286aeaef
test,orange,Image_9.jpg,C:\Users\Computer\OneDrive\เดสก์ท็อป\imageprocessing-prj\data\test\orange\Image_9.jpg,434.67,f529fd777e3be976df1b31b631a0d2d0
test,paprika,Image_1.jpg,C:\Users\Computer\OneDrive\เดสก์ท็อป\imageprocessing-prj\data\test\paprika\Image_1.jpg,293.12,6646750394ec72fb9d23093f1d2c60b3
test,paprika,Image_10.jpg,C:\Users\Computer\OneDrive\เดสก์ท็อป\imageprocessing-prj\data\test\paprika\Image_10.jpg,293.12,6646750394ec72fb9d23093f1d2c60b3
test,paprika,Image_2.jpg,C:\Users\Computer\OneDrive\เดสก์ท็อป\imageprocessing-prj\data\test\paprika\Image_2.jpg,83.59,bf08442dcd6cc348c11914b7bda41dea
test,paprika,Image_3.jpg,C:\Users\Computer\OneDrive\เดสก์ท็อป\imageprocessing-prj\data\test\paprika\Image_3.jpg,113.35,27f8fe6d7a527675a265a3f0d177d1ae
test,paprika,Image_4.jpg,C:\Users\Computer\OneDrive\เดสก์ท็อป\imageprocessing-prj\data\test\paprika\Image_4.jpg,80.66,d6d5c03c5b5a4273109411bed0d32655
test,paprika,Image_5.jpg,C:\Users\Computer\OneDrive\เดสก์ท็อป\imageprocessing-prj\data\test\paprika\Image_5.jpg,41.62,f462b5245e9735d5a6f9043f97dfc83b
test,paprika,Image_6.jpg,C:\Users\Computer\OneDrive\เดสก์ท็อป\imageprocessing-prj\data\test\paprika\Image_6.jpg,77.37,625a36e8c87be53ccec1c5623fe1b20f
test,paprika,Image_7.jpg,C:\Users\Computer\OneDrive\เดสก์ท็อป\imageprocessing-prj\data\test\paprika\Image_7.jpg,99.54,f2e2aca77ea0a1d5b1621e0191516f03
test,paprika,Image_8.jpg,C:\Users\Computer\OneDrive\เดสก์ท็อป\imageprocessing-prj\data\test\paprika\Image_8.jpg,89.68,0ef3c5dc45b4067d7a4a064bceeaa822
test,paprika,Image_9.jpg,C:\Users\Computer\OneDrive\เดสก์ท็อป\imageprocessing-prj\data\test\paprika\Image_9.jpg,1280.21,abeb78060a62f30c08ec609f17a044dd
test,pear,Image_1.jpg,C:\Users\Computer\OneDrive\เดสก์ท็อป\imageprocessing-prj\data\test\pear\Image_1.jpg,168.88,46b821ca7cdca43e42aecda5bb9e4a65
test,pear,Image_10.jpg,C:\Users\Computer\OneDrive\เดสก์ท็อป\imageprocessing-prj\data\test\pear\Image_10.jpg,331.0,f0ce0f437312bf1b297927c5e3121be8
test,pear,Image_2.jpg,C:\Users\Computer\OneDrive\เดสก์ท็อป\imageprocessing-prj\data\test\pear\Image_2.jpg,76.19,d9ecef7eed69143e5883928e9f420509
test,pear,Image_3.jpg,C:\Users\Computer\OneDrive\เดสก์ท็อป\imageprocessing-prj\data\test\pear\Image_3.jpg,331.0,f0ce0f437312bf1b297927c5e3121be8
test,pear,Image_4.jpg,C:\Users\Computer\OneDrive\เดสก์ท็อป\imageprocessing-prj\data\test\pear\Image_4.jpg,344.04,bcbc627f412380d3889404e34cfc324d
test,pear,Image_5.jpg,C:\Users\Computer\OneDrive\เดสก์ท็อป\imageprocessing-prj\data\test\pear\Image_5.jpg,2314.76,e8b50d1a6104b4678e676d27df0c799e
test,pear,Image_6.jpg,C:\Users\Computer\OneDrive\เดสก์ท็อป\imageprocessing-prj\data\test\pear\Image_6.jpg,108.63,4dbafc2671fbf890b4d67387f490152d
test,pear,Image_7.jpg,C:\Users\Computer\OneDrive\เดสก์ท็อป\imageprocessing-prj\data\test\pear\Image_7.jpg,16.79,12844dc921ee1e774787cc1fa8505189
test,pear,Image_8.jpg,C:\Users\Computer\OneDrive\เดสก์ท็อป\imageprocessing-prj\data\test\pear\Image_8.jpg,76.19,d9ecef7eed69143e5883928e9f420509
test,pear,Image_9.jpg,C:\Users\Computer\OneDrive\เดสก์ท็อป\imageprocessing-prj\data\test\pear\Image_9.jpg,168.88,46b821ca7cdca43e42aecda5bb9e4a65
test,peas,Image_1.jpg,C:\Users\Computer\OneDrive\เดสก์ท็อป\imageprocessing-prj\data\test\peas\Image_1.jpg,208.96,c0199312045795a2a5558fa04e2d8689
test,peas,Image_10.jpg,C:\Users\Computer\OneDrive\เดสก์ท็อป\imageprocessing-prj\data\test\peas\Image_10.jpg,3041.86,541fc584096b8c961b7bea732b74edf1
test,peas,Image_2.jpg,C:\Users\Computer\OneDrive\เดสก์ท็อป\imageprocessing-prj\data\test\peas\Image_2.jpg,2319.26,75641356fdbbedaf1698499aebaf4dbb
test,peas,Image_3.jpg,C:\Users\Computer\OneDrive\เดสก์ท็อป\imageprocessing-prj\data\test\peas\Image_3.jpg,59.66,b58d45be6e10ead4a82825d2e68517c7
test,peas,Image_4.jpg,C:\Users\Computer\OneDrive\เดสก์ท็อป\imageprocessing-prj\data\test\peas\Image_4.jpg,99.49,424002dd16c1d73d382a994792195bd7
test,peas,Image_5.jpg,C:\Users\Computer\OneDrive\เดสก์ท็อป\imageprocessing-prj\data\test\peas\Image_5.jpg,2939.2,066368c4f8309fb931103579e7be9c49
test,peas,Image_6.png,C:\Users\Computer\OneDrive\เดสก์ท็อป\imageprocessing-prj\data\test\peas\Image_6.png,1102.19,724792d86d871b26534b8e5b9a9c8141
test,peas,Image_7.jpg,C:\Users\Computer\OneDrive\เดสก์ท็อป\imageprocessing-prj\data\test\peas\Image_7.jpg,1999.46,a9538db581611d3ab7f097470785ba42
test,peas,Image_8.jpg,C:\Users\Computer\OneDrive\เดสก์ท็อป\imageprocessing-prj\data\test\peas\Image_8.jpg,869.65,93ce242e505ed87bc9443cd858e3b4c0
test,peas,Image_9.jpg,C:\Users\Computer\OneDrive\เดสก์ท็อป\imageprocessing-prj\data\test\peas\Image_9.jpg,96.06,b9a1ff1ed6601db331d62b72fbb2783c
test,pineapple,Image_1.jpg,C:\Users\Computer\OneDrive\เดสก์ท็อป\imageprocessing-prj\data\test\pineapple\Image_1.jpg,85.79,b64c6aa64eef9778be69045a317bc784
test,pineapple,Image_10.jpg,C:\Users\Computer\OneDrive\เดสก์ท็อป\imageprocessing-prj\data\test\pineapple\Image_10.jpg,343.55,89f49a7397bc86011cd46829a8b267fa
test,pineapple,Image_2.jpg,C:\Users\Computer\OneDrive\เดสก์ท็อป\imageprocessing-prj\data\test\pineapple\Image_2.jpg,231.92,417ed856cf38fe9c97aa089bd7df301d
test,pineapple,Image_3.jpg,C:\Users\Computer\OneDrive\เดสก์ท็อป\imageprocessing-prj\data\test\pineapple\Image_3.jpg,1633.4,e1f2b00a1bf57e54450b33b9dd2cb476
test,pineapple,Image_4.jpg,C:\Users\Computer\OneDrive\เดสก์ท็อป\imageprocessing-prj\data\test\pineapple\Image_4.jpg,690.69,45846991642478a5032d4bc13b15811e
test,pineapple,Image_5.jpg,C:\Users\Computer\OneDrive\เดสก์ท็อป\imageprocessing-prj\data\test\pineapple\Image_5.jpg,145.86,9b5465a5891000314cb2227defbe9a0c
test,pineapple,Image_6.jpg,C:\Users\Computer\OneDrive\เดสก์ท็อป\imageprocessing-prj\data\test\pineapple\Image_6.jpg,1237.21,3432a91e04599ccd920581b426a5dae0
test,pineapple,Image_7.jpg,C:\Users\Computer\OneDrive\เดสก์ท็อป\imageprocessing-prj\data\test\pineapple\Image_7.jpg,104.19,33520c4c75510604df8ab1073cdb0adb
test,pineapple,Image_8.jpg,C:\Users\Computer\OneDrive\เดสก์ท็อป\imageprocessing-prj\data\test\pineapple\Image_8.jpg,7861.68,61a78a7bfec2e988caf0e81b20ce00ff
test,pineapple,Image_9.jpg,C:\Users\Computer\OneDrive\เดสก์ท็อป\imageprocessing-prj\data\test\pineapple\Image_9.jpg,66.96,915e569438879693d4c7da1ec4af1277
test,pomegranate,Image_1.jpg,C:\Users\Computer\OneDrive\เดสก์ท็อป\imageprocessing-prj\data\test\pomegranate\Image_1.jpg,482.47,b06e2b2b6b57e3a0b6c524dc7ae3ef9f
test,pomegranate,Image_10.jpg,C:\Users\Computer\OneDrive\เดสก์ท็อป\imageprocessing-prj\data\test\pomegranate\Image_10.jpg,482.47,b06e2b2b6b57e3a0b6c524dc7ae3ef9f
test,pomegranate,Image_2.jpg,C:\Users\Computer\OneDrive\เดสก์ท็อป\imageprocessing-prj\data\test\pomegranate\Image_2.jpg,1513.02,36ac1c54377a3f896ff490e48ba0009c
test,pomegranate,Image_3.jpg,C:\Users\Computer\OneDrive\เดสก์ท็อป\imageprocessing-prj\data\test\pomegranate\Image_3.jpg,132.94,bcbd78017ffcb61a3aa81cd15dcf4b99
test,pomegranate,Image_4.jpg,C:\Users\Computer\OneDrive\เดสก์ท็อป\imageprocessing-prj\data\test\pomegranate\Image_4.jpg,197.91,d52d4869febc24467d441faade771055
test,pomegranate,Image_5.jpg,C:\Users\Computer\OneDrive\เดสก์ท็อป\imageprocessing-prj\data\test\pomegranate\Image_5.jpg,106.58,8f83ca306eeaad7f7524bf49a23fe30d
test,pomegranate,Image_6.jpg,C:\Users\Computer\OneDrive\เดสก์ท็อป\imageprocessing-prj\data\test\pomegranate\Image_6.jpg,297.18,4c34390c9af08ef675a38cb92f0dbc41
test,pomegranate,Image_7.jpg,C:\Users\Computer\OneDrive\เดสก์ท็อป\imageprocessing-prj\data\test\pomegranate\Image_7.jpg,561.98,20a07b1bf8d8e7d94afb8fd5994b0345
test,pomegranate,Image_8.jpg,C:\Users\Computer\OneDrive\เดสก์ท็อป\imageprocessing-prj\data\test\pomegranate\Image_8.jpg,371.05,d9fc7a24ee046f78ed42fd956280f8d4
test,pomegranate,Image_9.jpg,C:\Users\Computer\OneDrive\เดสก์ท็อป\imageprocessing-prj\data\test\pomegranate\Image_9.jpg,174.38,2d0573fa7a91b72dbd2685cfa7c6c33e
test,potato,Image_1.jpg,C:\Users\Computer\OneDrive\เดสก์ท็อป\imageprocessing-prj\data\test\potato\Image_1.jpg,140.77,fceff7c6cfc07ebd828c16b5320b872a
test,potato,Image_10.jpg,C:\Users\Computer\OneDrive\เดสก์ท็อป\imageprocessing-prj\data\test\potato\Image_10.jpg,13.05,3b07b1cc3ed797bc0fbfb600e82f9afe
test,potato,Image_2.jpg,C:\Users\Computer\OneDrive\เดสก์ท็อป\imageprocessing-prj\data\test\potato\Image_2.jpg,61.35,e1becfdf0a4c63ba5fe90faf0ca92793
test,potato,Image_3.jpg,C:\Users\Computer\OneDrive\เดสก์ท็อป\imageprocessing-prj\data\test\potato\Image_3.jpg,164.32,14bf66366f2156c27e975eafea27c8c0
test,potato,Image_4.jpg,C:\Users\Computer\OneDrive\เดสก์ท็อป\imageprocessing-prj\data\test\potato\Image_4.jpg,24.26,be001310bf938bb1e3da3c2a0cb34946
test,potato,Image_5.JPG,C:\Users\Computer\OneDrive\เดสก์ท็อป\imageprocessing-prj\data\test\potato\Image_5.JPG,72.35,807fbe2bb9afd4bf70f69a571198fff2
test,potato,Image_6.jpg,C:\Users\Computer\OneDrive\เดสก์ท็อป\imageprocessing-prj\data\test\potato\Image_6.jpg,59.62,39d0f942e87fbc1a8b252027a8c5f3ba
test,potato,Image_7.jpg,C:\Users\Computer\OneDrive\เดสก์ท็อป\imageprocessing-prj\data\test\potato\Image_7.jpg,111.24,d32c78919114e909f9945dce1ac30235
test,potato,Image_8.jpg,C:\Users\Computer\OneDrive\เดสก์ท็อป\imageprocessing-prj\data\test\potato\Image_8.jpg,26.99,ec0a3b6e34254be1dac69484e7654502
test,potato,Image_9.jpg,C:\Users\Computer\OneDrive\เดสก์ท็อป\imageprocessing-prj\data\test\potato\Image_9.jpg,132.02,830fe53ab6c96bfee8fc5b04eb94d28a
test,raddish,Image_1.jpg,C:\Users\Computer\OneDrive\เดสก์ท็อป\imageprocessing-prj\data\test\raddish\Image_1.jpg,120.51,043ea44b040ecfb4a9a70070ecbb2c3b
test,raddish,Image_10.jpg,C:\Users\Computer\OneDrive\เดสก์ท็อป\imageprocessing-prj\data\test\raddish\Image_10.jpg,120.51,043ea44b040ecfb4a9a70070ecbb2c3b
test,raddish,Image_2.jpg,C:\Users\Computer\OneDrive\เดสก์ท็อป\imageprocessing-prj\data\test\raddish\Image_2.jpg,12.47,60529c506932b91062b0330e25cbf23a
test,raddish,Image_3.jpg,C:\Users\Computer\OneDrive\เดสก์ท็อป\imageprocessing-prj\data\test\raddish\Image_3.jpg,243.61,2822bc9264029bb2d2e69046451b6db1
test,raddish,Image_4.jpg,C:\Users\Computer\OneDrive\เดสก์ท็อป\imageprocessing-prj\data\test\raddish\Image_4.jpg,236.32,cd5fae3f3be46a31f8cf7572d7cd0f20
test,raddish,Image_5.png,C:\Users\Computer\OneDrive\เดสก์ท็อป\imageprocessing-prj\data\test\raddish\Image_5.png,153.24,0ce33cb00de5fe63bc480952cce49516
test,raddish,Image_6.jpg,C:\Users\Computer\OneDrive\เดสก์ท็อป\imageprocessing-prj\data\test\raddish\Image_6.jpg,61.17,ad79474911641f463a3da491f5a4c522
test,raddish,Image_7.jpg,C:\Users\Computer\OneDrive\เดสก์ท็อป\imageprocessing-prj\data\test\raddish\Image_7.jpg,119.28,a08466b9d6a19138ded5e486e7dcd977
test,raddish,Image_8.jpg,C:\Users\Computer\OneDrive\เดสก์ท็อป\imageprocessing-prj\data\test\raddish\Image_8.jpg,224.9,c9cf0fe52f1aa950b220102cd614d9fe
test,raddish,Image_9.jpeg,C:\Users\Computer\OneDrive\เดสก์ท็อป\imageprocessing-prj\data\test\raddish\Image_9.jpeg,774.81,49f4a8e0513cf4094f77c3c33e183808
test,soy beans,Image_1.jpg,C:\Users\Computer\OneDrive\เดสก์ท็อป\imageprocessing-prj\data\test\soy beans\Image_1.jpg,105.18,7ef6a1b708c4146b5acf656925d3ea36
test,soy beans,Image_10.jpg,C:\Users\Computer\OneDrive\เดสก์ท็อป\imageprocessing-prj\data\test\soy beans\Image_10.jpg,105.95,c1178a6acd0ea1ff5a2226e3157189ae
test,soy beans,Image_2.jpg,C:\Users\Computer\OneDrive\เดสก์ท็อป\imageprocessing-prj\data\test\soy beans\Image_2.jpg,204.14,a7d588db988c2e638a172a266a37177d
test,soy beans,Image_3.jpg,C:\Users\Computer\OneDrive\เดสก์ท็อป\imageprocessing-prj\data\test\soy beans\Image_3.jpg,195.56,903f20f85c7638ff5aa87a224504f7d9
test,soy beans,Image_4.jpg,C:\Users\Computer\OneDrive\เดสก์ท็อป\imageprocessing-prj\data\test\soy beans\Image_4.jpg,43.68,16c67dda655a1509083e546c0dfe8181
test,soy beans,Image_5.jpg,C:\Users\Computer\OneDrive\เดสก์ท็อป\imageprocessing-prj\data\test\soy beans\Image_5.jpg,2383.85,bfa2b62095fb4f273716be4870a2d510
test,soy beans,Image_6.jpg,C:\Users\Computer\OneDrive\เดสก์ท็อป\imageprocessing-prj\data\test\soy beans\Image_6.jpg,274.26,f1bd53b8d03ea294932a14beb95abff1
test,soy beans,Image_7.jpg,C:\Users\Computer\OneDrive\เดสก์ท็อป\imageprocessing-prj\data\test\soy beans\Image_7.jpg,68.53,0cfee77e49a76e24b984a8b2165b6870
test,soy beans,Image_8.jpg,C:\Users\Computer\OneDrive\เดสก์ท็อป\imageprocessing-prj\data\test\soy beans\Image_8.jpg,215.65,b0c235b86b0d59627448492029feaf02
test,soy beans,Image_9.jpg,C:\Users\Computer\OneDrive\เดสก์ท็อป\imageprocessing-prj\data\test\soy beans\Image_9.jpg,428.16,aa7ceb273872d55cc9edf2a4e0f0e0fb
test,spinach,Image_1.jpg,C:\Users\Computer\OneDrive\เดสก์ท็อป\imageprocessing-prj\data\test\spinach\Image_1.jpg,614.38,7b35a03286514c79154b58cfa4db65f3
test,spinach,Image_10.jpg,C:\Users\Computer\OneDrive\เดสก์ท็อป\imageprocessing-prj\data\test\spinach\Image_10.jpg,240.7,6033d4f7a540f1792c045a20c2b9206d
test,spinach,Image_2.jpg,C:\Users\Computer\OneDrive\เดสก์ท็อป\imageprocessing-prj\data\test\spinach\Image_2.jpg,105.73,23869738622635560cec9d966425aca2
test,spinach,Image_3.jpg,C:\Users\Computer\OneDrive\เดสก์ท็อป\imageprocessing-prj\data\test\spinach\Image_3.jpg,1155.93,fe29f37605514d9ac66522fff5572245
test,spinach,Image_4.jpg,C:\Users\Computer\OneDrive\เดสก์ท็อป\imageprocessing-prj\data\test\spinach\Image_4.jpg,1748.78,a72e4b5bc831877fa2d5b6d6c8dce9b1
test,spinach,Image_5.jpg,C:\Users\Computer\OneDrive\เดสก์ท็อป\imageprocessing-prj\data\test\spinach\Image_5.jpg,1944.03,d4096cb9a313c748922650feb09d32bb
test,spinach,Image_6.jpg,C:\Users\Computer\OneDrive\เดสก์ท็อป\imageprocessing-prj\data\test\spinach\Image_6.jpg,586.67,1143cb96ecdd88def4e181edc75bcf20
test,spinach,Image_7.jpg,C:\Users\Computer\OneDrive\เดสก์ท็อป\imageprocessing-prj\data\test\spinach\Image_7.jpg,132.89,e47786dab9e6c8b25de72940b85e137f
test,spinach,Image_8.jpg,C:\Users\Computer\OneDrive\เดสก์ท็อป\imageprocessing-prj\data\test\spinach\Image_8.jpg,354.92,2361bf0912981873b3361eabfb2ee23a
test,spinach,Image_9.jpg,C:\Users\Computer\OneDrive\เดสก์ท็อป\imageprocessing-prj\data\test\spinach\Image_9.jpg,2625.08,2da595f4aa3284cb58f7fd0a70a36fb7
test,sweetcorn,Image_1.jpg,C:\Users\Computer\OneDrive\เดสก์ท็อป\imageprocessing-prj\data\test\sweetcorn\Image_1.jpg,144.66,942f03a0e83059b0c78fab68341868bc
test,sweetcorn,Image_10.jpg,C:\Users\Computer\OneDrive\เดสก์ท็อป\imageprocessing-prj\data\test\sweetcorn\Image_10.jpg,232.48,09c5cf0c8635042fb62374c07055d0ed
test,sweetcorn,Image_2.jpg,C:\Users\Computer\OneDrive\เดสก์ท็อป\imageprocessing-prj\data\test\sweetcorn\Image_2.jpg,49.76,721e5710d1a36828af19225209dbe6c5
test,sweetcorn,Image_3.jpg,C:\Users\Computer\OneDrive\เดสก์ท็อป\imageprocessing-prj\data\test\sweetcorn\Image_3.jpg,102.57,4ae37772c8cbbee9e49c66ec426d0cc2
test,sweetcorn,Image_4.jpg,C:\Users\Computer\OneDrive\เดสก์ท็อป\imageprocessing-prj\data\test\sweetcorn\Image_4.jpg,399.08,f7c43a1926a86b3fb991765334012318
test,sweetcorn,Image_5.jpg,C:\Users\Computer\OneDrive\เดสก์ท็อป\imageprocessing-prj\data\test\sweetcorn\Image_5.jpg,2263.59,194bf0c5d567ccbc7c53007a4d2551a7
test,sweetcorn,Image_6.jpg,C:\Users\Computer\OneDrive\เดสก์ท็อป\imageprocessing-prj\data\test\sweetcorn\Image_6.jpg,93.64,d8847f905e647593e3525cbbe8a1355c
test,sweetcorn,Image_7.jpg,C:\Users\Computer\OneDrive\เดสก์ท็อป\imageprocessing-prj\data\test\sweetcorn\Image_7.jpg,665.52,ebeef576e669306a423e81d52a1f1519
test,sweetcorn,Image_8.jpg,C:\Users\Computer\OneDrive\เดสก์ท็อป\imageprocessing-prj\data\test\sweetcorn\Image_8.jpg,98.79,2fc417aca15e5f17817685a260ee74a6
test,sweetcorn,Image_9.jpg,C:\Users\Computer\OneDrive\เดสก์ท็อป\imageprocessing-prj\data\test\sweetcorn\Image_9.jpg,533.25,7274d948afe8727871153db270236f49
test,sweetpotato,Image_1.jpg,C:\Users\Computer\OneDrive\เดสก์ท็อป\imageprocessing-prj\data\test\sweetpotato\Image_1.jpg,132.03,9e9e4ccddb1537f6395be8cb600e671b
test,sweetpotato,Image_10.jpg,C:\Users\Computer\OneDrive\เดสก์ท็อป\imageprocessing-prj\data\test\sweetpotato\Image_10.jpg,1198.97,0d056f645726f2ca52026c0d4c7912f6
test,sweetpotato,Image_2.jpg,C:\Users\Computer\OneDrive\เดสก์ท็อป\imageprocessing-prj\data\test\sweetpotato\Image_2.jpg,1198.97,0d056f645726f2ca52026c0d4c7912f6
test,sweetpotato,Image_3.jpg,C:\Users\Computer\OneDrive\เดสก์ท็อป\imageprocessing-prj\data\test\sweetpotato\Image_3.jpg,410.93,702e887e96a208033a4e05898f8585dd
test,sweetpotato,Image_4.jpg,C:\Users\Computer\OneDrive\เดสก์ท็อป\imageprocessing-prj\data\test\sweetpotato\Image_4.jpg,154.84,e9858735cd394f634096f78aa86a5659
test,sweetpotato,Image_5.jpg,C:\Users\Computer\OneDrive\เดสก์ท็อป\imageprocessing-prj\data\test\sweetpotato\Image_5.jpg,383.39,fb8549af1905d9f093056c0e11f6c3dc
test,sweetpotato,Image_6.jpg,C:\Users\Computer\OneDrive\เดสก์ท็อป\imageprocessing-prj\data\test\sweetpotato\Image_6.jpg,384.09,313bf8ba2395cf6a7161e88ab02570cd
test,sweetpotato,Image_7.jpg,C:\Users\Computer\OneDrive\เดสก์ท็อป\imageprocessing-prj\data\test\sweetpotato\Image_7.jpg,343.3,56d4f780bfbfea78b7a992105f00a008
test,sweetpotato,Image_8.jpg,C:\Users\Computer\OneDrive\เดสก์ท็อป\imageprocessing-prj\data\test\sweetpotato\Image_8.jpg,154.84,e9858735cd394f634096f78aa86a5659
test,sweetpotato,Image_9.jpg,C:\Users\Computer\OneDrive\เดสก์ท็อป\imageprocessing-prj\data\test\sweetpotato\Image_9.jpg,132.03,9e9e4ccddb1537f6395be8cb600e671b
test,tomato,Image_1.jpg,C:\Users\Computer\OneDrive\เดสก์ท็อป\imageprocessing-prj\data\test\tomato\Image_1.jpg,121.59,2baeeb4f1c20be36b404ae17a30b4681
test,tomato,Image_10.jpg,C:\Users\Computer\OneDrive\เดสก์ท็อป\imageprocessing-prj\data\test\tomato\Image_10.jpg,121.59,2baeeb4f1c20be36b404ae17a30b4681
test,tomato,Image_2.jpg,C:\Users\Computer\OneDrive\เดสก์ท็อป\imageprocessing-prj\data\test\tomato\Image_2.jpg,100.83,201abe2e3298a414bf6722bd5a173639
test,tomato,Image_3.jpg,C:\Users\Computer\OneDrive\เดสก์ท็อป\imageprocessing-prj\data\test\tomato\Image_3.jpg,657.52,a17f584ee44beda9cef00d6217780fd1
test,tomato,Image_4.jpg,C:\Users\Computer\OneDrive\เดสก์ท็อป\imageprocessing-prj\data\test\tomato\Image_4.jpg,465.15,9058be4d7c0f9d64fda47f25feef79f4
test,tomato,Image_5.jpg,C:\Users\Computer\OneDrive\เดสก์ท็อป\imageprocessing-prj\data\test\tomato\Image_5.jpg,212.98,7c27ee818ed26f0f9971ef9e23194c37
test,tomato,Image_6.jpg,C:\Users\Computer\OneDrive\เดสก์ท็อป\imageprocessing-prj\data\test\tomato\Image_6.jpg,328.15,610085b4dc529ca83bbac194700f1f01
test,tomato,Image_7.jpg,C:\Users\Computer\OneDrive\เดสก์ท็อป\imageprocessing-prj\data\test\tomato\Image_7.jpg,1039.43,f75444a8652496f93f3333fb5f4246b1
test,tomato,Image_8.jpg,C:\Users\Computer\OneDrive\เดสก์ท็อป\imageprocessing-prj\data\test\tomato\Image_8.jpg,3755.83,4c87ad3db758b02ae817852409ac768c
test,tomato,Image_9.jpg,C:\Users\Computer\OneDrive\เดสก์ท็อป\imageprocessing-prj\data\test\tomato\Image_9.jpg,123.53,5dd4fb53308b43e4920d3312a7e32965
test,turnip,Image_1.jpg,C:\Users\Computer\OneDrive\เดสก์ท็อป\imageprocessing-prj\data\test\turnip\Image_1.jpg,94.87,d6ccd793705f2370323df1f502d52ce8
test,turnip,Image_10.jpg,C:\Users\Computer\OneDrive\เดสก์ท็อป\imageprocessing-prj\data\test\turnip\Image_10.jpg,94.87,d6ccd793705f2370323df1f502d52ce8
test,turnip,Image_2.jpg,C:\Users\Computer\OneDrive\เดสก์ท็อป\imageprocessing-prj\data\test\turnip\Image_2.jpg,238.12,e1a5972e1dad8cf38e0e04182f28e17b
test,turnip,Image_3.jpg,C:\Users\Computer\OneDrive\เดสก์ท็อป\imageprocessing-prj\data\test\turnip\Image_3.jpg,431.17,f58425304d62c460345ea806bb5c0559
test,turnip,Image_4.jpg,C:\Users\Computer\OneDrive\เดสก์ท็อป\imageprocessing-prj\data\test\turnip\Image_4.jpg,243.05,d933e03467bceddf3134ce7fb5b1c209
test,turnip,Image_5.jpg,C:\Users\Computer\OneDrive\เดสก์ท็อป\imageprocessing-prj\data\test\turnip\Image_5.jpg,210.95,e6501ea8bbafef23861a9c276732a714
test,turnip,Image_6.jpg,C:\Users\Computer\OneDrive\เดสก์ท็อป\imageprocessing-prj\data\test\turnip\Image_6.jpg,93.4,cdf893dcc22150de9e678fbfe7105d8a
test,turnip,Image_7.jpg,C:\Users\Computer\OneDrive\เดสก์ท็อป\imageprocessing-prj\data\test\turnip\Image_7.jpg,94.97,0519cbbfc21a4a93a6618c8a13a64fb8
test,turnip,Image_8.jpg,C:\Users\Computer\OneDrive\เดสก์ท็อป\imageprocessing-prj\data\test\turnip\Image_8.jpg,243.79,4e7197e4eb1138efe1cd5fee2a7df930
test,turnip,Image_9.jpg,C:\Users\Computer\OneDrive\เดสก์ท็อป\imageprocessing-prj\data\test\turnip\Image_9.jpg,321.69,b001412f415172af30cfa73189c6ae15
test,watermelon,Image_1.jpg,C:\Users\Computer\OneDrive\เดสก์ท็อป\imageprocessing-prj\data\test\watermelon\Image_1.jpg,3360.17,66a746bacf1e9599d597e5e4757b8f3e
test,watermelon,Image_10.jpg,C:\Users\Computer\OneDrive\เดสก์ท็อป\imageprocessing-prj\data\test\watermelon\Image_10.jpg,912.67,f0d9aa868ff1d8fdf85d1d2f837b92b2
test,watermelon,Image_2.jpg,C:\Users\Computer\OneDrive\เดสก์ท็อป\imageprocessing-prj\data\test\watermelon\Image_2.jpg,105.74,e586988a32b5698e8225839e88b8ad1f
test,watermelon,Image_3.jpg,C:\Users\Computer\OneDrive\เดสก์ท็อป\imageprocessing-prj\data\test\watermelon\Image_3.jpg,554.54,4bd40330c0eb3057e752da88394b5d4f
test,watermelon,Image_4.jpg,C:\Users\Computer\OneDrive\เดสก์ท็อป\imageprocessing-prj\data\test\watermelon\Image_4.jpg,447.63,6f5222954efd96e5400ce62d87fa029a
test,watermelon,Image_5.jpg,C:\Users\Computer\OneDrive\เดสก์ท็อป\imageprocessing-prj\data\test\watermelon\Image_5.jpg,4640.22,2dae0b41b550720e001ae0b93538c5ea
test,watermelon,Image_6.jpg,C:\Users\Computer\OneDrive\เดสก์ท็อป\imageprocessing-prj\data\test\watermelon\Image_6.jpg,231.71,5c2befa0cbcac9f3e6078baaae243078
test,watermelon,Image_7.jpg,C:\Users\Computer\OneDrive\เดสก์ท็อป\imageprocessing-prj\data\test\watermelon\Image_7.jpg,299.18,50b723fa93c493001528aa60b182b25b
test,watermelon,Image_8.jpg,C:\Users\Computer\OneDrive\เดสก์ท็อป\imageprocessing-prj\data\test\watermelon\Image_8.jpg,289.6,91acd7b802a1b97dd976565339381c62
test,watermelon,Image_9.jpg,C:\Users\Computer\OneDrive\เดสก์ท็อป\imageprocessing-prj\data\test\watermelon\Image_9.jpg,136.45,24bcd4d680d0ab71b1cc1d149485ba1e
