split,class,filename,filepath,file_size_kb,width,height,aspect_ratio,channels,format,r_mean,g_mean,b_mean,h_mean,s_mean,v_mean,is_corrupt
train,apple,Image_1.jpg,C:\Users\Computer\OneDrive\เดสก์ท็อป\imageprocessing-prj\data\train\apple\Image_1.jpg,1591.0302734375,2218,2216,1.0009,3,JPEG,214.4,185.18,179.78,26.96,60.83,215.18,False
train,apple,Image_10.jpg,C:\Users\Computer\OneDrive\เดสก์ท็อป\imageprocessing-prj\data\train\apple\Image_10.jpg,130.9296875,1200,1200,1.0,3,JPEG,204.55,189.59,176.17,46.51,58.52,208.41,False
train,apple,Image_16.jpg,C:\Users\Computer\OneDrive\เดสก์ท็อป\imageprocessing-prj\data\train\apple\Image_16.jpg,23.431640625,250,249,1.004,3,JPEG,224.28,186.19,185.95,36.61,61.56,224.37,False
train,apple,Image_17.jpg,C:\Users\Computer\OneDrive\เดสก์ท็อป\imageprocessing-prj\data\train\apple\Image_17.jpg,162.4619140625,1200,800,1.5,3,JPEG,105.12,99.55,72.44,59.23,114.99,119.3,False
train,apple,Image_18.jpg,C:\Users\Computer\OneDrive\เดสก์ท็อป\imageprocessing-prj\data\train\apple\Image_18.jpg,66.828125,1280,720,1.7778,3,JPEG,205.48,168.46,165.15,32.62,82.63,207.53,False
train,apple,Image_19.jpg,C:\Users\Computer\OneDrive\เดสก์ท็อป\imageprocessing-prj\data\train\apple\Image_19.jpg,383.6005859375,1200,1840,0.6522,3,JPEG,128.0,127.14,126.96,79.78,67.59,144.63,False
train,apple,Image_2.jpg,C:\Users\Computer\OneDrive\เดสก์ท็อป\imageprocessing-prj\data\train\apple\Image_2.jpg,74.166015625,1280,720,1.7778,3,JPEG,170.05,133.16,135.7,48.02,56.5,171.85,False
train,apple,Image_20.jpg,C:\Users\Computer\OneDrive\เดสก์ท็อป\imageprocessing-prj\data\train\apple\Image_20.jpg,94.7099609375,986,1080,0.913,3,JPEG,220.0,184.31,171.23,20.69,78.2,225.58,False
train,apple,Image_21.jpg,C:\Users\Computer\OneDrive\เดสก์ท็อป\imageprocessing-prj\data\train\apple\Image_21.jpg,876.8662109375,3200,2400,1.3333,3,JPEG,232.32,200.49,159.81,29.45,81.68,232.32,False
train,apple,Image_23.jpg,C:\Users\Computer\OneDrive\เดสก์ท็อป\imageprocessing-prj\data\train\apple\Image_23.jpg,70.6337890625,1280,720,1.7778,3,JPEG,89.19,71.44,72.62,39.82,27.72,91.42,False
train,apple,Image_24.jpg,C:\Users\Computer\OneDrive\เดสก์ท็อป\imageprocessing-prj\data\train\apple\Image_24.jpg,70.0146484375,1200,800,1.5,3,JPEG,234.02,221.95,207.99,81.02,39.55,236.46,False
train,apple,Image_25.jpg,C:\Users\Computer\OneDrive\เดสก์ท็อป\imageprocessing-prj\data\train\apple\Image_25.jpg,123.6572265625,1275,1650,0.7727,3,JPEG,227.06,213.12,212.47,27.33,37.87,227.85,False
train,apple,Image_26.jpg,C:\Users\Computer\OneDrive\เดสก์ท็อป\imageprocessing-prj\data\train\apple\Image_26.jpg,83.14453125,1280,720,1.7778,3,JPEG,188.32,98.27,68.8,13.68,148.7,189.36,False
train,apple,Image_27.jpg,C:\Users\Computer\OneDrive\เดสก์ท็อป\imageprocessing-prj\data\train\apple\Image_27.jpg,47.3076171875,1280,720,1.7778,3,JPEG,134.87,120.74,127.0,90.7,44.13,144.44,False
train,apple,Image_28.jpg,C:\Users\Computer\OneDrive\เดสก์ท็อป\imageprocessing-prj\data\train\apple\Image_28.jpg,70.2353515625,283,424,0.6675,3,JPEG,238.1,201.08,198.57,29.61,56.28,239.44,False
train,apple,Image_3.jpg,C:\Users\Computer\OneDrive\เดสก์ท็อป\imageprocessing-prj\data\train\apple\Image_3.jpg,348.6142578125,2000,1000,2.0,3,JPEG,194.93,154.58,157.47,86.43,72.86,195.08,False
train,apple,Image_31.jpg,C:\Users\Computer\OneDrive\เดสก์ท็อป\imageprocessing-prj\data\train\apple\Image_31.jpg,52.76171875,1200,1198,1.0017,3,JPEG,211.24,180.61,180.58,55.96,62.35,212.74,False
train,apple,Image_32.jpg,C:\Users\Computer\OneDrive\เดสก์ท็อป\imageprocessing-prj\data\train\apple\Image_32.jpg,158.0380859375,1200,1083,1.108,3,JPEG,199.01,133.22,129.2,54.55,117.19,199.02,False
train,apple,Image_33.jpg,C:\Users\Computer\OneDrive\เดสก์ท็อป\imageprocessing-prj\data\train\apple\Image_33.jpg,191.2373046875,2000,2000,1.0,3,JPEG,236.26,192.37,194.27,31.9,60.32,236.27,False
train,apple,Image_34.jpg,C:\Users\Computer\OneDrive\เดสก์ท็อป\imageprocessing-prj\data\train\apple\Image_34.jpg,7554.8681640625,3968,4496,0.8826,3,JPEG,196.19,164.15,164.52,89.06,70.54,198.06,False
train,apple,Image_35.png,C:\Users\Computer\OneDrive\เดสก์ท็อป\imageprocessing-prj\data\train\apple\Image_35.png,222.23046875,512,512,1.0,3,PNG,94.13,35.65,36.39,78.63,96.41,94.67,False
train,apple,Image_36.jpg,C:\Users\Computer\OneDrive\เดสก์ท็อป\imageprocessing-prj\data\train\apple\Image_36.jpg,77.078125,1200,1600,0.75,3,JPEG,166.82,117.88,107.25,70.83,99.41,169.39,False
train,apple,Image_37.jpg,C:\Users\Computer\OneDrive\เดสก์ท็อป\imageprocessing-prj\data\train\apple\Image_37.jpg,42.8251953125,1024,440,2.3273,3,JPEG,239.5,211.93,209.72,24.17,44.69,239.53,False
train,apple,Image_38.jpg,C:\Users\Computer\OneDrive\เดสก์ท็อป\imageprocessing-prj\data\train\apple\Image_38.jpg,56.650390625,511,440,1.1614,3,JPEG,217.88,173.75,165.81,32.43,79.78,218.49,False
train,apple,Image_39.jpg,C:\Users\Computer\OneDrive\เดสก์ท็อป\imageprocessing-prj\data\train\apple\Image_39.jpg,1755.3095703125,3456,2298,1.5039,3,JPEG,235.49,203.33,198.09,14.27,50.75,235.55,False
train,apple,Image_40.jpg,C:\Users\Computer\OneDrive\เดสก์ท็อป\imageprocessing-prj\data\train\apple\Image_40.jpg,639.388671875,1200,800,1.5,3,JPEG,149.94,103.3,55.38,43.39,166.17,154.31,False
train,apple,Image_41.jpg,C:\Users\Computer\OneDrive\เดสก์ท็อป\imageprocessing-prj\data\train\apple\Image_41.jpg,155.5087890625,900,900,1.0,3,JPEG,206.37,167.6,164.76,43.78,80.32,209.81,False
train,apple,Image_42.jpg,C:\Users\Computer\OneDrive\เดสก์ท็อป\imageprocessing-prj\data\train\apple\Image_42.jpg,1414.755859375,3454,2669,1.2941,3,JPEG,229.31,193.6,206.95,50.5,60.87,231.28,False
train,apple,Image_43.jpg,C:\Users\Computer\OneDrive\เดสก์ท็อป\imageprocessing-prj\data\train\apple\Image_43.jpg,320.0224609375,1056,1260,0.8381,3,JPEG,111.34,96.13,45.94,47.32,192.27,130.27,False
train,apple,Image_44.jpg,C:\Users\Computer\OneDrive\เดสก์ท็อป\imageprocessing-prj\data\train\apple\Image_44.jpg,72.9326171875,1360,2040,0.6667,3,JPEG,137.54,99.77,65.91,41.72,150.23,142.67,False
train,apple,Image_45.jpg,C:\Users\Computer\OneDrive\เดสก์ท็อป\imageprocessing-prj\data\train\apple\Image_45.jpg,94.5771484375,1024,1024,1.0,3,JPEG,109.61,74.33,20.22,31.85,216.1,111.26,False
train,apple,Image_47.jpg,C:\Users\Computer\OneDrive\เดสก์ท็อป\imageprocessing-prj\data\train\apple\Image_47.jpg,103.810546875,1068,1600,0.6675,3,JPEG,55.45,44.0,46.98,101.94,108.8,64.73,False
train,apple,Image_48.jpg,C:\Users\Computer\OneDrive\เดสก์ท็อป\imageprocessing-prj\data\train\apple\Image_48.jpg,174.1171875,1200,900,1.3333,3,JPEG,113.98,68.58,55.25,66.87,135.73,118.21,False
train,apple,Image_49.jpg,C:\Users\Computer\OneDrive\เดสก์ท็อป\imageprocessing-prj\data\train\apple\Image_49.jpg,55.7509765625,1200,742,1.6173,3,JPEG,221.6,199.76,149.06,20.26,90.57,221.6,False
train,apple,Image_5.JPG,C:\Users\Computer\OneDrive\เดสก์ท็อป\imageprocessing-prj\data\train\apple\Image_5.JPG,155.14453125,1200,1600,0.75,3,JPEG,107.98,28.89,35.11,126.43,156.6,108.37,False
train,apple,Image_50.jpg,C:\Users\Computer\OneDrive\เดสก์ท็อป\imageprocessing-prj\data\train\apple\Image_50.jpg,3716.185546875,4635,3035,1.5272,3,JPEG,141.58,134.06,95.58,55.33,113.95,152.81,False
train,apple,Image_51.jpg,C:\Users\Computer\OneDrive\เดสก์ท็อป\imageprocessing-prj\data\train\apple\Image_51.jpg,920.8212890625,5887,2134,2.7587,3,JPEG,100.91,102.14,54.49,40.83,151.24,115.94,False
train,apple,Image_52.jpg,C:\Users\Computer\OneDrive\เดสก์ท็อป\imageprocessing-prj\data\train\apple\Image_52.jpg,271.83203125,1118,610,1.8328,3,JPEG,142.23,81.64,37.53,41.32,226.14,162.84,False
train,apple,Image_53.png,C:\Users\Computer\OneDrive\เดสก์ท็อป\imageprocessing-prj\data\train\apple\Image_53.png,1526.037109375,1119,1587,0.7051,3,PNG,121.76,95.25,81.02,51.86,121.44,129.57,False
train,apple,Image_54.jpg,C:\Users\Computer\OneDrive\เดสก์ท็อป\imageprocessing-prj\data\train\apple\Image_54.jpg,105.099609375,1200,828,1.4493,3,JPEG,113.87,116.65,83.59,52.46,115.07,125.65,False
train,apple,Image_55.jpg,C:\Users\Computer\OneDrive\เดสก์ท็อป\imageprocessing-prj\data\train\apple\Image_55.jpg,838.70703125,3447,1897,1.8171,3,JPEG,188.8,180.39,164.57,44.65,51.0,191.9,False
train,apple,Image_56.jpg,C:\Users\Computer\OneDrive\เดสก์ท็อป\imageprocessing-prj\data\train\apple\Image_56.jpg,10.33203125,300,296,1.0135,3,JPEG,219.87,169.9,160.64,15.66,83.22,219.94,False
train,apple,Image_57.jpg,C:\Users\Computer\OneDrive\เดสก์ท็อป\imageprocessing-prj\data\train\apple\Image_57.jpg,702.9345703125,1300,866,1.5012,3,JPEG,143.52,106.12,68.97,43.54,158.08,145.66,False
train,apple,Image_58.jpg,C:\Users\Computer\OneDrive\เดสก์ท็อป\imageprocessing-prj\data\train\apple\Image_58.jpg,181.5595703125,1080,1080,1.0,3,JPEG,211.21,219.76,176.61,21.17,63.97,220.48,False
train,apple,Image_59.png,C:\Users\Computer\OneDrive\เดสก์ท็อป\imageprocessing-prj\data\train\apple\Image_59.png,696.0380859375,1340,1676,0.7995,3,PNG,96.77,147.93,31.1,31.44,149.77,147.93,False
train,apple,Image_6.jpg,C:\Users\Computer\OneDrive\เดสก์ท็อป\imageprocessing-prj\data\train\apple\Image_6.jpg,710.94921875,1024,683,1.4993,3,JPEG,102.86,40.95,14.27,12.18,204.42,102.87,False
train,apple,Image_60.jpg,C:\Users\Computer\OneDrive\เดสก์ท็อป\imageprocessing-prj\data\train\apple\Image_60.jpg,3777.990234375,5184,2652,1.9548,3,JPEG,116.6,119.52,65.02,35.41,134.57,128.38,False
train,apple,Image_61.jpg,C:\Users\Computer\OneDrive\เดสก์ท็อป\imageprocessing-prj\data\train\apple\Image_61.jpg,117.80078125,720,1520,0.4737,3,JPEG,72.03,40.78,23.36,65.11,202.77,84.68,False
train,apple,Image_62.jpg,C:\Users\Computer\OneDrive\เดสก์ท็อป\imageprocessing-prj\data\train\apple\Image_62.jpg,2038.013671875,2500,2656,0.9413,3,JPEG,202.3,220.87,178.23,17.61,66.99,221.02,False
train,apple,Image_63.jpg,C:\Users\Computer\OneDrive\เดสก์ท็อป\imageprocessing-prj\data\train\apple\Image_63.jpg,63.939453125,826,465,1.7763,3,JPEG,118.03,97.02,49.29,33.47,135.34,124.2,False
train,apple,Image_64.jpg,C:\Users\Computer\OneDrive\เดสก์ท็อป\imageprocessing-prj\data\train\apple\Image_64.jpg,20.8388671875,400,344,1.1628,3,JPEG,219.1,176.3,175.86,47.27,69.14,219.19,False
train,apple,Image_65.png,C:\Users\Computer\OneDrive\เดสก์ท็อป\imageprocessing-prj\data\train\apple\Image_65.png,56.23046875,520,420,1.2381,3,PNG,91.05,34.2,25.62,12.32,85.76,91.22,False
train,apple,Image_67.jpg,C:\Users\Computer\OneDrive\เดสก์ท็อป\imageprocessing-prj\data\train\apple\Image_67.jpg,35.056640625,573,382,1.5,3,JPEG,167.58,103.87,81.18,30.77,139.56,167.61,False
train,apple,Image_68.jpg,C:\Users\Computer\OneDrive\เดสก์ท็อป\imageprocessing-prj\data\train\apple\Image_68.jpg,106.0556640625,400,546,0.7326,3,JPEG,92.73,61.44,72.25,99.81,189.71,131.51,False
train,apple,Image_69.jpg,C:\Users\Computer\OneDrive\เดสก์ท็อป\imageprocessing-prj\data\train\apple\Image_69.jpg,2521.5224609375,4900,4965,0.9869,3,JPEG,208.96,223.55,176.39,20.04,63.51,223.6,False
train,apple,Image_7.jpg,C:\Users\Computer\OneDrive\เดสก์ท็อป\imageprocessing-prj\data\train\apple\Image_7.jpg,174.7138671875,1200,1809,0.6633,3,JPEG,231.77,211.26,189.98,21.63,53.85,231.78,False
train,apple,Image_71.png,C:\Users\Computer\OneDrive\เดสก์ท็อป\imageprocessing-prj\data\train\apple\Image_71.png,3527.2890625,2533,1423,1.78,3,PNG,198.57,206.54,108.6,24.1,140.22,207.3,False
train,apple,Image_76.png,C:\Users\Computer\OneDrive\เดสก์ท็อป\imageprocessing-prj\data\train\apple\Image_76.png,167.8701171875,496,496,1.0,3,PNG,218.68,169.85,169.45,70.69,75.9,219.41,False
train,apple,Image_78.jpg,C:\Users\Computer\OneDrive\เดสก์ท็อป\imageprocessing-prj\data\train\apple\Image_78.jpg,1491.673828125,2251,1688,1.3335,3,JPEG,58.55,107.96,29.88,51.22,206.1,108.06,False
train,apple,Image_80.jpg,C:\Users\Computer\OneDrive\เดสก์ท็อป\imageprocessing-prj\data\train\apple\Image_80.jpg,138.802734375,1500,1125,1.3333,3,JPEG,103.65,83.33,87.06,106.35,86.68,105.63,False
train,apple,Image_81.png,C:\Users\Computer\OneDrive\เดสก์ท็อป\imageprocessing-prj\data\train\apple\Image_81.png,1548.4951171875,1897,1190,1.5941,3,PNG,233.34,213.24,172.13,10.41,79.18,240.59,False
train,apple,Image_82.jpg,C:\Users\Computer\OneDrive\เดสก์ท็อป\imageprocessing-prj\data\train\apple\Image_82.jpg,43.6884765625,448,375,1.1947,3,JPEG,134.73,90.94,71.5,39.48,133.94,146.89,False
train,apple,Image_83.png,C:\Users\Computer\OneDrive\เดสก์ท็อป\imageprocessing-prj\data\train\apple\Image_83.png,48.9541015625,375,450,0.8333,3,PNG,170.99,99.18,41.47,8.45,140.6,170.99,False
train,apple,Image_86.jpg,C:\Users\Computer\OneDrive\เดสก์ท็อป\imageprocessing-prj\data\train\apple\Image_86.jpg,495.7138671875,1920,1080,1.7778,3,JPEG,124.31,105.12,96.42,94.92,105.69,142.23,False
train,apple,Image_87.jpg,C:\Users\Computer\OneDrive\เดสก์ท็อป\imageprocessing-prj\data\train\apple\Image_87.jpg,603.986328125,1920,1280,1.5,3,JPEG,116.69,125.85,76.69,59.12,133.54,144.57,False
train,apple,Image_9.jpg,C:\Users\Computer\OneDrive\เดสก์ท็อป\imageprocessing-prj\data\train\apple\Image_9.jpg,585.9677734375,1188,810,1.4667,3,JPEG,109.31,86.78,69.04,69.82,134.73,127.37,False
train,apple,Image_90.jpg,C:\Users\Computer\OneDrive\เดสก์ท็อป\imageprocessing-prj\data\train\apple\Image_90.jpg,26.9169921875,1027,718,1.4304,3,JPEG,245.49,233.66,233.88,12.29,14.85,245.51,False
train,apple,Image_92.png,C:\Users\Computer\OneDrive\เดสก์ท็อป\imageprocessing-prj\data\train\apple\Image_92.png,1343.845703125,1252,1211,1.0339,3,PNG,173.82,99.98,119.38,135.82,128.73,173.82,False
train,banana,Image_1.jpg,C:\Users\Computer\OneDrive\เดสก์ท็อป\imageprocessing-prj\data\train\banana\Image_1.jpg,59.869140625,1200,800,1.5,3,JPEG,247.28,235.2,203.8,111.3,49.04,247.29,False
train,banana,Image_100.jpg,C:\Users\Computer\OneDrive\เดสก์ท็อป\imageprocessing-prj\data\train\banana\Image_100.jpg,147.369140625,1200,794,1.5113,3,JPEG,241.99,227.01,162.2,16.49,88.67,242.78,False
train,banana,Image_11.png,C:\Users\Computer\OneDrive\เดสก์ท็อป\imageprocessing-prj\data\train\banana\Image_11.png,20.8310546875,200,243,0.823,3,PNG,78.37,73.98,4.3,10.79,93.28,79.14,False
train,banana,Image_13.jpg,C:\Users\Computer\OneDrive\เดสก์ท็อป\imageprocessing-prj\data\train\banana\Image_13.jpg,58.7451171875,387,221,1.7511,3,JPEG,180.28,172.6,142.9,46.5,71.72,184.9,False
train,banana,Image_14.jpg,C:\Users\Computer\OneDrive\เดสก์ท็อป\imageprocessing-prj\data\train\banana\Image_14.jpg,154.8173828125,770,1052,0.7319,3,JPEG,237.27,225.63,197.3,31.59,52.74,238.19,False
train,banana,Image_15.jpg,C:\Users\Computer\OneDrive\เดสก์ท็อป\imageprocessing-prj\data\train\banana\Image_15.jpg,21.48828125,1280,720,1.7778,3,JPEG,178.11,175.41,159.95,25.18,23.8,178.37,False
train,banana,Image_16.jpg,C:\Users\Computer\OneDrive\เดสก์ท็อป\imageprocessing-prj\data\train\banana\Image_16.jpg,82.904296875,1200,630,1.9048,3,JPEG,145.08,166.68,83.72,38.45,129.54,167.18,False
train,banana,Image_21.JPG,C:\Users\Computer\OneDrive\เดสก์ท็อป\imageprocessing-prj\data\train\banana\Image_21.JPG,185.212890625,1200,900,1.3333,3,JPEG,177.75,156.69,100.61,21.45,113.13,178.29,False
train,banana,Image_23.jpg,C:\Users\Computer\OneDrive\เดสก์ท็อป\imageprocessing-prj\data\train\banana\Image_23.jpg,283.177734375,1200,1600,0.75,3,JPEG,140.38,133.73,109.39,31.98,66.31,142.71,False
train,banana,Image_24.jpg,C:\Users\Computer\OneDrive\เดสก์ท็อป\imageprocessing-prj\data\train\banana\Image_24.jpg,30.810546875,400,300,1.3333,3,JPEG,156.96,165.37,107.82,38.26,102.53,172.37,False
train,banana,Image_25.jpg,C:\Users\Computer\OneDrive\เดสก์ท็อป\imageprocessing-prj\data\train\banana\Image_25.jpg,35.5546875,480,360,1.3333,3,JPEG,102.03,114.25,43.72,30.5,143.29,115.14,False
train,banana,Image_27.jpg,C:\Users\Computer\OneDrive\เดสก์ท็อป\imageprocessing-prj\data\train\banana\Image_27.jpg,305.04296875,2000,1000,2.0,3,JPEG,132.33,118.25,99.54,53.84,63.14,133.19,False
train,banana,Image_28.jpg,C:\Users\Computer\OneDrive\เดสก์ท็อป\imageprocessing-prj\data\train\banana\Image_28.jpg,21.91796875,736,1319,0.558,3,JPEG,249.08,235.72,167.47,11.05,87.05,249.14,False
train,banana,Image_3.jpg,C:\Users\Computer\OneDrive\เดสก์ท็อป\imageprocessing-prj\data\train\banana\Image_3.jpg,64.9375,1200,1057,1.1353,3,JPEG,246.2,235.46,204.33,7.5,47.52,246.22,False
train,banana,Image_31.jpg,C:\Users\Computer\OneDrive\เดสก์ท็อป\imageprocessing-prj\data\train\banana\Image_31.jpg,385.2216796875,1024,1296,0.7901,3,JPEG,114.57,117.22,33.81,39.75,194.37,128.47,False
train,banana,Image_32.jpg,C:\Users\Computer\OneDrive\เดสก์ท็อป\imageprocessing-prj\data\train\banana\Image_32.jpg,1471.1171875,3800,2812,1.3514,3,JPEG,121.53,127.48,66.16,44.14,148.9,135.66,False
train,banana,Image_37.jpg,C:\Users\Computer\OneDrive\เดสก์ท็อป\imageprocessing-prj\data\train\banana\Image_37.jpg,224.9560546875,1280,720,1.7778,3,JPEG,132.2,136.6,82.71,46.24,129.37,149.03,False
train,banana,Image_4.jpg,C:\Users\Computer\OneDrive\เดสก์ท็อป\imageprocessing-prj\data\train\banana\Image_4.jpg,220.5380859375,851,478,1.7803,3,JPEG,245.0,232.41,172.28,12.48,80.12,245.08,False
train,banana,Image_40.jpg,C:\Users\Computer\OneDrive\เดสก์ท็อป\imageprocessing-prj\data\train\banana\Image_40.jpg,452.326171875,1000,1000,1.0,3,JPEG,244.15,228.16,169.13,10.2,82.23,244.37,False
train,banana,Image_41.jpg,C:\Users\Computer\OneDrive\เดสก์ท็อป\imageprocessing-prj\data\train\banana\Image_41.jpg,45.705078125,1024,679,1.5081,3,JPEG,242.29,224.41,166.5,11.71,86.49,242.32,False
train,banana,Image_42.jpg,C:\Users\Computer\OneDrive\เดสก์ท็อป\imageprocessing-prj\data\train\banana\Image_42.jpg,77.4560546875,1000,1000,1.0,3,JPEG,246.17,228.85,160.52,10.79,91.81,246.47,False
train,banana,Image_43.png,C:\Users\Computer\OneDrive\เดสก์ท็อป\imageprocessing-prj\data\train\banana\Image_43.png,91.189453125,512,512,1.0,3,PNG,58.14,51.39,21.97,6.55,42.39,58.16,False
train,banana,Image_44.jpg,C:\Users\Computer\OneDrive\เดสก์ท็อป\imageprocessing-prj\data\train\banana\Image_44.jpg,334.1357421875,2000,1500,1.3333,3,JPEG,234.17,221.88,186.59,11.21,63.26,234.19,False
train,banana,Image_45.jpg,C:\Users\Computer\OneDrive\เดสก์ท็อป\imageprocessing-prj\data\train\banana\Image_45.jpg,440.6083984375,1500,999,1.5015,3,JPEG,174.84,133.36,35.09,21.15,207.88,174.85,False
train,banana,Image_46.jpg,C:\Users\Computer\OneDrive\เดสก์ท็อป\imageprocessing-prj\data\train\banana\Image_46.jpg,108.89453125,2000,1000,2.0,3,JPEG,233.44,226.36,201.96,8.02,43.89,233.45,False
train,banana,Image_47.jpg,C:\Users\Computer\OneDrive\เดสก์ท็อป\imageprocessing-prj\data\train\banana\Image_47.jpg,931.791015625,4130,1968,2.0986,3,JPEG,217.2,174.93,35.15,22.7,217.56,217.21,False
train,banana,Image_48.png,C:\Users\Computer\OneDrive\เดสก์ท็อป\imageprocessing-prj\data\train\banana\Image_48.png,904.2841796875,1388,895,1.5508,3,PNG,239.85,223.84,134.09,14.53,118.83,239.91,False
train,banana,Image_49.jpg,C:\Users\Computer\OneDrive\เดสก์ท็อป\imageprocessing-prj\data\train\banana\Image_49.jpg,175.7373046875,1771,1265,1.4,3,JPEG,227.16,210.7,163.45,14.88,84.71,227.19,False
train,banana,Image_5.jpg,C:\Users\Computer\OneDrive\เดสก์ท็อป\imageprocessing-prj\data\train\banana\Image_5.jpg,48.302734375,1280,720,1.7778,3,JPEG,237.54,220.08,164.14,13.14,82.6,237.58,False
train,banana,Image_50.jpg,C:\Users\Computer\OneDrive\เดสก์ท็อป\imageprocessing-prj\data\train\banana\Image_50.jpg,223.9248046875,1200,1180,1.0169,3,JPEG,229.73,207.33,130.19,15.89,118.89,229.74,False
train,banana,Image_51.jpeg,C:\Users\Computer\OneDrive\เดสก์ท็อป\imageprocessing-prj\data\train\banana\Image_51.jpeg,48.2841796875,1024,768,1.3333,3,JPEG,245.01,226.05,142.32,16.76,111.53,245.15,False
train,banana,Image_52.jpg,C:\Users\Computer\OneDrive\เดสก์ท็อป\imageprocessing-prj\data\train\banana\Image_52.jpg,50.818359375,1000,563,1.7762,3,JPEG,221.25,206.52,116.36,21.64,134.62,229.36,False
train,banana,Image_53.png,C:\Users\Computer\OneDrive\เดสก์ท็อป\imageprocessing-prj\data\train\banana\Image_53.png,80.873046875,400,265,1.5094,3,PNG,242.18,224.28,166.44,9.37,86.64,242.18,False
train,banana,Image_54.jpg,C:\Users\Computer\OneDrive\เดสก์ท็อป\imageprocessing-prj\data\train\banana\Image_54.jpg,20.0849609375,620,330,1.8788,3,JPEG,246.54,229.4,189.65,12.11,64.06,246.62,False
train,banana,Image_55.jpg,C:\Users\Computer\OneDrive\เดสก์ท็อป\imageprocessing-prj\data\train\banana\Image_55.jpg,13.609375,800,533,1.5009,3,JPEG,253.11,243.97,218.81,7.02,35.59,253.15,False
train,banana,Image_56.jpg,C:\Users\Computer\OneDrive\เดสก์ท็อป\imageprocessing-prj\data\train\banana\Image_56.jpg,1085.3564453125,4500,3243,1.3876,3,JPEG,157.95,128.83,50.08,43.85,177.88,159.76,False
train,banana,Image_57.jpg,C:\Users\Computer\OneDrive\เดสก์ท็อป\imageprocessing-prj\data\train\banana\Image_57.jpg,37.28125,1000,738,1.355,3,JPEG,245.43,214.99,126.36,16.29,126.26,245.46,False
train,banana,Image_58.png,C:\Users\Computer\OneDrive\เดสก์ท็อป\imageprocessing-prj\data\train\banana\Image_58.png,205.2587890625,768,576,1.3333,3,PNG,249.64,235.46,187.55,8.48,66.19,249.64,False
train,banana,Image_59.jpg,C:\Users\Computer\OneDrive\เดสก์ท็อป\imageprocessing-prj\data\train\banana\Image_59.jpg,192.5126953125,704,938,0.7505,3,JPEG,103.9,96.23,45.02,40.22,146.51,109.76,False
train,banana,Image_6.jpg,C:\Users\Computer\OneDrive\เดสก์ท็อป\imageprocessing-prj\data\train\banana\Image_6.jpg,67.150390625,1280,720,1.7778,3,JPEG,227.05,220.17,175.53,15.07,71.48,229.45,False
train,banana,Image_61.png,C:\Users\Computer\OneDrive\เดสก์ท็อป\imageprocessing-prj\data\train\banana\Image_61.png,27.8515625,256,256,1.0,3,PNG,59.3,52.46,22.66,6.93,43.32,59.33,False
train,banana,Image_62.jpg,C:\Users\Computer\OneDrive\เดสก์ท็อป\imageprocessing-prj\data\train\banana\Image_62.jpg,22.978515625,800,405,1.9753,3,JPEG,220.24,204.15,153.76,24.47,91.27,220.61,False
train,banana,Image_63.jpg,C:\Users\Computer\OneDrive\เดสก์ท็อป\imageprocessing-prj\data\train\banana\Image_63.jpg,16.623046875,213,284,0.75,3,JPEG,228.14,211.84,165.46,24.22,81.12,228.32,False
train,banana,Image_64.jpg,C:\Users\Computer\OneDrive\เดสก์ท็อป\imageprocessing-prj\data\train\banana\Image_64.jpg,142.109375,1035,630,1.6429,3,JPEG,252.51,244.38,220.62,4.37,33.77,252.52,False
train,banana,Image_65.png,C:\Users\Computer\OneDrive\เดสก์ท็อป\imageprocessing-prj\data\train\banana\Image_65.png,4101.7060546875,1903,2331,0.8164,3,PNG,179.47,158.01,25.64,19.24,164.4,179.47,False
train,banana,Image_66.jpg,C:\Users\Computer\OneDrive\เดสก์ท็อป\imageprocessing-prj\data\train\banana\Image_66.jpg,158.765625,768,1024,0.75,3,JPEG,184.99,110.15,43.79,13.09,194.5,184.99,False
train,banana,Image_67.jpg,C:\Users\Computer\OneDrive\เดสก์ท็อป\imageprocessing-prj\data\train\banana\Image_67.jpg,259.6669921875,2679,1506,1.7789,3,JPEG,243.71,230.57,195.66,24.55,54.85,243.74,False
train,banana,Image_68.jpg,C:\Users\Computer\OneDrive\เดสก์ท็อป\imageprocessing-prj\data\train\banana\Image_68.jpg,856.4375,1920,1440,1.3333,3,JPEG,141.84,153.03,54.49,33.21,179.49,156.34,False
train,banana,Image_69.jpg,C:\Users\Computer\OneDrive\เดสก์ท็อป\imageprocessing-prj\data\train\banana\Image_69.jpg,29.302734375,995,615,1.6179,3,JPEG,237.54,178.0,184.12,163.75,73.78,238.59,False
train,banana,Image_71.jpg,C:\Users\Computer\OneDrive\เดสก์ท็อป\imageprocessing-prj\data\train\banana\Image_71.jpg,82.54296875,1000,780,1.2821,3,JPEG,223.83,205.55,137.45,26.06,106.8,225.74,False
train,banana,Image_72.jpg,C:\Users\Computer\OneDrive\เดสก์ท็อป\imageprocessing-prj\data\train\banana\Image_72.jpg,43.0498046875,640,480,1.3333,3,JPEG,40.1,34.04,14.97,6.51,43.74,40.17,False
train,banana,Image_73.jpg,C:\Users\Computer\OneDrive\เดสก์ท็อป\imageprocessing-prj\data\train\banana\Image_73.jpg,42.357421875,1484,986,1.5051,3,JPEG,245.74,229.39,181.84,9.58,70.16,245.76,False
train,banana,Image_75.jpg,C:\Users\Computer\OneDrive\เดสก์ท็อป\imageprocessing-prj\data\train\banana\Image_75.jpg,12.14453125,600,800,0.75,3,JPEG,246.64,233.68,193.36,12.34,58.3,246.67,False
train,banana,Image_76.jpg,C:\Users\Computer\OneDrive\เดสก์ท็อป\imageprocessing-prj\data\train\banana\Image_76.jpg,160.810546875,1600,1067,1.4995,3,JPEG,157.99,145.49,117.15,53.08,89.63,163.01,False
train,banana,Image_77.jpg,C:\Users\Computer\OneDrive\เดสก์ท็อป\imageprocessing-prj\data\train\banana\Image_77.jpg,9.232421875,230,318,0.7233,3,JPEG,102.13,121.29,89.26,54.06,135.34,125.22,False
train,banana,Image_79.jpg,C:\Users\Computer\OneDrive\เดสก์ท็อป\imageprocessing-prj\data\train\banana\Image_79.jpg,703.255859375,3456,2304,1.5,3,JPEG,101.63,108.13,45.75,38.45,176.87,116.57,False
train,banana,Image_8.jpg,C:\Users\Computer\OneDrive\เดสก์ท็อป\imageprocessing-prj\data\train\banana\Image_8.jpg,149.2080078125,1200,794,1.5113,3,JPEG,242.01,227.01,162.2,16.5,88.68,242.79,False
train,banana,Image_80.png,C:\Users\Computer\OneDrive\เดสก์ท็อป\imageprocessing-prj\data\train\banana\Image_80.png,119.4599609375,300,367,0.8174,3,PNG,184.07,162.03,27.64,19.71,167.33,184.08,False
train,banana,Image_81.jpeg,C:\Users\Computer\OneDrive\เดสก์ท็อป\imageprocessing-prj\data\train\banana\Image_81.jpeg,22.3544921875,735,400,1.8375,3,JPEG,246.07,233.33,209.49,10.95,41.39,246.12,False
train,banana,Image_82.jpg,C:\Users\Computer\OneDrive\เดสก์ท็อป\imageprocessing-prj\data\train\banana\Image_82.jpg,57.0810546875,1024,415,2.4675,3,JPEG,168.26,181.55,39.62,33.57,206.68,189.71,False
train,banana,Image_83.png,C:\Users\Computer\OneDrive\เดสก์ท็อป\imageprocessing-prj\data\train\banana\Image_83.png,146.9990234375,430,292,1.4726,3,PNG,233.47,188.16,91.24,20.85,156.9,233.52,False
train,banana,Image_84.jpg,C:\Users\Computer\OneDrive\เดสก์ท็อป\imageprocessing-prj\data\train\banana\Image_84.jpg,203.669921875,700,700,1.0,3,JPEG,229.62,209.35,123.35,23.58,122.25,230.22,False
train,banana,Image_85.jpg,C:\Users\Computer\OneDrive\เดสก์ท็อป\imageprocessing-prj\data\train\banana\Image_85.jpg,29.2734375,650,400,1.625,3,JPEG,129.33,124.1,46.13,32.63,183.65,141.72,False
train,banana,Image_86.jpg,C:\Users\Computer\OneDrive\เดสก์ท็อป\imageprocessing-prj\data\train\banana\Image_86.jpg,49.84765625,640,426,1.5023,3,JPEG,167.28,133.84,23.45,31.54,218.73,168.6,False
train,banana,Image_88.png,C:\Users\Computer\OneDrive\เดสก์ท็อป\imageprocessing-prj\data\train\banana\Image_88.png,4877.830078125,2674,2641,1.0125,3,PNG,237.61,217.73,141.33,15.24,108.81,237.65,False
train,banana,Image_89.jpg,C:\Users\Computer\OneDrive\เดสก์ท็อป\imageprocessing-prj\data\train\banana\Image_89.jpg,7986.0859375,4320,3240,1.3333,3,JPEG,144.9,149.04,50.82,44.98,187.34,162.56,False
train,banana,Image_9.jpg,C:\Users\Computer\OneDrive\เดสก์ท็อป\imageprocessing-prj\data\train\banana\Image_9.jpg,86.7509765625,1200,800,1.5,3,JPEG,237.89,220.63,170.24,22.94,77.88,238.21,False
train,banana,Image_90.jpg,C:\Users\Computer\OneDrive\เดสก์ท็อป\imageprocessing-prj\data\train\banana\Image_90.jpg,119.5615234375,1024,768,1.3333,3,JPEG,157.15,136.64,62.48,22.55,142.44,157.17,False
train,banana,Image_91.jpg,C:\Users\Computer\OneDrive\เดสก์ท็อป\imageprocessing-prj\data\train\banana\Image_91.jpg,8574.8623046875,7360,4912,1.4984,3,JPEG,231.9,218.72,185.91,19.35,57.82,232.27,False
train,banana,Image_92.jpg,C:\Users\Computer\OneDrive\เดสก์ท็อป\imageprocessing-prj\data\train\banana\Image_92.jpg,1647.3544921875,1725,3264,0.5285,3,JPEG,127.23,127.74,74.68,29.98,140.44,143.72,False
train,banana,Image_93.jpg,C:\Users\Computer\OneDrive\เดสก์ท็อป\imageprocessing-prj\data\train\banana\Image_93.jpg,59.869140625,1200,800,1.5,3,JPEG,247.28,235.2,203.8,111.3,49.04,247.29,False
train,banana,Image_95.jpg,C:\Users\Computer\OneDrive\เดสก์ท็อป\imageprocessing-prj\data\train\banana\Image_95.jpg,64.9375,1200,1057,1.1353,3,JPEG,246.2,235.46,204.33,7.5,47.52,246.22,False
train,banana,Image_96.jpg,C:\Users\Computer\OneDrive\เดสก์ท็อป\imageprocessing-prj\data\train\banana\Image_96.jpg,220.5380859375,851,478,1.7803,3,JPEG,245.0,232.41,172.28,12.48,80.12,245.08,False
train,banana,Image_97.jpg,C:\Users\Computer\OneDrive\เดสก์ท็อป\imageprocessing-prj\data\train\banana\Image_97.jpg,48.302734375,1280,720,1.7778,3,JPEG,237.54,220.08,164.14,13.14,82.6,237.58,False
train,banana,Image_98.jpg,C:\Users\Computer\OneDrive\เดสก์ท็อป\imageprocessing-prj\data\train\banana\Image_98.jpg,67.150390625,1280,720,1.7778,3,JPEG,227.05,220.17,175.53,15.07,71.48,229.45,False
train,beetroot,Image_1.jpg,C:\Users\Computer\OneDrive\เดสก์ท็อป\imageprocessing-prj\data\train\beetroot\Image_1.jpg,1141.212890625,1254,836,1.5,3,JPEG,96.01,63.79,43.13,60.46,166.55,101.92,False
train,beetroot,Image_10.jpg,C:\Users\Computer\OneDrive\เดสก์ท็อป\imageprocessing-prj\data\train\beetroot\Image_10.jpg,436.1142578125,1681,3058,0.5497,3,JPEG,136.93,124.91,117.98,77.21,75.26,147.27,False
train,beetroot,Image_100.jpg,C:\Users\Computer\OneDrive\เดสก์ท็อป\imageprocessing-prj\data\train\beetroot\Image_100.jpg,436.1142578125,1681,3058,0.5497,3,JPEG,136.93,124.91,117.98,77.21,75.26,147.27,False
train,beetroot,Image_11.jpg,C:\Users\Computer\OneDrive\เดสก์ท็อป\imageprocessing-prj\data\train\beetroot\Image_11.jpg,160.0849609375,1300,1300,1.0,3,JPEG,224.0,220.06,209.98,27.06,35.23,228.45,False
train,beetroot,Image_12.jpg,C:\Users\Computer\OneDrive\เดสก์ท็อป\imageprocessing-prj\data\train\beetroot\Image_12.jpg,898.6376953125,2272,1704,1.3333,3,JPEG,170.76,164.26,153.84,80.84,52.62,176.31,False
train,beetroot,Image_13.jpg,C:\Users\Computer\OneDrive\เดสก์ท็อป\imageprocessing-prj\data\train\beetroot\Image_13.jpg,127.0419921875,1000,1000,1.0,3,JPEG,87.06,65.1,56.11,101.1,143.93,96.12,False
train,beetroot,Image_14.jpg,C:\Users\Computer\OneDrive\เดสก์ท็อป\imageprocessing-prj\data\train\beetroot\Image_14.jpg,467.2958984375,800,1198,0.6678,3,JPEG,159.93,160.08,160.03,94.53,61.28,175.25,False
train,beetroot,Image_15.jpg,C:\Users\Computer\OneDrive\เดสก์ท็อป\imageprocessing-prj\data\train\beetroot\Image_15.jpg,428.806640625,1080,1400,0.7714,3,JPEG,121.83,86.57,106.05,117.82,88.88,125.32,False
train,beetroot,Image_16.jpg,C:\Users\Computer\OneDrive\เดสก์ท็อป\imageprocessing-prj\data\train\beetroot\Image_16.jpg,98.908203125,720,720,1.0,3,JPEG,154.82,76.77,88.43,105.59,149.22,157.34,False
train,beetroot,Image_17.jpg,C:\Users\Computer\OneDrive\เดสก์ท็อป\imageprocessing-prj\data\train\beetroot\Image_17.jpg,71.7529296875,1390,943,1.474,3,JPEG,173.57,143.48,127.99,50.6,94.85,174.17,False
train,beetroot,Image_18.jpg,C:\Users\Computer\OneDrive\เดสก์ท็อป\imageprocessing-prj\data\train\beetroot\Image_18.jpg,242.123046875,427,625,0.6832,3,PNG,211.28,205.92,199.4,34.63,33.81,214.3,False
train,beetroot,Image_19.jpg,C:\Users\Computer\OneDrive\เดสก์ท็อป\imageprocessing-prj\data\train\beetroot\Image_19.jpg,5146.9609375,3456,5184,0.6667,3,JPEG,131.61,86.03,80.44,86.63,132.55,136.93,False
train,beetroot,Image_2.jpg,C:\Users\Computer\OneDrive\เดสก์ท็อป\imageprocessing-prj\data\train\beetroot\Image_2.jpg,806.2880859375,1000,1504,0.6649,3,JPEG,91.47,75.5,39.67,47.89,180.33,104.14,False
train,beetroot,Image_20.jpg,C:\Users\Computer\OneDrive\เดสก์ท็อป\imageprocessing-prj\data\train\beetroot\Image_20.jpg,48.6494140625,620,387,1.6021,3,JPEG,133.54,79.01,42.87,34.49,182.66,133.75,False
train,beetroot,Image_21.JPG,C:\Users\Computer\OneDrive\เดสก์ท็อป\imageprocessing-prj\data\train\beetroot\Image_21.JPG,300.5263671875,1200,1600,0.75,3,JPEG,143.84,118.94,125.09,101.63,84.56,154.0,False
train,beetroot,Image_22.jpg,C:\Users\Computer\OneDrive\เดสก์ท็อป\imageprocessing-prj\data\train\beetroot\Image_22.jpg,206.5029296875,800,529,1.5123,3,JPEG,222.86,215.38,198.08,26.19,53.38,227.44,False
train,beetroot,Image_23.jpg,C:\Users\Computer\OneDrive\เดสก์ท็อป\imageprocessing-prj\data\train\beetroot\Image_23.jpg,1152.3388671875,2816,2112,1.3333,3,JPEG,152.02,127.53,121.02,104.86,85.11,158.88,False
train,beetroot,Image_24.jpg,C:\Users\Computer\OneDrive\เดสก์ท็อป\imageprocessing-prj\data\train\beetroot\Image_24.jpg,147.9326171875,1000,626,1.5974,3,JPEG,120.54,83.04,67.16,52.65,147.18,124.39,False
train,beetroot,Image_25.jpg,C:\Users\Computer\OneDrive\เดสก์ท็อป\imageprocessing-prj\data\train\beetroot\Image_25.jpg,59.6337890625,960,960,1.0,3,JPEG,213.04,186.85,186.56,59.29,53.5,213.7,False
train,beetroot,Image_26.jpg,C:\Users\Computer\OneDrive\เดสก์ท็อป\imageprocessing-prj\data\train\beetroot\Image_26.jpg,110.333984375,1000,667,1.4993,3,JPEG,187.05,144.74,120.87,38.42,107.86,189.93,False
train,beetroot,Image_27.jpg,C:\Users\Computer\OneDrive\เดสก์ท็อป\imageprocessing-prj\data\train\beetroot\Image_27.jpg,308.640625,650,365,1.7808,3,JPEG,137.11,83.78,82.96,77.36,121.89,138.41,False
train,beetroot,Image_28.jpg,C:\Users\Computer\OneDrive\เดสก์ท็อป\imageprocessing-prj\data\train\beetroot\Image_28.jpg,139.9482421875,768,1024,0.75,3,JPEG,124.92,136.66,83.34,52.8,130.14,151.74,False
train,beetroot,Image_29.jpg,C:\Users\Computer\OneDrive\เดสก์ท็อป\imageprocessing-prj\data\train\beetroot\Image_29.jpg,97.015625,520,549,0.9472,3,JPEG,87.72,64.43,33.12,56.92,198.18,100.15,False
train,beetroot,Image_3.jpg,C:\Users\Computer\OneDrive\เดสก์ท็อป\imageprocessing-prj\data\train\beetroot\Image_3.jpg,198.1982421875,768,1024,0.75,3,JPEG,141.11,159.34,92.24,60.76,137.44,177.39,False
train,beetroot,Image_30.jpg,C:\Users\Computer\OneDrive\เดสก์ท็อป\imageprocessing-prj\data\train\beetroot\Image_30.jpg,50.6376953125,960,640,1.5,3,JPEG,105.02,99.37,95.73,77.31,45.89,108.83,False
train,beetroot,Image_31.jpg,C:\Users\Computer\OneDrive\เดสก์ท็อป\imageprocessing-prj\data\train\beetroot\Image_31.jpg,97.060546875,1024,640,1.6,3,JPEG,194.19,180.48,155.37,34.7,83.65,200.75,False
train,beetroot,Image_32.jpg,C:\Users\Computer\OneDrive\เดสก์ท็อป\imageprocessing-prj\data\train\beetroot\Image_32.jpg,203.92578125,1396,785,1.7783,3,JPEG,120.71,78.52,76.25,92.0,148.56,130.71,False
train,beetroot,Image_33.jpg,C:\Users\Computer\OneDrive\เดสก์ท็อป\imageprocessing-prj\data\train\beetroot\Image_33.jpg,217.259765625,1000,1000,1.0,3,JPEG,161.38,138.77,69.22,21.3,144.85,164.69,False
train,beetroot,Image_34.jpg,C:\Users\Computer\OneDrive\เดสก์ท็อป\imageprocessing-prj\data\train\beetroot\Image_34.jpg,20.6044921875,460,288,1.5972,3,JPEG,172.67,125.49,93.34,39.06,142.46,174.08,False
train,beetroot,Image_35.jpg,C:\Users\Computer\OneDrive\เดสก์ท็อป\imageprocessing-prj\data\train\beetroot\Image_35.jpg,206.0615234375,842,1280,0.6578,3,JPEG,209.73,174.44,163.34,37.0,71.61,210.53,False
train,beetroot,Image_36.jpg,C:\Users\Computer\OneDrive\เดสก์ท็อป\imageprocessing-prj\data\train\beetroot\Image_36.jpg,142.3916015625,800,800,1.0,3,JPEG,228.4,214.36,209.78,12.34,34.47,228.5,False
train,beetroot,Image_37.jpg,C:\Users\Computer\OneDrive\เดสก์ท็อป\imageprocessing-prj\data\train\beetroot\Image_37.jpg,24.29296875,300,300,1.0,3,JPEG,150.86,122.75,99.71,65.96,111.16,156.5,False
train,beetroot,Image_38.jpg,C:\Users\Computer\OneDrive\เดสก์ท็อป\imageprocessing-prj\data\train\beetroot\Image_38.jpg,375.7626953125,800,533,1.5009,3,JPEG,161.32,115.4,115.32,96.48,95.68,162.42,False
train,beetroot,Image_39.jpg,C:\Users\Computer\OneDrive\เดสก์ท็อป\imageprocessing-prj\data\train\beetroot\Image_39.jpg,542.720703125,2000,1000,2.0,3,JPEG,113.75,69.27,72.67,101.03,121.46,115.55,False
train,beetroot,Image_4.jpg,C:\Users\Computer\OneDrive\เดสก์ท็อป\imageprocessing-prj\data\train\beetroot\Image_4.jpg,175.8642578125,1600,1067,1.4995,3,JPEG,128.05,83.09,54.42,28.21,164.65,130.95,False
train,beetroot,Image_40.jpg,C:\Users\Computer\OneDrive\เดสก์ท็อป\imageprocessing-prj\data\train\beetroot\Image_40.jpg,124.8505859375,1200,1200,1.0,3,JPEG,188.31,167.81,165.31,46.05,59.29,188.42,False
train,beetroot,Image_41.jpg,C:\Users\Computer\OneDrive\เดสก์ท็อป\imageprocessing-prj\data\train\beetroot\Image_41.jpg,360.2900390625,1024,841,1.2176,3,JPEG,213.52,187.66,184.27,55.92,56.96,216.09,False
train,beetroot,Image_42.jpg,C:\Users\Computer\OneDrive\เดสก์ท็อป\imageprocessing-prj\data\train\beetroot\Image_42.jpg,625.318359375,1000,1000,1.0,3,JPEG,126.33,91.24,92.31,103.76,121.52,129.14,False
train,beetroot,Image_43.jpg,C:\Users\Computer\OneDrive\เดสก์ท็อป\imageprocessing-prj\data\train\beetroot\Image_43.jpg,66.796875,620,350,1.7714,3,JPEG,118.83,76.52,79.61,98.45,129.54,121.86,False
train,beetroot,Image_44.jpg,C:\Users\Computer\OneDrive\เดสก์ท็อป\imageprocessing-prj\data\train\beetroot\Image_44.jpg,113.7939453125,800,1200,0.6667,3,JPEG,130.99,120.81,123.63,93.94,61.69,132.65,False
train,beetroot,Image_45.jpg,C:\Users\Computer\OneDrive\เดสก์ท็อป\imageprocessing-prj\data\train\beetroot\Image_45.jpg,17.1181640625,620,330,1.8788,3,JPEG,226.77,219.5,194.1,31.78,55.76,232.01,False
train,beetroot,Image_46.jpg,C:\Users\Computer\OneDrive\เดสก์ท็อป\imageprocessing-prj\data\train\beetroot\Image_46.jpg,186.2890625,1800,1800,1.0,3,JPEG,195.11,189.14,186.79,12.43,35.58,195.19,False
train,beetroot,Image_47.jpg,C:\Users\Computer\OneDrive\เดสก์ท็อป\imageprocessing-prj\data\train\beetroot\Image_47.jpg,38.421875,500,500,1.0,3,JPEG,192.43,173.04,153.22,63.76,83.78,199.11,False
train,beetroot,Image_48.jpg,C:\Users\Computer\OneDrive\เดสก์ท็อป\imageprocessing-prj\data\train\beetroot\Image_48.jpg,283.501953125,1000,1000,1.0,3,JPEG,182.59,162.36,155.96,20.87,57.36,182.63,False
train,beetroot,Image_49.jpg,C:\Users\Computer\OneDrive\เดสก์ท็อป\imageprocessing-prj\data\train\beetroot\Image_49.jpg,650.521484375,735,1105,0.6652,3,JPEG,171.84,153.5,146.45,57.59,53.57,173.57,False
train,beetroot,Image_5.jpg,C:\Users\Computer\OneDrive\เดสก์ท็อป\imageprocessing-prj\data\train\beetroot\Image_5.jpg,170.619140625,1200,800,1.5,3,JPEG,172.69,139.9,119.69,34.8,104.57,179.39,False
train,beetroot,Image_50.jpg,C:\Users\Computer\OneDrive\เดสก์ท็อป\imageprocessing-prj\data\train\beetroot\Image_50.jpg,44.8828125,800,600,1.3333,3,JPEG,102.55,66.22,48.78,67.72,175.07,116.11,False
train,beetroot,Image_51.jpg,C:\Users\Computer\OneDrive\เดสก์ท็อป\imageprocessing-prj\data\train\beetroot\Image_51.jpg,63.4033203125,845,468,1.8056,3,JPEG,77.77,52.73,66.44,134.38,113.14,80.35,False
train,beetroot,Image_52.jpg,C:\Users\Computer\OneDrive\เดสก์ท็อป\imageprocessing-prj\data\train\beetroot\Image_52.jpg,736.5556640625,2787,1848,1.5081,3,JPEG,145.27,127.18,119.35,49.63,71.24,148.27,False
train,beetroot,Image_53.jpg,C:\Users\Computer\OneDrive\เดสก์ท็อป\imageprocessing-prj\data\train\beetroot\Image_53.jpg,9.9521484375,225,179,1.257,3,JPEG,148.74,111.43,113.98,99.22,85.67,148.92,False
train,beetroot,Image_54.png,C:\Users\Computer\OneDrive\เดสก์ท็อป\imageprocessing-prj\data\train\beetroot\Image_54.png,1129.9638671875,1024,768,1.3333,3,PNG,135.13,122.11,105.4,51.9,104.78,142.51,False
train,beetroot,Image_55.jpg,C:\Users\Computer\OneDrive\เดสก์ท็อป\imageprocessing-prj\data\train\beetroot\Image_55.jpg,118.9462890625,1000,1000,1.0,3,JPEG,146.5,113.84,107.14,79.99,99.63,151.94,False
train,beetroot,Image_56.jpg,C:\Users\Computer\OneDrive\เดสก์ท็อป\imageprocessing-prj\data\train\beetroot\Image_56.jpg,225.4619140625,1200,800,1.5,3,JPEG,116.89,45.33,48.61,121.12,165.73,117.85,False
train,beetroot,Image_58.jpg,C:\Users\Computer\OneDrive\เดสก์ท็อป\imageprocessing-prj\data\train\beetroot\Image_58.jpg,207.9541015625,1500,928,1.6164,3,JPEG,156.46,96.56,63.51,36.65,168.03,158.35,False
train,beetroot,Image_6.jpg,C:\Users\Computer\OneDrive\เดสก์ท็อป\imageprocessing-prj\data\train\beetroot\Image_6.jpg,2389.134765625,3264,2448,1.3333,3,JPEG,154.86,133.03,123.53,60.73,89.72,164.79,False
train,beetroot,Image_61.jpg,C:\Users\Computer\OneDrive\เดสก์ท็อป\imageprocessing-prj\data\train\beetroot\Image_61.jpg,57.2294921875,300,300,1.0,3,JPEG,193.75,158.49,161.28,73.54,71.01,193.95,False
train,beetroot,Image_62.jpg,C:\Users\Computer\OneDrive\เดสก์ท็อป\imageprocessing-prj\data\train\beetroot\Image_62.jpg,41.9384765625,250,450,0.5556,3,JPEG,207.07,182.55,171.36,27.1,67.45,207.48,False
train,beetroot,Image_63.jpg,C:\Users\Computer\OneDrive\เดสก์ท็อป\imageprocessing-prj\data\train\beetroot\Image_63.jpg,238.0966796875,2000,2240,0.8929,3,JPEG,165.12,133.56,134.14,63.94,68.2,165.27,False
train,beetroot,Image_64.jpg,C:\Users\Computer\OneDrive\เดสก์ท็อป\imageprocessing-prj\data\train\beetroot\Image_64.jpg,109.8251953125,800,511,1.5656,3,JPEG,145.33,130.4,107.06,95.53,127.24,163.02,False
train,beetroot,Image_65.jpg,C:\Users\Computer\OneDrive\เดสก์ท็อป\imageprocessing-prj\data\train\beetroot\Image_65.jpg,782.23828125,3479,4690,0.7418,3,JPEG,209.86,193.4,198.17,117.33,38.17,211.84,False
train,beetroot,Image_66.jpg,C:\Users\Computer\OneDrive\เดสก์ท็อป\imageprocessing-prj\data\train\beetroot\Image_66.jpg,325.4365234375,1681,1120,1.5009,3,JPEG,67.71,56.92,54.57,108.28,86.71,71.92,False
train,beetroot,Image_68.jpg,C:\Users\Computer\OneDrive\เดสก์ท็อป\imageprocessing-prj\data\train\beetroot\Image_68.jpg,7351.7314453125,4251,3083,1.3789,3,JPEG,164.62,109.56,120.01,127.76,111.25,166.4,False
train,beetroot,Image_69.jpg,C:\Users\Computer\OneDrive\เดสก์ท็อป\imageprocessing-prj\data\train\beetroot\Image_69.jpg,359.3349609375,960,946,1.0148,3,JPEG,104.39,79.36,50.03,86.28,175.56,119.6,False
train,beetroot,Image_7.jpg,C:\Users\Computer\OneDrive\เดสก์ท็อป\imageprocessing-prj\data\train\beetroot\Image_7.jpg,421.3369140625,1080,1400,0.7714,3,JPEG,110.08,91.08,71.55,64.12,109.3,123.12,False
train,beetroot,Image_72.jpg,C:\Users\Computer\OneDrive\เดสก์ท็อป\imageprocessing-prj\data\train\beetroot\Image_72.jpg,19.8408203125,300,300,1.0,3,JPEG,127.07,84.41,89.6,136.17,103.08,127.86,False
train,beetroot,Image_75.jpg,C:\Users\Computer\OneDrive\เดสก์ท็อป\imageprocessing-prj\data\train\beetroot\Image_75.jpg,43.4697265625,600,600,1.0,3,JPEG,200.08,198.61,183.92,25.63,47.49,203.15,False
train,beetroot,Image_76.jpg,C:\Users\Computer\OneDrive\เดสก์ท็อป\imageprocessing-prj\data\train\beetroot\Image_76.jpg,176.111328125,960,646,1.4861,3,JPEG,119.22,96.07,66.08,59.4,161.81,123.66,False
train,beetroot,Image_77.jpg,C:\Users\Computer\OneDrive\เดสก์ท็อป\imageprocessing-prj\data\train\beetroot\Image_77.jpg,334.1474609375,600,800,0.75,3,JPEG,144.22,109.2,105.35,110.55,118.21,149.25,False
train,beetroot,Image_78.jpg,C:\Users\Computer\OneDrive\เดสก์ท็อป\imageprocessing-prj\data\train\beetroot\Image_78.jpg,41.2705078125,635,509,1.2475,3,JPEG,197.88,152.76,162.53,110.02,83.36,198.68,False
train,beetroot,Image_79.jpg,C:\Users\Computer\OneDrive\เดสก์ท็อป\imageprocessing-prj\data\train\beetroot\Image_79.jpg,84.1435546875,920,920,1.0,3,JPEG,187.22,166.7,166.97,46.92,55.46,187.28,False
train,beetroot,Image_8.jpg,C:\Users\Computer\OneDrive\เดสก์ท็อป\imageprocessing-prj\data\train\beetroot\Image_8.jpg,227.78515625,1000,1000,1.0,3,JPEG,132.89,92.28,85.3,77.07,113.55,133.73,False
train,beetroot,Image_81.jpg,C:\Users\Computer\OneDrive\เดสก์ท็อป\imageprocessing-prj\data\train\beetroot\Image_81.jpg,24.119140625,300,193,1.5544,3,JPEG,99.97,79.69,73.24,88.99,111.26,103.49,False
train,beetroot,Image_83.jpg,C:\Users\Computer\OneDrive\เดสก์ท็อป\imageprocessing-prj\data\train\beetroot\Image_83.jpg,123.8115234375,683,1024,0.667,3,JPEG,117.61,123.19,106.16,87.59,55.66,130.51,False
train,beetroot,Image_84.png,C:\Users\Computer\OneDrive\เดสก์ท็อป\imageprocessing-prj\data\train\beetroot\Image_84.png,234.802734375,1200,800,1.5,3,PNG,200.52,195.53,191.87,34.79,43.42,207.59,False
train,beetroot,Image_86.png,C:\Users\Computer\OneDrive\เดสก์ท็อป\imageprocessing-prj\data\train\beetroot\Image_86.png,79.3466796875,250,250,1.0,3,PNG,163.12,151.52,111.6,45.98,80.1,166.6,False
train,beetroot,Image_87.jpg,C:\Users\Computer\OneDrive\เดสก์ท็อป\imageprocessing-prj\data\train\beetroot\Image_87.jpg,59.5,420,330,1.2727,3,JPEG,165.07,145.37,140.77,65.44,88.52,168.22,False
train,beetroot,Image_89.jpg,C:\Users\Computer\OneDrive\เดสก์ท็อป\imageprocessing-prj\data\train\beetroot\Image_89.jpg,152.7802734375,882,647,1.3632,3,JPEG,110.69,103.46,57.79,45.14,163.9,130.89,False
train,beetroot,Image_9.jpg,C:\Users\Computer\OneDrive\เดสก์ท็อป\imageprocessing-prj\data\train\beetroot\Image_9.jpg,1292.63671875,2125,1417,1.4996,3,JPEG,161.77,123.04,127.28,100.05,97.88,163.26,False
train,beetroot,Image_90.jpg,C:\Users\Computer\OneDrive\เดสก์ท็อป\imageprocessing-prj\data\train\beetroot\Image_90.jpg,150.2939453125,400,348,1.1494,3,JPEG,189.89,146.11,149.96,99.84,91.15,192.94,False
train,beetroot,Image_91.jpg,C:\Users\Computer\OneDrive\เดสก์ท็อป\imageprocessing-prj\data\train\beetroot\Image_91.jpg,1141.212890625,1254,836,1.5,3,JPEG,96.01,63.79,43.13,60.46,166.55,101.92,False
train,beetroot,Image_92.jpg,C:\Users\Computer\OneDrive\เดสก์ท็อป\imageprocessing-prj\data\train\beetroot\Image_92.jpg,806.2880859375,1000,1504,0.6649,3,JPEG,91.47,75.5,39.67,47.89,180.33,104.14,False
train,beetroot,Image_93.jpg,C:\Users\Computer\OneDrive\เดสก์ท็อป\imageprocessing-prj\data\train\beetroot\Image_93.jpg,198.1982421875,768,1024,0.75,3,JPEG,141.11,159.34,92.24,60.76,137.44,177.39,False
train,beetroot,Image_94.jpg,C:\Users\Computer\OneDrive\เดสก์ท็อป\imageprocessing-prj\data\train\beetroot\Image_94.jpg,175.8642578125,1600,1067,1.4995,3,JPEG,128.05,83.09,54.42,28.21,164.65,130.95,False
train,beetroot,Image_95.jpg,C:\Users\Computer\OneDrive\เดสก์ท็อป\imageprocessing-prj\data\train\beetroot\Image_95.jpg,170.619140625,1200,800,1.5,3,JPEG,172.69,139.9,119.69,34.8,104.57,179.39,False
train,beetroot,Image_96.jpg,C:\Users\Computer\OneDrive\เดสก์ท็อป\imageprocessing-prj\data\train\beetroot\Image_96.jpg,2389.134765625,3264,2448,1.3333,3,JPEG,154.86,133.03,123.53,60.73,89.72,164.79,False
train,beetroot,Image_97.jpg,C:\Users\Computer\OneDrive\เดสก์ท็อป\imageprocessing-prj\data\train\beetroot\Image_97.jpg,421.3369140625,1080,1400,0.7714,3,JPEG,110.08,91.08,71.55,64.12,109.3,123.12,False
train,beetroot,Image_98.jpg,C:\Users\Computer\OneDrive\เดสก์ท็อป\imageprocessing-prj\data\train\beetroot\Image_98.jpg,227.78515625,1000,1000,1.0,3,JPEG,132.89,92.28,85.3,77.07,113.55,133.73,False
train,beetroot,Image_99.jpg,C:\Users\Computer\OneDrive\เดสก์ท็อป\imageprocessing-prj\data\train\beetroot\Image_99.jpg,1292.63671875,2125,1417,1.4996,3,JPEG,161.77,123.04,127.28,100.05,97.88,163.26,False
train,bell pepper,Image_1.jpg,C:\Users\Computer\OneDrive\เดสก์ท็อป\imageprocessing-prj\data\train\bell pepper\Image_1.jpg,4268.560546875,5616,3744,1.5,3,JPEG,220.64,195.13,168.94,16.33,75.25,222.36,False
train,bell pepper,Image_10.jpg,C:\Users\Computer\OneDrive\เดสก์ท็อป\imageprocessing-prj\data\train\bell pepper\Image_10.jpg,122.4814453125,1200,627,1.9139,3,JPEG,139.79,130.95,101.1,24.45,101.5,148.45,False
train,bell pepper,Image_100.jpg,C:\Users\Computer\OneDrive\เดสก์ท็อป\imageprocessing-prj\data\train\bell pepper\Image_100.jpg,3753.2119140625,4344,3475,1.2501,3,JPEG,215.96,186.48,141.73,17.58,107.66,222.97,False
train,bell pepper,Image_11.jpg,C:\Users\Computer\OneDrive\เดสก์ท็อป\imageprocessing-prj\data\train\bell pepper\Image_11.jpg,319.8193359375,1000,1000,1.0,3,JPEG,234.54,180.83,179.48,48.39,73.42,235.09,False
train,bell pepper,Image_12.jpg,C:\Users\Computer\OneDrive\เดสก์ท็อป\imageprocessing-prj\data\train\bell pepper\Image_12.jpg,179.125,1600,1200,1.3333,3,JPEG,131.35,128.41,92.92,29.8,118.74,141.82,False
train,bell pepper,Image_13.jpg,C:\Users\Computer\OneDrive\เดสก์ท็อป\imageprocessing-prj\data\train\bell pepper\Image_13.jpg,114.291015625,1024,1200,0.8533,3,JPEG,137.01,123.39,49.15,36.86,188.68,158.05,False
train,bell pepper,Image_14.jpg,C:\Users\Computer\OneDrive\เดสก์ท็อป\imageprocessing-prj\data\train\bell pepper\Image_14.jpg,196.7314453125,1359,931,1.4597,3,JPEG,114.74,143.17,81.09,45.36,121.11,145.47,False
train,bell pepper,Image_15.jpg,C:\Users\Computer\OneDrive\เดสก์ท็อป\imageprocessing-prj\data\train\bell pepper\Image_15.jpg,32.9423828125,680,453,1.5011,3,JPEG,82.63,107.11,27.77,38.2,207.39,111.18,False
train,bell pepper,Image_16.jpg,C:\Users\Computer\OneDrive\เดสก์ท็อป\imageprocessing-prj\data\train\bell pepper\Image_16.jpg,686.7412109375,1208,808,1.495,3,JPEG,133.07,93.16,66.89,25.85,111.81,135.53,False
train,bell pepper,Image_19.jpg,C:\Users\Computer\OneDrive\เดสก์ท็อป\imageprocessing-prj\data\train\bell pepper\Image_19.jpg,42.083984375,1280,720,1.7778,3,JPEG,235.78,209.49,180.02,17.61,70.03,239.53,False
train,bell pepper,Image_2.jpg,C:\Users\Computer\OneDrive\เดสก์ท็อป\imageprocessing-prj\data\train\bell pepper\Image_2.jpg,67.0634765625,1200,800,1.5,3,JPEG,158.74,147.26,136.41,78.6,58.13,162.29,False
train,bell pepper,Image_20.jpg,C:\Users\Computer\OneDrive\เดสก์ท็อป\imageprocessing-prj\data\train\bell pepper\Image_20.jpg,181.751953125,1024,1120,0.9143,3,JPEG,181.31,149.99,56.01,30.06,174.8,184.78,False
train,bell pepper,Image_21.jpg,C:\Users\Computer\OneDrive\เดสก์ท็อป\imageprocessing-prj\data\train\bell pepper\Image_21.jpg,2780.841796875,2816,2112,1.3333,3,JPEG,64.65,89.56,35.03,42.85,186.93,90.41,False
train,bell pepper,Image_22.jpg,C:\Users\Computer\OneDrive\เดสก์ท็อป\imageprocessing-prj\data\train\bell pepper\Image_22.jpg,1306.4443359375,1734,1156,1.5,3,JPEG,186.68,87.6,40.36,65.3,208.19,191.74,False
train,bell pepper,Image_23.jpg,C:\Users\Computer\OneDrive\เดสก์ท็อป\imageprocessing-prj\data\train\bell pepper\Image_23.jpg,131.5927734375,1024,1200,0.8533,3,JPEG,93.72,116.05,69.06,44.9,142.68,125.47,False
train,bell pepper,Image_24.jpg,C:\Users\Computer\OneDrive\เดสก์ท็อป\imageprocessing-prj\data\train\bell pepper\Image_24.jpg,319.185546875,1200,900,1.3333,3,JPEG,109.48,100.4,24.43,33.15,215.42,141.7,False
train,bell pepper,Image_25.jpg,C:\Users\Computer\OneDrive\เดสก์ท็อป\imageprocessing-prj\data\train\bell pepper\Image_25.jpg,55.322265625,1000,684,1.462,3,JPEG,222.95,189.15,157.14,15.64,84.83,224.84,False
train,bell pepper,Image_26.jpg,C:\Users\Computer\OneDrive\เดสก์ท็อป\imageprocessing-prj\data\train\bell pepper\Image_26.jpg,1943.693359375,1936,2592,0.7469,3,JPEG,85.7,132.12,70.05,56.3,140.67,132.34,False
train,bell pepper,Image_27.jpg,C:\Users\Computer\OneDrive\เดสก์ท็อป\imageprocessing-prj\data\train\bell pepper\Image_27.jpg,209.1357421875,1280,720,1.7778,3,JPEG,85.75,118.63,27.05,41.76,207.83,119.09,False
train,bell pepper,Image_28.jpg,C:\Users\Computer\OneDrive\เดสก์ท็อป\imageprocessing-prj\data\train\bell pepper\Image_28.jpg,137.1416015625,1024,1120,0.9143,3,JPEG,200.76,98.11,83.2,27.7,156.7,201.29,False
train,bell pepper,Image_29.jpg,C:\Users\Computer\OneDrive\เดสก์ท็อป\imageprocessing-prj\data\train\bell pepper\Image_29.jpg,170.095703125,1200,797,1.5056,3,JPEG,90.51,119.17,67.85,53.84,135.03,122.08,False
train,bell pepper,Image_3.jpeg,C:\Users\Computer\OneDrive\เดสก์ท็อป\imageprocessing-prj\data\train\bell pepper\Image_3.jpeg,75.4296875,2000,1347,1.4848,3,JPEG,195.56,158.83,95.34,24.6,150.77,205.29,False
train,bell pepper,Image_30.jpg,C:\Users\Computer\OneDrive\เดสก์ท็อป\imageprocessing-prj\data\train\bell pepper\Image_30.jpg,62.03125,1200,900,1.3333,3,JPEG,172.01,186.61,157.12,27.11,60.67,186.62,False
train,bell pepper,Image_31.jpeg,C:\Users\Computer\OneDrive\เดสก์ท็อป\imageprocessing-prj\data\train\bell pepper\Image_31.jpeg,41.3271484375,1200,800,1.5,3,JPEG,171.99,86.51,36.89,47.95,209.85,177.21,False
train,bell pepper,Image_32.JPG,C:\Users\Computer\OneDrive\เดสก์ท็อป\imageprocessing-prj\data\train\bell pepper\Image_32.JPG,286.1806640625,1600,1200,1.3333,3,JPEG,113.53,137.71,62.48,40.43,161.96,146.23,False
train,bell pepper,Image_33.jpg,C:\Users\Computer\OneDrive\เดสก์ท็อป\imageprocessing-prj\data\train\bell pepper\Image_33.jpg,43.7470703125,1200,628,1.9108,3,JPEG,181.83,87.38,25.46,62.96,224.84,182.84,False
train,bell pepper,Image_34.jpg,C:\Users\Computer\OneDrive\เดสก์ท็อป\imageprocessing-prj\data\train\bell pepper\Image_34.jpg,412.7177734375,768,1024,0.75,3,JPEG,136.29,167.05,126.48,43.7,81.63,168.77,False
train,bell pepper,Image_35.jpg,C:\Users\Computer\OneDrive\เดสก์ท็อป\imageprocessing-prj\data\train\bell pepper\Image_35.jpg,145.3017578125,796,571,1.394,3,JPEG,82.15,129.89,57.71,48.91,153.63,131.42,False
train,bell pepper,Image_36.jpg,C:\Users\Computer\OneDrive\เดสก์ท็อป\imageprocessing-prj\data\train\bell pepper\Image_36.jpg,72.5712890625,1024,1022,1.002,3,JPEG,185.01,151.25,124.22,70.6,107.31,188.52,False
train,bell pepper,Image_37.jpg,C:\Users\Computer\OneDrive\เดสก์ท็อป\imageprocessing-prj\data\train\bell pepper\Image_37.jpg,17.4189453125,450,299,1.505,3,JPEG,239.02,181.47,148.43,31.19,104.1,239.56,False
train,bell pepper,Image_38.jpg,C:\Users\Computer\OneDrive\เดสก์ท็อป\imageprocessing-prj\data\train\bell pepper\Image_38.jpg,34.7685546875,500,450,1.1111,3,JPEG,107.05,115.09,97.31,51.0,96.45,123.42,False
train,bell pepper,Image_39.jpg,C:\Users\Computer\OneDrive\เดสก์ท็อป\imageprocessing-prj\data\train\bell pepper\Image_39.jpg,56.31640625,500,331,1.5106,3,JPEG,170.68,122.96,57.64,25.99,171.4,176.84,False
train,bell pepper,Image_4.jpg,C:\Users\Computer\OneDrive\เดสก์ท็อป\imageprocessing-prj\data\train\bell pepper\Image_4.jpg,3753.2119140625,4344,3475,1.2501,3,JPEG,215.96,186.48,141.73,17.58,107.66,222.97,False
train,bell pepper,Image_40.jpg,C:\Users\Computer\OneDrive\เดสก์ท็อป\imageprocessing-prj\data\train\bell pepper\Image_40.jpg,51.685546875,1024,768,1.3333,3,JPEG,172.1,183.53,145.69,23.23,98.44,186.22,False
train,bell pepper,Image_41.png,C:\Users\Computer\OneDrive\เดสก์ท็อป\imageprocessing-prj\data\train\bell pepper\Image_41.png,602.5009765625,872,570,1.5298,3,PNG,137.79,172.89,112.23,39.35,121.27,173.23,False
train,bell pepper,Image_42.jpg,C:\Users\Computer\OneDrive\เดสก์ท็อป\imageprocessing-prj\data\train\bell pepper\Image_42.jpg,185.4404296875,1200,916,1.31,3,JPEG,163.88,178.0,104.24,35.16,121.69,185.66,False
train,bell pepper,Image_43.jpg,C:\Users\Computer\OneDrive\เดสก์ท็อป\imageprocessing-prj\data\train\bell pepper\Image_43.jpg,80.8642578125,1200,800,1.5,3,JPEG,186.38,134.91,37.0,42.55,213.25,197.42,False
train,bell pepper,Image_44.jpg,C:\Users\Computer\OneDrive\เดสก์ท็อป\imageprocessing-prj\data\train\bell pepper\Image_44.jpg,57.9248046875,900,1066,0.8443,3,JPEG,173.44,198.82,153.43,25.55,87.67,198.83,False
train,bell pepper,Image_45.jpg,C:\Users\Computer\OneDrive\เดสก์ท็อป\imageprocessing-prj\data\train\bell pepper\Image_45.jpg,31.5732421875,800,467,1.7131,3,JPEG,210.52,183.28,143.35,17.11,104.97,220.31,False
train,bell pepper,Image_46.png,C:\Users\Computer\OneDrive\เดสก์ท็อป\imageprocessing-prj\data\train\bell pepper\Image_46.png,495.3525390625,872,389,2.2416,3,PNG,142.04,179.11,113.52,46.93,117.92,179.59,False
train,bell pepper,Image_47.png,C:\Users\Computer\OneDrive\เดสก์ท็อป\imageprocessing-prj\data\train\bell pepper\Image_47.png,109.654296875,428,238,1.7983,3,PNG,232.0,155.94,95.33,17.36,157.76,233.55,False
train,bell pepper,Image_48.png,C:\Users\Computer\OneDrive\เดสก์ท็อป\imageprocessing-prj\data\train\bell pepper\Image_48.png,4912.294921875,1929,2589,0.7451,3,PNG,137.84,170.4,116.92,32.52,108.97,170.4,False
train,bell pepper,Image_49.jpg,C:\Users\Computer\OneDrive\เดสก์ท็อป\imageprocessing-prj\data\train\bell pepper\Image_49.jpg,268.05078125,1535,2048,0.7495,3,JPEG,217.99,139.28,126.11,4.85,123.86,219.28,False
train,bell pepper,Image_5.jpg,C:\Users\Computer\OneDrive\เดสก์ท็อป\imageprocessing-prj\data\train\bell pepper\Image_5.jpg,70.009765625,1040,1300,0.8,3,JPEG,198.65,168.66,144.39,23.05,70.4,199.69,False
train,bell pepper,Image_50.jpg,C:\Users\Computer\OneDrive\เดสก์ท็อป\imageprocessing-prj\data\train\bell pepper\Image_50.jpg,77.2880859375,1280,960,1.3333,3,JPEG,122.61,117.13,81.32,52.86,139.45,146.43,False
train,bell pepper,Image_51.jpg,C:\Users\Computer\OneDrive\เดสก์ท็อป\imageprocessing-prj\data\train\bell pepper\Image_51.jpg,86.0390625,900,1350,0.6667,3,JPEG,115.52,151.65,71.93,43.87,155.26,153.59,False
train,bell pepper,Image_52.jpg,C:\Users\Computer\OneDrive\เดสก์ท็อป\imageprocessing-prj\data\train\bell pepper\Image_52.jpg,43.1572265625,1280,853,1.5006,3,JPEG,99.58,95.18,31.17,41.18,198.75,122.86,False
train,bell pepper,Image_53.jpg,C:\Users\Computer\OneDrive\เดสก์ท็อป\imageprocessing-prj\data\train\bell pepper\Image_53.jpg,2326.626953125,2272,1704,1.3333,3,JPEG,124.87,120.57,34.55,29.67,179.13,129.53,False
train,bell pepper,Image_54.jpg,C:\Users\Computer\OneDrive\เดสก์ท็อป\imageprocessing-prj\data\train\bell pepper\Image_54.jpg,97.9892578125,680,1020,0.6667,3,JPEG,131.3,100.22,48.79,37.76,183.94,155.26,False
train,bell pepper,Image_55.jpg,C:\Users\Computer\OneDrive\เดสก์ท็อป\imageprocessing-prj\data\train\bell pepper\Image_55.jpg,120.525390625,600,397,1.5113,3,JPEG,146.48,91.36,44.3,36.67,183.97,151.36,False
train,bell pepper,Image_56.jpg,C:\Users\Computer\OneDrive\เดสก์ท็อป\imageprocessing-prj\data\train\bell pepper\Image_56.jpg,28.8447265625,216,270,0.8,3,GIF,124.93,143.71,109.67,34.53,95.56,143.71,False
train,bell pepper,Image_57.jpg,C:\Users\Computer\OneDrive\เดสก์ท็อป\imageprocessing-prj\data\train\bell pepper\Image_57.jpg,144.0283203125,3464,2309,1.5002,3,JPEG,238.82,220.36,201.08,13.42,50.83,240.26,False
train,bell pepper,Image_6.jpg,C:\Users\Computer\OneDrive\เดสก์ท็อป\imageprocessing-prj\data\train\bell pepper\Image_6.jpg,82.2431640625,800,800,1.0,3,JPEG,146.09,114.84,78.91,33.83,138.23,158.62,False
train,bell pepper,Image_60.jpg,C:\Users\Computer\OneDrive\เดสก์ท็อป\imageprocessing-prj\data\train\bell pepper\Image_60.jpg,178.048828125,1200,1012,1.1858,3,JPEG,98.66,85.66,49.43,19.8,143.81,104.08,False
train,bell pepper,Image_61.jpg,C:\Users\Computer\OneDrive\เดสก์ท็อป\imageprocessing-prj\data\train\bell pepper\Image_61.jpg,58.380859375,515,438,1.1758,3,JPEG,85.77,116.08,19.2,41.03,224.74,116.19,False
train,bell pepper,Image_62.jpg,C:\Users\Computer\OneDrive\เดสก์ท็อป\imageprocessing-prj\data\train\bell pepper\Image_62.jpg,22.8017578125,600,397,1.5113,3,JPEG,219.11,204.55,145.9,18.56,105.39,226.97,False
train,bell pepper,Image_63.jpg,C:\Users\Computer\OneDrive\เดสก์ท็อป\imageprocessing-prj\data\train\bell pepper\Image_63.jpg,143.5126953125,1200,630,1.9048,3,JPEG,115.46,96.9,75.69,79.97,129.41,127.81,False
train,bell pepper,Image_64.jpg,C:\Users\Computer\OneDrive\เดสก์ท็อป\imageprocessing-prj\data\train\bell pepper\Image_64.jpg,67.9404296875,640,427,1.4988,3,JPEG,174.34,118.58,57.26,57.87,172.83,185.97,False
train,bell pepper,Image_65.jpg,C:\Users\Computer\OneDrive\เดสก์ท็อป\imageprocessing-prj\data\train\bell pepper\Image_65.jpg,105.1181640625,1024,640,1.6,3,JPEG,106.21,146.09,78.39,50.35,133.07,151.03,False
train,bell pepper,Image_66.jpg,C:\Users\Computer\OneDrive\เดสก์ท็อป\imageprocessing-prj\data\train\bell pepper\Image_66.jpg,612.72265625,1464,1864,0.7854,3,JPEG,105.62,110.02,75.17,31.14,113.28,115.59,False
train,bell pepper,Image_67.png,C:\Users\Computer\OneDrive\เดสก์ท็อป\imageprocessing-prj\data\train\bell pepper\Image_67.png,495.3525390625,872,389,2.2416,3,PNG,142.04,179.11,113.52,46.93,117.92,179.59,False
train,bell pepper,Image_68.jpeg,C:\Users\Computer\OneDrive\เดสก์ท็อป\imageprocessing-prj\data\train\bell pepper\Image_68.jpeg,69.50390625,600,600,1.0,3,JPEG,150.7,86.46,37.95,40.86,200.7,156.93,False
train,bell pepper,Image_69.jpg,C:\Users\Computer\OneDrive\เดสก์ท็อป\imageprocessing-prj\data\train\bell pepper\Image_69.jpg,100.9658203125,1200,869,1.3809,3,JPEG,193.76,208.25,178.86,18.82,59.81,208.3,False
train,bell pepper,Image_7.jpg,C:\Users\Computer\OneDrive\เดสก์ท็อป\imageprocessing-prj\data\train\bell pepper\Image_7.jpg,1806.1044921875,2592,1936,1.3388,3,JPEG,142.32,59.39,15.28,31.78,226.24,146.7,False
train,bell pepper,Image_70.jpg,C:\Users\Computer\OneDrive\เดสก์ท็อป\imageprocessing-prj\data\train\bell pepper\Image_70.jpg,315.3330078125,1024,1365,0.7502,3,JPEG,121.61,123.55,90.45,42.36,100.0,135.37,False
train,bell pepper,Image_71.jpg,C:\Users\Computer\OneDrive\เดสก์ท็อป\imageprocessing-prj\data\train\bell pepper\Image_71.jpg,238.234375,1024,768,1.3333,3,JPEG,90.34,145.73,71.74,52.99,157.96,147.02,False
train,bell pepper,Image_72.png,C:\Users\Computer\OneDrive\เดสก์ท็อป\imageprocessing-prj\data\train\bell pepper\Image_72.png,153.5146484375,576,600,0.96,3,PNG,179.65,185.21,157.07,22.61,71.86,189.07,False
train,bell pepper,Image_73.jpg,C:\Users\Computer\OneDrive\เดสก์ท็อป\imageprocessing-prj\data\train\bell pepper\Image_73.jpg,205.6513671875,1250,833,1.5006,3,JPEG,157.76,129.67,92.21,42.19,136.74,175.27,False
train,bell pepper,Image_74.jpg,C:\Users\Computer\OneDrive\เดสก์ท็อป\imageprocessing-prj\data\train\bell pepper\Image_74.jpg,133.8779296875,721,1024,0.7041,3,JPEG,90.39,103.58,50.27,37.47,142.17,107.89,False
train,bell pepper,Image_75.jpg,C:\Users\Computer\OneDrive\เดสก์ท็อป\imageprocessing-prj\data\train\bell pepper\Image_75.jpg,16.896484375,400,300,1.3333,3,JPEG,155.06,161.78,121.95,29.78,102.16,167.05,False
train,bell pepper,Image_76.jpg,C:\Users\Computer\OneDrive\เดสก์ท็อป\imageprocessing-prj\data\train\bell pepper\Image_76.jpg,154.14453125,927,1024,0.9053,3,JPEG,66.92,86.31,49.2,49.54,137.65,87.06,False
train,bell pepper,Image_77.jpg,C:\Users\Computer\OneDrive\เดสก์ท็อป\imageprocessing-prj\data\train\bell pepper\Image_77.jpg,59.552734375,800,533,1.5009,3,JPEG,198.43,100.59,38.91,28.41,201.58,200.23,False
train,bell pepper,Image_78.jpg,C:\Users\Computer\OneDrive\เดสก์ท็อป\imageprocessing-prj\data\train\bell pepper\Image_78.jpg,54.412109375,600,600,1.0,3,JPEG,91.93,105.61,25.02,44.87,209.56,126.89,False
train,bell pepper,Image_79.JPG,C:\Users\Computer\OneDrive\เดสก์ท็อป\imageprocessing-prj\data\train\bell pepper\Image_79.JPG,13.3134765625,220,147,1.4966,3,JPEG,161.8,103.94,102.5,91.19,133.67,166.04,False
train,bell pepper,Image_8.jpg,C:\Users\Computer\OneDrive\เดสก์ท็อป\imageprocessing-prj\data\train\bell pepper\Image_8.jpg,6606.990234375,4288,2848,1.5056,3,JPEG,125.75,120.56,63.27,35.82,147.64,152.91,False
train,bell pepper,Image_82.jpg,C:\Users\Computer\OneDrive\เดสก์ท็อป\imageprocessing-prj\data\train\bell pepper\Image_82.jpg,2617.375,2226,2891,0.77,3,JPEG,89.19,104.06,27.53,37.68,199.29,110.06,False
train,bell pepper,Image_83.jpg,C:\Users\Computer\OneDrive\เดสก์ท็อป\imageprocessing-prj\data\train\bell pepper\Image_83.jpg,93.9033203125,630,420,1.5,3,JPEG,133.42,68.63,31.58,24.64,191.68,139.88,False
train,bell pepper,Image_84.jpg,C:\Users\Computer\OneDrive\เดสก์ท็อป\imageprocessing-prj\data\train\bell pepper\Image_84.jpg,187.83203125,1280,1920,0.6667,3,JPEG,167.21,154.27,115.39,56.99,117.77,180.68,False
train,bell pepper,Image_85.jpg,C:\Users\Computer\OneDrive\เดสก์ท็อป\imageprocessing-prj\data\train\bell pepper\Image_85.jpg,90.1083984375,1300,957,1.3584,3,JPEG,234.54,213.5,179.5,39.91,71.66,238.35,False
train,bell pepper,Image_86.jpg,C:\Users\Computer\OneDrive\เดสก์ท็อป\imageprocessing-prj\data\train\bell pepper\Image_86.jpg,108.3193359375,600,800,0.75,3,JPEG,127.43,141.23,107.89,57.9,83.49,146.55,False
train,bell pepper,Image_88.jpg,C:\Users\Computer\OneDrive\เดสก์ท็อป\imageprocessing-prj\data\train\bell pepper\Image_88.jpg,37.626953125,800,499,1.6032,3,JPEG,222.37,182.97,147.86,38.94,96.8,224.22,False
train,bell pepper,Image_89.jpg,C:\Users\Computer\OneDrive\เดสก์ท็อป\imageprocessing-prj\data\train\bell pepper\Image_89.jpg,124.041015625,1024,768,1.3333,3,JPEG,142.98,91.13,17.11,34.08,216.85,147.83,False
train,bell pepper,Image_9.jpg,C:\Users\Computer\OneDrive\เดสก์ท็อป\imageprocessing-prj\data\train\bell pepper\Image_9.jpg,161.802734375,1024,1120,0.9143,3,JPEG,173.98,126.62,72.33,25.79,155.99,182.24,False
train,bell pepper,Image_90.jpg,C:\Users\Computer\OneDrive\เดสก์ท็อป\imageprocessing-prj\data\train\bell pepper\Image_90.jpg,36.65625,670,370,1.8108,3,JPEG,130.11,148.05,107.71,43.16,98.98,149.13,False
train,bell pepper,Image_93.jpg,C:\Users\Computer\OneDrive\เดสก์ท็อป\imageprocessing-prj\data\train\bell pepper\Image_93.jpg,5174.830078125,5184,3456,1.5,3,JPEG,103.24,140.91,74.64,51.57,138.01,142.11,False
train,bell pepper,Image_94.jpg,C:\Users\Computer\OneDrive\เดสก์ท็อป\imageprocessing-prj\data\train\bell pepper\Image_94.jpg,4524.533203125,5184,3456,1.5,3,JPEG,163.05,102.29,54.94,30.43,174.99,163.26,False
train,bell pepper,Image_95.jpg,C:\Users\Computer\OneDrive\เดสก์ท็อป\imageprocessing-prj\data\train\bell pepper\Image_95.jpg,160.9580078125,1500,1000,1.5,3,JPEG,159.69,103.61,45.39,31.86,194.12,169.63,False
train,bell pepper,Image_97.jpg,C:\Users\Computer\OneDrive\เดสก์ท็อป\imageprocessing-prj\data\train\bell pepper\Image_97.jpg,4268.560546875,5616,3744,1.5,3,JPEG,220.64,195.13,168.94,16.33,75.25,222.36,False
train,bell pepper,Image_98.jpg,C:\Users\Computer\OneDrive\เดสก์ท็อป\imageprocessing-prj\data\train\bell pepper\Image_98.jpg,67.0634765625,1200,800,1.5,3,JPEG,158.74,147.26,136.41,78.6,58.13,162.29,False
train,bell pepper,Image_99.jpeg,C:\Users\Computer\OneDrive\เดสก์ท็อป\imageprocessing-prj\data\train\bell pepper\Image_99.jpeg,75.4296875,2000,1347,1.4848,3,JPEG,195.56,158.83,95.34,24.6,150.77,205.29,False
train,cabbage,Image_1.jpg,C:\Users\Computer\OneDrive\เดสก์ท็อป\imageprocessing-prj\data\train\cabbage\Image_1.jpg,269.4013671875,1024,1120,0.9143,3,JPEG,124.12,137.87,79.72,42.01,145.35,153.98,False
train,cabbage,Image_10.jpg,C:\Users\Computer\OneDrive\เดสก์ท็อป\imageprocessing-prj\data\train\cabbage\Image_10.jpg,515.919921875,2272,1515,1.4997,3,JPEG,143.05,161.82,71.31,36.45,148.41,162.33,False
train,cabbage,Image_100.jpg,C:\Users\Computer\OneDrive\เดสก์ท็อป\imageprocessing-prj\data\train\cabbage\Image_100.jpg,515.919921875,2272,1515,1.4997,3,JPEG,143.05,161.82,71.31,36.45,148.41,162.33,False
train,cabbage,Image_11.jpg,C:\Users\Computer\OneDrive\เดสก์ท็อป\imageprocessing-prj\data\train\cabbage\Image_11.jpg,85.529296875,900,950,0.9474,3,JPEG,114.24,140.62,92.71,50.05,94.8,140.72,False
train,cabbage,Image_12.jpg,C:\Users\Computer\OneDrive\เดสก์ท็อป\imageprocessing-prj\data\train\cabbage\Image_12.jpg,255.560546875,1280,1180,1.0847,3,JPEG,127.52,151.31,90.26,46.52,97.1,151.7,False
train,cabbage,Image_13.jpg,C:\Users\Computer\OneDrive\เดสก์ท็อป\imageprocessing-prj\data\train\cabbage\Image_13.jpg,1143.923828125,2592,1944,1.3333,3,JPEG,161.58,205.47,144.55,54.75,91.4,206.43,False
train,cabbage,Image_14.jpg,C:\Users\Computer\OneDrive\เดสก์ท็อป\imageprocessing-prj\data\train\cabbage\Image_14.jpg,62.779296875,1232,924,1.3333,3,JPEG,95.55,133.89,87.91,57.8,98.15,133.9,False
train,cabbage,Image_15.jpg,C:\Users\Computer\OneDrive\เดสก์ท็อป\imageprocessing-prj\data\train\cabbage\Image_15.jpg,712.1357421875,2048,1360,1.5059,3,JPEG,99.41,113.07,67.24,40.17,113.7,115.6,False
train,cabbage,Image_16.jpg,C:\Users\Computer\OneDrive\เดสก์ท็อป\imageprocessing-prj\data\train\cabbage\Image_16.jpg,137.427734375,800,769,1.0403,3,JPEG,182.42,192.3,142.81,26.0,77.38,192.5,False
train,cabbage,Image_17.jpg,C:\Users\Computer\OneDrive\เดสก์ท็อป\imageprocessing-prj\data\train\cabbage\Image_17.jpg,162.7548828125,1024,768,1.3333,3,JPEG,119.79,135.88,124.86,74.56,50.59,138.45,False
train,cabbage,Image_18.jpg,C:\Users\Computer\OneDrive\เดสก์ท็อป\imageprocessing-prj\data\train\cabbage\Image_18.jpg,135.5068359375,1024,1120,0.9143,3,JPEG,64.53,148.73,82.68,68.11,178.68,149.06,False
train,cabbage,Image_2.jpg,C:\Users\Computer\OneDrive\เดสก์ท็อป\imageprocessing-prj\data\train\cabbage\Image_2.jpg,1392.7685546875,3888,2592,1.5,3,JPEG,102.12,126.81,86.58,52.02,100.14,126.88,False
train,cabbage,Image_20.jpg,C:\Users\Computer\OneDrive\เดสก์ท็อป\imageprocessing-prj\data\train\cabbage\Image_20.jpg,120.2216796875,1000,1000,1.0,3,JPEG,117.07,131.86,81.6,40.23,105.0,132.11,False
train,cabbage,Image_21.jpg,C:\Users\Computer\OneDrive\เดสก์ท็อป\imageprocessing-prj\data\train\cabbage\Image_21.jpg,95.7978515625,1100,794,1.3854,3,JPEG,168.16,176.76,147.97,23.68,69.69,176.78,False
train,cabbage,Image_22.jpg,C:\Users\Computer\OneDrive\เดสก์ท็อป\imageprocessing-prj\data\train\cabbage\Image_22.jpg,142.453125,1300,1300,1.0,3,JPEG,218.75,228.11,202.7,13.41,43.83,228.12,False
train,cabbage,Image_23.jpg,C:\Users\Computer\OneDrive\เดสก์ท็อป\imageprocessing-prj\data\train\cabbage\Image_23.jpg,620.6015625,1275,1600,0.7969,3,JPEG,104.14,144.18,127.74,78.54,94.56,146.33,False
train,cabbage,Image_24.jpg,C:\Users\Computer\OneDrive\เดสก์ท็อป\imageprocessing-prj\data\train\cabbage\Image_24.jpg,193.1015625,1300,1300,1.0,3,JPEG,217.99,227.01,200.5,12.93,46.2,227.03,False
train,cabbage,Image_25.jpg,C:\Users\Computer\OneDrive\เดสก์ท็อป\imageprocessing-prj\data\train\cabbage\Image_25.jpg,296.662109375,1080,1400,0.7714,3,JPEG,100.93,128.66,72.24,45.51,112.25,129.08,False
train,cabbage,Image_26.JPG,C:\Users\Computer\OneDrive\เดสก์ท็อป\imageprocessing-prj\data\train\cabbage\Image_26.JPG,255.279296875,1194,1600,0.7462,3,JPEG,119.01,141.16,114.93,64.12,63.23,141.53,False
train,cabbage,Image_27.jpg,C:\Users\Computer\OneDrive\เดสก์ท็อป\imageprocessing-prj\data\train\cabbage\Image_27.jpg,135.642578125,1500,996,1.506,3,JPEG,136.84,139.4,110.97,45.52,79.87,145.04,False
train,cabbage,Image_28.jpg,C:\Users\Computer\OneDrive\เดสก์ท็อป\imageprocessing-prj\data\train\cabbage\Image_28.jpg,605.60546875,2114,1271,1.6633,3,JPEG,107.11,124.99,84.81,41.97,80.8,125.14,False
train,cabbage,Image_29.jpg,C:\Users\Computer\OneDrive\เดสก์ท็อป\imageprocessing-prj\data\train\cabbage\Image_29.jpg,46.6513671875,600,450,1.3333,3,JPEG,177.84,191.06,159.59,65.48,64.09,194.81,False
train,cabbage,Image_3.jpg,C:\Users\Computer\OneDrive\เดสก์ท็อป\imageprocessing-prj\data\train\cabbage\Image_3.jpg,94.080078125,900,950,0.9474,3,JPEG,124.93,147.34,124.97,64.37,52.85,147.5,False
train,cabbage,Image_30.jpg,C:\Users\Computer\OneDrive\เดสก์ท็อป\imageprocessing-prj\data\train\cabbage\Image_30.jpg,151.439453125,1200,1200,1.0,3,JPEG,112.79,153.77,78.78,48.39,141.15,153.79,False
train,cabbage,Image_31.jpg,C:\Users\Computer\OneDrive\เดสก์ท็อป\imageprocessing-prj\data\train\cabbage\Image_31.jpg,882.0419921875,2249,1980,1.1359,3,JPEG,145.76,159.58,115.35,40.42,93.61,162.31,False
train,cabbage,Image_32.jpg,C:\Users\Computer\OneDrive\เดสก์ท็อป\imageprocessing-prj\data\train\cabbage\Image_32.jpg,30.796875,484,272,1.7794,3,JPEG,160.8,176.39,133.65,31.47,86.75,176.41,False
train,cabbage,Image_33.jpg,C:\Users\Computer\OneDrive\เดสก์ท็อป\imageprocessing-prj\data\train\cabbage\Image_33.jpg,47.330078125,710,400,1.775,3,JPEG,73.57,134.62,85.86,66.19,151.32,135.68,False
train,cabbage,Image_34.jpg,C:\Users\Computer\OneDrive\เดสก์ท็อป\imageprocessing-prj\data\train\cabbage\Image_34.jpg,4093.33984375,1800,1198,1.5025,3,PNG,105.35,132.4,108.0,63.77,66.03,132.65,False
train,cabbage,Image_35.jpg,C:\Users\Computer\OneDrive\เดสก์ท็อป\imageprocessing-prj\data\train\cabbage\Image_35.jpg,187.96875,896,600,1.4933,3,JPEG,99.41,125.11,97.87,56.16,84.56,127.5,False
train,cabbage,Image_36.jpeg,C:\Users\Computer\OneDrive\เดสก์ท็อป\imageprocessing-prj\data\train\cabbage\Image_36.jpeg,16.44140625,355,278,1.277,3,JPEG,211.51,221.13,177.63,24.34,61.85,221.49,False
train,cabbage,Image_37.jpg,C:\Users\Computer\OneDrive\เดสก์ท็อป\imageprocessing-prj\data\train\cabbage\Image_37.jpg,37.599609375,662,1000,0.662,3,JPEG,136.55,134.92,101.3,77.0,115.09,151.38,False
train,cabbage,Image_38.jpg,C:\Users\Computer\OneDrive\เดสก์ท็อป\imageprocessing-prj\data\train\cabbage\Image_38.jpg,27.7431640625,366,297,1.2323,3,JPEG,169.59,185.85,125.61,30.65,109.48,185.93,False
train,cabbage,Image_39.jpg,C:\Users\Computer\OneDrive\เดสก์ท็อป\imageprocessing-prj\data\train\cabbage\Image_39.jpg,164.0966796875,1024,768,1.3333,3,JPEG,83.35,108.19,56.59,45.69,132.22,108.6,False
train,cabbage,Image_4.jpg,C:\Users\Computer\OneDrive\เดสก์ท็อป\imageprocessing-prj\data\train\cabbage\Image_4.jpg,1674.73046875,2272,1704,1.3333,3,JPEG,103.72,134.1,81.5,49.6,107.56,134.13,False
train,cabbage,Image_42.jpg,C:\Users\Computer\OneDrive\เดสก์ท็อป\imageprocessing-prj\data\train\cabbage\Image_42.jpg,43.3857421875,370,370,1.0,3,JPEG,177.36,188.78,138.3,26.65,87.68,189.39,False
train,cabbage,Image_43.jpg,C:\Users\Computer\OneDrive\เดสก์ท็อป\imageprocessing-prj\data\train\cabbage\Image_43.jpg,536.828125,723,540,1.3389,3,JPEG,147.14,170.88,126.69,48.34,80.12,170.94,False
train,cabbage,Image_44.jpg,C:\Users\Computer\OneDrive\เดสก์ท็อป\imageprocessing-prj\data\train\cabbage\Image_44.jpg,225.4140625,1600,1462,1.0944,3,JPEG,129.4,146.24,102.07,55.88,134.42,154.72,False
train,cabbage,Image_45.jpg,C:\Users\Computer\OneDrive\เดสก์ท็อป\imageprocessing-prj\data\train\cabbage\Image_45.jpg,174.7236328125,800,800,1.0,3,JPEG,122.58,144.73,93.08,43.42,102.91,145.88,False
train,cabbage,Image_46.jpg,C:\Users\Computer\OneDrive\เดสก์ท็อป\imageprocessing-prj\data\train\cabbage\Image_46.jpg,63.6748046875,600,601,0.9983,3,JPEG,137.45,168.28,101.59,44.44,110.44,168.29,False
train,cabbage,Image_47.JPG,C:\Users\Computer\OneDrive\เดสก์ท็อป\imageprocessing-prj\data\train\cabbage\Image_47.JPG,140.974609375,1600,1071,1.4939,3,JPEG,61.41,111.38,88.94,71.92,120.41,112.16,False
train,cabbage,Image_48.jpg,C:\Users\Computer\OneDrive\เดสก์ท็อป\imageprocessing-prj\data\train\cabbage\Image_48.jpg,784.185546875,1800,1194,1.5075,3,JPEG,98.23,97.97,70.61,39.48,119.76,106.22,False
train,cabbage,Image_49.JPG,C:\Users\Computer\OneDrive\เดสก์ท็อป\imageprocessing-prj\data\train\cabbage\Image_49.JPG,482.595703125,1600,1200,1.3333,3,JPEG,83.59,140.95,77.63,61.34,145.15,141.22,False
train,cabbage,Image_5.jpg,C:\Users\Computer\OneDrive\เดสก์ท็อป\imageprocessing-prj\data\train\cabbage\Image_5.jpg,2275.4306640625,1606,2400,0.6692,3,JPEG,83.96,111.04,76.63,57.23,89.67,111.05,False
train,cabbage,Image_50.jpg,C:\Users\Computer\OneDrive\เดสก์ท็อป\imageprocessing-prj\data\train\cabbage\Image_50.jpg,22.1044921875,201,300,0.67,3,JPEG,100.62,129.04,95.74,67.95,87.21,131.56,False
train,cabbage,Image_51.jpg,C:\Users\Computer\OneDrive\เดสก์ท็อป\imageprocessing-prj\data\train\cabbage\Image_51.jpg,2439.3984375,4000,3000,1.3333,3,JPEG,140.74,134.44,96.91,23.53,93.37,143.75,False
train,cabbage,Image_52.jpg,C:\Users\Computer\OneDrive\เดสก์ท็อป\imageprocessing-prj\data\train\cabbage\Image_52.jpg,214.8671875,1600,1067,1.4995,3,JPEG,123.57,132.48,110.21,63.21,79.49,137.78,False
train,cabbage,Image_53.jpg,C:\Users\Computer\OneDrive\เดสก์ท็อป\imageprocessing-prj\data\train\cabbage\Image_53.jpg,75.2744140625,450,280,1.6071,3,JPEG,187.44,201.24,169.94,21.94,63.95,201.25,False
train,cabbage,Image_54.jpg,C:\Users\Computer\OneDrive\เดสก์ท็อป\imageprocessing-prj\data\train\cabbage\Image_54.jpg,74.1337890625,720,514,1.4008,3,JPEG,109.55,119.39,92.21,50.36,100.24,128.68,False
train,cabbage,Image_55.jpg,C:\Users\Computer\OneDrive\เดสก์ท็อป\imageprocessing-prj\data\train\cabbage\Image_55.jpg,98.115234375,800,800,1.0,3,JPEG,97.7,152.28,40.64,45.21,198.12,152.28,False
train,cabbage,Image_56.jpg,C:\Users\Computer\OneDrive\เดสก์ท็อป\imageprocessing-prj\data\train\cabbage\Image_56.jpg,646.7099609375,2394,2385,1.0038,3,JPEG,100.41,164.68,122.05,70.66,119.44,164.84,False
train,cabbage,Image_57.jpg,C:\Users\Computer\OneDrive\เดสก์ท็อป\imageprocessing-prj\data\train\cabbage\Image_57.jpg,49.0908203125,250,250,1.0,3,JPEG,193.79,211.91,169.32,33.06,61.31,212.04,False
train,cabbage,Image_58.jpg,C:\Users\Computer\OneDrive\เดสก์ท็อป\imageprocessing-prj\data\train\cabbage\Image_58.jpg,579.001953125,2028,1481,1.3693,3,JPEG,113.13,138.68,74.18,45.15,121.77,138.8,False
train,cabbage,Image_59.jpg,C:\Users\Computer\OneDrive\เดสก์ท็อป\imageprocessing-prj\data\train\cabbage\Image_59.jpg,2493.755859375,2400,2400,1.0,3,JPEG,153.85,134.28,99.22,21.68,108.27,154.74,False
train,cabbage,Image_6.jpg,C:\Users\Computer\OneDrive\เดสก์ท็อป\imageprocessing-prj\data\train\cabbage\Image_6.jpg,182.2890625,1024,1340,0.7642,3,JPEG,95.19,133.96,109.74,81.97,138.76,148.1,False
train,cabbage,Image_60.JPG,C:\Users\Computer\OneDrive\เดสก์ท็อป\imageprocessing-prj\data\train\cabbage\Image_60.JPG,168.2822265625,1000,750,1.3333,3,JPEG,87.03,104.01,54.39,43.54,133.67,104.17,False
train,cabbage,Image_61.jpg,C:\Users\Computer\OneDrive\เดสก์ท็อป\imageprocessing-prj\data\train\cabbage\Image_61.jpg,174.6162109375,1300,1300,1.0,3,JPEG,224.6,232.89,207.18,14.13,39.87,232.97,False
train,cabbage,Image_63.png,C:\Users\Computer\OneDrive\เดสก์ท็อป\imageprocessing-prj\data\train\cabbage\Image_63.png,785.935546875,872,550,1.5855,3,PNG,161.89,183.2,113.92,36.8,127.53,184.38,False
train,cabbage,Image_65.jpg,C:\Users\Computer\OneDrive\เดสก์ท็อป\imageprocessing-prj\data\train\cabbage\Image_65.jpg,24.302734375,300,300,1.0,3,JPEG,73.91,109.2,81.86,68.48,107.79,109.21,False
train,cabbage,Image_66.jpg,C:\Users\Computer\OneDrive\เดสก์ท็อป\imageprocessing-prj\data\train\cabbage\Image_66.jpg,90.0185546875,640,640,1.0,3,JPEG,90.65,111.22,66.08,46.86,122.23,111.25,False
train,cabbage,Image_67.jpg,C:\Users\Computer\OneDrive\เดสก์ท็อป\imageprocessing-prj\data\train\cabbage\Image_67.jpg,410.693359375,1600,1200,1.3333,3,JPEG,106.91,146.8,116.27,70.43,75.53,147.57,False
train,cabbage,Image_68.jpg,C:\Users\Computer\OneDrive\เดสก์ท็อป\imageprocessing-prj\data\train\cabbage\Image_68.jpg,74.5302734375,600,450,1.3333,3,JPEG,118.54,149.36,104.7,54.68,91.48,149.47,False
train,cabbage,Image_69.JPG,C:\Users\Computer\OneDrive\เดสก์ท็อป\imageprocessing-prj\data\train\cabbage\Image_69.JPG,2228.3720703125,3872,2592,1.4938,3,JPEG,72.25,111.59,77.65,63.75,112.01,113.08,False
train,cabbage,Image_7.jpg,C:\Users\Computer\OneDrive\เดสก์ท็อป\imageprocessing-prj\data\train\cabbage\Image_7.jpg,238.3984375,900,900,1.0,3,JPEG,138.54,166.43,60.44,36.69,180.04,173.66,False
train,cabbage,Image_70.jpg,C:\Users\Computer\OneDrive\เดสก์ท็อป\imageprocessing-prj\data\train\cabbage\Image_70.jpg,7111.775390625,4288,3216,1.3333,3,JPEG,151.91,170.36,120.28,50.28,89.72,171.26,False
train,cabbage,Image_71.jpg,C:\Users\Computer\OneDrive\เดสก์ท็อป\imageprocessing-prj\data\train\cabbage\Image_71.jpg,235.216796875,1024,768,1.3333,3,JPEG,113.66,128.43,86.0,45.63,95.71,129.04,False
train,cabbage,Image_72.jpg,C:\Users\Computer\OneDrive\เดสก์ท็อป\imageprocessing-prj\data\train\cabbage\Image_72.jpg,25.392578125,151,157,0.9618,3,JPEG,139.02,172.74,78.89,40.72,157.17,172.81,False
train,cabbage,Image_73.jpg,C:\Users\Computer\OneDrive\เดสก์ท็อป\imageprocessing-prj\data\train\cabbage\Image_73.jpg,169.26171875,680,966,0.7039,3,JPEG,136.48,148.88,99.87,38.26,115.74,160.9,False
train,cabbage,Image_74.jpg,C:\Users\Computer\OneDrive\เดสก์ท็อป\imageprocessing-prj\data\train\cabbage\Image_74.jpg,45.4697265625,800,800,1.0,3,JPEG,229.9,234.66,206.21,16.99,36.14,234.76,False
train,cabbage,Image_75.jpg,C:\Users\Computer\OneDrive\เดสก์ท็อป\imageprocessing-prj\data\train\cabbage\Image_75.jpg,21.580078125,399,293,1.3618,3,JPEG,189.23,201.04,151.93,27.81,81.39,201.54,False
train,cabbage,Image_76.jpg,C:\Users\Computer\OneDrive\เดสก์ท็อป\imageprocessing-prj\data\train\cabbage\Image_76.jpg,101.8759765625,1000,1000,1.0,3,JPEG,181.84,198.73,150.49,23.31,89.76,198.74,False
train,cabbage,Image_77.jpg,C:\Users\Computer\OneDrive\เดสก์ท็อป\imageprocessing-prj\data\train\cabbage\Image_77.jpg,4789.484375,2826,1992,1.4187,3,JPEG,86.5,138.98,98.37,68.86,129.42,140.29,False
train,cabbage,Image_78.jpg,C:\Users\Computer\OneDrive\เดสก์ท็อป\imageprocessing-prj\data\train\cabbage\Image_78.jpg,718.607421875,800,1200,0.6667,3,JPEG,125.84,157.07,106.8,53.76,107.79,157.17,False
train,cabbage,Image_79.jpg,C:\Users\Computer\OneDrive\เดสก์ท็อป\imageprocessing-prj\data\train\cabbage\Image_79.jpg,1126.5556640625,1920,818,2.3472,3,JPEG,95.64,115.65,58.71,41.5,141.49,117.9,False
train,cabbage,Image_8.jpg,C:\Users\Computer\OneDrive\เดสก์ท็อป\imageprocessing-prj\data\train\cabbage\Image_8.jpg,555.1201171875,1197,885,1.3525,3,JPEG,130.74,151.57,131.68,67.0,61.88,153.0,False
train,cabbage,Image_80.jpg,C:\Users\Computer\OneDrive\เดสก์ท็อป\imageprocessing-prj\data\train\cabbage\Image_80.jpg,122.5908203125,1000,1000,1.0,3,JPEG,223.76,231.64,196.9,17.49,45.91,231.64,False
train,cabbage,Image_81.jpg,C:\Users\Computer\OneDrive\เดสก์ท็อป\imageprocessing-prj\data\train\cabbage\Image_81.jpg,22.37890625,400,400,1.0,3,JPEG,174.7,190.04,147.66,27.65,85.47,190.07,False
train,cabbage,Image_85.jpg,C:\Users\Computer\OneDrive\เดสก์ท็อป\imageprocessing-prj\data\train\cabbage\Image_85.jpg,18.615234375,270,218,1.2385,3,JPEG,101.96,103.47,74.94,36.01,90.65,107.24,False
train,cabbage,Image_86.jpeg,C:\Users\Computer\OneDrive\เดสก์ท็อป\imageprocessing-prj\data\train\cabbage\Image_86.jpeg,29.1708984375,480,480,1.0,3,JPEG,209.59,214.08,181.45,18.64,52.73,214.3,False
train,cabbage,Image_87.jpg,C:\Users\Computer\OneDrive\เดสก์ท็อป\imageprocessing-prj\data\train\cabbage\Image_87.jpg,59.3271484375,450,300,1.5,3,JPEG,224.34,219.9,201.32,12.44,34.99,225.21,False
train,cabbage,Image_88.jpg,C:\Users\Computer\OneDrive\เดสก์ท็อป\imageprocessing-prj\data\train\cabbage\Image_88.jpg,89.4677734375,640,456,1.4035,3,JPEG,115.71,120.81,100.66,44.94,54.74,125.56,False
train,cabbage,Image_89.jpg,C:\Users\Computer\OneDrive\เดสก์ท็อป\imageprocessing-prj\data\train\cabbage\Image_89.jpg,56.787109375,600,649,0.9245,3,JPEG,172.55,197.5,133.3,32.57,108.5,197.52,False
train,cabbage,Image_9.jpg,C:\Users\Computer\OneDrive\เดสก์ท็อป\imageprocessing-prj\data\train\cabbage\Image_9.jpg,298.830078125,1200,1200,1.0,3,JPEG,121.97,161.1,90.89,49.61,125.38,163.29,False
train,cabbage,Image_90.jpg,C:\Users\Computer\OneDrive\เดสก์ท็อป\imageprocessing-prj\data\train\cabbage\Image_90.jpg,63.5,800,537,1.4898,3,JPEG,172.65,188.91,117.47,40.86,104.38,189.21,False
train,cabbage,Image_91.jpg,C:\Users\Computer\OneDrive\เดสก์ท็อป\imageprocessing-prj\data\train\cabbage\Image_91.jpg,269.4013671875,1024,1120,0.9143,3,JPEG,124.12,137.87,79.72,42.01,145.35,153.98,False
train,cabbage,Image_92.jpg,C:\Users\Computer\OneDrive\เดสก์ท็อป\imageprocessing-prj\data\train\cabbage\Image_92.jpg,1392.7685546875,3888,2592,1.5,3,JPEG,102.12,126.81,86.58,52.02,100.14,126.88,False
train,cabbage,Image_93.jpg,C:\Users\Computer\OneDrive\เดสก์ท็อป\imageprocessing-prj\data\train\cabbage\Image_93.jpg,94.080078125,900,950,0.9474,3,JPEG,124.93,147.34,124.97,64.37,52.85,147.5,False
train,cabbage,Image_94.jpg,C:\Users\Computer\OneDrive\เดสก์ท็อป\imageprocessing-prj\data\train\cabbage\Image_94.jpg,1674.73046875,2272,1704,1.3333,3,JPEG,103.72,134.1,81.5,49.6,107.56,134.13,False
train,cabbage,Image_95.jpg,C:\Users\Computer\OneDrive\เดสก์ท็อป\imageprocessing-prj\data\train\cabbage\Image_95.jpg,2275.4306640625,1606,2400,0.6692,3,JPEG,83.96,111.04,76.63,57.23,89.67,111.05,False
train,cabbage,Image_96.jpg,C:\Users\Computer\OneDrive\เดสก์ท็อป\imageprocessing-prj\data\train\cabbage\Image_96.jpg,182.2890625,1024,1340,0.7642,3,JPEG,95.19,133.96,109.74,81.97,138.76,148.1,False
train,cabbage,Image_97.jpg,C:\Users\Computer\OneDrive\เดสก์ท็อป\imageprocessing-prj\data\train\cabbage\Image_97.jpg,238.3984375,900,900,1.0,3,JPEG,138.54,166.43,60.44,36.69,180.04,173.66,False
train,cabbage,Image_98.jpg,C:\Users\Computer\OneDrive\เดสก์ท็อป\imageprocessing-prj\data\train\cabbage\Image_98.jpg,555.1201171875,1197,885,1.3525,3,JPEG,130.74,151.57,131.68,67.0,61.88,153.0,False
train,cabbage,Image_99.jpg,C:\Users\Computer\OneDrive\เดสก์ท็อป\imageprocessing-prj\data\train\cabbage\Image_99.jpg,298.830078125,1200,1200,1.0,3,JPEG,121.97,161.1,90.89,49.61,125.38,163.29,False
train,capsicum,Image_1.jpg,C:\Users\Computer\OneDrive\เดสก์ท็อป\imageprocessing-prj\data\train\capsicum\Image_1.jpg,232.4912109375,1396,785,1.7783,3,JPEG,174.93,117.83,22.93,32.17,227.47,182.13,False
train,capsicum,Image_10.jpg,C:\Users\Computer\OneDrive\เดสก์ท็อป\imageprocessing-prj\data\train\capsicum\Image_10.jpg,188.9599609375,1024,700,1.4629,3,JPEG,173.04,130.38,90.53,19.42,125.94,176.82,False
train,capsicum,Image_100.JPG,C:\Users\Computer\OneDrive\เดสก์ท็อป\imageprocessing-prj\data\train\capsicum\Image_100.JPG,243.3671875,1200,801,1.4981,3,JPEG,175.0,48.26,20.47,42.71,223.88,175.99,False
train,capsicum,Image_11.JPG,C:\Users\Computer\OneDrive\เดสก์ท็อป\imageprocessing-prj\data\train\capsicum\Image_11.JPG,3165.0859375,2134,2810,0.7594,3,JPEG,141.51,155.4,124.7,29.4,103.81,155.53,False
train,capsicum,Image_12.jpg,C:\Users\Computer\OneDrive\เดสก์ท็อป\imageprocessing-prj\data\train\capsicum\Image_12.jpg,73.7529296875,1300,1300,1.0,3,JPEG,240.6,214.3,213.45,24.12,36.89,240.92,False
train,capsicum,Image_13.jpg,C:\Users\Computer\OneDrive\เดสก์ท็อป\imageprocessing-prj\data\train\capsicum\Image_13.jpg,16.6904296875,450,296,1.5203,3,JPEG,149.35,110.6,46.17,23.81,188.11,157.97,False
train,capsicum,Image_14.jpg,C:\Users\Computer\OneDrive\เดสก์ท็อป\imageprocessing-prj\data\train\capsicum\Image_14.jpg,53.9658203125,1000,1000,1.0,3,JPEG,188.5,206.59,174.3,19.91,68.31,206.61,False
train,capsicum,Image_15.jpg,C:\Users\Computer\OneDrive\เดสก์ท็อป\imageprocessing-prj\data\train\capsicum\Image_15.jpg,56.6337890625,900,602,1.495,3,JPEG,107.8,134.92,86.19,50.01,108.72,135.99,False
train,capsicum,Image_16.jpg,C:\Users\Computer\OneDrive\เดสก์ท็อป\imageprocessing-prj\data\train\capsicum\Image_16.jpg,132.6552734375,1200,1200,1.0,3,JPEG,109.59,76.74,32.78,39.74,185.91,121.66,False
train,capsicum,Image_17.jpg,C:\Users\Computer\OneDrive\เดสก์ท็อป\imageprocessing-prj\data\train\capsicum\Image_17.jpg,2721.759765625,3569,2772,1.2875,3,JPEG,166.25,156.92,118.33,30.02,119.49,173.11,False
train,capsicum,Image_18.jpg,C:\Users\Computer\OneDrive\เดสก์ท็อป\imageprocessing-prj\data\train\capsicum\Image_18.jpg,71.96875,640,460,1.3913,3,JPEG,121.03,117.39,24.63,37.87,208.95,139.34,False
train,capsicum,Image_19.jpg,C:\Users\Computer\OneDrive\เดสก์ท็อป\imageprocessing-prj\data\train\capsicum\Image_19.jpg,59.130859375,900,598,1.505,3,JPEG,59.38,129.83,56.29,60.64,177.77,129.87,False
train,capsicum,Image_2.jpg,C:\Users\Computer\OneDrive\เดสก์ท็อป\imageprocessing-prj\data\train\capsicum\Image_2.jpg,527.05859375,1300,1300,1.0,3,JPEG,217.87,227.71,208.0,10.32,38.56,227.72,False
train,capsicum,Image_20.jpg,C:\Users\Computer\OneDrive\เดสก์ท็อป\imageprocessing-prj\data\train\capsicum\Image_20.jpg,157.10546875,1024,1252,0.8179,3,JPEG,168.94,89.8,8.05,17.2,242.39,169.8,False
train,capsicum,Image_21.jpg,C:\Users\Computer\OneDrive\เดสก์ท็อป\imageprocessing-prj\data\train\capsicum\Image_21.jpg,33.9228515625,1000,900,1.1111,3,JPEG,202.41,217.15,191.7,17.55,49.79,217.17,False
train,capsicum,Image_22.jpg,C:\Users\Computer\OneDrive\เดสก์ท็อป\imageprocessing-prj\data\train\capsicum\Image_22.jpg,803.150390625,2048,1536,1.3333,3,JPEG,135.92,159.14,95.6,45.16,126.92,160.12,False
train,capsicum,Image_23.jpg,C:\Users\Computer\OneDrive\เดสก์ท็อป\imageprocessing-prj\data\train\capsicum\Image_23.jpg,234.0322265625,1200,800,1.5,3,JPEG,151.07,88.03,32.11,23.26,194.13,157.75,False
train,capsicum,Image_24.jpg,C:\Users\Computer\OneDrive\เดสก์ท็อป\imageprocessing-prj\data\train\capsicum\Image_24.jpg,183.412109375,1000,1000,1.0,3,JPEG,157.71,40.79,17.84,16.94,232.83,162.85,False
train,capsicum,Image_25.jpg,C:\Users\Computer\OneDrive\เดสก์ท็อป\imageprocessing-prj\data\train\capsicum\Image_25.jpg,70.8818359375,500,333,1.5015,3,JPEG,206.76,159.77,145.74,36.7,101.44,206.96,False
train,capsicum,Image_26.jpg,C:\Users\Computer\OneDrive\เดสก์ท็อป\imageprocessing-prj\data\train\capsicum\Image_26.jpg,2074.2587890625,1439,875,1.6446,3,PNG,128.27,74.68,37.61,44.55,182.27,140.3,False
train,capsicum,Image_27.jpg,C:\Users\Computer\OneDrive\เดสก์ท็อป\imageprocessing-prj\data\train\capsicum\Image_27.jpg,119.3310546875,1600,1067,1.4995,3,JPEG,222.6,169.6,164.19,36.53,81.23,223.39,False
train,capsicum,Image_28.jpg,C:\Users\Computer\OneDrive\เดสก์ท็อป\imageprocessing-prj\data\train\capsicum\Image_28.jpg,1348.572265625,1280,851,1.5041,3,PNG,197.03,86.88,6.54,13.1,246.3,197.91,False
train,capsicum,Image_29.jpg,C:\Users\Computer\OneDrive\เดสก์ท็อป\imageprocessing-prj\data\train\capsicum\Image_29.jpg,770.9228515625,3100,2324,1.3339,3,JPEG,169.92,113.61,112.42,94.22,112.34,171.95,False
train,capsicum,Image_3.JPG,C:\Users\Computer\OneDrive\เดสก์ท็อป\imageprocessing-prj\data\train\capsicum\Image_3.JPG,243.3671875,1200,801,1.4981,3,JPEG,175.0,48.26,20.47,42.71,223.88,175.99,False
train,capsicum,Image_30.jpg,C:\Users\Computer\OneDrive\เดสก์ท็อป\imageprocessing-prj\data\train\capsicum\Image_30.jpg,45.123046875,800,800,1.0,3,JPEG,222.51,229.11,197.86,13.32,50.32,229.46,False
train,capsicum,Image_31.jpg,C:\Users\Computer\OneDrive\เดสก์ท็อป\imageprocessing-prj\data\train\capsicum\Image_31.jpg,26.998046875,590,593,0.9949,3,JPEG,149.91,158.45,138.94,32.67,72.57,161.62,False
train,capsicum,Image_32.jpg,C:\Users\Computer\OneDrive\เดสก์ท็อป\imageprocessing-prj\data\train\capsicum\Image_32.jpg,124.1162109375,1024,768,1.3333,3,JPEG,183.98,169.74,140.61,44.2,78.83,189.98,False
train,capsicum,Image_33.jpg,C:\Users\Computer\OneDrive\เดสก์ท็อป\imageprocessing-prj\data\train\capsicum\Image_33.jpg,192.1455078125,1000,1000,1.0,3,JPEG,241.62,180.94,180.55,38.02,74.52,242.28,False
train,capsicum,Image_34.jpg,C:\Users\Computer\OneDrive\เดสก์ท็อป\imageprocessing-prj\data\train\capsicum\Image_34.jpg,109.1064453125,1200,1200,1.0,3,JPEG,107.82,111.36,67.9,39.75,131.4,127.42,False
train,capsicum,Image_35.jpg,C:\Users\Computer\OneDrive\เดสก์ท็อป\imageprocessing-prj\data\train\capsicum\Image_35.jpg,44.390625,598,600,0.9967,3,JPEG,146.6,87.38,68.6,53.52,138.38,151.67,False
train,capsicum,Image_36.jpg,C:\Users\Computer\OneDrive\เดสก์ท็อป\imageprocessing-prj\data\train\capsicum\Image_36.jpg,63.0986328125,800,800,1.0,3,JPEG,231.79,185.92,184.43,44.75,64.41,232.34,False
train,capsicum,Image_37.jpg,C:\Users\Computer\OneDrive\เดสก์ท็อป\imageprocessing-prj\data\train\capsicum\Image_37.jpg,41.9765625,640,344,1.8605,3,JPEG,174.36,123.09,29.38,33.08,219.46,184.85,False
train,capsicum,Image_38.jpg,C:\Users\Computer\OneDrive\เดสก์ท็อป\imageprocessing-prj\data\train\capsicum\Image_38.jpg,54.1865234375,1000,1000,1.0,3,JPEG,249.79,231.38,179.57,8.93,73.98,250.47,False
train,capsicum,Image_39.jpg,C:\Users\Computer\OneDrive\เดสก์ท็อป\imageprocessing-prj\data\train\capsicum\Image_39.jpg,1519.9228515625,4343,2840,1.5292,3,JPEG,105.69,71.84,20.3,85.18,208.49,120.85,False
train,capsicum,Image_4.jpg,C:\Users\Computer\OneDrive\เดสก์ท็อป\imageprocessing-prj\data\train\capsicum\Image_4.jpg,62.03125,1200,900,1.3333,3,JPEG,172.01,186.61,157.12,27.11,60.67,186.62,False
train,capsicum,Image_40.jpg,C:\Users\Computer\OneDrive\เดสก์ท็อป\imageprocessing-prj\data\train\capsicum\Image_40.jpg,281.40234375,1344,951,1.4132,3,JPEG,94.29,101.28,53.95,39.21,146.22,112.48,False
train,capsicum,Image_41.jpg,C:\Users\Computer\OneDrive\เดสก์ท็อป\imageprocessing-prj\data\train\capsicum\Image_41.jpg,29.765625,900,900,1.0,3,JPEG,222.63,179.46,177.7,37.68,68.71,223.02,False
train,capsicum,Image_42.jpg,C:\Users\Computer\OneDrive\เดสก์ท็อป\imageprocessing-prj\data\train\capsicum\Image_42.jpg,15.9970703125,300,300,1.0,3,JPEG,222.66,189.22,160.72,36.9,83.27,225.78,False
train,capsicum,Image_43.jpg,C:\Users\Computer\OneDrive\เดสก์ท็อป\imageprocessing-prj\data\train\capsicum\Image_43.jpg,66.888671875,1600,1250,1.28,3,JPEG,248.95,229.17,180.76,20.09,71.91,249.09,False
train,capsicum,Image_45.jpg,C:\Users\Computer\OneDrive\เดสก์ท็อป\imageprocessing-prj\data\train\capsicum\Image_45.jpg,122.4990234375,1600,1250,1.28,3,JPEG,240.29,162.8,167.13,82.29,91.78,240.52,False
train,capsicum,Image_46.jpg,C:\Users\Computer\OneDrive\เดสก์ท็อป\imageprocessing-prj\data\train\capsicum\Image_46.jpg,255.7607421875,1000,1000,1.0,3,JPEG,181.59,200.58,161.22,25.33,74.24,200.68,False
train,capsicum,Image_47.jpg,C:\Users\Computer\OneDrive\เดสก์ท็อป\imageprocessing-prj\data\train\capsicum\Image_47.jpg,45.8955078125,800,947,0.8448,3,JPEG,173.45,198.82,153.41,25.56,87.71,198.83,False
train,capsicum,Image_48.jpg,C:\Users\Computer\OneDrive\เดสก์ท็อป\imageprocessing-prj\data\train\capsicum\Image_48.jpg,71.7158203125,375,250,1.5,3,JPEG,152.33,153.78,88.31,31.99,148.64,173.32,False
train,capsicum,Image_49.png,C:\Users\Computer\OneDrive\เดสก์ท็อป\imageprocessing-prj\data\train\capsicum\Image_49.png,229.40625,512,276,1.8551,3,PNG,139.94,121.95,87.42,57.58,135.99,158.04,False
train,capsicum,Image_5.jpg,C:\Users\Computer\OneDrive\เดสก์ท็อป\imageprocessing-prj\data\train\capsicum\Image_5.jpg,103.998046875,1694,1133,1.4951,3,JPEG,217.99,190.45,163.51,17.97,81.13,221.88,False
train,capsicum,Image_50.jpg,C:\Users\Computer\OneDrive\เดสก์ท็อป\imageprocessing-prj\data\train\capsicum\Image_50.jpg,32.01953125,800,301,2.6578,3,JPEG,215.95,166.08,116.59,15.68,130.04,220.3,False
train,capsicum,Image_51.jpg,C:\Users\Computer\OneDrive\เดสก์ท็อป\imageprocessing-prj\data\train\capsicum\Image_51.jpg,316.7626953125,1280,1088,1.1765,3,JPEG,110.09,85.14,36.28,39.43,183.63,123.28,False
train,capsicum,Image_53.jpg,C:\Users\Computer\OneDrive\เดสก์ท็อป\imageprocessing-prj\data\train\capsicum\Image_53.jpg,18.5986328125,800,300,2.6667,3,JPEG,205.4,188.75,146.43,17.43,97.55,209.49,False
train,capsicum,Image_54.jpg,C:\Users\Computer\OneDrive\เดสก์ท็อป\imageprocessing-prj\data\train\capsicum\Image_54.jpg,1929.46484375,1600,1067,1.4995,3,JPEG,125.33,152.41,85.04,41.42,130.46,153.68,False
train,capsicum,Image_55.jpg,C:\Users\Computer\OneDrive\เดสก์ท็อป\imageprocessing-prj\data\train\capsicum\Image_55.jpg,11.6220703125,250,250,1.0,3,JPEG,232.99,209.05,175.69,13.56,76.58,236.45,False
train,capsicum,Image_56.jpg,C:\Users\Computer\OneDrive\เดสก์ท็อป\imageprocessing-prj\data\train\capsicum\Image_56.jpg,35.44140625,650,487,1.3347,3,JPEG,184.58,105.4,9.54,19.55,242.27,193.88,False
train,capsicum,Image_6.jpg,C:\Users\Computer\OneDrive\เดสก์ท็อป\imageprocessing-prj\data\train\capsicum\Image_6.jpg,2400.3291015625,3607,2722,1.3251,3,JPEG,162.67,148.58,121.6,44.25,106.41,169.9,False
train,capsicum,Image_60.jpg,C:\Users\Computer\OneDrive\เดสก์ท็อป\imageprocessing-prj\data\train\capsicum\Image_60.jpg,333.630859375,1024,768,1.3333,3,JPEG,132.91,71.51,90.91,112.6,147.67,138.3,False
train,capsicum,Image_62.jpg,C:\Users\Computer\OneDrive\เดสก์ท็อป\imageprocessing-prj\data\train\capsicum\Image_62.jpg,137.107421875,1300,957,1.3584,3,JPEG,169.78,141.14,100.96,37.33,123.96,178.0,False
train,capsicum,Image_64.jpg,C:\Users\Computer\OneDrive\เดสก์ท็อป\imageprocessing-prj\data\train\capsicum\Image_64.jpg,79.6123046875,1231,1300,0.9469,3,JPEG,249.77,228.91,165.83,12.39,87.53,250.02,False
train,capsicum,Image_65.jpg,C:\Users\Computer\OneDrive\เดสก์ท็อป\imageprocessing-prj\data\train\capsicum\Image_65.jpg,924.546875,4681,3100,1.51,3,JPEG,197.23,132.5,18.66,23.24,226.3,204.07,False
train,capsicum,Image_66.jpg,C:\Users\Computer\OneDrive\เดสก์ท็อป\imageprocessing-prj\data\train\capsicum\Image_66.jpg,18.6455078125,655,353,1.8555,3,JPEG,209.89,174.96,148.96,66.77,94.97,216.83,False
train,capsicum,Image_67.jpg,C:\Users\Computer\OneDrive\เดสก์ท็อป\imageprocessing-prj\data\train\capsicum\Image_67.jpg,121.2529296875,800,615,1.3008,3,JPEG,117.21,141.25,45.86,42.37,198.45,158.76,False
train,capsicum,Image_68.jpg,C:\Users\Computer\OneDrive\เดสก์ท็อป\imageprocessing-prj\data\train\capsicum\Image_68.jpg,94.1865234375,900,894,1.0067,3,JPEG,92.05,74.87,24.91,31.93,201.79,99.79,False
train,capsicum,Image_69.jpg,C:\Users\Computer\OneDrive\เดสก์ท็อป\imageprocessing-prj\data\train\capsicum\Image_69.jpg,61.240234375,700,800,0.875,3,JPEG,232.77,187.7,177.57,23.4,71.07,235.01,False
train,capsicum,Image_7.jpg,C:\Users\Computer\OneDrive\เดสก์ท็อป\imageprocessing-prj\data\train\capsicum\Image_7.jpg,570.404296875,2560,1912,1.3389,3,JPEG,142.23,59.37,15.76,32.22,225.0,146.57,False
train,capsicum,Image_70.jpg,C:\Users\Computer\OneDrive\เดสก์ท็อป\imageprocessing-prj\data\train\capsicum\Image_70.jpg,151.5634765625,1000,670,1.4925,3,JPEG,112.36,130.24,58.76,43.81,158.98,138.17,False
train,capsicum,Image_71.jpeg,C:\Users\Computer\OneDrive\เดสก์ท็อป\imageprocessing-prj\data\train\capsicum\Image_71.jpeg,78.3505859375,1050,698,1.5043,3,JPEG,156.1,102.5,86.82,75.09,148.69,163.75,False
train,capsicum,Image_73.jpg,C:\Users\Computer\OneDrive\เดสก์ท็อป\imageprocessing-prj\data\train\capsicum\Image_73.jpg,36.3623046875,600,600,1.0,3,JPEG,196.02,117.59,3.54,18.16,249.59,196.06,False
train,capsicum,Image_74.jpg,C:\Users\Computer\OneDrive\เดสก์ท็อป\imageprocessing-prj\data\train\capsicum\Image_74.jpg,98.9287109375,812,591,1.3739,3,JPEG,219.4,196.3,156.38,13.26,90.19,223.66,False
train,capsicum,Image_75.jpg,C:\Users\Computer\OneDrive\เดสก์ท็อป\imageprocessing-prj\data\train\capsicum\Image_75.jpg,16.6474609375,418,409,1.022,3,JPEG,246.85,224.98,155.45,13.27,98.08,248.1,False
train,capsicum,Image_76.jpg,C:\Users\Computer\OneDrive\เดสก์ท็อป\imageprocessing-prj\data\train\capsicum\Image_76.jpg,58.7109375,640,360,1.7778,3,JPEG,108.42,134.11,65.29,45.8,152.11,143.72,False
train,capsicum,Image_78.jpg,C:\Users\Computer\OneDrive\เดสก์ท็อป\imageprocessing-prj\data\train\capsicum\Image_78.jpg,31.8623046875,310,270,1.1481,3,JPEG,164.64,177.57,154.14,25.38,65.54,177.57,False
train,capsicum,Image_79.JPG,C:\Users\Computer\OneDrive\เดสก์ท็อป\imageprocessing-prj\data\train\capsicum\Image_79.JPG,436.7919921875,1200,1600,0.75,3,JPEG,78.21,115.25,47.22,40.1,156.74,119.4,False
train,capsicum,Image_8.jpg,C:\Users\Computer\OneDrive\เดสก์ท็อป\imageprocessing-prj\data\train\capsicum\Image_8.jpg,1369.9208984375,2256,1504,1.5,3,JPEG,109.39,78.88,55.42,66.44,148.56,118.14,False
train,capsicum,Image_80.jpg,C:\Users\Computer\OneDrive\เดสก์ท็อป\imageprocessing-prj\data\train\capsicum\Image_80.jpg,75.60546875,1000,796,1.2563,3,JPEG,243.36,227.72,202.11,6.25,50.69,243.83,False
train,capsicum,Image_81.jpg,C:\Users\Computer\OneDrive\เดสก์ท็อป\imageprocessing-prj\data\train\capsicum\Image_81.jpg,37.626953125,800,499,1.6032,3,JPEG,222.37,182.97,147.86,38.94,96.8,224.22,False
train,capsicum,Image_82.jpg,C:\Users\Computer\OneDrive\เดสก์ท็อป\imageprocessing-prj\data\train\capsicum\Image_82.jpg,36.9306640625,600,600,1.0,3,JPEG,146.39,71.61,52.16,18.57,167.86,150.28,False
train,capsicum,Image_83.jpg,C:\Users\Computer\OneDrive\เดสก์ท็อป\imageprocessing-prj\data\train\capsicum\Image_83.jpg,15.140625,600,600,1.0,3,JPEG,216.19,178.06,174.3,7.17,69.56,217.13,False
train,capsicum,Image_84.jpg,C:\Users\Computer\OneDrive\เดสก์ท็อป\imageprocessing-prj\data\train\capsicum\Image_84.jpg,60.7412109375,603,339,1.7788,3,JPEG,202.43,93.35,32.4,54.58,223.51,204.99,False
train,capsicum,Image_85.jpg,C:\Users\Computer\OneDrive\เดสก์ท็อป\imageprocessing-prj\data\train\capsicum\Image_85.jpg,235.1650390625,1600,1061,1.508,3,JPEG,184.62,126.96,52.34,26.69,192.83,193.08,False
train,capsicum,Image_86.jpg,C:\Users\Computer\OneDrive\เดสก์ท็อป\imageprocessing-prj\data\train\capsicum\Image_86.jpg,238.5478515625,1600,1083,1.4774,3,JPEG,112.91,145.33,84.28,51.15,136.04,152.38,False
train,capsicum,Image_87.jpg,C:\Users\Computer\OneDrive\เดสก์ท็อป\imageprocessing-prj\data\train\capsicum\Image_87.jpg,29.0849609375,200,300,0.6667,3,JPEG,77.3,72.46,50.41,67.28,150.63,95.38,False
train,capsicum,Image_88.jpeg,C:\Users\Computer\OneDrive\เดสก์ท็อป\imageprocessing-prj\data\train\capsicum\Image_88.jpeg,54.099609375,500,500,1.0,3,JPEG,137.76,100.88,44.36,39.52,167.05,143.14,False
train,capsicum,Image_89.jpg,C:\Users\Computer\OneDrive\เดสก์ท็อป\imageprocessing-prj\data\train\capsicum\Image_89.jpg,83.115234375,600,600,1.0,3,JPEG,215.01,195.7,159.96,14.68,82.35,217.67,False
train,capsicum,Image_9.jpg,C:\Users\Computer\OneDrive\เดสก์ท็อป\imageprocessing-prj\data\train\capsicum\Image_9.jpg,657.0361328125,1125,1688,0.6665,3,JPEG,154.13,101.41,38.63,28.64,202.54,160.5,False
train,capsicum,Image_90.jpg,C:\Users\Computer\OneDrive\เดสก์ท็อป\imageprocessing-prj\data\train\capsicum\Image_90.jpg,32.498046875,600,600,1.0,3,JPEG,143.41,117.52,109.26,85.79,89.92,154.22,False
train,capsicum,Image_92.jpg,C:\Users\Computer\OneDrive\เดสก์ท็อป\imageprocessing-prj\data\train\capsicum\Image_92.jpg,12.3095703125,250,250,1.0,3,JPEG,237.19,194.99,185.99,8.69,65.96,237.65,False
train,capsicum,Image_93.jpg,C:\Users\Computer\OneDrive\เดสก์ท็อป\imageprocessing-prj\data\train\capsicum\Image_93.jpg,107.8583984375,1024,900,1.1378,3,JPEG,158.27,102.28,89.06,32.36,113.8,158.8,False
train,capsicum,Image_95.png,C:\Users\Computer\OneDrive\เดสก์ท็อป\imageprocessing-prj\data\train\capsicum\Image_95.png,30.7919921875,500,500,1.0,3,PNG,97.33,70.28,3.61,8.95,101.65,97.38,False
train,capsicum,Image_96.JPG,C:\Users\Computer\OneDrive\เดสก์ท็อป\imageprocessing-prj\data\train\capsicum\Image_96.JPG,1461.5078125,1290,1720,0.75,3,JPEG,115.12,123.84,67.04,43.44,146.11,145.33,False
train,capsicum,Image_97.jpg,C:\Users\Computer\OneDrive\เดสก์ท็อป\imageprocessing-prj\data\train\capsicum\Image_97.jpg,170.44140625,500,677,0.7386,3,JPEG,93.92,131.52,58.9,49.83,161.02,132.32,False
train,capsicum,Image_98.jpg,C:\Users\Computer\OneDrive\เดสก์ท็อป\imageprocessing-prj\data\train\capsicum\Image_98.jpg,232.4912109375,1396,785,1.7783,3,JPEG,174.93,117.83,22.93,32.17,227.47,182.13,False
train,capsicum,Image_99.jpg,C:\Users\Computer\OneDrive\เดสก์ท็อป\imageprocessing-prj\data\train\capsicum\Image_99.jpg,527.05859375,1300,1300,1.0,3,JPEG,217.87,227.71,208.0,10.32,38.56,227.72,False
train,carrot,Image_1.jpg,C:\Users\Computer\OneDrive\เดสก์ท็อป\imageprocessing-prj\data\train\carrot\Image_1.jpg,190.7275390625,1280,720,1.7778,3,JPEG,124.49,77.17,25.43,22.37,209.52,132.99,False
train,carrot,Image_10.jpeg,C:\Users\Computer\OneDrive\เดสก์ท็อป\imageprocessing-prj\data\train\carrot\Image_10.jpeg,80.6474609375,616,924,0.6667,3,JPEG,109.75,98.76,76.08,45.47,97.71,122.02,False
train,carrot,Image_100.jpg,C:\Users\Computer\OneDrive\เดสก์ท็อป\imageprocessing-prj\data\train\carrot\Image_100.jpg,76.482421875,1280,720,1.7778,3,JPEG,242.61,211.91,175.72,14.96,77.16,245.87,False
train,carrot,Image_11.jpg,C:\Users\Computer\OneDrive\เดสก์ท็อป\imageprocessing-prj\data\train\carrot\Image_11.jpg,1928.74609375,2000,1334,1.4993,3,JPEG,135.21,78.45,46.98,13.51,164.28,136.62,False
train,carrot,Image_12.jpg,C:\Users\Computer\OneDrive\เดสก์ท็อป\imageprocessing-prj\data\train\carrot\Image_12.jpg,96.7470703125,950,950,1.0,3,JPEG,200.43,109.19,60.31,38.57,177.94,200.92,False
train,carrot,Image_13.jpg,C:\Users\Computer\OneDrive\เดสก์ท็อป\imageprocessing-prj\data\train\carrot\Image_13.jpg,127.33203125,393,800,0.4913,3,JPEG,237.44,234.34,219.21,10.1,30.53,242.67,False
train,carrot,Image_14.jpeg,C:\Users\Computer\OneDrive\เดสก์ท็อป\imageprocessing-prj\data\train\carrot\Image_14.jpeg,221.2333984375,1280,960,1.3333,3,JPEG,92.56,75.36,37.65,38.05,168.88,109.83,False
train,carrot,Image_15.jpg,C:\Users\Computer\OneDrive\เดสก์ท็อป\imageprocessing-prj\data\train\carrot\Image_15.jpg,204.431640625,1600,1523,1.0506,3,JPEG,191.04,169.33,144.02,29.42,65.15,194.85,False
train,carrot,Image_17.jpeg,C:\Users\Computer\OneDrive\เดสก์ท็อป\imageprocessing-prj\data\train\carrot\Image_17.jpeg,17.7109375,256,256,1.0,3,JPEG,171.78,82.25,36.42,14.76,207.53,172.59,False
train,carrot,Image_2.jpg,C:\Users\Computer\OneDrive\เดสก์ท็อป\imageprocessing-prj\data\train\carrot\Image_2.jpg,103.40234375,1600,1250,1.28,3,JPEG,252.06,232.93,217.48,3.92,36.92,252.6,False
train,carrot,Image_20.jpg,C:\Users\Computer\OneDrive\เดสก์ท็อป\imageprocessing-prj\data\train\carrot\Image_20.jpg,21.798828125,400,300,1.3333,3,JPEG,209.98,146.91,91.07,18.39,144.17,212.6,False
train,carrot,Image_23.jpg,C:\Users\Computer\OneDrive\เดสก์ท็อป\imageprocessing-prj\data\train\carrot\Image_23.jpg,178.4345703125,1000,917,1.0905,3,JPEG,145.67,108.75,38.78,26.79,199.72,159.92,False
train,carrot,Image_24.jpg,C:\Users\Computer\OneDrive\เดสก์ท็อป\imageprocessing-prj\data\train\carrot\Image_24.jpg,88.951171875,300,300,1.0,3,JPEG,152.48,94.65,39.64,24.37,179.87,161.31,False
train,carrot,Image_25.jpg,C:\Users\Computer\OneDrive\เดสก์ท็อป\imageprocessing-prj\data\train\carrot\Image_25.jpg,37.3564453125,1024,578,1.7716,3,JPEG,247.5,227.02,210.14,10.66,41.97,248.03,False
train,carrot,Image_26.jpg,C:\Users\Computer\OneDrive\เดสก์ท็อป\imageprocessing-prj\data\train\carrot\Image_26.jpg,495.5283203125,2048,2048,1.0,3,JPEG,231.89,231.0,221.45,9.68,26.72,236.2,False
train,carrot,Image_27.jpg,C:\Users\Computer\OneDrive\เดสก์ท็อป\imageprocessing-prj\data\train\carrot\Image_27.jpg,118.1357421875,1600,977,1.6377,3,JPEG,197.75,186.84,167.71,49.6,44.52,200.56,False
train,carrot,Image_28.jpg,C:\Users\Computer\OneDrive\เดสก์ท็อป\imageprocessing-prj\data\train\carrot\Image_28.jpg,42.296875,1280,720,1.7778,3,JPEG,251.27,247.65,240.97,2.77,12.74,251.71,False
train,carrot,Image_29.jpg,C:\Users\Computer\OneDrive\เดสก์ท็อป\imageprocessing-prj\data\train\carrot\Image_29.jpg,44.609375,1500,1500,1.0,3,JPEG,251.2,227.41,209.96,3.76,44.43,252.23,False
train,carrot,Image_3.jpg,C:\Users\Computer\OneDrive\เดสก์ท็อป\imageprocessing-prj\data\train\carrot\Image_3.jpg,373.0419921875,1920,1275,1.5059,3,JPEG,165.66,165.67,146.5,34.4,54.46,171.7,False
train,carrot,Image_31.jpg,C:\Users\Computer\OneDrive\เดสก์ท็อป\imageprocessing-prj\data\train\carrot\Image_31.jpg,682.5595703125,1180,1124,1.0498,3,JPEG,231.84,207.3,193.48,8.8,55.08,232.26,False
train,carrot,Image_32.jpg,C:\Users\Computer\OneDrive\เดสก์ท็อป\imageprocessing-prj\data\train\carrot\Image_32.jpg,152.5986328125,900,950,0.9474,3,JPEG,128.18,89.81,44.03,25.76,161.11,133.68,False
train,carrot,Image_34.jpg,C:\Users\Computer\OneDrive\เดสก์ท็อป\imageprocessing-prj\data\train\carrot\Image_34.jpg,49.3603515625,1000,1000,1.0,3,JPEG,232.44,224.2,214.15,7.47,33.14,236.34,False
train,carrot,Image_35.jpg,C:\Users\Computer\OneDrive\เดสก์ท็อป\imageprocessing-prj\data\train\carrot\Image_35.jpg,189.6162109375,1024,683,1.4993,3,JPEG,247.29,223.48,206.06,4.36,45.72,247.4,False
train,carrot,Image_36.jpg,C:\Users\Computer\OneDrive\เดสก์ท็อป\imageprocessing-prj\data\train\carrot\Image_36.jpg,53.701171875,1300,828,1.57,3,JPEG,249.24,233.9,221.13,64.63,31.92,250.4,False
train,carrot,Image_37.jpg,C:\Users\Computer\OneDrive\เดสก์ท็อป\imageprocessing-prj\data\train\carrot\Image_37.jpg,257.3818359375,955,503,1.8986,3,JPEG,248.73,222.99,200.45,10.09,51.69,249.43,False
train,carrot,Image_40.jpg,C:\Users\Computer\OneDrive\เดสก์ท็อป\imageprocessing-prj\data\train\carrot\Image_40.jpg,71.3662109375,703,1300,0.5408,3,JPEG,220.6,222.9,207.65,15.41,39.61,230.63,False
train,carrot,Image_41.jpg,C:\Users\Computer\OneDrive\เดสก์ท็อป\imageprocessing-prj\data\train\carrot\Image_41.jpg,28.5849609375,626,343,1.8251,3,JPEG,244.97,226.57,200.36,9.61,54.0,248.97,False
train,carrot,Image_42.jpg,C:\Users\Computer\OneDrive\เดสก์ท็อป\imageprocessing-prj\data\train\carrot\Image_42.jpg,170.9599609375,682,1024,0.666,3,JPEG,240.5,239.13,232.48,5.51,16.07,241.74,False
train,carrot,Image_44.png,C:\Users\Computer\OneDrive\เดสก์ท็อป\imageprocessing-prj\data\train\carrot\Image_44.png,539.9052734375,1024,1024,1.0,3,PNG,249.15,222.93,202.99,7.31,50.37,249.39,False
train,carrot,Image_46.jpg,C:\Users\Computer\OneDrive\เดสก์ท็อป\imageprocessing-prj\data\train\carrot\Image_46.jpg,52.5439453125,819,585,1.4,3,JPEG,246.05,222.75,200.62,9.37,51.16,247.19,False
train,carrot,Image_47.jpg,C:\Users\Computer\OneDrive\เดสก์ท็อป\imageprocessing-prj\data\train\carrot\Image_47.jpg,126.7158203125,558,600,0.93,3,JPEG,249.13,228.04,214.51,10.98,37.84,249.68,False
train,carrot,Image_49.jpg,C:\Users\Computer\OneDrive\เดสก์ท็อป\imageprocessing-prj\data\train\carrot\Image_49.jpg,3884.8818359375,3888,2592,1.5,3,JPEG,177.88,115.11,75.38,34.42,123.39,180.96,False
train,carrot,Image_5.jpg,C:\Users\Computer\OneDrive\เดสก์ท็อป\imageprocessing-prj\data\train\carrot\Image_5.jpg,57.1376953125,953,1300,0.7331,3,JPEG,251.24,241.62,229.97,3.47,23.08,251.88,False
train,carrot,Image_50.jpg,C:\Users\Computer\OneDrive\เดสก์ท็อป\imageprocessing-prj\data\train\carrot\Image_50.jpg,34.8759765625,324,235,1.3787,3,JPEG,130.03,93.29,48.5,20.5,166.12,134.33,False
train,carrot,Image_51.jpg,C:\Users\Computer\OneDrive\เดสก์ท็อป\imageprocessing-prj\data\train\carrot\Image_51.jpg,26.2080078125,264,312,0.8462,3,JPEG,156.04,76.17,38.02,21.14,193.29,157.77,False
train,carrot,Image_52.jpg,C:\Users\Computer\OneDrive\เดสก์ท็อป\imageprocessing-prj\data\train\carrot\Image_52.jpg,81.177734375,700,700,1.0,3,JPEG,172.76,111.85,44.19,25.53,199.1,188.53,False
train,carrot,Image_53.jpg,C:\Users\Computer\OneDrive\เดสก์ท็อป\imageprocessing-prj\data\train\carrot\Image_53.jpg,50.4169921875,1156,1500,0.7707,3,JPEG,252.74,239.64,226.4,3.76,28.34,253.3,False
train,carrot,Image_54.jpg,C:\Users\Computer\OneDrive\เดสก์ท็อป\imageprocessing-prj\data\train\carrot\Image_54.jpg,97.775390625,720,720,1.0,3,JPEG,150.76,84.72,36.25,31.39,185.62,159.16,False
train,carrot,Image_55.jpg,C:\Users\Computer\OneDrive\เดสก์ท็อป\imageprocessing-prj\data\train\carrot\Image_55.jpg,188.2724609375,900,950,0.9474,3,JPEG,147.39,112.54,69.78,19.44,141.88,152.91,False
train,carrot,Image_56.jpg,C:\Users\Computer\OneDrive\เดสก์ท็อป\imageprocessing-prj\data\train\carrot\Image_56.jpg,3110.50390625,3072,2048,1.5,3,JPEG,137.89,86.87,46.94,27.38,161.56,143.05,False
train,carrot,Image_57.jpg,C:\Users\Computer\OneDrive\เดสก์ท็อป\imageprocessing-prj\data\train\carrot\Image_57.jpg,98.8193359375,720,720,1.0,3,JPEG,176.4,102.0,46.66,20.4,177.49,179.9,False
train,carrot,Image_58.jpg,C:\Users\Computer\OneDrive\เดสก์ท็อป\imageprocessing-prj\data\train\carrot\Image_58.jpg,719.9140625,1208,857,1.4096,3,JPEG,143.3,93.09,41.6,32.1,170.3,144.88,False
train,carrot,Image_59.jpg,C:\Users\Computer\OneDrive\เดสก์ท็อป\imageprocessing-prj\data\train\carrot\Image_59.jpg,280.40625,1200,1806,0.6645,3,JPEG,221.91,210.42,179.44,17.18,72.94,236.96,False
train,carrot,Image_6.jpg,C:\Users\Computer\OneDrive\เดสก์ท็อป\imageprocessing-prj\data\train\carrot\Image_6.jpg,334.2724609375,1600,1066,1.5009,3,JPEG,183.72,125.61,95.52,51.27,133.95,185.06,False
train,carrot,Image_60.jpg,C:\Users\Computer\OneDrive\เดสก์ท็อป\imageprocessing-prj\data\train\carrot\Image_60.jpg,66.7392578125,1000,1000,1.0,3,JPEG,245.82,234.02,223.85,4.49,29.71,246.22,False
train,carrot,Image_61.jpg,C:\Users\Computer\OneDrive\เดสก์ท็อป\imageprocessing-prj\data\train\carrot\Image_61.jpg,378.76171875,1100,1100,1.0,3,JPEG,154.87,124.14,95.59,30.26,135.6,169.18,False
train,carrot,Image_62.png,C:\Users\Computer\OneDrive\เดสก์ท็อป\imageprocessing-prj\data\train\carrot\Image_62.png,3092.7900390625,2972,1820,1.633,3,PNG,244.39,221.14,196.01,6.02,55.77,245.16,False
train,carrot,Image_63.jpg,C:\Users\Computer\OneDrive\เดสก์ท็อป\imageprocessing-prj\data\train\carrot\Image_63.jpg,1842.0166015625,2592,1936,1.3388,3,JPEG,171.26,111.1,88.15,51.69,139.1,178.62,False
train,carrot,Image_64.jpg,C:\Users\Computer\OneDrive\เดสก์ท็อป\imageprocessing-prj\data\train\carrot\Image_64.jpg,168.3349609375,630,946,0.666,3,JPEG,222.35,223.93,199.76,18.91,48.1,230.79,False
train,carrot,Image_65.jpg,C:\Users\Computer\OneDrive\เดสก์ท็อป\imageprocessing-prj\data\train\carrot\Image_65.jpg,63.029296875,900,950,0.9474,3,JPEG,166.53,105.12,67.26,12.51,151.67,166.89,False
train,carrot,Image_66.jpg,C:\Users\Computer\OneDrive\เดสก์ท็อป\imageprocessing-prj\data\train\carrot\Image_66.jpg,89.41015625,750,500,1.5,3,JPEG,214.3,133.23,81.72,12.85,160.69,214.34,False
train,carrot,Image_67.jpg,C:\Users\Computer\OneDrive\เดสก์ท็อป\imageprocessing-prj\data\train\carrot\Image_67.jpg,112.8974609375,1024,1024,1.0,3,JPEG,147.31,119.85,55.37,26.2,161.43,154.67,False
train,carrot,Image_68.png,C:\Users\Computer\OneDrive\เดสก์ท็อป\imageprocessing-prj\data\train\carrot\Image_68.png,23.4501953125,486,486,1.0,3,PNG,248.83,238.45,227.55,2.95,26.0,249.43,False
train,carrot,Image_69.jpg,C:\Users\Computer\OneDrive\เดสก์ท็อป\imageprocessing-prj\data\train\carrot\Image_69.jpg,33.734375,264,312,0.8462,3,JPEG,168.93,95.74,53.73,18.73,172.06,169.77,False
train,carrot,Image_7.jpg,C:\Users\Computer\OneDrive\เดสก์ท็อป\imageprocessing-prj\data\train\carrot\Image_7.jpg,76.482421875,1280,720,1.7778,3,JPEG,242.61,211.91,175.72,14.96,77.16,245.87,False
train,carrot,Image_70.jpg,C:\Users\Computer\OneDrive\เดสก์ท็อป\imageprocessing-prj\data\train\carrot\Image_70.jpg,34.16796875,500,500,1.0,3,JPEG,152.8,87.45,52.3,21.8,158.2,153.35,False
train,carrot,Image_71.jpg,C:\Users\Computer\OneDrive\เดสก์ท็อป\imageprocessing-prj\data\train\carrot\Image_71.jpg,37.35546875,243,400,0.6075,3,JPEG,121.54,115.04,93.56,35.42,136.74,145.61,False
train,carrot,Image_72.jpg,C:\Users\Computer\OneDrive\เดสก์ท็อป\imageprocessing-prj\data\train\carrot\Image_72.jpg,123.5322265625,1000,750,1.3333,3,JPEG,168.08,93.25,55.6,14.52,176.27,171.64,False
train,carrot,Image_73.jpeg,C:\Users\Computer\OneDrive\เดสก์ท็อป\imageprocessing-prj\data\train\carrot\Image_73.jpeg,44.1708984375,400,483,0.8282,3,JPEG,160.44,126.32,76.04,36.55,146.89,177.36,False
train,carrot,Image_75.jpg,C:\Users\Computer\OneDrive\เดสก์ท็อป\imageprocessing-prj\data\train\carrot\Image_75.jpg,87.267578125,700,467,1.4989,3,JPEG,172.8,138.59,102.29,19.82,115.68,174.99,False
train,carrot,Image_76.jpg,C:\Users\Computer\OneDrive\เดสก์ท็อป\imageprocessing-prj\data\train\carrot\Image_76.jpg,115.8173828125,900,950,0.9474,3,JPEG,106.16,74.23,45.73,16.83,173.75,106.89,False
train,carrot,Image_77.jpg,C:\Users\Computer\OneDrive\เดสก์ท็อป\imageprocessing-prj\data\train\carrot\Image_77.jpg,757.82421875,900,600,1.5,3,JPEG,116.39,94.37,57.83,20.32,129.58,121.46,False
train,carrot,Image_78.jpg,C:\Users\Computer\OneDrive\เดสก์ท็อป\imageprocessing-prj\data\train\carrot\Image_78.jpg,143.193359375,800,800,1.0,3,JPEG,243.62,226.69,210.81,8.13,39.62,245.07,False
train,carrot,Image_79.jpg,C:\Users\Computer\OneDrive\เดสก์ท็อป\imageprocessing-prj\data\train\carrot\Image_79.jpg,112.220703125,685,952,0.7195,3,JPEG,233.76,225.31,206.5,25.29,35.53,234.39,False
train,carrot,Image_8.JPG,C:\Users\Computer\OneDrive\เดสก์ท็อป\imageprocessing-prj\data\train\carrot\Image_8.JPG,179.58984375,960,1280,0.75,3,JPEG,169.57,132.28,78.12,21.16,148.63,175.16,False
train,carrot,Image_80.png,C:\Users\Computer\OneDrive\เดสก์ท็อป\imageprocessing-prj\data\train\carrot\Image_80.png,1619.19140625,1917,1155,1.6597,3,PNG,97.16,53.71,36.07,3.76,69.66,97.16,False
train,carrot,Image_81.jpg,C:\Users\Computer\OneDrive\เดสก์ท็อป\imageprocessing-prj\data\train\carrot\Image_81.jpg,50.5029296875,600,450,1.3333,3,JPEG,182.71,125.93,84.92,19.39,134.39,184.85,False
train,carrot,Image_82.jpg,C:\Users\Computer\OneDrive\เดสก์ท็อป\imageprocessing-prj\data\train\carrot\Image_82.jpg,9512.1171875,3008,2000,1.504,3,PNG,98.32,83.98,70.85,50.84,99.55,107.99,False
train,carrot,Image_83.jpg,C:\Users\Computer\OneDrive\เดสก์ท็อป\imageprocessing-prj\data\train\carrot\Image_83.jpg,48.673828125,600,450,1.3333,3,JPEG,191.73,170.88,114.65,20.93,106.49,194.05,False
train,carrot,Image_84.jpg,C:\Users\Computer\OneDrive\เดสก์ท็อป\imageprocessing-prj\data\train\carrot\Image_84.jpg,18.892578125,700,315,2.2222,3,JPEG,246.08,200.18,171.61,8.68,81.22,246.15,False
train,carrot,Image_85.jpg,C:\Users\Computer\OneDrive\เดสก์ท็อป\imageprocessing-prj\data\train\carrot\Image_85.jpg,18.4228515625,300,300,1.0,3,JPEG,143.98,104.87,63.01,32.49,160.44,151.54,False
train,carrot,Image_86.jpg,C:\Users\Computer\OneDrive\เดสก์ท็อป\imageprocessing-prj\data\train\carrot\Image_86.jpg,65.2978515625,600,600,1.0,3,JPEG,160.7,106.98,41.16,26.84,192.96,176.06,False
train,carrot,Image_88.jpg,C:\Users\Computer\OneDrive\เดสก์ท็อป\imageprocessing-prj\data\train\carrot\Image_88.jpg,212.998046875,940,622,1.5113,3,JPEG,100.74,133.56,66.3,59.76,125.9,141.89,False
train,carrot,Image_89.jpg,C:\Users\Computer\OneDrive\เดสก์ท็อป\imageprocessing-prj\data\train\carrot\Image_89.jpg,129.9013671875,1103,1300,0.8485,3,JPEG,236.86,238.46,218.46,7.89,34.34,243.85,False
train,carrot,Image_9.jpg,C:\Users\Computer\OneDrive\เดสก์ท็อป\imageprocessing-prj\data\train\carrot\Image_9.jpg,200.0400390625,1280,720,1.7778,3,JPEG,204.73,111.08,54.3,29.18,187.3,205.49,False
train,carrot,Image_90.jpg,C:\Users\Computer\OneDrive\เดสก์ท็อป\imageprocessing-prj\data\train\carrot\Image_90.jpg,76.7890625,500,500,1.0,3,JPEG,162.37,121.75,82.47,22.34,133.71,166.57,False
train,carrot,Image_91.jpg,C:\Users\Computer\OneDrive\เดสก์ท็อป\imageprocessing-prj\data\train\carrot\Image_91.jpg,62.408203125,1000,562,1.7794,3,JPEG,116.92,102.77,119.76,71.63,130.13,159.79,False
train,carrot,Image_93.jpg,C:\Users\Computer\OneDrive\เดสก์ท็อป\imageprocessing-prj\data\train\carrot\Image_93.jpg,66.7041015625,375,500,0.75,3,JPEG,213.97,120.3,72.61,15.08,167.81,215.1,False
train,carrot,Image_94.jpg,C:\Users\Computer\OneDrive\เดสก์ท็อป\imageprocessing-prj\data\train\carrot\Image_94.jpg,190.7275390625,1280,720,1.7778,3,JPEG,124.49,77.17,25.43,22.37,209.52,132.99,False
train,carrot,Image_96.jpg,C:\Users\Computer\OneDrive\เดสก์ท็อป\imageprocessing-prj\data\train\carrot\Image_96.jpg,373.0419921875,1920,1275,1.5059,3,JPEG,165.66,165.67,146.5,34.4,54.46,171.7,False
train,carrot,Image_98.jpg,C:\Users\Computer\OneDrive\เดสก์ท็อป\imageprocessing-prj\data\train\carrot\Image_98.jpg,57.1376953125,953,1300,0.7331,3,JPEG,251.24,241.62,229.97,3.47,23.08,251.88,False
train,carrot,Image_99.jpg,C:\Users\Computer\OneDrive\เดสก์ท็อป\imageprocessing-prj\data\train\carrot\Image_99.jpg,334.2724609375,1600,1066,1.5009,3,JPEG,183.72,125.61,95.52,51.27,133.95,185.06,False
train,cauliflower,Image_1.jpg,C:\Users\Computer\OneDrive\เดสก์ท็อป\imageprocessing-prj\data\train\cauliflower\Image_1.jpg,361.0693359375,1456,2184,0.6667,3,JPEG,171.68,150.06,100.87,21.71,123.71,172.44,False
train,cauliflower,Image_10.jpg,C:\Users\Computer\OneDrive\เดสก์ท็อป\imageprocessing-prj\data\train\cauliflower\Image_10.jpg,285.0537109375,2583,1956,1.3206,3,JPEG,107.48,122.2,91.81,49.33,88.17,125.02,False
train,cauliflower,Image_100.jpg,C:\Users\Computer\OneDrive\เดสก์ท็อป\imageprocessing-prj\data\train\cauliflower\Image_100.jpg,90.248046875,800,900,0.8889,3,JPEG,211.58,218.84,199.91,23.07,40.27,219.72,False
train,cauliflower,Image_11.jpg,C:\Users\Computer\OneDrive\เดสก์ท็อป\imageprocessing-prj\data\train\cauliflower\Image_11.jpg,330.662109375,1500,1341,1.1186,3,JPEG,216.71,206.18,164.46,20.84,70.98,217.81,False
train,cauliflower,Image_12.jpg,C:\Users\Computer\OneDrive\เดสก์ท็อป\imageprocessing-prj\data\train\cauliflower\Image_12.jpg,74.2978515625,850,732,1.1612,3,JPEG,184.93,184.6,173.33,65.16,51.92,197.54,False
train,cauliflower,Image_13.jpg,C:\Users\Computer\OneDrive\เดสก์ท็อป\imageprocessing-prj\data\train\cauliflower\Image_13.jpg,161.4375,1000,1000,1.0,3,JPEG,85.42,107.08,79.1,52.68,94.52,107.72,False
train,cauliflower,Image_14.jpg,C:\Users\Computer\OneDrive\เดสก์ท็อป\imageprocessing-prj\data\train\cauliflower\Image_14.jpg,722.5498046875,2048,1360,1.5059,3,JPEG,123.15,145.6,84.61,42.68,129.91,146.18,False
train,cauliflower,Image_15.jpg,C:\Users\Computer\OneDrive\เดสก์ท็อป\imageprocessing-prj\data\train\cauliflower\Image_15.jpg,142.8974609375,1600,1158,1.3817,3,JPEG,78.02,73.32,66.01,62.89,67.02,81.29,False
train,cauliflower,Image_16.jpg,C:\Users\Computer\OneDrive\เดสก์ท็อป\imageprocessing-prj\data\train\cauliflower\Image_16.jpg,751.15234375,1600,1065,1.5023,3,JPEG,101.29,132.33,84.48,50.17,119.78,135.88,False
train,cauliflower,Image_17.jpg,C:\Users\Computer\OneDrive\เดสก์ท็อป\imageprocessing-prj\data\train\cauliflower\Image_17.jpg,114.1337890625,1200,933,1.2862,3,JPEG,226.52,225.06,194.66,15.61,45.28,228.3,False
train,cauliflower,Image_18.jpg,C:\Users\Computer\OneDrive\เดสก์ท็อป\imageprocessing-prj\data\train\cauliflower\Image_18.jpg,194.8291015625,1500,1125,1.3333,3,JPEG,172.21,155.5,125.97,22.44,74.81,172.56,False
train,cauliflower,Image_19.jpg,C:\Users\Computer\OneDrive\เดสก์ท็อป\imageprocessing-prj\data\train\cauliflower\Image_19.jpg,150.5869140625,1200,1197,1.0025,3,JPEG,210.66,218.41,185.03,20.72,50.04,219.09,False
train,cauliflower,Image_2.jpg,C:\Users\Computer\OneDrive\เดสก์ท็อป\imageprocessing-prj\data\train\cauliflower\Image_2.jpg,869.9736328125,3276,3276,1.0,3,JPEG,218.1,220.47,198.8,18.44,38.1,223.4,False
train,cauliflower,Image_20.jpg,C:\Users\Computer\OneDrive\เดสก์ท็อป\imageprocessing-prj\data\train\cauliflower\Image_20.jpg,647.232421875,2450,2075,1.1807,3,JPEG,122.19,137.25,97.2,40.76,91.6,137.52,False
train,cauliflower,Image_21.png,C:\Users\Computer\OneDrive\เดสก์ท็อป\imageprocessing-prj\data\train\cauliflower\Image_21.png,289.5712890625,600,494,1.2146,3,PNG,111.36,108.9,90.3,12.55,33.99,112.75,False
train,cauliflower,Image_22.jpg,C:\Users\Computer\OneDrive\เดสก์ท็อป\imageprocessing-prj\data\train\cauliflower\Image_22.jpg,30.3837890625,400,400,1.0,3,JPEG,221.03,225.78,198.38,20.73,43.73,228.68,False
train,cauliflower,Image_23.jpg,C:\Users\Computer\OneDrive\เดสก์ท็อป\imageprocessing-prj\data\train\cauliflower\Image_23.jpg,50.763671875,695,1024,0.6787,3,JPEG,171.59,177.77,168.27,69.22,48.34,185.63,False
train,cauliflower,Image_24.jpg,C:\Users\Computer\OneDrive\เดสก์ท็อป\imageprocessing-prj\data\train\cauliflower\Image_24.jpg,170.4453125,1280,960,1.3333,3,JPEG,116.35,144.3,107.48,53.69,80.73,145.08,False
train,cauliflower,Image_25.JPG,C:\Users\Computer\OneDrive\เดสก์ท็อป\imageprocessing-prj\data\train\cauliflower\Image_25.JPG,8.673828125,172,189,0.9101,3,JPEG,212.55,207.81,165.56,33.26,70.2,215.25,False
train,cauliflower,Image_26.jpg,C:\Users\Computer\OneDrive\เดสก์ท็อป\imageprocessing-prj\data\train\cauliflower\Image_26.jpg,416.98828125,2000,1500,1.3333,3,JPEG,125.42,116.41,93.99,19.61,84.59,127.73,False
train,cauliflower,Image_27.jpg,C:\Users\Computer\OneDrive\เดสก์ท็อป\imageprocessing-prj\data\train\cauliflower\Image_27.jpg,1010.91015625,1499,1123,1.3348,3,JPEG,136.57,145.28,124.09,54.08,74.23,148.44,False
train,cauliflower,Image_28.jpg,C:\Users\Computer\OneDrive\เดสก์ท็อป\imageprocessing-prj\data\train\cauliflower\Image_28.jpg,68.7890625,750,750,1.0,3,JPEG,236.41,229.25,214.14,12.08,27.89,236.7,False
train,cauliflower,Image_29.jpg,C:\Users\Computer\OneDrive\เดสก์ท็อป\imageprocessing-prj\data\train\cauliflower\Image_29.jpg,40.689453125,500,500,1.0,3,JPEG,231.75,228.57,208.15,14.23,35.39,233.19,False
train,cauliflower,Image_3.jpg,C:\Users\Computer\OneDrive\เดสก์ท็อป\imageprocessing-prj\data\train\cauliflower\Image_3.jpg,288.4541015625,2000,1000,2.0,3,JPEG,224.23,222.59,198.04,16.95,38.73,226.16,False
train,cauliflower,Image_30.jpg,C:\Users\Computer\OneDrive\เดสก์ท็อป\imageprocessing-prj\data\train\cauliflower\Image_30.jpg,127.2470703125,420,400,1.05,3,JPEG,202.01,199.67,163.95,20.79,67.2,205.63,False
train,cauliflower,Image_31.jpg,C:\Users\Computer\OneDrive\เดสก์ท็อป\imageprocessing-prj\data\train\cauliflower\Image_31.jpg,912.2421875,3441,2327,1.4787,3,JPEG,146.23,149.11,112.03,55.37,87.46,161.98,False
train,cauliflower,Image_32.jpg,C:\Users\Computer\OneDrive\เดสก์ท็อป\imageprocessing-prj\data\train\cauliflower\Image_32.jpg,103.2880859375,903,600,1.505,3,JPEG,110.1,122.29,94.31,55.1,105.8,125.1,False
train,cauliflower,Image_33.png,C:\Users\Computer\OneDrive\เดสก์ท็อป\imageprocessing-prj\data\train\cauliflower\Image_33.png,510.7724609375,872,481,1.8129,3,PNG,224.42,224.56,205.03,27.28,30.22,226.96,False
train,cauliflower,Image_34.JPG,C:\Users\Computer\OneDrive\เดสก์ท็อป\imageprocessing-prj\data\train\cauliflower\Image_34.JPG,250.6005859375,1600,1067,1.4995,3,JPEG,99.45,118.92,67.1,42.15,134.96,119.42,False
train,cauliflower,Image_35.jpg,C:\Users\Computer\OneDrive\เดสก์ท็อป\imageprocessing-prj\data\train\cauliflower\Image_35.jpg,40.8671875,300,300,1.0,3,JPEG,108.56,112.92,116.7,89.32,54.52,123.7,False
train,cauliflower,Image_36.jpg,C:\Users\Computer\OneDrive\เดสก์ท็อป\imageprocessing-prj\data\train\cauliflower\Image_36.jpg,344.9033203125,1559,1294,1.2048,3,JPEG,203.38,199.34,171.82,50.51,55.04,208.34,False
train,cauliflower,Image_37.jpg,C:\Users\Computer\OneDrive\เดสก์ท็อป\imageprocessing-prj\data\train\cauliflower\Image_37.jpg,84.177734375,1100,734,1.4986,3,JPEG,146.32,158.32,134.51,50.53,68.36,161.19,False
train,cauliflower,Image_38.jpg,C:\Users\Computer\OneDrive\เดสก์ท็อป\imageprocessing-prj\data\train\cauliflower\Image_38.jpg,25.0703125,610,358,1.7039,3,JPEG,215.59,218.83,185.14,28.99,50.72,222.41,False
train,cauliflower,Image_39.png,C:\Users\Computer\OneDrive\เดสก์ท็อป\imageprocessing-prj\data\train\cauliflower\Image_39.png,142.455078125,190,190,1.0,3,PNG,216.64,209.82,187.91,14.08,49.14,218.52,False
train,cauliflower,Image_4.jpg,C:\Users\Computer\OneDrive\เดสก์ท็อป\imageprocessing-prj\data\train\cauliflower\Image_4.jpg,90.248046875,800,900,0.8889,3,JPEG,211.58,218.84,199.91,23.07,40.27,219.72,False
train,cauliflower,Image_40.jpg,C:\Users\Computer\OneDrive\เดสก์ท็อป\imageprocessing-prj\data\train\cauliflower\Image_40.jpg,90.224609375,1250,833,1.5006,3,JPEG,184.76,168.11,136.95,75.88,105.82,192.64,False
train,cauliflower,Image_41.jpg,C:\Users\Computer\OneDrive\เดสก์ท็อป\imageprocessing-prj\data\train\cauliflower\Image_41.jpg,22.1767578125,355,355,1.0,3,JPEG,220.01,217.16,181.48,21.52,58.83,222.68,False
train,cauliflower,Image_42.jpg,C:\Users\Computer\OneDrive\เดสก์ท็อป\imageprocessing-prj\data\train\cauliflower\Image_42.jpg,289.0830078125,1600,900,1.7778,3,JPEG,96.53,113.15,73.88,41.65,129.99,120.05,False
train,cauliflower,Image_43.jpg,C:\Users\Computer\OneDrive\เดสก์ท็อป\imageprocessing-prj\data\train\cauliflower\Image_43.jpg,432.095703125,1600,1200,1.3333,3,JPEG,139.14,128.62,95.47,57.67,108.55,148.48,False
train,cauliflower,Image_44.jpg,C:\Users\Computer\OneDrive\เดสก์ท็อป\imageprocessing-prj\data\train\cauliflower\Image_44.jpg,402.40234375,800,1038,0.7707,3,JPEG,183.81,165.39,176.37,90.03,51.55,186.24,False
train,cauliflower,Image_47.jpg,C:\Users\Computer\OneDrive\เดสก์ท็อป\imageprocessing-prj\data\train\cauliflower\Image_47.jpg,68.046875,1889,1417,1.3331,3,JPEG,198.32,169.53,107.12,21.56,126.59,198.83,False
train,cauliflower,Image_48.png,C:\Users\Computer\OneDrive\เดสก์ท็อป\imageprocessing-prj\data\train\cauliflower\Image_48.png,400.13671875,600,430,1.3953,3,PNG,218.15,222.08,185.17,20.82,53.59,225.84,False
train,cauliflower,Image_49.jpg,C:\Users\Computer\OneDrive\เดสก์ท็อป\imageprocessing-prj\data\train\cauliflower\Image_49.jpg,188.6728515625,1400,1000,1.4,3,JPEG,113.51,106.46,83.94,20.06,87.56,116.16,False
train,cauliflower,Image_5.JPG,C:\Users\Computer\OneDrive\เดสก์ท็อป\imageprocessing-prj\data\train\cauliflower\Image_5.JPG,1883.765625,3006,2933,1.0249,3,JPEG,114.51,108.67,95.41,38.59,73.13,120.65,False
train,cauliflower,Image_50.jpg,C:\Users\Computer\OneDrive\เดสก์ท็อป\imageprocessing-prj\data\train\cauliflower\Image_50.jpg,569.439453125,1000,667,1.4993,3,JPEG,199.28,190.82,172.5,32.48,68.94,201.95,False
train,cauliflower,Image_52.png,C:\Users\Computer\OneDrive\เดสก์ท็อป\imageprocessing-prj\data\train\cauliflower\Image_52.png,481.5556640625,640,640,1.0,3,PNG,228.4,228.48,201.3,16.32,41.28,232.82,False
train,cauliflower,Image_53.jpg,C:\Users\Computer\OneDrive\เดสก์ท็อป\imageprocessing-prj\data\train\cauliflower\Image_53.jpg,202.2294921875,1200,628,1.9108,3,JPEG,122.37,123.08,101.33,47.07,103.55,132.25,False
train,cauliflower,Image_55.jpg,C:\Users\Computer\OneDrive\เดสก์ท็อป\imageprocessing-prj\data\train\cauliflower\Image_55.jpg,255.009765625,708,531,1.3333,3,JPEG,81.59,124.13,78.51,57.95,130.15,124.81,False
train,cauliflower,Image_56.jpg,C:\Users\Computer\OneDrive\เดสก์ท็อป\imageprocessing-prj\data\train\cauliflower\Image_56.jpg,69.09765625,683,1024,0.667,3,JPEG,151.49,178.75,172.23,66.6,132.56,216.12,False
train,cauliflower,Image_57.jpg,C:\Users\Computer\OneDrive\เดสก์ท็อป\imageprocessing-prj\data\train\cauliflower\Image_57.jpg,62.79296875,600,399,1.5038,3,JPEG,91.19,98.3,53.09,35.6,149.38,104.06,False
train,cauliflower,Image_58.jpg,C:\Users\Computer\OneDrive\เดสก์ท็อป\imageprocessing-prj\data\train\cauliflower\Image_58.jpg,49.2998046875,1200,1800,0.6667,3,JPEG,185.17,189.25,174.34,76.02,57.05,200.87,False
train,cauliflower,Image_59.jpg,C:\Users\Computer\OneDrive\เดสก์ท็อป\imageprocessing-prj\data\train\cauliflower\Image_59.jpg,25.3486328125,600,469,1.2793,3,JPEG,219.96,224.49,195.83,19.3,41.69,225.31,False
train,cauliflower,Image_6.jpg,C:\Users\Computer\OneDrive\เดสก์ท็อป\imageprocessing-prj\data\train\cauliflower\Image_6.jpg,4018.6962890625,4928,3264,1.5098,3,JPEG,169.87,162.34,139.97,50.23,92.75,182.46,False
train,cauliflower,Image_60.jpg,C:\Users\Computer\OneDrive\เดสก์ท็อป\imageprocessing-prj\data\train\cauliflower\Image_60.jpg,139.1962890625,683,1024,0.667,3,JPEG,225.62,188.12,94.11,22.13,151.53,225.71,False
train,cauliflower,Image_61.jpg,C:\Users\Computer\OneDrive\เดสก์ท็อป\imageprocessing-prj\data\train\cauliflower\Image_61.jpg,36.1513671875,450,450,1.0,3,JPEG,117.42,140.42,102.51,50.36,82.33,140.44,False
train,cauliflower,Image_62.jpg,C:\Users\Computer\OneDrive\เดสก์ท็อป\imageprocessing-prj\data\train\cauliflower\Image_62.jpg,74.7265625,1200,1800,0.6667,3,JPEG,156.39,159.13,162.16,76.94,41.12,173.1,False
train,cauliflower,Image_63.jpg,C:\Users\Computer\OneDrive\เดสก์ท็อป\imageprocessing-prj\data\train\cauliflower\Image_63.jpg,66.1806640625,931,800,1.1638,3,JPEG,239.23,234.05,207.38,17.04,40.32,240.79,False
train,cauliflower,Image_65.jpg,C:\Users\Computer\OneDrive\เดสก์ท็อป\imageprocessing-prj\data\train\cauliflower\Image_65.jpg,32.70703125,375,250,1.5,3,JPEG,132.44,147.29,110.69,41.4,89.74,148.11,False
train,cauliflower,Image_66.jpg,C:\Users\Computer\OneDrive\เดสก์ท็อป\imageprocessing-prj\data\train\cauliflower\Image_66.jpg,130.4443359375,730,1074,0.6797,3,JPEG,209.82,195.16,157.88,37.37,72.81,211.35,False
train,cauliflower,Image_7.jpg,C:\Users\Computer\OneDrive\เดสก์ท็อป\imageprocessing-prj\data\train\cauliflower\Image_7.jpg,176.4052734375,1500,1125,1.3333,3,JPEG,170.39,142.93,112.27,25.64,107.99,171.48,False
train,cauliflower,Image_70.jpg,C:\Users\Computer\OneDrive\เดสก์ท็อป\imageprocessing-prj\data\train\cauliflower\Image_70.jpg,67.7802734375,600,450,1.3333,3,JPEG,119.29,142.25,88.13,45.41,111.87,143.41,False
train,cauliflower,Image_71.jpg,C:\Users\Computer\OneDrive\เดสก์ท็อป\imageprocessing-prj\data\train\cauliflower\Image_71.jpg,17.4775390625,322,342,0.9415,3,JPEG,128.9,135.37,87.76,36.59,103.15,138.29,False
train,cauliflower,Image_73.jpg,C:\Users\Computer\OneDrive\เดสก์ท็อป\imageprocessing-prj\data\train\cauliflower\Image_73.jpg,61.1162109375,640,981,0.6524,3,JPEG,194.42,185.19,154.65,47.73,74.88,200.77,False
train,cauliflower,Image_74.jpg,C:\Users\Computer\OneDrive\เดสก์ท็อป\imageprocessing-prj\data\train\cauliflower\Image_74.jpg,131.44921875,750,1125,0.6667,3,JPEG,206.1,199.57,182.37,41.85,45.06,211.23,False
train,cauliflower,Image_75.jpg,C:\Users\Computer\OneDrive\เดสก์ท็อป\imageprocessing-prj\data\train\cauliflower\Image_75.jpg,134.349609375,1200,1800,0.6667,3,JPEG,180.65,139.85,82.5,19.94,148.33,183.07,False
train,cauliflower,Image_76.jpg,C:\Users\Computer\OneDrive\เดสก์ท็อป\imageprocessing-prj\data\train\cauliflower\Image_76.jpg,191.5078125,1098,1053,1.0427,3,JPEG,143.9,139.13,123.08,37.45,52.61,145.91,False
train,cauliflower,Image_77.jpg,C:\Users\Computer\OneDrive\เดสก์ท็อป\imageprocessing-prj\data\train\cauliflower\Image_77.jpg,4438.650390625,3456,2592,1.3333,3,JPEG,77.91,103.56,81.67,63.28,83.84,104.09,False
train,cauliflower,Image_8.jpg,C:\Users\Computer\OneDrive\เดสก์ท็อป\imageprocessing-prj\data\train\cauliflower\Image_8.jpg,89.7646484375,1024,1024,1.0,3,JPEG,225.42,224.27,205.38,28.57,34.06,229.55,False
train,cauliflower,Image_82.jpg,C:\Users\Computer\OneDrive\เดสก์ท็อป\imageprocessing-prj\data\train\cauliflower\Image_82.jpg,139.458984375,1200,961,1.2487,3,JPEG,188.16,177.11,156.63,18.98,63.99,188.87,False
train,cauliflower,Image_85.jpg,C:\Users\Computer\OneDrive\เดสก์ท็อป\imageprocessing-prj\data\train\cauliflower\Image_85.jpg,249.9384765625,1600,1200,1.3333,3,JPEG,87.16,121.61,86.73,61.15,101.31,121.98,False
train,cauliflower,Image_88.jpg,C:\Users\Computer\OneDrive\เดสก์ท็อป\imageprocessing-prj\data\train\cauliflower\Image_88.jpg,42.8994140625,510,395,1.2911,3,JPEG,202.61,210.75,170.99,24.29,64.54,212.26,False
train,cauliflower,Image_89.jpg,C:\Users\Computer\OneDrive\เดสก์ท็อป\imageprocessing-prj\data\train\cauliflower\Image_89.jpg,110.857421875,1024,750,1.3653,3,JPEG,140.74,131.38,105.87,46.41,98.8,149.61,False
train,cauliflower,Image_9.jpg,C:\Users\Computer\OneDrive\เดสก์ท็อป\imageprocessing-prj\data\train\cauliflower\Image_9.jpg,149.9755859375,1024,750,1.3653,3,JPEG,110.7,105.98,91.84,49.33,68.11,115.48,False
train,cauliflower,Image_93.jpg,C:\Users\Computer\OneDrive\เดสก์ท็อป\imageprocessing-prj\data\train\cauliflower\Image_93.jpg,78.033203125,1250,834,1.4988,3,JPEG,155.92,151.03,126.9,71.67,116.9,178.36,False
train,cauliflower,Image_95.jpg,C:\Users\Computer\OneDrive\เดสก์ท็อป\imageprocessing-prj\data\train\cauliflower\Image_95.jpg,699.8662109375,1500,1000,1.5,3,JPEG,119.32,134.49,56.85,40.24,169.4,141.22,False
train,cauliflower,Image_96.jpg,C:\Users\Computer\OneDrive\เดสก์ท็อป\imageprocessing-prj\data\train\cauliflower\Image_96.jpg,283.49609375,555,370,1.5,3,JPEG,208.14,170.25,110.08,24.79,124.94,208.34,False
train,cauliflower,Image_97.jpg,C:\Users\Computer\OneDrive\เดสก์ท็อป\imageprocessing-prj\data\train\cauliflower\Image_97.jpg,361.0693359375,1456,2184,0.6667,3,JPEG,171.68,150.06,100.87,21.71,123.71,172.44,False
train,cauliflower,Image_98.jpg,C:\Users\Computer\OneDrive\เดสก์ท็อป\imageprocessing-prj\data\train\cauliflower\Image_98.jpg,869.9736328125,3276,3276,1.0,3,JPEG,218.1,220.47,198.8,18.44,38.1,223.4,False
train,cauliflower,Image_99.jpg,C:\Users\Computer\OneDrive\เดสก์ท็อป\imageprocessing-prj\data\train\cauliflower\Image_99.jpg,288.4541015625,2000,1000,2.0,3,JPEG,224.23,222.59,198.04,16.95,38.73,226.16,False
train,chilli pepper,Image_1.jpg,C:\Users\Computer\OneDrive\เดสก์ท็อป\imageprocessing-prj\data\train\chilli pepper\Image_1.jpg,258.5322265625,1920,1536,1.25,3,JPEG,215.44,189.42,148.85,65.66,86.75,217.26,False
train,chilli pepper,Image_10.jpg,C:\Users\Computer\OneDrive\เดสก์ท็อป\imageprocessing-prj\data\train\chilli pepper\Image_10.jpg,124.6123046875,948,1301,0.7287,3,JPEG,116.9,133.71,60.24,63.6,170.8,151.88,False
train,chilli pepper,Image_11.jpg,C:\Users\Computer\OneDrive\เดสก์ท็อป\imageprocessing-prj\data\train\chilli pepper\Image_11.jpg,33.5546875,1024,768,1.3333,3,JPEG,184.65,31.66,20.85,64.81,232.15,185.28,False
train,chilli pepper,Image_12.JPG,C:\Users\Computer\OneDrive\เดสก์ท็อป\imageprocessing-prj\data\train\chilli pepper\Image_12.JPG,182.8349609375,1200,1600,0.75,3,JPEG,118.88,112.36,73.11,47.63,95.67,125.55,False
train,chilli pepper,Image_13.jpg,C:\Users\Computer\OneDrive\เดสก์ท็อป\imageprocessing-prj\data\train\chilli pepper\Image_13.jpg,97.423828125,800,800,1.0,3,JPEG,106.4,115.66,65.69,40.73,136.11,133.82,False
train,chilli pepper,Image_14.jpg,C:\Users\Computer\OneDrive\เดสก์ท็อป\imageprocessing-prj\data\train\chilli pepper\Image_14.jpg,142.83203125,800,800,1.0,3,JPEG,123.08,99.38,56.91,33.69,159.37,135.89,False
train,chilli pepper,Image_15.jpg,C:\Users\Computer\OneDrive\เดสก์ท็อป\imageprocessing-prj\data\train\chilli pepper\Image_15.jpg,163.541015625,750,450,1.6667,3,JPEG,151.75,23.81,21.56,59.85,230.2,151.98,False
train,chilli pepper,Image_16.JPG,C:\Users\Computer\OneDrive\เดสก์ท็อป\imageprocessing-prj\data\train\chilli pepper\Image_16.JPG,160.9287109375,1600,1200,1.3333,3,JPEG,128.84,115.08,72.13,40.43,133.49,137.32,False
train,chilli pepper,Image_17.jpg,C:\Users\Computer\OneDrive\เดสก์ท็อป\imageprocessing-prj\data\train\chilli pepper\Image_17.jpg,39.427734375,1000,800,1.25,3,JPEG,238.87,225.46,221.31,21.39,29.48,240.87,False
train,chilli pepper,Image_18.jpg,C:\Users\Computer\OneDrive\เดสก์ท็อป\imageprocessing-prj\data\train\chilli pepper\Image_18.jpg,837.01171875,5262,3720,1.4145,3,JPEG,244.9,233.7,232.66,1.02,19.25,245.06,False
train,chilli pepper,Image_20.jpg,C:\Users\Computer\OneDrive\เดสก์ท็อป\imageprocessing-prj\data\train\chilli pepper\Image_20.jpg,160.896484375,900,900,1.0,3,JPEG,106.59,105.24,83.66,72.69,117.03,130.02,False
train,chilli pepper,Image_21.jpg,C:\Users\Computer\OneDrive\เดสก์ท็อป\imageprocessing-prj\data\train\chilli pepper\Image_21.jpg,129.1484375,1200,800,1.5,3,JPEG,141.66,140.77,72.66,39.48,148.8,167.91,False
train,chilli pepper,Image_22.jpg,C:\Users\Computer\OneDrive\เดสก์ท็อป\imageprocessing-prj\data\train\chilli pepper\Image_22.jpg,36.0830078125,470,470,1.0,3,JPEG,152.04,62.69,58.42,69.83,151.4,154.45,False
train,chilli pepper,Image_23.jpg,C:\Users\Computer\OneDrive\เดสก์ท็อป\imageprocessing-prj\data\train\chilli pepper\Image_23.jpg,152.673828125,1200,803,1.4944,3,JPEG,74.83,127.25,76.64,58.98,147.41,139.25,False
train,chilli pepper,Image_24.jpg,C:\Users\Computer\OneDrive\เดสก์ท็อป\imageprocessing-prj\data\train\chilli pepper\Image_24.jpg,92.9619140625,800,534,1.4981,3,JPEG,124.37,95.12,52.76,34.27,162.4,136.97,False
train,chilli pepper,Image_25.jpg,C:\Users\Computer\OneDrive\เดสก์ท็อป\imageprocessing-prj\data\train\chilli pepper\Image_25.jpg,92.7158203125,1000,750,1.3333,3,JPEG,156.52,112.32,38.42,25.09,195.85,163.0,False
train,chilli pepper,Image_26.jpg,C:\Users\Computer\OneDrive\เดสก์ท็อป\imageprocessing-prj\data\train\chilli pepper\Image_26.jpg,78.2998046875,800,800,1.0,3,JPEG,181.84,143.81,126.0,48.38,121.14,195.05,False
train,chilli pepper,Image_27.jpg,C:\Users\Computer\OneDrive\เดสก์ท็อป\imageprocessing-prj\data\train\chilli pepper\Image_27.jpg,50.45703125,550,260,2.1154,3,JPEG,237.7,212.36,212.96,35.1,38.87,237.89,False
train,chilli pepper,Image_28.png,C:\Users\Computer\OneDrive\เดสก์ท็อป\imageprocessing-prj\data\train\chilli pepper\Image_28.png,166.439453125,500,499,1.002,3,PNG,222.32,210.22,199.59,12.77,42.24,225.04,False
train,chilli pepper,Image_29.jpg,C:\Users\Computer\OneDrive\เดสก์ท็อป\imageprocessing-prj\data\train\chilli pepper\Image_29.jpg,118.3837890625,2048,1519,1.3483,3,JPEG,205.89,220.25,188.55,20.79,50.99,220.44,False
train,chilli pepper,Image_3.jpg,C:\Users\Computer\OneDrive\เดสก์ท็อป\imageprocessing-prj\data\train\chilli pepper\Image_3.jpg,78.6689453125,1024,768,1.3333,3,JPEG,172.95,149.36,85.58,26.08,147.28,177.5,False
train,chilli pepper,Image_30.jpg,C:\Users\Computer\OneDrive\เดสก์ท็อป\imageprocessing-prj\data\train\chilli pepper\Image_30.jpg,39.6142578125,1024,768,1.3333,3,JPEG,238.79,208.96,212.61,36.41,41.71,238.96,False
train,chilli pepper,Image_31.jpg,C:\Users\Computer\OneDrive\เดสก์ท็อป\imageprocessing-prj\data\train\chilli pepper\Image_31.jpg,58.4755859375,556,371,1.4987,3,JPEG,119.0,94.2,63.2,59.92,158.55,137.5,False
train,chilli pepper,Image_32.jpg,C:\Users\Computer\OneDrive\เดสก์ท็อป\imageprocessing-prj\data\train\chilli pepper\Image_32.jpg,24.185546875,840,560,1.5,3,JPEG,210.92,193.02,178.38,42.5,68.06,215.01,False
train,chilli pepper,Image_33.jpg,C:\Users\Computer\OneDrive\เดสก์ท็อป\imageprocessing-prj\data\train\chilli pepper\Image_33.jpg,134.2802734375,1920,1271,1.5106,3,JPEG,238.75,212.55,215.8,26.42,42.64,239.36,False
train,chilli pepper,Image_34.jpg,C:\Users\Computer\OneDrive\เดสก์ท็อป\imageprocessing-prj\data\train\chilli pepper\Image_34.jpg,432.0126953125,1600,1067,1.4995,3,JPEG,197.08,213.49,169.28,28.38,72.32,213.8,False
train,chilli pepper,Image_35.jpg,C:\Users\Computer\OneDrive\เดสก์ท็อป\imageprocessing-prj\data\train\chilli pepper\Image_35.jpg,129.04296875,900,950,0.9474,3,JPEG,144.71,147.63,105.15,29.02,101.88,160.62,False
train,chilli pepper,Image_36.jpg,C:\Users\Computer\OneDrive\เดสก์ท็อป\imageprocessing-prj\data\train\chilli pepper\Image_36.jpg,136.087890625,900,900,1.0,3,JPEG,73.34,97.22,35.13,52.5,183.54,105.35,False
train,chilli pepper,Image_37.jpg,C:\Users\Computer\OneDrive\เดสก์ท็อป\imageprocessing-prj\data\train\chilli pepper\Image_37.jpg,105.2890625,1200,1800,0.6667,3,JPEG,204.82,134.13,89.94,29.93,138.6,207.29,False
train,chilli pepper,Image_38.jpg,C:\Users\Computer\OneDrive\เดสก์ท็อป\imageprocessing-prj\data\train\chilli pepper\Image_38.jpg,75.525390625,800,800,1.0,3,JPEG,95.93,127.74,71.29,48.17,120.92,127.91,False
train,chilli pepper,Image_39.jpg,C:\Users\Computer\OneDrive\เดสก์ท็อป\imageprocessing-prj\data\train\chilli pepper\Image_39.jpg,199.41796875,1400,850,1.6471,3,JPEG,144.89,74.52,38.75,29.61,194.71,154.35,False
train,chilli pepper,Image_4.jpg,C:\Users\Computer\OneDrive\เดสก์ท็อป\imageprocessing-prj\data\train\chilli pepper\Image_4.jpg,558.025390625,2000,1500,1.3333,3,JPEG,151.21,141.18,120.89,79.64,118.33,174.71,False
train,chilli pepper,Image_40.jpg,C:\Users\Computer\OneDrive\เดสก์ท็อป\imageprocessing-prj\data\train\chilli pepper\Image_40.jpg,22.439453125,208,208,1.0,3,JPEG,127.39,143.33,72.39,41.7,151.78,152.41,False
train,chilli pepper,Image_41.jpg,C:\Users\Computer\OneDrive\เดสก์ท็อป\imageprocessing-prj\data\train\chilli pepper\Image_41.jpg,37.2958984375,1200,801,1.4981,3,JPEG,244.93,206.27,206.48,33.51,48.7,245.41,False
train,chilli pepper,Image_42.jpg,C:\Users\Computer\OneDrive\เดสก์ท็อป\imageprocessing-prj\data\train\chilli pepper\Image_42.jpg,66.4013671875,1024,576,1.7778,3,JPEG,163.23,137.47,116.77,54.12,122.11,182.28,False
train,chilli pepper,Image_43.jpg,C:\Users\Computer\OneDrive\เดสก์ท็อป\imageprocessing-prj\data\train\chilli pepper\Image_43.jpg,301.4697265625,900,1371,0.6565,3,JPEG,107.95,116.53,104.6,78.3,96.56,133.36,False
train,chilli pepper,Image_44.JPG,C:\Users\Computer\OneDrive\เดสก์ท็อป\imageprocessing-prj\data\train\chilli pepper\Image_44.JPG,137.2021484375,1200,1600,0.75,3,JPEG,134.14,100.67,87.08,67.31,119.3,138.23,False
train,chilli pepper,Image_45.jpg,C:\Users\Computer\OneDrive\เดสก์ท็อป\imageprocessing-prj\data\train\chilli pepper\Image_45.jpg,1347.8681640625,1920,1080,1.7778,3,JPEG,127.85,153.37,157.41,82.6,144.61,192.07,False
train,chilli pepper,Image_47.JPG,C:\Users\Computer\OneDrive\เดสก์ท็อป\imageprocessing-prj\data\train\chilli pepper\Image_47.JPG,170.1337890625,1200,1600,0.75,3,JPEG,108.47,151.09,75.92,47.56,139.55,153.51,False
train,chilli pepper,Image_48.jpg,C:\Users\Computer\OneDrive\เดสก์ท็อป\imageprocessing-prj\data\train\chilli pepper\Image_48.jpg,139.5673828125,704,261,2.6973,3,JPEG,155.48,138.22,71.18,37.73,148.24,164.72,False
train,chilli pepper,Image_49.jpg,C:\Users\Computer\OneDrive\เดสก์ท็อป\imageprocessing-prj\data\train\chilli pepper\Image_49.jpg,68.8330078125,799,568,1.4067,3,JPEG,122.69,129.6,93.88,40.19,103.7,138.38,False
train,chilli pepper,Image_5.jpg,C:\Users\Computer\OneDrive\เดสก์ท็อป\imageprocessing-prj\data\train\chilli pepper\Image_5.jpg,188.0126953125,3264,2448,1.3333,3,JPEG,76.51,110.85,20.82,43.47,219.32,120.82,False
train,chilli pepper,Image_50.jpg,C:\Users\Computer\OneDrive\เดสก์ท็อป\imageprocessing-prj\data\train\chilli pepper\Image_50.jpg,30.9033203125,535,612,0.8742,3,JPEG,229.18,193.87,195.75,55.46,58.15,229.6,False
train,chilli pepper,Image_51.jpg,C:\Users\Computer\OneDrive\เดสก์ท็อป\imageprocessing-prj\data\train\chilli pepper\Image_51.jpg,124.771484375,1024,682,1.5015,3,JPEG,116.03,125.64,85.93,38.82,93.67,130.92,False
train,chilli pepper,Image_52.jpg,C:\Users\Computer\OneDrive\เดสก์ท็อป\imageprocessing-prj\data\train\chilli pepper\Image_52.jpg,87.31640625,450,600,0.75,3,JPEG,107.11,93.44,56.02,35.96,119.74,113.5,False
train,chilli pepper,Image_53.jpg,C:\Users\Computer\OneDrive\เดสก์ท็อป\imageprocessing-prj\data\train\chilli pepper\Image_53.jpg,76.08203125,442,512,0.8633,3,JPEG,123.05,124.01,55.1,35.35,171.36,148.23,False
train,chilli pepper,Image_54.jpeg,C:\Users\Computer\OneDrive\เดสก์ท็อป\imageprocessing-prj\data\train\chilli pepper\Image_54.jpeg,34.8662109375,616,462,1.3333,3,JPEG,200.96,145.4,99.99,17.01,141.61,206.79,False
train,chilli pepper,Image_55.jpg,C:\Users\Computer\OneDrive\เดสก์ท็อป\imageprocessing-prj\data\train\chilli pepper\Image_55.jpg,288.099609375,600,600,1.0,3,JPEG,129.8,56.67,57.28,127.99,167.82,143.61,False
train,chilli pepper,Image_56.jpg,C:\Users\Computer\OneDrive\เดสก์ท็อป\imageprocessing-prj\data\train\chilli pepper\Image_56.jpg,1994.7470703125,2250,1500,1.5,3,JPEG,135.88,126.24,79.05,90.77,141.57,155.36,False
train,chilli pepper,Image_57.jpg,C:\Users\Computer\OneDrive\เดสก์ท็อป\imageprocessing-prj\data\train\chilli pepper\Image_57.jpg,137.8916015625,1200,900,1.3333,3,JPEG,132.34,130.75,42.97,29.92,195.45,146.38,False
train,chilli pepper,Image_59.jpg,C:\Users\Computer\OneDrive\เดสก์ท็อป\imageprocessing-prj\data\train\chilli pepper\Image_59.jpg,118.6455078125,851,564,1.5089,3,JPEG,250.21,231.97,231.62,7.28,23.02,250.29,False
train,chilli pepper,Image_6.png,C:\Users\Computer\OneDrive\เดสก์ท็อป\imageprocessing-prj\data\train\chilli pepper\Image_6.png,1764.904296875,1000,1000,1.0,3,PNG,150.72,45.8,45.36,115.19,194.46,152.56,False
train,chilli pepper,Image_60.jpg,C:\Users\Computer\OneDrive\เดสก์ท็อป\imageprocessing-prj\data\train\chilli pepper\Image_60.jpg,124.34765625,1024,1200,0.8533,3,JPEG,92.19,111.6,73.55,61.3,130.42,128.18,False
train,chilli pepper,Image_61.jpg,C:\Users\Computer\OneDrive\เดสก์ท็อป\imageprocessing-prj\data\train\chilli pepper\Image_61.jpg,79.791015625,450,575,0.7826,3,JPEG,137.96,70.53,41.06,21.07,183.15,138.34,False
train,chilli pepper,Image_62.jpg,C:\Users\Computer\OneDrive\เดสก์ท็อป\imageprocessing-prj\data\train\chilli pepper\Image_62.jpg,78.251953125,570,380,1.5,3,JPEG,108.72,110.73,66.79,42.37,127.48,138.03,False
train,chilli pepper,Image_63.jpg,C:\Users\Computer\OneDrive\เดสก์ท็อป\imageprocessing-prj\data\train\chilli pepper\Image_63.jpg,17.525390625,468,195,2.4,3,JPEG,235.05,191.76,190.12,19.27,59.89,235.75,False
train,chilli pepper,Image_64.jpg,C:\Users\Computer\OneDrive\เดสก์ท็อป\imageprocessing-prj\data\train\chilli pepper\Image_64.jpg,325.787109375,1080,1400,0.7714,3,JPEG,126.24,60.79,61.27,125.47,142.29,132.81,False
train,chilli pepper,Image_65.jpg,C:\Users\Computer\OneDrive\เดสก์ท็อป\imageprocessing-prj\data\train\chilli pepper\Image_65.jpg,461.439453125,2000,1333,1.5004,3,JPEG,169.54,93.28,59.24,74.91,186.63,178.62,False
train,chilli pepper,Image_66.jpg,C:\Users\Computer\OneDrive\เดสก์ท็อป\imageprocessing-prj\data\train\chilli pepper\Image_66.jpg,118.5517578125,1772,1194,1.4841,3,JPEG,248.61,211.43,210.47,1.08,44.27,248.97,False
train,chilli pepper,Image_67.jpg,C:\Users\Computer\OneDrive\เดสก์ท็อป\imageprocessing-prj\data\train\chilli pepper\Image_67.jpg,98.970703125,720,720,1.0,3,JPEG,223.16,107.22,80.7,31.86,169.56,223.99,False
train,chilli pepper,Image_68.jpg,C:\Users\Computer\OneDrive\เดสก์ท็อป\imageprocessing-prj\data\train\chilli pepper\Image_68.jpg,176.73046875,823,823,1.0,3,JPEG,217.61,226.38,206.16,12.3,38.53,226.39,False
train,chilli pepper,Image_69.jpg,C:\Users\Computer\OneDrive\เดสก์ท็อป\imageprocessing-prj\data\train\chilli pepper\Image_69.jpg,180.4912109375,900,900,1.0,3,JPEG,177.78,108.93,70.02,14.05,168.99,177.79,False
train,chilli pepper,Image_7.jpeg,C:\Users\Computer\OneDrive\เดสก์ท็อป\imageprocessing-prj\data\train\chilli pepper\Image_7.jpeg,63.0615234375,1500,1500,1.0,3,JPEG,228.52,212.97,204.08,9.26,40.88,231.61,False
train,chilli pepper,Image_70.jpg,C:\Users\Computer\OneDrive\เดสก์ท็อป\imageprocessing-prj\data\train\chilli pepper\Image_70.jpg,112.271484375,900,950,0.9474,3,JPEG,140.82,61.57,37.63,52.49,198.06,144.27,False
train,chilli pepper,Image_71.jpg,C:\Users\Computer\OneDrive\เดสก์ท็อป\imageprocessing-prj\data\train\chilli pepper\Image_71.jpg,163.138671875,1200,675,1.7778,3,JPEG,156.54,53.42,38.46,69.46,202.84,160.62,False
train,chilli pepper,Image_72.jpg,C:\Users\Computer\OneDrive\เดสก์ท็อป\imageprocessing-prj\data\train\chilli pepper\Image_72.jpg,53.6552734375,1316,1323,0.9947,3,JPEG,219.12,171.42,169.62,19.98,78.59,219.37,False
train,chilli pepper,Image_73.jpg,C:\Users\Computer\OneDrive\เดสก์ท็อป\imageprocessing-prj\data\train\chilli pepper\Image_73.jpg,161.4541015625,600,600,1.0,3,JPEG,84.61,107.09,54.8,47.04,164.51,110.26,False
train,chilli pepper,Image_74.jpg,C:\Users\Computer\OneDrive\เดสก์ท็อป\imageprocessing-prj\data\train\chilli pepper\Image_74.jpg,156.2236328125,1065,1600,0.6656,3,JPEG,198.62,160.41,161.84,97.12,60.35,201.75,False
train,chilli pepper,Image_78.JPG,C:\Users\Computer\OneDrive\เดสก์ท็อป\imageprocessing-prj\data\train\chilli pepper\Image_78.JPG,78.8837890625,1200,630,1.9048,3,JPEG,107.93,140.91,54.01,42.45,171.38,151.54,False
train,chilli pepper,Image_79.jpg,C:\Users\Computer\OneDrive\เดสก์ท็อป\imageprocessing-prj\data\train\chilli pepper\Image_79.jpg,79.1025390625,900,900,1.0,3,JPEG,91.59,107.36,50.82,42.1,134.0,107.74,False
train,chilli pepper,Image_8.jpg,C:\Users\Computer\OneDrive\เดสก์ท็อป\imageprocessing-prj\data\train\chilli pepper\Image_8.jpg,136.0,1920,1280,1.5,3,JPEG,206.41,202.48,187.3,28.13,41.37,208.58,False
train,chilli pepper,Image_81.jpg,C:\Users\Computer\OneDrive\เดสก์ท็อป\imageprocessing-prj\data\train\chilli pepper\Image_81.jpg,98.99609375,720,720,1.0,3,JPEG,122.64,148.54,49.21,45.04,200.03,167.3,False
train,chilli pepper,Image_83.jpg,C:\Users\Computer\OneDrive\เดสก์ท็อป\imageprocessing-prj\data\train\chilli pepper\Image_83.jpg,108.53125,768,1024,0.75,3,JPEG,157.17,139.55,76.29,29.16,150.36,171.54,False
train,chilli pepper,Image_84.jpg,C:\Users\Computer\OneDrive\เดสก์ท็อป\imageprocessing-prj\data\train\chilli pepper\Image_84.jpg,1550.40234375,3456,3456,1.0,3,JPEG,84.52,94.8,77.5,68.56,101.56,109.39,False
train,chilli pepper,Image_87.jpg,C:\Users\Computer\OneDrive\เดสก์ท็อป\imageprocessing-prj\data\train\chilli pepper\Image_87.jpg,267.865234375,900,723,1.2448,3,JPEG,141.61,123.81,89.3,45.3,119.28,158.77,False
train,chilli pepper,Image_88.JPG,C:\Users\Computer\OneDrive\เดสก์ท็อป\imageprocessing-prj\data\train\chilli pepper\Image_88.JPG,123.708984375,1600,1200,1.3333,3,JPEG,105.21,151.1,79.42,51.59,146.68,154.07,False
train,chilli pepper,Image_89.jpg,C:\Users\Computer\OneDrive\เดสก์ท็อป\imageprocessing-prj\data\train\chilli pepper\Image_89.jpg,179.1396484375,1200,1600,0.75,3,JPEG,106.94,107.03,32.75,32.12,191.6,125.43,False
train,chilli pepper,Image_9.jpg,C:\Users\Computer\OneDrive\เดสก์ท็อป\imageprocessing-prj\data\train\chilli pepper\Image_9.jpg,103.203125,800,800,1.0,3,JPEG,130.97,93.65,64.13,39.41,145.1,143.87,False
train,chilli pepper,Image_90.jpg,C:\Users\Computer\OneDrive\เดสก์ท็อป\imageprocessing-prj\data\train\chilli pepper\Image_90.jpg,45.50390625,500,500,1.0,3,JPEG,165.56,184.04,145.94,25.84,85.8,184.13,False
train,chilli pepper,Image_91.jpg,C:\Users\Computer\OneDrive\เดสก์ท็อป\imageprocessing-prj\data\train\chilli pepper\Image_91.jpg,98.837890625,720,720,1.0,3,JPEG,147.94,136.84,72.77,56.25,174.25,188.89,False
train,chilli pepper,Image_92.jpg,C:\Users\Computer\OneDrive\เดสก์ท็อป\imageprocessing-prj\data\train\chilli pepper\Image_92.jpg,20.82421875,270,325,0.8308,3,JPEG,208.36,152.74,140.13,39.25,106.2,214.86,False
train,chilli pepper,Image_94.jpg,C:\Users\Computer\OneDrive\เดสก์ท็อป\imageprocessing-prj\data\train\chilli pepper\Image_94.jpg,106.65234375,900,900,1.0,3,JPEG,115.25,104.25,55.81,35.15,163.6,126.56,False
train,chilli pepper,Image_95.png,C:\Users\Computer\OneDrive\เดสก์ท็อป\imageprocessing-prj\data\train\chilli pepper\Image_95.png,1504.7607421875,976,540,1.8074,3,PNG,137.45,98.65,69.88,28.47,109.31,138.48,False
train,chilli pepper,Image_96.jpg,C:\Users\Computer\OneDrive\เดสก์ท็อป\imageprocessing-prj\data\train\chilli pepper\Image_96.jpg,88.01171875,1000,1000,1.0,3,JPEG,109.94,103.1,56.75,47.41,167.93,139.26,False
train,chilli pepper,Image_97.jpg,C:\Users\Computer\OneDrive\เดสก์ท็อป\imageprocessing-prj\data\train\chilli pepper\Image_97.jpg,39.779296875,500,625,0.8,3,JPEG,229.6,196.39,141.01,29.43,103.18,230.47,False
train,chilli pepper,Image_98.jpg,C:\Users\Computer\OneDrive\เดสก์ท็อป\imageprocessing-prj\data\train\chilli pepper\Image_98.jpg,175.3681640625,800,620,1.2903,3,JPEG,129.69,147.88,75.51,48.85,160.8,159.84,False
train,chilli pepper,Image_99.jpg,C:\Users\Computer\OneDrive\เดสก์ท็อป\imageprocessing-prj\data\train\chilli pepper\Image_99.jpg,258.5322265625,1920,1536,1.25,3,JPEG,215.44,189.42,148.85,65.66,86.75,217.26,False
train,corn,Image_1.jpg,C:\Users\Computer\OneDrive\เดสก์ท็อป\imageprocessing-prj\data\train\corn\Image_1.jpg,533.2451171875,2000,1333,1.5004,3,JPEG,197.22,171.0,71.08,25.2,169.11,200.13,False
train,corn,Image_10.jpg,C:\Users\Computer\OneDrive\เดสก์ท็อป\imageprocessing-prj\data\train\corn\Image_10.jpg,328.671875,1195,1600,0.7469,3,JPEG,86.71,82.18,62.99,49.49,109.62,96.1,False
train,corn,Image_100.jpg,C:\Users\Computer\OneDrive\เดสก์ท็อป\imageprocessing-prj\data\train\corn\Image_100.jpg,201.9853515625,2121,1060,2.0009,3,JPEG,199.75,190.69,44.7,29.76,204.07,212.5,False
train,corn,Image_11.jpg,C:\Users\Computer\OneDrive\เดสก์ท็อป\imageprocessing-prj\data\train\corn\Image_11.jpg,71.6298828125,1000,683,1.4641,3,JPEG,223.14,221.96,166.5,19.54,81.42,231.82,False
train,corn,Image_12.jpg,C:\Users\Computer\OneDrive\เดสก์ท็อป\imageprocessing-prj\data\train\corn\Image_12.jpg,262.7431640625,2118,1188,1.7828,3,JPEG,159.92,153.68,74.94,38.25,130.83,167.63,False
train,corn,Image_13.jpg,C:\Users\Computer\OneDrive\เดสก์ท็อป\imageprocessing-prj\data\train\corn\Image_13.jpg,998.66015625,1200,1199,1.0008,3,JPEG,185.43,175.82,104.36,25.96,128.29,189.1,False
train,corn,Image_14.jpg,C:\Users\Computer\OneDrive\เดสก์ท็อป\imageprocessing-prj\data\train\corn\Image_14.jpg,244.06640625,1199,799,1.5006,3,JPEG,156.15,118.49,35.61,23.63,184.07,156.26,False
train,corn,Image_15.jpg,C:\Users\Computer\OneDrive\เดสก์ท็อป\imageprocessing-prj\data\train\corn\Image_15.jpg,335.484375,3504,2336,1.5,3,JPEG,122.69,98.74,58.18,34.78,160.68,133.96,False
train,corn,Image_16.jpg,C:\Users\Computer\OneDrive\เดสก์ท็อป\imageprocessing-prj\data\train\corn\Image_16.jpg,193.26953125,1024,768,1.3333,3,JPEG,159.33,145.04,52.78,27.22,177.66,161.23,False
train,corn,Image_17.jpg,C:\Users\Computer\OneDrive\เดสก์ท็อป\imageprocessing-prj\data\train\corn\Image_17.jpg,163.208984375,756,455,1.6615,3,JPEG,76.27,68.58,33.33,29.26,160.88,80.95,False
train,corn,Image_18.jpg,C:\Users\Computer\OneDrive\เดสก์ท็อป\imageprocessing-prj\data\train\corn\Image_18.jpg,449.7802734375,2309,1809,1.2764,3,JPEG,113.62,125.89,60.94,37.59,158.04,128.5,False
train,corn,Image_2.jpg,C:\Users\Computer\OneDrive\เดสก์ท็อป\imageprocessing-prj\data\train\corn\Image_2.jpg,1471.5263671875,1415,2122,0.6668,3,JPEG,165.05,158.13,98.38,38.85,119.72,169.35,False
train,corn,Image_20.png,C:\Users\Computer\OneDrive\เดสก์ท็อป\imageprocessing-prj\data\train\corn\Image_20.png,657.16796875,1000,1000,1.0,3,PNG,247.16,237.11,203.23,7.78,49.42,247.88,False
train,corn,Image_21.jpg,C:\Users\Computer\OneDrive\เดสก์ท็อป\imageprocessing-prj\data\train\corn\Image_21.jpg,240.8798828125,600,450,1.3333,3,JPEG,236.7,177.98,72.26,19.89,177.49,236.76,False
train,corn,Image_22.jpg,C:\Users\Computer\OneDrive\เดสก์ท็อป\imageprocessing-prj\data\train\corn\Image_22.jpg,3472.43359375,3032,2167,1.3992,3,JPEG,179.31,149.61,75.27,33.99,149.27,185.09,False
train,corn,Image_23.jpg,C:\Users\Computer\OneDrive\เดสก์ท็อป\imageprocessing-prj\data\train\corn\Image_23.jpg,112.810546875,575,575,1.0,3,JPEG,177.54,165.49,79.81,40.21,156.65,186.53,False
train,corn,Image_24.jpg,C:\Users\Computer\OneDrive\เดสก์ท็อป\imageprocessing-prj\data\train\corn\Image_24.jpg,117.9658203125,900,1200,0.75,3,JPEG,124.8,113.98,94.76,36.17,54.4,125.75,False
train,corn,Image_25.jpg,C:\Users\Computer\OneDrive\เดสก์ท็อป\imageprocessing-prj\data\train\corn\Image_25.jpg,250.4990234375,1600,1071,1.4939,3,JPEG,148.86,123.94,53.11,24.33,147.92,149.21,False
train,corn,Image_26.jpg,C:\Users\Computer\OneDrive\เดสก์ท็อป\imageprocessing-prj\data\train\corn\Image_26.jpg,64.392578125,640,512,1.25,3,JPEG,230.65,219.14,160.04,15.83,89.47,235.15,False
train,corn,Image_27.jpg,C:\Users\Computer\OneDrive\เดสก์ท็อป\imageprocessing-prj\data\train\corn\Image_27.jpg,355.5400390625,4752,3168,1.5,3,JPEG,188.29,183.81,125.1,30.72,106.48,191.96,False
train,corn,Image_28.jpg,C:\Users\Computer\OneDrive\เดสก์ท็อป\imageprocessing-prj\data\train\corn\Image_28.jpg,153.46484375,900,1200,0.75,3,JPEG,144.91,122.66,83.47,22.38,114.54,145.77,False
train,corn,Image_29.jpg,C:\Users\Computer\OneDrive\เดสก์ท็อป\imageprocessing-prj\data\train\corn\Image_29.jpg,117.9013671875,1000,675,1.4815,3,JPEG,161.8,146.87,128.63,48.13,86.94,172.27,False
train,corn,Image_3.jpg,C:\Users\Computer\OneDrive\เดสก์ท็อป\imageprocessing-prj\data\train\corn\Image_3.jpg,2263.59375,3504,2336,1.5,3,JPEG,215.02,184.74,95.91,22.94,143.62,215.06,False
train,corn,Image_30.jpg,C:\Users\Computer\OneDrive\เดสก์ท็อป\imageprocessing-prj\data\train\corn\Image_30.jpg,6032.9287109375,2620,3850,0.6805,3,JPEG,99.12,102.02,48.4,33.75,173.49,110.55,False
train,corn,Image_31.jpg,C:\Users\Computer\OneDrive\เดสก์ท็อป\imageprocessing-prj\data\train\corn\Image_31.jpg,8351.4931640625,4461,3456,1.2908,3,JPEG,170.42,162.3,69.49,28.92,157.0,174.28,False
train,corn,Image_32.png,C:\Users\Computer\OneDrive\เดสก์ท็อป\imageprocessing-prj\data\train\corn\Image_32.png,1449.5458984375,2048,1503,1.3626,3,PNG,237.2,228.68,192.24,10.01,57.46,239.62,False
train,corn,Image_33.jpg,C:\Users\Computer\OneDrive\เดสก์ท็อป\imageprocessing-prj\data\train\corn\Image_33.jpg,265.1259765625,1300,953,1.3641,3,JPEG,208.26,153.24,87.72,16.45,156.81,208.51,False
train,corn,Image_34.JPG,C:\Users\Computer\OneDrive\เดสก์ท็อป\imageprocessing-prj\data\train\corn\Image_34.JPG,165.7685546875,1920,1273,1.5082,3,JPEG,153.57,157.31,150.8,81.67,59.23,170.09,False
train,corn,Image_35.jpg,C:\Users\Computer\OneDrive\เดสก์ท็อป\imageprocessing-prj\data\train\corn\Image_35.jpg,51.572265625,400,266,1.5038,3,JPEG,138.69,90.94,55.06,12.43,165.35,138.72,False
train,corn,Image_37.jpg,C:\Users\Computer\OneDrive\เดสก์ท็อป\imageprocessing-prj\data\train\corn\Image_37.jpg,50.015625,350,494,0.7085,3,JPEG,135.79,147.04,91.8,37.66,111.95,153.2,False
train,corn,Image_38.jpg,C:\Users\Computer\OneDrive\เดสก์ท็อป\imageprocessing-prj\data\train\corn\Image_38.jpg,134.896484375,1000,772,1.2953,3,JPEG,147.99,144.67,102.52,54.07,154.85,177.87,False
train,corn,Image_39.jpg,C:\Users\Computer\OneDrive\เดสก์ท็อป\imageprocessing-prj\data\train\corn\Image_39.jpg,40.44140625,300,472,0.6356,3,JPEG,108.84,152.89,30.22,42.35,210.11,158.12,False
train,corn,Image_4.jpg,C:\Users\Computer\OneDrive\เดสก์ท็อป\imageprocessing-prj\data\train\corn\Image_4.jpg,138.470703125,736,1109,0.6637,3,JPEG,231.96,223.65,162.77,14.03,88.38,234.52,False
train,corn,Image_40.jpg,C:\Users\Computer\OneDrive\เดสก์ท็อป\imageprocessing-prj\data\train\corn\Image_40.jpg,58.6552734375,217,315,0.6889,3,JPEG,158.15,164.33,113.77,47.58,117.14,175.35,False
train,corn,Image_41.jpg,C:\Users\Computer\OneDrive\เดสก์ท็อป\imageprocessing-prj\data\train\corn\Image_41.jpg,187.3046875,600,600,1.0,3,JPEG,196.31,157.07,78.88,22.53,149.84,196.66,False
train,corn,Image_42.jpg,C:\Users\Computer\OneDrive\เดสก์ท็อป\imageprocessing-prj\data\train\corn\Image_42.jpg,92.5029296875,1200,797,1.5056,3,JPEG,138.07,130.99,97.32,47.91,82.59,141.49,False
train,corn,Image_45.jpg,C:\Users\Computer\OneDrive\เดสก์ท็อป\imageprocessing-prj\data\train\corn\Image_45.jpg,154.080078125,960,821,1.1693,3,JPEG,97.78,134.63,63.41,48.59,162.39,135.01,False
train,corn,Image_47.jpg,C:\Users\Computer\OneDrive\เดสก์ท็อป\imageprocessing-prj\data\train\corn\Image_47.jpg,870.2451171875,800,1200,0.6667,3,JPEG,138.89,158.53,137.36,72.57,125.27,178.18,False
train,corn,Image_48.jpg,C:\Users\Computer\OneDrive\เดสก์ท็อป\imageprocessing-prj\data\train\corn\Image_48.jpg,88.3232421875,1200,900,1.3333,3,JPEG,159.9,128.64,79.72,19.33,127.67,160.01,False
train,corn,Image_49.jpg,C:\Users\Computer\OneDrive\เดสก์ท็อป\imageprocessing-prj\data\train\corn\Image_49.jpg,172.83203125,958,1300,0.7369,3,JPEG,140.33,153.36,101.71,36.2,109.33,155.91,False
train,corn,Image_5.jpg,C:\Users\Computer\OneDrive\เดสก์ท็อป\imageprocessing-prj\data\train\corn\Image_5.jpg,6602.0263671875,5016,3424,1.465,3,JPEG,163.42,173.08,90.64,35.56,138.91,180.04,False
train,corn,Image_50.jpg,C:\Users\Computer\OneDrive\เดสก์ท็อป\imageprocessing-prj\data\train\corn\Image_50.jpg,571.111328125,2130,1671,1.2747,3,JPEG,150.86,149.8,130.68,58.27,57.77,157.45,False
train,corn,Image_51.jpg,C:\Users\Computer\OneDrive\เดสก์ท็อป\imageprocessing-prj\data\train\corn\Image_51.jpg,112.529296875,736,1128,0.6525,3,JPEG,93.78,116.43,51.73,44.55,158.49,117.64,False
train,corn,Image_52.jpg,C:\Users\Computer\OneDrive\เดสก์ท็อป\imageprocessing-prj\data\train\corn\Image_52.jpg,73.3955078125,450,628,0.7166,3,JPEG,139.11,120.38,43.33,25.8,174.1,139.98,False
train,corn,Image_53.jpg,C:\Users\Computer\OneDrive\เดสก์ท็อป\imageprocessing-prj\data\train\corn\Image_53.jpg,125.966796875,800,1200,0.6667,3,JPEG,124.81,118.5,70.51,43.2,133.81,132.93,False
train,corn,Image_54.jpg,C:\Users\Computer\OneDrive\เดสก์ท็อป\imageprocessing-prj\data\train\corn\Image_54.jpg,177.9814453125,986,1200,0.8217,3,JPEG,142.53,149.73,95.77,39.08,115.25,155.55,False
train,corn,Image_55.jpg,C:\Users\Computer\OneDrive\เดสก์ท็อป\imageprocessing-prj\data\train\corn\Image_55.jpg,3728.0849609375,2716,1810,1.5006,3,JPEG,157.55,135.67,85.96,25.02,125.36,160.42,False
train,corn,Image_56.jpg,C:\Users\Computer\OneDrive\เดสก์ท็อป\imageprocessing-prj\data\train\corn\Image_56.jpg,153.1572265625,1500,2250,0.6667,3,JPEG,139.24,130.55,102.64,39.04,89.12,143.4,False
train,corn,Image_57.jpg,C:\Users\Computer\OneDrive\เดสก์ท็อป\imageprocessing-prj\data\train\corn\Image_57.jpg,2028.84375,2100,1500,1.4,3,JPEG,102.74,97.25,72.58,29.5,95.33,107.86,False
train,corn,Image_58.jpg,C:\Users\Computer\OneDrive\เดสก์ท็อป\imageprocessing-prj\data\train\corn\Image_58.jpg,53.1728515625,300,300,1.0,3,JPEG,172.46,184.6,125.4,47.17,104.92,191.99,False
train,corn,Image_59.jpg,C:\Users\Computer\OneDrive\เดสก์ท็อป\imageprocessing-prj\data\train\corn\Image_59.jpg,15.3408203125,470,350,1.3429,3,JPEG,190.74,186.73,141.49,29.56,82.75,193.39,False
train,corn,Image_6.jpg,C:\Users\Computer\OneDrive\เดสก์ท็อป\imageprocessing-prj\data\train\corn\Image_6.jpg,201.9853515625,2121,1060,2.0009,3,JPEG,199.75,190.69,44.7,29.76,204.07,212.5,False
train,corn,Image_60.jpg,C:\Users\Computer\OneDrive\เดสก์ท็อป\imageprocessing-prj\data\train\corn\Image_60.jpg,108.8486328125,800,1200,0.6667,3,JPEG,160.08,134.04,63.75,46.98,138.53,163.81,False
train,corn,Image_61.jpg,C:\Users\Computer\OneDrive\เดสก์ท็อป\imageprocessing-prj\data\train\corn\Image_61.jpg,149.4921875,1200,1200,1.0,3,JPEG,108.91,138.43,90.52,44.38,116.19,138.44,False
train,corn,Image_62.jpg,C:\Users\Computer\OneDrive\เดสก์ท็อป\imageprocessing-prj\data\train\corn\Image_62.jpg,847.9208984375,1775,1176,1.5094,3,JPEG,126.31,149.64,109.5,61.52,106.84,151.23,False
train,corn,Image_63.jpg,C:\Users\Computer\OneDrive\เดสก์ท็อป\imageprocessing-prj\data\train\corn\Image_63.jpg,741.90625,1580,1185,1.3333,3,JPEG,159.84,109.89,86.44,47.83,143.3,161.42,False
train,corn,Image_65.jpg,C:\Users\Computer\OneDrive\เดสก์ท็อป\imageprocessing-prj\data\train\corn\Image_65.jpg,68.7255859375,400,501,0.7984,3,JPEG,134.81,113.8,59.29,25.55,160.38,137.78,False
train,corn,Image_66.jpg,C:\Users\Computer\OneDrive\เดสก์ท็อป\imageprocessing-prj\data\train\corn\Image_66.jpg,157.587890625,800,600,1.3333,3,JPEG,149.04,125.56,63.46,25.31,139.05,151.29,False
train,corn,Image_67.jpg,C:\Users\Computer\OneDrive\เดสก์ท็อป\imageprocessing-prj\data\train\corn\Image_67.jpg,146.875,1200,800,1.5,3,JPEG,120.0,102.07,29.21,26.08,210.81,123.88,False
train,corn,Image_68.jpg,C:\Users\Computer\OneDrive\เดสก์ท็อป\imageprocessing-prj\data\train\corn\Image_68.jpg,957.4755859375,3006,5344,0.5625,3,JPEG,81.89,126.25,56.73,50.56,158.85,126.38,False
train,corn,Image_7.jpg,C:\Users\Computer\OneDrive\เดสก์ท็อป\imageprocessing-prj\data\train\corn\Image_7.jpg,160.701171875,1000,750,1.3333,3,JPEG,136.28,145.2,92.89,49.07,137.44,161.35,False
train,corn,Image_71.jpg,C:\Users\Computer\OneDrive\เดสก์ท็อป\imageprocessing-prj\data\train\corn\Image_71.jpg,123.4521484375,1280,853,1.5006,3,JPEG,151.83,122.49,73.35,22.45,142.49,155.48,False
train,corn,Image_72.jpg,C:\Users\Computer\OneDrive\เดสก์ท็อป\imageprocessing-prj\data\train\corn\Image_72.jpg,60.7626953125,1200,800,1.5,3,JPEG,159.03,157.4,146.83,63.58,59.12,170.92,False
train,corn,Image_73.jpg,C:\Users\Computer\OneDrive\เดสก์ท็อป\imageprocessing-prj\data\train\corn\Image_73.jpg,89.1630859375,1300,932,1.3948,3,JPEG,242.17,238.02,218.53,6.6,31.16,242.83,False
train,corn,Image_74.jpg,C:\Users\Computer\OneDrive\เดสก์ท็อป\imageprocessing-prj\data\train\corn\Image_74.jpg,98.412109375,720,720,1.0,3,JPEG,188.25,164.79,74.96,27.61,165.8,195.06,False
train,corn,Image_75.jpg,C:\Users\Computer\OneDrive\เดสก์ท็อป\imageprocessing-prj\data\train\corn\Image_75.jpg,285.2158203125,900,1200,0.75,3,JPEG,95.03,117.27,99.78,58.79,130.68,135.52,False
train,corn,Image_78.jpg,C:\Users\Computer\OneDrive\เดสก์ท็อป\imageprocessing-prj\data\train\corn\Image_78.jpg,195.66796875,1200,1200,1.0,3,JPEG,171.06,166.08,115.05,36.08,103.56,176.22,False
train,corn,Image_79.jpg,C:\Users\Computer\OneDrive\เดสก์ท็อป\imageprocessing-prj\data\train\corn\Image_79.jpg,233.6875,1024,1024,1.0,3,JPEG,154.77,154.51,52.29,32.87,179.23,165.18,False
train,corn,Image_8.jpg,C:\Users\Computer\OneDrive\เดสก์ท็อป\imageprocessing-prj\data\train\corn\Image_8.jpg,165.97265625,1200,800,1.5,3,JPEG,220.01,218.6,172.21,45.25,70.14,226.41,False
train,corn,Image_81.jpg,C:\Users\Computer\OneDrive\เดสก์ท็อป\imageprocessing-prj\data\train\corn\Image_81.jpg,113.2158203125,652,1024,0.6367,3,JPEG,199.49,202.69,148.64,20.01,95.77,220.49,False
train,corn,Image_82.jpg,C:\Users\Computer\OneDrive\เดสก์ท็อป\imageprocessing-prj\data\train\corn\Image_82.jpg,32.3212890625,800,533,1.5009,3,JPEG,146.52,118.94,66.08,18.75,162.42,146.68,False
train,corn,Image_83.jpg,C:\Users\Computer\OneDrive\เดสก์ท็อป\imageprocessing-prj\data\train\corn\Image_83.jpg,146.5751953125,1000,644,1.5528,3,JPEG,123.72,145.86,76.49,40.84,134.1,148.54,False
train,corn,Image_84.jpg,C:\Users\Computer\OneDrive\เดสก์ท็อป\imageprocessing-prj\data\train\corn\Image_84.jpg,553.6025390625,1800,1205,1.4938,3,JPEG,173.29,145.28,62.22,22.55,165.49,173.34,False
train,corn,Image_85.jpg,C:\Users\Computer\OneDrive\เดสก์ท็อป\imageprocessing-prj\data\train\corn\Image_85.jpg,839.33203125,2000,3000,0.6667,3,JPEG,134.91,159.84,75.74,42.01,143.11,161.27,False
train,corn,Image_86.jpg,C:\Users\Computer\OneDrive\เดสก์ท็อป\imageprocessing-prj\data\train\corn\Image_86.jpg,304.5009765625,3445,5178,0.6653,3,JPEG,132.79,149.95,93.93,41.98,114.66,150.88,False
train,corn,Image_89.jpg,C:\Users\Computer\OneDrive\เดสก์ท็อป\imageprocessing-prj\data\train\corn\Image_89.jpg,1143.384765625,1200,667,1.7991,3,JPEG,162.7,143.9,53.53,29.29,185.79,168.58,False
train,corn,Image_9.jpg,C:\Users\Computer\OneDrive\เดสก์ท็อป\imageprocessing-prj\data\train\corn\Image_9.jpg,305.6201171875,1200,900,1.3333,3,JPEG,224.41,222.14,159.31,18.4,89.05,232.74,False
train,corn,Image_90.jpg,C:\Users\Computer\OneDrive\เดสก์ท็อป\imageprocessing-prj\data\train\corn\Image_90.jpg,78.556640625,800,600,1.3333,3,JPEG,224.41,207.85,131.43,20.83,116.59,229.78,False
train,corn,Image_91.jpg,C:\Users\Computer\OneDrive\เดสก์ท็อป\imageprocessing-prj\data\train\corn\Image_91.jpg,421.34765625,672,1200,0.56,3,JPEG,94.43,130.1,56.81,47.95,156.11,131.23,False
train,corn,Image_92.jpg,C:\Users\Computer\OneDrive\เดสก์ท็อป\imageprocessing-prj\data\train\corn\Image_92.jpg,205.54296875,600,450,1.3333,3,JPEG,172.77,100.13,70.52,16.39,154.63,172.83,False
train,corn,Image_93.jpg,C:\Users\Computer\OneDrive\เดสก์ท็อป\imageprocessing-prj\data\train\corn\Image_93.jpg,237.7275390625,1500,1125,1.3333,3,JPEG,139.98,105.64,59.1,33.82,168.76,140.16,False
train,corn,Image_94.jpg,C:\Users\Computer\OneDrive\เดสก์ท็อป\imageprocessing-prj\data\train\corn\Image_94.jpg,1624.951171875,1198,1800,0.6656,3,JPEG,133.69,142.64,90.13,36.82,118.37,149.59,False
train,corn,Image_95.jpg,C:\Users\Computer\OneDrive\เดสก์ท็อป\imageprocessing-prj\data\train\corn\Image_95.jpg,533.2451171875,2000,1333,1.5004,3,JPEG,197.22,171.0,71.08,25.2,169.11,200.13,False
train,corn,Image_96.jpg,C:\Users\Computer\OneDrive\เดสก์ท็อป\imageprocessing-prj\data\train\corn\Image_96.jpg,1471.5263671875,1415,2122,0.6668,3,JPEG,165.05,158.13,98.38,38.85,119.72,169.35,False
train,corn,Image_97.jpg,C:\Users\Computer\OneDrive\เดสก์ท็อป\imageprocessing-prj\data\train\corn\Image_97.jpg,2263.59375,3504,2336,1.5,3,JPEG,215.02,184.74,95.91,22.94,143.62,215.06,False
train,corn,Image_98.jpg,C:\Users\Computer\OneDrive\เดสก์ท็อป\imageprocessing-prj\data\train\corn\Image_98.jpg,138.470703125,736,1109,0.6637,3,JPEG,231.96,223.65,162.77,14.03,88.38,234.52,False
train,corn,Image_99.jpg,C:\Users\Computer\OneDrive\เดสก์ท็อป\imageprocessing-prj\data\train\corn\Image_99.jpg,6602.0263671875,5016,3424,1.465,3,JPEG,163.42,173.08,90.64,35.56,138.91,180.04,False
train,cucumber,Image_1.jpg,C:\Users\Computer\OneDrive\เดสก์ท็อป\imageprocessing-prj\data\train\cucumber\Image_1.jpg,2732.5302734375,4000,3000,1.3333,3,JPEG,170.73,157.51,96.04,26.47,131.26,181.75,False
train,cucumber,Image_10.jpg,C:\Users\Computer\OneDrive\เดสก์ท็อป\imageprocessing-prj\data\train\cucumber\Image_10.jpg,95.46875,600,441,1.3605,3,JPEG,115.73,122.51,70.34,33.29,126.15,129.88,False
train,cucumber,Image_100.jpg,C:\Users\Computer\OneDrive\เดสก์ท็อป\imageprocessing-prj\data\train\cucumber\Image_100.jpg,119.9912109375,1000,1000,1.0,3,JPEG,193.12,209.54,179.91,22.49,50.94,209.58,False
train,cucumber,Image_11.jpg,C:\Users\Computer\OneDrive\เดสก์ท็อป\imageprocessing-prj\data\train\cucumber\Image_11.jpg,630.984375,3500,2329,1.5028,3,JPEG,207.88,209.41,182.05,28.35,46.36,211.19,False
train,cucumber,Image_12.jpg,C:\Users\Computer\OneDrive\เดสก์ท็อป\imageprocessing-prj\data\train\cucumber\Image_12.jpg,68.484375,1200,762,1.5748,3,JPEG,205.75,216.05,188.64,22.6,42.81,216.06,False
train,cucumber,Image_13.JPG,C:\Users\Computer\OneDrive\เดสก์ท็อป\imageprocessing-prj\data\train\cucumber\Image_13.JPG,2327.1845703125,3872,2592,1.4938,3,JPEG,101.72,103.79,93.53,64.57,90.02,121.69,False
train,cucumber,Image_14.jpg,C:\Users\Computer\OneDrive\เดสก์ท็อป\imageprocessing-prj\data\train\cucumber\Image_14.jpg,123.814453125,1000,1000,1.0,3,JPEG,82.54,119.62,105.34,75.2,102.1,123.12,False
train,cucumber,Image_15.jpg,C:\Users\Computer\OneDrive\เดสก์ท็อป\imageprocessing-prj\data\train\cucumber\Image_15.jpg,53.796875,1000,1000,1.0,3,JPEG,227.32,234.3,219.25,14.56,27.3,234.52,False
train,cucumber,Image_16.jpg,C:\Users\Computer\OneDrive\เดสก์ท็อป\imageprocessing-prj\data\train\cucumber\Image_16.jpg,1070.765625,6183,4126,1.4985,3,JPEG,138.46,149.37,121.57,30.54,85.9,149.86,False
train,cucumber,Image_17.jpg,C:\Users\Computer\OneDrive\เดสก์ท็อป\imageprocessing-prj\data\train\cucumber\Image_17.jpg,271.2236328125,900,900,1.0,3,JPEG,137.03,148.41,117.26,53.06,78.06,155.38,False
train,cucumber,Image_18.jpg,C:\Users\Computer\OneDrive\เดสก์ท็อป\imageprocessing-prj\data\train\cucumber\Image_18.jpg,353.0029296875,1000,1333,0.7502,3,JPEG,123.71,147.27,72.86,36.13,144.97,151.57,False
train,cucumber,Image_19.jpg,C:\Users\Computer\OneDrive\เดสก์ท็อป\imageprocessing-prj\data\train\cucumber\Image_19.jpg,3528.076171875,4898,4345,1.1273,3,JPEG,118.15,151.88,110.07,64.27,102.62,153.16,False
train,cucumber,Image_2.jpg,C:\Users\Computer\OneDrive\เดสก์ท็อป\imageprocessing-prj\data\train\cucumber\Image_2.jpg,288.0029296875,1500,1000,1.5,3,JPEG,76.49,100.33,16.08,38.97,222.49,100.81,False
train,cucumber,Image_20.jpg,C:\Users\Computer\OneDrive\เดสก์ท็อป\imageprocessing-prj\data\train\cucumber\Image_20.jpg,248.716796875,2000,1409,1.4194,3,JPEG,98.23,144.33,68.87,49.45,140.35,144.4,False
train,cucumber,Image_21.jpg,C:\Users\Computer\OneDrive\เดสก์ท็อป\imageprocessing-prj\data\train\cucumber\Image_21.jpg,74.0341796875,1280,853,1.5006,3,JPEG,216.31,226.13,199.76,14.57,43.42,226.14,False
train,cucumber,Image_22.jpg,C:\Users\Computer\OneDrive\เดสก์ท็อป\imageprocessing-prj\data\train\cucumber\Image_22.jpg,225.6728515625,1024,1240,0.8258,3,JPEG,122.44,136.01,103.42,42.77,128.01,155.07,False
train,cucumber,Image_23.jpg,C:\Users\Computer\OneDrive\เดสก์ท็อป\imageprocessing-prj\data\train\cucumber\Image_23.jpg,190.962890625,1024,1170,0.8752,3,JPEG,158.66,134.51,88.29,22.59,129.19,162.0,False
train,cucumber,Image_24.jpg,C:\Users\Computer\OneDrive\เดสก์ท็อป\imageprocessing-prj\data\train\cucumber\Image_24.jpg,49.73828125,500,650,0.7692,3,JPEG,213.8,226.16,197.75,19.19,46.31,226.19,False
train,cucumber,Image_25.jpg,C:\Users\Computer\OneDrive\เดสก์ท็อป\imageprocessing-prj\data\train\cucumber\Image_25.jpg,239.2734375,1024,1175,0.8715,3,JPEG,139.79,149.58,95.83,50.23,143.41,169.34,False
train,cucumber,Image_26.jpg,C:\Users\Computer\OneDrive\เดสก์ท็อป\imageprocessing-prj\data\train\cucumber\Image_26.jpg,31.931640625,400,300,1.3333,3,JPEG,64.65,98.15,60.04,60.01,118.23,98.8,False
train,cucumber,Image_27.jpg,C:\Users\Computer\OneDrive\เดสก์ท็อป\imageprocessing-prj\data\train\cucumber\Image_27.jpg,231.7158203125,1000,1000,1.0,3,JPEG,233.46,238.7,222.62,8.77,26.95,238.71,False
train,cucumber,Image_28.jpg,C:\Users\Computer\OneDrive\เดสก์ท็อป\imageprocessing-prj\data\train\cucumber\Image_28.jpg,259.8828125,1275,936,1.3622,3,JPEG,119.88,143.27,95.81,45.34,102.12,143.92,False
train,cucumber,Image_29.jpg,C:\Users\Computer\OneDrive\เดสก์ท็อป\imageprocessing-prj\data\train\cucumber\Image_29.jpg,3797.96875,4254,3273,1.2997,3,JPEG,219.26,229.15,212.08,18.64,30.45,229.21,False
train,cucumber,Image_3.jpg,C:\Users\Computer\OneDrive\เดสก์ท็อป\imageprocessing-prj\data\train\cucumber\Image_3.jpg,36.3466796875,850,611,1.3912,3,JPEG,194.55,206.31,171.82,20.44,68.87,206.33,False
train,cucumber,Image_30.jpg,C:\Users\Computer\OneDrive\เดสก์ท็อป\imageprocessing-prj\data\train\cucumber\Image_30.jpg,113.705078125,945,1024,0.9229,3,JPEG,87.32,120.64,49.14,46.88,171.92,120.78,False
train,cucumber,Image_31.jpg,C:\Users\Computer\OneDrive\เดสก์ท็อป\imageprocessing-prj\data\train\cucumber\Image_31.jpg,133.064453125,1300,1300,1.0,3,JPEG,220.21,225.98,207.05,14.57,40.42,226.39,False
train,cucumber,Image_32.jpg,C:\Users\Computer\OneDrive\เดสก์ท็อป\imageprocessing-prj\data\train\cucumber\Image_32.jpg,466.54296875,1920,1580,1.2152,3,JPEG,124.94,152.48,115.0,60.3,96.01,157.76,False
train,cucumber,Image_33.jpg,C:\Users\Computer\OneDrive\เดสก์ท็อป\imageprocessing-prj\data\train\cucumber\Image_33.jpg,404.09375,2560,1920,1.3333,3,JPEG,94.38,101.13,81.43,56.41,84.5,107.89,False
train,cucumber,Image_34.jpg,C:\Users\Computer\OneDrive\เดสก์ท็อป\imageprocessing-prj\data\train\cucumber\Image_34.jpg,322.4013671875,600,450,1.3333,3,JPEG,134.99,151.05,88.93,35.48,114.14,155.48,False
train,cucumber,Image_35.jpg,C:\Users\Computer\OneDrive\เดสก์ท็อป\imageprocessing-prj\data\train\cucumber\Image_35.jpg,295.0751953125,1024,1120,0.9143,3,JPEG,181.96,158.03,111.41,23.86,120.89,185.65,False
train,cucumber,Image_36.jpeg,C:\Users\Computer\OneDrive\เดสก์ท็อป\imageprocessing-prj\data\train\cucumber\Image_36.jpeg,84.150390625,700,1195,0.5858,3,JPEG,158.9,154.05,119.78,38.23,82.66,163.05,False
train,cucumber,Image_37.jpg,C:\Users\Computer\OneDrive\เดสก์ท็อป\imageprocessing-prj\data\train\cucumber\Image_37.jpg,76.5107421875,1200,801,1.4981,3,JPEG,215.02,223.19,206.58,17.85,32.38,223.22,False
train,cucumber,Image_38.png,C:\Users\Computer\OneDrive\เดสก์ท็อป\imageprocessing-prj\data\train\cucumber\Image_38.png,1078.9462890625,1000,1000,1.0,3,PNG,184.51,201.6,181.02,25.0,46.78,201.66,False
train,cucumber,Image_39.jpg,C:\Users\Computer\OneDrive\เดสก์ท็อป\imageprocessing-prj\data\train\cucumber\Image_39.jpg,241.4443359375,1024,1365,0.7502,3,JPEG,97.62,135.26,118.95,75.97,87.87,137.56,False
train,cucumber,Image_4.jpg,C:\Users\Computer\OneDrive\เดสก์ท็อป\imageprocessing-prj\data\train\cucumber\Image_4.jpg,165.9228515625,1500,1000,1.5,3,JPEG,134.6,143.76,90.38,36.65,110.4,145.47,False
train,cucumber,Image_40.jpg,C:\Users\Computer\OneDrive\เดสก์ท็อป\imageprocessing-prj\data\train\cucumber\Image_40.jpg,254.8349609375,1800,850,2.1176,3,JPEG,149.48,162.52,103.0,32.15,103.73,166.46,False
train,cucumber,Image_41.png,C:\Users\Computer\OneDrive\เดสก์ท็อป\imageprocessing-prj\data\train\cucumber\Image_41.png,202.7880859375,512,512,1.0,3,PNG,214.59,223.49,191.17,14.4,53.93,223.57,False
train,cucumber,Image_42.png,C:\Users\Computer\OneDrive\เดสก์ท็อป\imageprocessing-prj\data\train\cucumber\Image_42.png,290.013671875,512,276,1.8551,3,PNG,125.17,143.25,96.16,41.32,103.74,146.98,False
train,cucumber,Image_43.jpg,C:\Users\Computer\OneDrive\เดสก์ท็อป\imageprocessing-prj\data\train\cucumber\Image_43.jpg,567.818359375,1024,768,1.3333,3,JPEG,107.26,150.52,47.15,40.5,187.09,152.11,False
train,cucumber,Image_44.jpg,C:\Users\Computer\OneDrive\เดสก์ท็อป\imageprocessing-prj\data\train\cucumber\Image_44.jpg,752.13671875,1920,1920,1.0,3,JPEG,136.7,154.27,93.4,38.31,127.65,154.29,False
train,cucumber,Image_45.jpg,C:\Users\Computer\OneDrive\เดสก์ท็อป\imageprocessing-prj\data\train\cucumber\Image_45.jpg,258.611328125,1100,1648,0.6675,3,JPEG,148.76,146.43,65.01,36.96,166.02,158.52,False
train,cucumber,Image_46.jpg,C:\Users\Computer\OneDrive\เดสก์ท็อป\imageprocessing-prj\data\train\cucumber\Image_46.jpg,5.470703125,480,308,1.5584,3,JPEG,197.52,203.57,188.87,17.35,42.43,203.62,False
train,cucumber,Image_47.jpg,C:\Users\Computer\OneDrive\เดสก์ท็อป\imageprocessing-prj\data\train\cucumber\Image_47.jpg,2342.7353515625,4608,3456,1.3333,3,JPEG,104.0,136.11,98.32,58.98,90.79,136.37,False
train,cucumber,Image_48.jpg,C:\Users\Computer\OneDrive\เดสก์ท็อป\imageprocessing-prj\data\train\cucumber\Image_48.jpg,172.3701171875,700,644,1.087,3,JPEG,103.52,129.67,48.49,39.32,176.44,135.01,False
train,cucumber,Image_49.JPG,C:\Users\Computer\OneDrive\เดสก์ท็อป\imageprocessing-prj\data\train\cucumber\Image_49.JPG,206.9423828125,1059,1600,0.6619,3,JPEG,124.05,130.02,75.49,34.96,137.92,136.36,False
train,cucumber,Image_5.jpg,C:\Users\Computer\OneDrive\เดสก์ท็อป\imageprocessing-prj\data\train\cucumber\Image_5.jpg,42.318359375,994,615,1.6163,3,JPEG,182.31,193.81,171.97,23.04,58.48,193.84,False
train,cucumber,Image_50.JPG,C:\Users\Computer\OneDrive\เดสก์ท็อป\imageprocessing-prj\data\train\cucumber\Image_50.JPG,84.1953125,980,735,1.3333,3,JPEG,94.19,89.17,63.63,38.23,101.55,102.28,False
train,cucumber,Image_52.jpg,C:\Users\Computer\OneDrive\เดสก์ท็อป\imageprocessing-prj\data\train\cucumber\Image_52.jpg,1541.951171875,3836,2514,1.5259,3,JPEG,83.16,119.97,34.97,46.04,189.04,120.0,False
train,cucumber,Image_53.JPG,C:\Users\Computer\OneDrive\เดสก์ท็อป\imageprocessing-prj\data\train\cucumber\Image_53.JPG,299.392578125,1200,1600,0.75,3,JPEG,114.36,135.25,95.62,65.04,98.17,142.67,False
train,cucumber,Image_54.png,C:\Users\Computer\OneDrive\เดสก์ท็อป\imageprocessing-prj\data\train\cucumber\Image_54.png,6394.1982421875,2528,2639,0.9579,3,PNG,166.07,178.44,143.42,24.76,76.12,178.63,False
train,cucumber,Image_55.png,C:\Users\Computer\OneDrive\เดสก์ท็อป\imageprocessing-prj\data\train\cucumber\Image_55.png,278.66015625,600,600,1.0,3,PNG,218.2,226.18,211.45,22.19,27.26,226.23,False
train,cucumber,Image_56.jpg,C:\Users\Computer\OneDrive\เดสก์ท็อป\imageprocessing-prj\data\train\cucumber\Image_56.jpg,212.923828125,1260,855,1.4737,3,JPEG,57.44,108.59,85.33,72.27,118.06,110.17,False
train,cucumber,Image_57.jpg,C:\Users\Computer\OneDrive\เดสก์ท็อป\imageprocessing-prj\data\train\cucumber\Image_57.jpg,1329.0341796875,1754,1500,1.1693,3,JPEG,157.04,169.26,124.88,37.84,83.08,173.66,False
train,cucumber,Image_58.jpg,C:\Users\Computer\OneDrive\เดสก์ท็อป\imageprocessing-prj\data\train\cucumber\Image_58.jpg,145.4892578125,800,800,1.0,3,JPEG,208.78,221.49,201.33,19.61,36.46,221.59,False
train,cucumber,Image_59.png,C:\Users\Computer\OneDrive\เดสก์ท็อป\imageprocessing-prj\data\train\cucumber\Image_59.png,89.390625,360,224,1.6071,3,PNG,170.79,194.8,151.63,23.62,88.65,194.81,False
train,cucumber,Image_6.jpg,C:\Users\Computer\OneDrive\เดสก์ท็อป\imageprocessing-prj\data\train\cucumber\Image_6.jpg,103.0966796875,1000,1000,1.0,3,JPEG,118.93,130.0,107.76,64.21,77.93,131.68,False
train,cucumber,Image_61.jpg,C:\Users\Computer\OneDrive\เดสก์ท็อป\imageprocessing-prj\data\train\cucumber\Image_61.jpg,7.66796875,424,240,1.7667,3,JPEG,195.28,205.3,194.06,28.1,24.22,205.36,False
train,cucumber,Image_63.jpg,C:\Users\Computer\OneDrive\เดสก์ท็อป\imageprocessing-prj\data\train\cucumber\Image_63.jpg,1163.7314453125,1200,1600,0.75,3,JPEG,97.97,108.57,67.61,41.95,102.16,110.29,False
train,cucumber,Image_64.jpg,C:\Users\Computer\OneDrive\เดสก์ท็อป\imageprocessing-prj\data\train\cucumber\Image_64.jpg,188.921875,1024,715,1.4322,3,JPEG,80.94,98.95,61.67,50.11,139.9,105.35,False
train,cucumber,Image_66.jpg,C:\Users\Computer\OneDrive\เดสก์ท็อป\imageprocessing-prj\data\train\cucumber\Image_66.jpg,158.1044921875,1024,681,1.5037,3,JPEG,60.36,91.36,73.46,69.75,104.96,93.97,False
train,cucumber,Image_68.jpg,C:\Users\Computer\OneDrive\เดสก์ท็อป\imageprocessing-prj\data\train\cucumber\Image_68.jpg,35.498046875,400,300,1.3333,3,JPEG,91.24,125.79,87.62,64.88,106.32,127.28,False
train,cucumber,Image_69.jpg,C:\Users\Computer\OneDrive\เดสก์ท็อป\imageprocessing-prj\data\train\cucumber\Image_69.jpg,24.04296875,400,300,1.3333,3,JPEG,209.01,216.41,194.42,15.35,44.37,216.43,False
train,cucumber,Image_7.jpg,C:\Users\Computer\OneDrive\เดสก์ท็อป\imageprocessing-prj\data\train\cucumber\Image_7.jpg,506.6298828125,3463,2309,1.4998,3,JPEG,202.86,210.41,189.78,15.71,47.82,210.41,False
train,cucumber,Image_70.jpg,C:\Users\Computer\OneDrive\เดสก์ท็อป\imageprocessing-prj\data\train\cucumber\Image_70.jpg,143.3603515625,1024,681,1.5037,3,JPEG,78.99,102.83,41.05,41.4,165.01,103.18,False
train,cucumber,Image_71.jpg,C:\Users\Computer\OneDrive\เดสก์ท็อป\imageprocessing-prj\data\train\cucumber\Image_71.jpg,1369.71875,2592,1728,1.5,3,JPEG,137.12,136.24,134.44,82.3,29.36,141.35,False
train,cucumber,Image_73.jpg,C:\Users\Computer\OneDrive\เดสก์ท็อป\imageprocessing-prj\data\train\cucumber\Image_73.jpg,22.69140625,1000,563,1.7762,3,JPEG,214.87,217.67,211.59,12.35,18.01,217.72,False
train,cucumber,Image_74.jpg,C:\Users\Computer\OneDrive\เดสก์ท็อป\imageprocessing-prj\data\train\cucumber\Image_74.jpg,140.7568359375,1024,683,1.4993,3,JPEG,160.93,167.98,102.6,32.99,114.98,169.86,False
train,cucumber,Image_75.jpg,C:\Users\Computer\OneDrive\เดสก์ท็อป\imageprocessing-prj\data\train\cucumber\Image_75.jpg,222.71484375,900,900,1.0,3,JPEG,120.62,121.74,51.14,32.49,163.63,133.59,False
train,cucumber,Image_76.JPG,C:\Users\Computer\OneDrive\เดสก์ท็อป\imageprocessing-prj\data\train\cucumber\Image_76.JPG,28.8876953125,480,480,1.0,3,JPEG,132.69,152.61,104.06,51.82,100.42,155.66,False
train,cucumber,Image_77.jpg,C:\Users\Computer\OneDrive\เดสก์ท็อป\imageprocessing-prj\data\train\cucumber\Image_77.jpg,15.171875,488,488,1.0,3,JPEG,219.59,222.02,216.32,8.92,18.23,222.04,False
train,cucumber,Image_78.jpg,C:\Users\Computer\OneDrive\เดสก์ท็อป\imageprocessing-prj\data\train\cucumber\Image_78.jpg,124.6396484375,900,950,0.9474,3,JPEG,127.14,135.82,108.28,44.15,102.74,152.4,False
train,cucumber,Image_79.jpg,C:\Users\Computer\OneDrive\เดสก์ท็อป\imageprocessing-prj\data\train\cucumber\Image_79.jpg,54.5966796875,500,500,1.0,3,JPEG,96.19,151.8,72.79,54.15,137.88,151.9,False
train,cucumber,Image_8.jpg,C:\Users\Computer\OneDrive\เดสก์ท็อป\imageprocessing-prj\data\train\cucumber\Image_8.jpg,119.9912109375,1000,1000,1.0,3,JPEG,193.12,209.54,179.91,22.49,50.94,209.58,False
train,cucumber,Image_80.jpeg,C:\Users\Computer\OneDrive\เดสก์ท็อป\imageprocessing-prj\data\train\cucumber\Image_80.jpeg,159.9150390625,1080,1620,0.6667,3,JPEG,102.05,119.58,58.17,39.32,136.66,119.99,False
train,cucumber,Image_81.jpg,C:\Users\Computer\OneDrive\เดสก์ท็อป\imageprocessing-prj\data\train\cucumber\Image_81.jpg,1167.232421875,2048,1536,1.3333,3,JPEG,125.22,134.81,109.65,60.99,102.56,149.06,False
train,cucumber,Image_82.png,C:\Users\Computer\OneDrive\เดสก์ท็อป\imageprocessing-prj\data\train\cucumber\Image_82.png,488.8671875,454,586,0.7747,3,PNG,64.62,115.98,33.21,51.97,200.65,118.07,False
train,cucumber,Image_83.jpg,C:\Users\Computer\OneDrive\เดสก์ท็อป\imageprocessing-prj\data\train\cucumber\Image_83.jpg,43.587890625,1001,665,1.5053,3,JPEG,222.45,230.61,201.06,16.4,45.19,230.63,False
train,cucumber,Image_84.jpg,C:\Users\Computer\OneDrive\เดสก์ท็อป\imageprocessing-prj\data\train\cucumber\Image_84.jpg,55.3505859375,800,552,1.4493,3,JPEG,199.58,217.1,181.27,28.95,59.43,217.2,False
train,cucumber,Image_85.jpg,C:\Users\Computer\OneDrive\เดสก์ท็อป\imageprocessing-prj\data\train\cucumber\Image_85.jpg,339.1513671875,900,900,1.0,3,JPEG,81.29,98.43,75.51,63.43,113.64,103.86,False
train,cucumber,Image_86.jpg,C:\Users\Computer\OneDrive\เดสก์ท็อป\imageprocessing-prj\data\train\cucumber\Image_86.jpg,182.318359375,800,533,1.5009,3,JPEG,137.65,159.23,83.54,39.17,132.39,159.44,False
train,cucumber,Image_87.jpg,C:\Users\Computer\OneDrive\เดสก์ท็อป\imageprocessing-prj\data\train\cucumber\Image_87.jpg,231.8193359375,800,800,1.0,3,JPEG,113.56,136.8,75.03,41.92,118.81,137.01,False
train,cucumber,Image_88.jpg,C:\Users\Computer\OneDrive\เดสก์ท็อป\imageprocessing-prj\data\train\cucumber\Image_88.jpg,221.587890625,800,800,1.0,3,JPEG,207.89,217.64,200.32,14.07,38.26,217.73,False
train,cucumber,Image_89.jpg,C:\Users\Computer\OneDrive\เดสก์ท็อป\imageprocessing-prj\data\train\cucumber\Image_89.jpg,46.2021484375,709,350,2.0257,3,JPEG,119.52,149.56,84.81,39.84,140.57,162.09,False
train,cucumber,Image_9.jpg,C:\Users\Computer\OneDrive\เดสก์ท็อป\imageprocessing-prj\data\train\cucumber\Image_9.jpg,362.5634765625,1000,1000,1.0,3,JPEG,82.0,124.2,70.28,53.63,140.62,127.46,False
train,cucumber,Image_90.jpg,C:\Users\Computer\OneDrive\เดสก์ท็อป\imageprocessing-prj\data\train\cucumber\Image_90.jpg,129.509765625,1000,1000,1.0,3,JPEG,121.35,137.58,96.11,45.88,103.0,140.41,False
train,cucumber,Image_91.jpeg,C:\Users\Computer\OneDrive\เดสก์ท็อป\imageprocessing-prj\data\train\cucumber\Image_91.jpeg,65.58984375,600,450,1.3333,3,JPEG,111.51,148.72,82.04,50.0,118.79,150.08,False
train,cucumber,Image_92.JPG,C:\Users\Computer\OneDrive\เดสก์ท็อป\imageprocessing-prj\data\train\cucumber\Image_92.JPG,278.6484375,1200,1600,0.75,3,JPEG,103.53,137.07,69.12,45.06,132.82,137.34,False
train,cucumber,Image_93.jpg,C:\Users\Computer\OneDrive\เดสก์ท็อป\imageprocessing-prj\data\train\cucumber\Image_93.jpg,2732.5302734375,4000,3000,1.3333,3,JPEG,170.73,157.51,96.04,26.47,131.26,181.75,False
train,cucumber,Image_94.jpg,C:\Users\Computer\OneDrive\เดสก์ท็อป\imageprocessing-prj\data\train\cucumber\Image_94.jpg,288.0029296875,1500,1000,1.5,3,JPEG,76.49,100.33,16.08,38.97,222.49,100.81,False
train,cucumber,Image_95.jpg,C:\Users\Computer\OneDrive\เดสก์ท็อป\imageprocessing-prj\data\train\cucumber\Image_95.jpg,36.3466796875,850,611,1.3912,3,JPEG,194.55,206.31,171.82,20.44,68.87,206.33,False
train,cucumber,Image_96.jpg,C:\Users\Computer\OneDrive\เดสก์ท็อป\imageprocessing-prj\data\train\cucumber\Image_96.jpg,165.9228515625,1500,1000,1.5,3,JPEG,134.6,143.76,90.38,36.65,110.4,145.47,False
train,cucumber,Image_97.jpg,C:\Users\Computer\OneDrive\เดสก์ท็อป\imageprocessing-prj\data\train\cucumber\Image_97.jpg,42.318359375,994,615,1.6163,3,JPEG,182.31,193.81,171.97,23.04,58.48,193.84,False
train,cucumber,Image_98.jpg,C:\Users\Computer\OneDrive\เดสก์ท็อป\imageprocessing-prj\data\train\cucumber\Image_98.jpg,103.0966796875,1000,1000,1.0,3,JPEG,118.93,130.0,107.76,64.21,77.93,131.68,False
train,cucumber,Image_99.jpg,C:\Users\Computer\OneDrive\เดสก์ท็อป\imageprocessing-prj\data\train\cucumber\Image_99.jpg,506.6298828125,3463,2309,1.4998,3,JPEG,202.86,210.41,189.78,15.71,47.82,210.41,False
train,eggplant,Image_1.jpg,C:\Users\Computer\OneDrive\เดสก์ท็อป\imageprocessing-prj\data\train\eggplant\Image_1.jpg,3238.796875,2592,3456,0.75,3,JPEG,130.87,123.59,82.93,34.65,103.74,132.89,False
train,eggplant,Image_10.jpg,C:\Users\Computer\OneDrive\เดสก์ท็อป\imageprocessing-prj\data\train\eggplant\Image_10.jpg,71.75390625,600,800,0.75,3,JPEG,82.5,97.85,61.8,41.74,113.09,99.7,False
train,eggplant,Image_100.jpg,C:\Users\Computer\OneDrive\เดสก์ท็อป\imageprocessing-prj\data\train\eggplant\Image_100.jpg,611.7275390625,1000,1193,0.8382,3,JPEG,96.49,119.18,69.26,43.64,116.27,119.83,False
train,eggplant,Image_11.jpg,C:\Users\Computer\OneDrive\เดสก์ท็อป\imageprocessing-prj\data\train\eggplant\Image_11.jpg,242.3681640625,1000,1000,1.0,3,JPEG,111.58,75.99,100.61,120.07,138.54,118.83,False
train,eggplant,Image_12.jpg,C:\Users\Computer\OneDrive\เดสก์ท็อป\imageprocessing-prj\data\train\eggplant\Image_12.jpg,976.73828125,2272,1704,1.3333,3,JPEG,182.6,185.2,184.43,25.4,18.47,188.37,False
train,eggplant,Image_13.jpg,C:\Users\Computer\OneDrive\เดสก์ท็อป\imageprocessing-prj\data\train\eggplant\Image_13.jpg,65.638671875,1024,1024,1.0,3,JPEG,98.52,91.48,61.91,39.31,104.04,104.07,False
train,eggplant,Image_14.jpg,C:\Users\Computer\OneDrive\เดสก์ท็อป\imageprocessing-prj\data\train\eggplant\Image_14.jpg,68.5205078125,800,636,1.2579,3,JPEG,132.35,134.94,91.42,34.98,93.93,143.5,False
train,eggplant,Image_15.jpg,C:\Users\Computer\OneDrive\เดสก์ท็อป\imageprocessing-prj\data\train\eggplant\Image_15.jpg,243.5,700,1244,0.5627,3,JPEG,109.39,105.93,78.54,62.79,122.31,126.35,False
train,eggplant,Image_16.jpg,C:\Users\Computer\OneDrive\เดสก์ท็อป\imageprocessing-prj\data\train\eggplant\Image_16.jpg,1562.8369140625,1536,2048,0.75,3,JPEG,135.57,124.27,112.95,61.07,75.75,139.84,False
train,eggplant,Image_17.jpg,C:\Users\Computer\OneDrive\เดสก์ท็อป\imageprocessing-prj\data\train\eggplant\Image_17.jpg,152.3056640625,1280,720,1.7778,3,JPEG,149.83,135.62,128.93,86.32,56.88,151.03,False
train,eggplant,Image_18.jpg,C:\Users\Computer\OneDrive\เดสก์ท็อป\imageprocessing-prj\data\train\eggplant\Image_18.jpg,738.6064453125,1200,797,1.5056,3,JPEG,64.2,47.34,54.54,112.87,126.0,67.98,False
train,eggplant,Image_19.jpg,C:\Users\Computer\OneDrive\เดสก์ท็อป\imageprocessing-prj\data\train\eggplant\Image_19.jpg,52.328125,1280,720,1.7778,3,JPEG,161.13,158.7,152.36,54.91,27.77,162.5,False
train,eggplant,Image_2.jpg,C:\Users\Computer\OneDrive\เดสก์ท็อป\imageprocessing-prj\data\train\eggplant\Image_2.jpg,650.9052734375,3031,2021,1.4998,3,JPEG,67.98,57.51,64.43,110.4,104.59,78.2,False
train,eggplant,Image_20.jpg,C:\Users\Computer\OneDrive\เดสก์ท็อป\imageprocessing-prj\data\train\eggplant\Image_20.jpg,252.7177734375,1057,1600,0.6606,3,JPEG,113.49,130.99,87.34,59.38,112.6,143.35,False
train,eggplant,Image_21.jpg,C:\Users\Computer\OneDrive\เดสก์ท็อป\imageprocessing-prj\data\train\eggplant\Image_21.jpg,981.8515625,2592,3888,0.6667,3,JPEG,79.63,81.65,59.34,48.71,116.19,86.27,False
train,eggplant,Image_22.jpg,C:\Users\Computer\OneDrive\เดสก์ท็อป\imageprocessing-prj\data\train\eggplant\Image_22.jpg,90.974609375,800,533,1.5009,3,JPEG,90.82,86.05,74.62,71.49,68.91,94.89,False
train,eggplant,Image_23.JPG,C:\Users\Computer\OneDrive\เดสก์ท็อป\imageprocessing-prj\data\train\eggplant\Image_23.JPG,332.865234375,1600,1200,1.3333,3,JPEG,109.11,119.16,83.96,51.2,83.08,123.5,False
train,eggplant,Image_24.jpg,C:\Users\Computer\OneDrive\เดสก์ท็อป\imageprocessing-prj\data\train\eggplant\Image_24.jpg,281.5556640625,1000,1000,1.0,3,JPEG,89.81,127.62,70.07,65.22,141.07,136.18,False
train,eggplant,Image_25.JPG,C:\Users\Computer\OneDrive\เดสก์ท็อป\imageprocessing-prj\data\train\eggplant\Image_25.JPG,311.064453125,1600,1344,1.1905,3,JPEG,124.1,144.75,97.61,53.18,108.26,149.53,False
train,eggplant,Image_26.png,C:\Users\Computer\OneDrive\เดสก์ท็อป\imageprocessing-prj\data\train\eggplant\Image_26.png,361.1669921875,1024,1024,1.0,3,PNG,223.23,221.03,220.22,30.12,14.62,223.98,False
train,eggplant,Image_27.jpg,C:\Users\Computer\OneDrive\เดสก์ท็อป\imageprocessing-prj\data\train\eggplant\Image_27.jpg,128.306640625,800,590,1.3559,3,JPEG,90.84,118.36,51.93,47.7,162.46,120.62,False
train,eggplant,Image_28.jpg,C:\Users\Computer\OneDrive\เดสก์ท็อป\imageprocessing-prj\data\train\eggplant\Image_28.jpg,3556.791015625,3872,2592,1.4938,3,JPEG,166.54,146.1,130.63,40.57,66.11,169.86,False
train,eggplant,Image_29.jpg,C:\Users\Computer\OneDrive\เดสก์ท็อป\imageprocessing-prj\data\train\eggplant\Image_29.jpg,81.796875,1016,800,1.27,3,JPEG,117.94,130.05,65.97,32.82,128.6,133.19,False
train,eggplant,Image_3.jpg,C:\Users\Computer\OneDrive\เดสก์ท็อป\imageprocessing-prj\data\train\eggplant\Image_3.jpg,185.3349609375,1200,803,1.4944,3,JPEG,93.11,102.22,89.44,69.34,96.52,114.97,False
train,eggplant,Image_30.jpg,C:\Users\Computer\OneDrive\เดสก์ท็อป\imageprocessing-prj\data\train\eggplant\Image_30.jpg,12.529296875,346,347,0.9971,3,JPEG,158.02,151.21,153.81,83.78,73.79,164.14,False
train,eggplant,Image_31.jpg,C:\Users\Computer\OneDrive\เดสก์ท็อป\imageprocessing-prj\data\train\eggplant\Image_31.jpg,179.5908203125,1000,1000,1.0,3,JPEG,86.75,53.02,79.53,131.94,143.65,93.35,False
train,eggplant,Image_32.jpg,C:\Users\Computer\OneDrive\เดสก์ท็อป\imageprocessing-prj\data\train\eggplant\Image_32.jpg,125.064453125,1000,1000,1.0,3,JPEG,96.22,107.87,86.07,72.05,87.75,114.24,False
train,eggplant,Image_33.jpg,C:\Users\Computer\OneDrive\เดสก์ท็อป\imageprocessing-prj\data\train\eggplant\Image_33.jpg,199.732421875,1000,1000,1.0,3,JPEG,91.94,87.57,70.57,93.41,142.49,111.03,False
train,eggplant,Image_34.JPG,C:\Users\Computer\OneDrive\เดสก์ท็อป\imageprocessing-prj\data\train\eggplant\Image_34.JPG,1364.4921875,2816,2112,1.3333,3,JPEG,87.82,90.25,54.28,60.49,153.14,104.14,False
train,eggplant,Image_35.jpg,C:\Users\Computer\OneDrive\เดสก์ท็อป\imageprocessing-prj\data\train\eggplant\Image_35.jpg,56.1884765625,640,448,1.4286,3,JPEG,129.76,115.95,87.95,84.74,104.8,137.25,False
train,eggplant,Image_36.jpg,C:\Users\Computer\OneDrive\เดสก์ท็อป\imageprocessing-prj\data\train\eggplant\Image_36.jpg,74.447265625,443,267,1.6592,3,JPEG,167.11,153.99,163.49,93.95,58.48,169.74,False
train,eggplant,Image_37.jpg,C:\Users\Computer\OneDrive\เดสก์ท็อป\imageprocessing-prj\data\train\eggplant\Image_37.jpg,169.501953125,800,617,1.2966,3,JPEG,129.75,133.76,105.51,60.4,80.52,141.25,False
train,eggplant,Image_38.png,C:\Users\Computer\OneDrive\เดสก์ท็อป\imageprocessing-prj\data\train\eggplant\Image_38.png,566.3115234375,1024,745,1.3745,3,PNG,48.69,37.6,39.64,48.93,33.5,49.62,False
train,eggplant,Image_39.jpg,C:\Users\Computer\OneDrive\เดสก์ท็อป\imageprocessing-prj\data\train\eggplant\Image_39.jpg,39.6796875,500,503,0.994,3,JPEG,125.05,115.69,99.75,73.64,90.6,137.29,False
train,eggplant,Image_4.jpg,C:\Users\Computer\OneDrive\เดสก์ท็อป\imageprocessing-prj\data\train\eggplant\Image_4.jpg,1802.9892578125,1001,1001,1.0,3,JPEG,118.87,107.39,116.57,77.17,158.13,161.73,False
train,eggplant,Image_40.png,C:\Users\Computer\OneDrive\เดสก์ท็อป\imageprocessing-prj\data\train\eggplant\Image_40.png,722.109375,872,564,1.5461,3,PNG,144.49,142.13,136.77,68.95,49.12,149.36,False
train,eggplant,Image_41.jpg,C:\Users\Computer\OneDrive\เดสก์ท็อป\imageprocessing-prj\data\train\eggplant\Image_41.jpg,265.5693359375,1200,923,1.3001,3,JPEG,134.97,116.52,102.24,26.09,80.02,136.85,False
train,eggplant,Image_42.jpg,C:\Users\Computer\OneDrive\เดสก์ท็อป\imageprocessing-prj\data\train\eggplant\Image_42.jpg,33.8740234375,610,544,1.1213,3,JPEG,185.96,176.8,187.22,53.41,54.01,190.37,False
train,eggplant,Image_43.jpg,C:\Users\Computer\OneDrive\เดสก์ท็อป\imageprocessing-prj\data\train\eggplant\Image_43.jpg,34.015625,325,477,0.6813,3,JPEG,81.26,103.81,58.55,47.26,135.09,105.56,False
train,eggplant,Image_44.jpg,C:\Users\Computer\OneDrive\เดสก์ท็อป\imageprocessing-prj\data\train\eggplant\Image_44.jpg,203.2431640625,1024,1120,0.9143,3,JPEG,142.27,110.31,95.59,62.42,113.0,144.39,False
train,eggplant,Image_45.jpg,C:\Users\Computer\OneDrive\เดสก์ท็อป\imageprocessing-prj\data\train\eggplant\Image_45.jpg,131.6572265625,1024,680,1.5059,3,JPEG,114.68,163.14,76.29,49.61,159.7,163.29,False
train,eggplant,Image_46.jpg,C:\Users\Computer\OneDrive\เดสก์ท็อป\imageprocessing-prj\data\train\eggplant\Image_46.jpg,244.9677734375,640,480,1.3333,3,JPEG,100.74,122.56,87.53,68.49,105.85,130.26,False
train,eggplant,Image_47.jpg,C:\Users\Computer\OneDrive\เดสก์ท็อป\imageprocessing-prj\data\train\eggplant\Image_47.jpg,30.5947265625,366,274,1.3358,3,JPEG,116.83,123.86,99.86,85.41,106.61,138.29,False
train,eggplant,Image_48.jpg,C:\Users\Computer\OneDrive\เดสก์ท็อป\imageprocessing-prj\data\train\eggplant\Image_48.jpg,85.7939453125,921,1024,0.8994,3,JPEG,95.91,138.66,71.42,48.41,131.27,138.76,False
train,eggplant,Image_5.jpg,C:\Users\Computer\OneDrive\เดสก์ท็อป\imageprocessing-prj\data\train\eggplant\Image_5.jpg,94.3857421875,1024,732,1.3989,3,JPEG,89.69,88.96,66.08,78.03,141.12,105.76,False
train,eggplant,Image_51.jpg,C:\Users\Computer\OneDrive\เดสก์ท็อป\imageprocessing-prj\data\train\eggplant\Image_51.jpg,43.806640625,640,375,1.7067,3,JPEG,169.67,158.77,166.28,89.28,42.31,171.07,False
train,eggplant,Image_54.png,C:\Users\Computer\OneDrive\เดสก์ท็อป\imageprocessing-prj\data\train\eggplant\Image_54.png,265.4619140625,475,467,1.0171,3,PNG,160.5,155.54,153.49,82.22,66.22,166.64,False
train,eggplant,Image_55.jpg,C:\Users\Computer\OneDrive\เดสก์ท็อป\imageprocessing-prj\data\train\eggplant\Image_55.jpg,1394.8623046875,3648,2736,1.3333,3,JPEG,113.3,103.13,110.79,67.76,60.43,120.21,False
train,eggplant,Image_56.jpg,C:\Users\Computer\OneDrive\เดสก์ท็อป\imageprocessing-prj\data\train\eggplant\Image_56.jpg,149.904296875,800,800,1.0,3,JPEG,220.71,222.08,220.84,29.86,24.55,229.12,False
train,eggplant,Image_58.jpg,C:\Users\Computer\OneDrive\เดสก์ท็อป\imageprocessing-prj\data\train\eggplant\Image_58.jpg,90.1513671875,460,460,1.0,3,JPEG,89.73,79.09,75.54,78.38,68.77,92.41,False
train,eggplant,Image_59.jpg,C:\Users\Computer\OneDrive\เดสก์ท็อป\imageprocessing-prj\data\train\eggplant\Image_59.jpg,393.75390625,5184,3456,1.5,3,JPEG,167.13,149.13,154.68,67.55,56.13,173.68,False
train,eggplant,Image_6.jpg,C:\Users\Computer\OneDrive\เดสก์ท็อป\imageprocessing-prj\data\train\eggplant\Image_6.jpg,611.7275390625,1000,1193,0.8382,3,JPEG,96.49,119.18,69.26,43.64,116.27,119.83,False
train,eggplant,Image_61.jpg,C:\Users\Computer\OneDrive\เดสก์ท็อป\imageprocessing-prj\data\train\eggplant\Image_61.jpg,31.2021484375,846,440,1.9227,3,JPEG,138.36,137.65,126.59,48.97,43.12,141.33,False
train,eggplant,Image_62.jpg,C:\Users\Computer\OneDrive\เดสก์ท็อป\imageprocessing-prj\data\train\eggplant\Image_62.jpg,645.671875,1000,1000,1.0,3,JPEG,91.75,110.22,79.33,93.98,125.83,127.03,False
train,eggplant,Image_63.jpg,C:\Users\Computer\OneDrive\เดสก์ท็อป\imageprocessing-prj\data\train\eggplant\Image_63.jpg,765.0517578125,2592,2424,1.0693,3,JPEG,117.0,128.92,110.59,69.77,88.19,142.69,False
train,eggplant,Image_64.jpg,C:\Users\Computer\OneDrive\เดสก์ท็อป\imageprocessing-prj\data\train\eggplant\Image_64.jpg,2497.74609375,2448,2448,1.0,3,JPEG,70.97,64.64,52.31,50.54,127.73,78.43,False
train,eggplant,Image_65.jpg,C:\Users\Computer\OneDrive\เดสก์ท็อป\imageprocessing-prj\data\train\eggplant\Image_65.jpg,54.8359375,460,493,0.9331,3,JPEG,122.73,142.44,93.35,48.63,91.9,143.8,False
train,eggplant,Image_66.jpg,C:\Users\Computer\OneDrive\เดสก์ท็อป\imageprocessing-prj\data\train\eggplant\Image_66.jpg,914.3134765625,3233,3317,0.9747,3,JPEG,105.12,77.45,70.2,86.13,121.14,107.69,False
train,eggplant,Image_67.jpg,C:\Users\Computer\OneDrive\เดสก์ท็อป\imageprocessing-prj\data\train\eggplant\Image_67.jpg,33.783203125,556,313,1.7764,3,JPEG,77.42,90.04,64.9,75.77,132.39,102.36,False
train,eggplant,Image_68.jpg,C:\Users\Computer\OneDrive\เดสก์ท็อป\imageprocessing-prj\data\train\eggplant\Image_68.jpg,276.8173828125,750,563,1.3321,3,JPEG,143.41,154.95,84.56,43.42,144.86,160.92,False
train,eggplant,Image_69.jpg,C:\Users\Computer\OneDrive\เดสก์ท็อป\imageprocessing-prj\data\train\eggplant\Image_69.jpg,241.591796875,640,478,1.3389,3,JPEG,92.02,64.79,83.48,129.11,121.99,96.94,False
train,eggplant,Image_7.jpg,C:\Users\Computer\OneDrive\เดสก์ท็อป\imageprocessing-prj\data\train\eggplant\Image_7.jpg,287.8759765625,1668,1151,1.4492,3,JPEG,126.83,131.31,77.41,45.11,136.31,153.67,False
train,eggplant,Image_71.jpg,C:\Users\Computer\OneDrive\เดสก์ท็อป\imageprocessing-prj\data\train\eggplant\Image_71.jpg,145.822265625,1000,875,1.1429,3,JPEG,85.47,103.75,77.86,52.39,79.56,105.48,False
train,eggplant,Image_72.jpg,C:\Users\Computer\OneDrive\เดสก์ท็อป\imageprocessing-prj\data\train\eggplant\Image_72.jpg,226.8759765625,2048,2048,1.0,3,JPEG,226.19,230.73,208.6,17.09,33.17,232.14,False
train,eggplant,Image_73.jpg,C:\Users\Computer\OneDrive\เดสก์ท็อป\imageprocessing-prj\data\train\eggplant\Image_73.jpg,146.892578125,600,600,1.0,3,JPEG,123.39,135.85,108.67,41.44,67.75,136.66,False
train,eggplant,Image_74.jpg,C:\Users\Computer\OneDrive\เดสก์ท็อป\imageprocessing-prj\data\train\eggplant\Image_74.jpg,24.3466796875,320,240,1.3333,3,JPEG,163.88,161.89,149.04,93.2,56.21,170.46,False
train,eggplant,Image_78.jpg,C:\Users\Computer\OneDrive\เดสก์ท็อป\imageprocessing-prj\data\train\eggplant\Image_78.jpg,122.5830078125,1023,685,1.4934,3,JPEG,97.26,49.14,110.65,136.05,169.55,112.33,False
train,eggplant,Image_79.jpg,C:\Users\Computer\OneDrive\เดสก์ท็อป\imageprocessing-prj\data\train\eggplant\Image_79.jpg,145.7763671875,766,1024,0.748,3,JPEG,108.52,67.21,84.54,127.69,100.64,110.05,False
train,eggplant,Image_8.jpg,C:\Users\Computer\OneDrive\เดสก์ท็อป\imageprocessing-prj\data\train\eggplant\Image_8.jpg,3270.728515625,3216,4288,0.75,3,JPEG,90.5,115.27,77.78,63.32,90.75,117.77,False
train,eggplant,Image_80.jpg,C:\Users\Computer\OneDrive\เดสก์ท็อป\imageprocessing-prj\data\train\eggplant\Image_80.jpg,169.9921875,1600,1067,1.4995,3,JPEG,181.58,169.27,119.79,30.37,89.09,182.48,False
train,eggplant,Image_81.jpg,C:\Users\Computer\OneDrive\เดสก์ท็อป\imageprocessing-prj\data\train\eggplant\Image_81.jpg,90.0361328125,1280,720,1.7778,3,JPEG,67.81,62.28,63.8,92.19,58.28,72.48,False
train,eggplant,Image_82.jpg,C:\Users\Computer\OneDrive\เดสก์ท็อป\imageprocessing-prj\data\train\eggplant\Image_82.jpg,39.0625,600,450,1.3333,3,JPEG,133.31,133.03,125.89,36.88,22.54,135.2,False
train,eggplant,Image_84.jpg,C:\Users\Computer\OneDrive\เดสก์ท็อป\imageprocessing-prj\data\train\eggplant\Image_84.jpg,173.9384765625,707,629,1.124,3,JPEG,133.5,151.68,102.92,56.73,91.4,154.6,False
train,eggplant,Image_87.jpg,C:\Users\Computer\OneDrive\เดสก์ท็อป\imageprocessing-prj\data\train\eggplant\Image_87.jpg,896.7978515625,2559,2004,1.2769,3,JPEG,128.7,135.78,102.46,78.29,85.33,143.39,False
train,eggplant,Image_89.jpg,C:\Users\Computer\OneDrive\เดสก์ท็อป\imageprocessing-prj\data\train\eggplant\Image_89.jpg,47.833984375,603,1024,0.5889,3,JPEG,118.9,128.6,77.54,43.49,116.94,132.32,False
train,eggplant,Image_9.jpg,C:\Users\Computer\OneDrive\เดสก์ท็อป\imageprocessing-prj\data\train\eggplant\Image_9.jpg,157.4921875,1024,1239,0.8265,3,JPEG,95.44,129.1,76.68,55.46,141.96,130.73,False
train,eggplant,Image_92.jpg,C:\Users\Computer\OneDrive\เดสก์ท็อป\imageprocessing-prj\data\train\eggplant\Image_92.jpg,79.5859375,450,600,0.75,3,JPEG,94.98,114.64,51.83,41.61,175.6,114.79,False
train,eggplant,Image_93.jpg,C:\Users\Computer\OneDrive\เดสก์ท็อป\imageprocessing-prj\data\train\eggplant\Image_93.jpg,65.5419921875,550,413,1.3317,3,JPEG,196.61,172.19,188.55,70.95,55.51,196.74,False
train,eggplant,Image_94.jpg,C:\Users\Computer\OneDrive\เดสก์ท็อป\imageprocessing-prj\data\train\eggplant\Image_94.jpg,3238.796875,2592,3456,0.75,3,JPEG,130.87,123.59,82.93,34.65,103.74,132.89,False
train,eggplant,Image_95.jpg,C:\Users\Computer\OneDrive\เดสก์ท็อป\imageprocessing-prj\data\train\eggplant\Image_95.jpg,650.9052734375,3031,2021,1.4998,3,JPEG,67.98,57.51,64.43,110.4,104.59,78.2,False
train,eggplant,Image_96.jpg,C:\Users\Computer\OneDrive\เดสก์ท็อป\imageprocessing-prj\data\train\eggplant\Image_96.jpg,185.3349609375,1200,803,1.4944,3,JPEG,93.11,102.22,89.44,69.34,96.52,114.97,False
train,eggplant,Image_97.jpg,C:\Users\Computer\OneDrive\เดสก์ท็อป\imageprocessing-prj\data\train\eggplant\Image_97.jpg,1802.9892578125,1001,1001,1.0,3,JPEG,118.87,107.39,116.57,77.17,158.13,161.73,False
train,eggplant,Image_98.jpg,C:\Users\Computer\OneDrive\เดสก์ท็อป\imageprocessing-prj\data\train\eggplant\Image_98.jpg,94.3857421875,1024,732,1.3989,3,JPEG,89.69,88.96,66.08,78.03,141.12,105.76,False
train,eggplant,Image_99.jpg,C:\Users\Computer\OneDrive\เดสก์ท็อป\imageprocessing-prj\data\train\eggplant\Image_99.jpg,262.4033203125,1024,1024,1.0,3,JPEG,151.99,122.21,138.69,75.92,66.25,152.93,False
train,garlic,Image_1.jpg,C:\Users\Computer\OneDrive\เดสก์ท็อป\imageprocessing-prj\data\train\garlic\Image_1.jpg,497.8125,1501,1500,1.0007,3,JPEG,119.53,104.04,91.81,17.63,82.25,119.75,False
train,garlic,Image_10.jpg,C:\Users\Computer\OneDrive\เดสก์ท็อป\imageprocessing-prj\data\train\garlic\Image_10.jpg,128.8974609375,1650,1238,1.3328,3,JPEG,211.65,204.95,196.94,19.01,25.08,211.75,False
train,garlic,Image_100.jpg,C:\Users\Computer\OneDrive\เดสก์ท็อป\imageprocessing-prj\data\train\garlic\Image_100.jpg,101.7431640625,1200,800,1.5,3,JPEG,104.27,79.9,64.66,11.65,119.71,104.27,False
train,garlic,Image_11.jpg,C:\Users\Computer\OneDrive\เดสก์ท็อป\imageprocessing-prj\data\train\garlic\Image_11.jpg,2423.6865234375,2875,1739,1.6532,3,JPEG,240.11,232.89,228.02,29.21,17.45,241.14,False
train,garlic,Image_12.jpg,C:\Users\Computer\OneDrive\เดสก์ท็อป\imageprocessing-prj\data\train\garlic\Image_12.jpg,79.6826171875,1600,1072,1.4925,3,JPEG,203.98,189.74,184.39,72.25,35.45,204.92,False
train,garlic,Image_13.jpg,C:\Users\Computer\OneDrive\เดสก์ท็อป\imageprocessing-prj\data\train\garlic\Image_13.jpg,4573.0361328125,3888,2592,1.5,3,JPEG,106.57,91.85,67.99,33.14,128.67,111.81,False
train,garlic,Image_14.jpg,C:\Users\Computer\OneDrive\เดสก์ท็อป\imageprocessing-prj\data\train\garlic\Image_14.jpg,1341.3427734375,1416,1133,1.2498,3,JPEG,88.95,85.78,75.04,43.29,54.18,94.03,False
train,garlic,Image_15.jpg,C:\Users\Computer\OneDrive\เดสก์ท็อป\imageprocessing-prj\data\train\garlic\Image_15.jpg,138.861328125,1200,818,1.467,3,JPEG,222.63,219.85,202.89,19.84,38.36,227.74,False
train,garlic,Image_16.jpg,C:\Users\Computer\OneDrive\เดสก์ท็อป\imageprocessing-prj\data\train\garlic\Image_16.jpg,714.5859375,2250,1500,1.5,3,JPEG,124.62,91.21,84.05,35.76,104.62,124.92,False
train,garlic,Image_17.jpg,C:\Users\Computer\OneDrive\เดสก์ท็อป\imageprocessing-prj\data\train\garlic\Image_17.jpg,43.859375,760,428,1.7757,3,JPEG,127.35,99.14,70.25,15.51,138.0,127.36,False
train,garlic,Image_18.jpg,C:\Users\Computer\OneDrive\เดสก์ท็อป\imageprocessing-prj\data\train\garlic\Image_18.jpg,1100.361328125,2016,1512,1.3333,3,JPEG,139.25,130.6,124.74,69.13,51.91,141.03,False
train,garlic,Image_19.jpg,C:\Users\Computer\OneDrive\เดสก์ท็อป\imageprocessing-prj\data\train\garlic\Image_19.jpg,281.6318359375,1280,720,1.7778,3,JPEG,142.91,119.09,107.62,38.01,78.54,144.83,False
train,garlic,Image_2.jpg,C:\Users\Computer\OneDrive\เดสก์ท็อป\imageprocessing-prj\data\train\garlic\Image_2.jpg,134.9296875,1536,1024,1.5,3,JPEG,239.57,233.11,228.83,5.54,14.77,239.58,False
train,garlic,Image_20.jpg,C:\Users\Computer\OneDrive\เดสก์ท็อป\imageprocessing-prj\data\train\garlic\Image_20.jpg,510.3349609375,1600,1521,1.0519,3,JPEG,153.26,120.45,113.76,49.58,85.97,153.97,False
train,garlic,Image_21.jpg,C:\Users\Computer\OneDrive\เดสก์ท็อป\imageprocessing-prj\data\train\garlic\Image_21.jpg,93.8662109375,1600,1067,1.4995,3,JPEG,197.25,196.48,191.04,67.68,25.7,203.83,False
train,garlic,Image_22.jpg,C:\Users\Computer\OneDrive\เดสก์ท็อป\imageprocessing-prj\data\train\garlic\Image_22.jpg,755.599609375,1825,1217,1.4996,3,JPEG,195.18,194.56,193.99,76.51,15.89,199.52,False
train,garlic,Image_23.jpg,C:\Users\Computer\OneDrive\เดสก์ท็อป\imageprocessing-prj\data\train\garlic\Image_23.jpg,28.6572265625,800,800,1.0,3,JPEG,234.23,232.85,225.95,16.06,10.28,234.32,False
train,garlic,Image_24.png,C:\Users\Computer\OneDrive\เดสก์ท็อป\imageprocessing-prj\data\train\garlic\Image_24.png,1516.4541015625,1624,1199,1.3545,3,PNG,233.04,223.38,211.92,7.42,27.18,233.04,False
train,garlic,Image_25.jpeg,C:\Users\Computer\OneDrive\เดสก์ท็อป\imageprocessing-prj\data\train\garlic\Image_25.jpeg,532.513671875,2193,1530,1.4333,3,JPEG,209.25,199.41,183.86,34.62,37.19,210.4,False
train,garlic,Image_26.jpg,C:\Users\Computer\OneDrive\เดสก์ท็อป\imageprocessing-prj\data\train\garlic\Image_26.jpg,134.7880859375,819,1024,0.7998,3,JPEG,153.32,126.01,100.17,16.95,106.15,153.4,False
train,garlic,Image_27.jpg,C:\Users\Computer\OneDrive\เดสก์ท็อป\imageprocessing-prj\data\train\garlic\Image_27.jpg,492.455078125,2500,1845,1.355,3,JPEG,206.51,195.45,175.9,22.41,44.8,206.59,False
train,garlic,Image_28.jpg,C:\Users\Computer\OneDrive\เดสก์ท็อป\imageprocessing-prj\data\train\garlic\Image_28.jpg,357.33203125,2371,2179,1.0881,3,JPEG,237.9,231.83,219.24,13.53,23.41,238.03,False
train,garlic,Image_29.jpg,C:\Users\Computer\OneDrive\เดสก์ท็อป\imageprocessing-prj\data\train\garlic\Image_29.jpg,455.7607421875,1033,779,1.3261,3,JPEG,183.66,180.47,159.51,40.65,53.05,186.77,False
train,garlic,Image_3.jpg,C:\Users\Computer\OneDrive\เดสก์ท็อป\imageprocessing-prj\data\train\garlic\Image_3.jpg,1237.224609375,3732,3085,1.2097,3,JPEG,241.68,234.7,228.21,6.84,16.77,241.68,False
train,garlic,Image_30.jpg,C:\Users\Computer\OneDrive\เดสก์ท็อป\imageprocessing-prj\data\train\garlic\Image_30.jpg,716.7744140625,1200,628,1.9108,3,JPEG,124.04,114.79,100.12,38.26,88.47,131.56,False
train,garlic,Image_31.jpg,C:\Users\Computer\OneDrive\เดสก์ท็อป\imageprocessing-prj\data\train\garlic\Image_31.jpg,1131.271484375,3264,2448,1.3333,3,JPEG,89.15,81.57,85.01,93.1,65.83,95.04,False
train,garlic,Image_32.jpg,C:\Users\Computer\OneDrive\เดสก์ท็อป\imageprocessing-prj\data\train\garlic\Image_32.jpg,32.244140625,1024,847,1.209,3,JPEG,236.79,224.93,220.45,14.96,21.21,236.81,False
train,garlic,Image_33.jpg,C:\Users\Computer\OneDrive\เดสก์ท็อป\imageprocessing-prj\data\train\garlic\Image_33.jpg,28.2958984375,800,530,1.5094,3,JPEG,135.57,105.0,71.31,18.13,146.3,135.94,False
train,garlic,Image_34.jpg,C:\Users\Computer\OneDrive\เดสก์ท็อป\imageprocessing-prj\data\train\garlic\Image_34.jpg,659.6943359375,1800,1200,1.5,3,JPEG,125.14,99.84,92.58,58.49,85.31,125.22,False
train,garlic,Image_35.png,C:\Users\Computer\OneDrive\เดสก์ท็อป\imageprocessing-prj\data\train\garlic\Image_35.png,164.37890625,400,300,1.3333,3,PNG,198.16,183.31,171.12,17.4,33.13,198.17,False
train,garlic,Image_36.png,C:\Users\Computer\OneDrive\เดสก์ท็อป\imageprocessing-prj\data\train\garlic\Image_36.png,78.66796875,264,264,1.0,3,PNG,197.42,188.37,175.31,18.35,32.7,197.43,False
train,garlic,Image_37.jpg,C:\Users\Computer\OneDrive\เดสก์ท็อป\imageprocessing-prj\data\train\garlic\Image_37.jpg,41.9072265625,655,353,1.8555,3,JPEG,136.96,85.71,63.83,11.93,144.17,136.96,False
train,garlic,Image_38.jpg,C:\Users\Computer\OneDrive\เดสก์ท็อป\imageprocessing-prj\data\train\garlic\Image_38.jpg,83.6220703125,346,326,1.0613,3,JPEG,203.83,164.55,163.64,78.46,63.64,203.84,False
train,garlic,Image_39.jpg,C:\Users\Computer\OneDrive\เดสก์ท็อป\imageprocessing-prj\data\train\garlic\Image_39.jpg,225.041015625,640,480,1.3333,3,JPEG,103.93,101.76,84.35,41.86,75.2,108.73,False
train,garlic,Image_4.jpg,C:\Users\Computer\OneDrive\เดสก์ท็อป\imageprocessing-prj\data\train\garlic\Image_4.jpg,800.89453125,2395,2100,1.1405,3,JPEG,138.7,113.97,87.61,15.09,96.84,138.7,False
train,garlic,Image_40.jpg,C:\Users\Computer\OneDrive\เดสก์ท็อป\imageprocessing-prj\data\train\garlic\Image_40.jpg,48.77734375,1024,768,1.3333,3,JPEG,141.24,130.39,128.43,55.65,35.03,141.92,False
train,garlic,Image_41.jpg,C:\Users\Computer\OneDrive\เดสก์ท็อป\imageprocessing-prj\data\train\garlic\Image_41.jpg,65.546875,1024,768,1.3333,3,JPEG,248.57,244.45,240.51,5.27,9.28,248.57,False
train,garlic,Image_42.png,C:\Users\Computer\OneDrive\เดสก์ท็อป\imageprocessing-prj\data\train\garlic\Image_42.png,298.5126953125,485,500,0.97,3,PNG,198.15,179.49,193.38,83.8,35.84,200.13,False
train,garlic,Image_43.jpg,C:\Users\Computer\OneDrive\เดสก์ท็อป\imageprocessing-prj\data\train\garlic\Image_43.jpg,45.8466796875,800,731,1.0944,3,JPEG,236.41,218.09,218.79,45.72,26.37,236.43,False
train,garlic,Image_44.jpg,C:\Users\Computer\OneDrive\เดสก์ท็อป\imageprocessing-prj\data\train\garlic\Image_44.jpg,134.09765625,1000,713,1.4025,3,JPEG,119.82,115.82,91.68,27.12,78.29,124.23,False
train,garlic,Image_45.png,C:\Users\Computer\OneDrive\เดสก์ท็อป\imageprocessing-prj\data\train\garlic\Image_45.png,478.5361328125,995,798,1.2469,3,PNG,237.04,226.3,219.12,8.19,22.95,237.05,False
train,garlic,Image_46.jpg,C:\Users\Computer\OneDrive\เดสก์ท็อป\imageprocessing-prj\data\train\garlic\Image_46.jpg,75.4912109375,699,414,1.6884,3,JPEG,105.48,106.34,107.09,70.55,42.66,113.86,False
train,garlic,Image_47.JPG,C:\Users\Computer\OneDrive\เดสก์ท็อป\imageprocessing-prj\data\train\garlic\Image_47.JPG,145.03515625,828,1600,0.5175,3,JPEG,91.81,88.55,76.5,52.9,97.03,103.51,False
train,garlic,Image_48.jpg,C:\Users\Computer\OneDrive\เดสก์ท็อป\imageprocessing-prj\data\train\garlic\Image_48.jpg,155.984375,1024,680,1.5059,3,JPEG,235.03,228.0,225.31,9.1,15.44,235.03,False
train,garlic,Image_49.jpg,C:\Users\Computer\OneDrive\เดสก์ท็อป\imageprocessing-prj\data\train\garlic\Image_49.jpg,2487.53515625,3264,2448,1.3333,3,JPEG,141.86,131.36,89.88,37.49,108.41,144.6,False
train,garlic,Image_5.jpg,C:\Users\Computer\OneDrive\เดสก์ท็อป\imageprocessing-prj\data\train\garlic\Image_5.jpg,101.7431640625,1200,800,1.5,3,JPEG,104.27,79.9,64.66,11.65,119.71,104.27,False
train,garlic,Image_50.jpg,C:\Users\Computer\OneDrive\เดสก์ท็อป\imageprocessing-prj\data\train\garlic\Image_50.jpg,179.7685546875,1024,766,1.3368,3,JPEG,153.9,145.9,132.12,38.51,52.37,155.37,False
train,garlic,Image_51.jpg,C:\Users\Computer\OneDrive\เดสก์ท็อป\imageprocessing-prj\data\train\garlic\Image_51.jpg,236.9853515625,768,767,1.0013,3,JPEG,145.53,111.26,96.04,14.68,109.16,145.53,False
train,garlic,Image_52.jpg,C:\Users\Computer\OneDrive\เดสก์ท็อป\imageprocessing-prj\data\train\garlic\Image_52.jpg,29.6513671875,350,240,1.4583,3,JPEG,136.03,141.85,117.28,50.95,79.6,147.28,False
train,garlic,Image_53.jpg,C:\Users\Computer\OneDrive\เดสก์ท็อป\imageprocessing-prj\data\train\garlic\Image_53.jpg,330.77734375,1800,1200,1.5,3,JPEG,121.42,92.3,69.24,15.58,135.18,121.43,False
train,garlic,Image_54.jpg,C:\Users\Computer\OneDrive\เดสก์ท็อป\imageprocessing-prj\data\train\garlic\Image_54.jpg,188.673828125,1024,886,1.1558,3,JPEG,112.54,93.0,81.46,49.28,78.83,113.82,False
train,garlic,Image_55.jpg,C:\Users\Computer\OneDrive\เดสก์ท็อป\imageprocessing-prj\data\train\garlic\Image_55.jpg,76.955078125,660,535,1.2336,3,JPEG,164.16,158.34,155.02,54.19,25.52,166.4,False
train,garlic,Image_56.jpeg,C:\Users\Computer\OneDrive\เดสก์ท็อป\imageprocessing-prj\data\train\garlic\Image_56.jpeg,65.8349609375,768,1024,0.75,3,JPEG,71.4,60.25,54.29,23.6,91.5,74.88,False
train,garlic,Image_57.jpg,C:\Users\Computer\OneDrive\เดสก์ท็อป\imageprocessing-prj\data\train\garlic\Image_57.jpg,254.7412109375,2136,1554,1.3745,3,JPEG,101.72,94.06,87.23,45.63,71.94,107.3,False
train,garlic,Image_58.jpg,C:\Users\Computer\OneDrive\เดสก์ท็อป\imageprocessing-prj\data\train\garlic\Image_58.jpg,65.24609375,800,600,1.3333,3,JPEG,125.47,124.42,131.8,89.55,56.88,140.41,False
train,garlic,Image_59.png,C:\Users\Computer\OneDrive\เดสก์ท็อป\imageprocessing-prj\data\train\garlic\Image_59.png,185.4990234375,410,373,1.0992,3,PNG,239.04,232.27,209.56,13.96,34.28,239.06,False
train,garlic,Image_6.jpg,C:\Users\Computer\OneDrive\เดสก์ท็อป\imageprocessing-prj\data\train\garlic\Image_6.jpg,330.23046875,2048,1365,1.5004,3,JPEG,169.96,161.85,142.54,30.59,45.92,171.12,False
train,garlic,Image_60.jpg,C:\Users\Computer\OneDrive\เดสก์ท็อป\imageprocessing-prj\data\train\garlic\Image_60.jpg,42.1328125,971,800,1.2138,3,JPEG,220.58,217.41,205.03,62.96,26.31,222.65,False
train,garlic,Image_61.jpg,C:\Users\Computer\OneDrive\เดสก์ท็อป\imageprocessing-prj\data\train\garlic\Image_61.jpg,93.013671875,605,659,0.9181,3,JPEG,184.47,155.73,148.85,61.38,67.78,185.14,False
train,garlic,Image_62.jpg,C:\Users\Computer\OneDrive\เดสก์ท็อป\imageprocessing-prj\data\train\garlic\Image_62.jpg,940.3251953125,1560,2214,0.7046,3,JPEG,230.07,227.86,218.21,56.05,20.11,232.02,False
train,garlic,Image_63.jpg,C:\Users\Computer\OneDrive\เดสก์ท็อป\imageprocessing-prj\data\train\garlic\Image_63.jpg,218.4599609375,1600,1201,1.3322,3,JPEG,132.16,126.35,99.49,34.72,90.19,137.6,False
train,garlic,Image_64.jpg,C:\Users\Computer\OneDrive\เดสก์ท็อป\imageprocessing-prj\data\train\garlic\Image_64.jpg,24.4072265625,748,562,1.331,3,JPEG,226.18,206.81,193.82,8.91,49.1,226.23,False
train,garlic,Image_65.jpg,C:\Users\Computer\OneDrive\เดสก์ท็อป\imageprocessing-prj\data\train\garlic\Image_65.jpg,57.4111328125,800,450,1.7778,3,JPEG,37.22,31.86,28.45,5.99,25.98,37.3,False
train,garlic,Image_66.jpg,C:\Users\Computer\OneDrive\เดสก์ท็อป\imageprocessing-prj\data\train\garlic\Image_66.jpg,63.6396484375,900,900,1.0,3,JPEG,228.55,219.04,207.26,8.48,32.4,228.58,False
train,garlic,Image_67.jpg,C:\Users\Computer\OneDrive\เดสก์ท็อป\imageprocessing-prj\data\train\garlic\Image_67.jpg,427.6240234375,900,900,1.0,3,JPEG,229.25,223.21,215.93,20.94,18.29,229.27,False
train,garlic,Image_68.jpg,C:\Users\Computer\OneDrive\เดสก์ท็อป\imageprocessing-prj\data\train\garlic\Image_68.jpg,51.908203125,1000,701,1.4265,3,JPEG,218.96,221.39,206.06,18.83,27.55,224.26,False
train,garlic,Image_69.jpg,C:\Users\Computer\OneDrive\เดสก์ท็อป\imageprocessing-prj\data\train\garlic\Image_69.jpg,57.763671875,720,540,1.3333,3,JPEG,134.1,126.08,105.87,30.31,69.48,136.1,False
train,garlic,Image_7.jpg,C:\Users\Computer\OneDrive\เดสก์ท็อป\imageprocessing-prj\data\train\garlic\Image_7.jpg,130.65234375,1600,1200,1.3333,3,JPEG,158.5,138.08,120.92,15.84,74.01,158.56,False
train,garlic,Image_71.jpg,C:\Users\Computer\OneDrive\เดสก์ท็อป\imageprocessing-prj\data\train\garlic\Image_71.jpg,48.8564453125,780,439,1.7768,3,JPEG,141.87,133.66,122.33,51.92,48.18,145.99,False
train,garlic,Image_74.jpg,C:\Users\Computer\OneDrive\เดสก์ท็อป\imageprocessing-prj\data\train\garlic\Image_74.jpg,305.99609375,500,625,0.8,3,JPEG,141.88,126.61,118.77,28.02,53.97,144.74,False
train,garlic,Image_75.jpg,C:\Users\Computer\OneDrive\เดสก์ท็อป\imageprocessing-prj\data\train\garlic\Image_75.jpg,62.69921875,660,535,1.2336,3,JPEG,152.08,119.75,98.27,21.76,116.0,152.31,False
train,garlic,Image_76.jpg,C:\Users\Computer\OneDrive\เดสก์ท็อป\imageprocessing-prj\data\train\garlic\Image_76.jpg,72.1123046875,1273,1300,0.9792,3,JPEG,238.93,234.88,231.94,4.38,8.95,239.05,False
train,garlic,Image_77.jpg,C:\Users\Computer\OneDrive\เดสก์ท็อป\imageprocessing-prj\data\train\garlic\Image_77.jpg,424.2041015625,2592,1944,1.3333,3,JPEG,121.71,89.78,72.86,32.85,122.99,121.87,False
train,garlic,Image_78.jpg,C:\Users\Computer\OneDrive\เดสก์ท็อป\imageprocessing-prj\data\train\garlic\Image_78.jpg,82.3505859375,1100,734,1.4986,3,JPEG,97.52,79.25,71.42,16.6,87.46,97.57,False
train,garlic,Image_8.jpg,C:\Users\Computer\OneDrive\เดสก์ท็อป\imageprocessing-prj\data\train\garlic\Image_8.jpg,173.3076171875,2304,3456,0.6667,3,JPEG,153.0,151.19,149.47,49.54,24.19,155.99,False
train,garlic,Image_81.jpg,C:\Users\Computer\OneDrive\เดสก์ท็อป\imageprocessing-prj\data\train\garlic\Image_81.jpg,5534.173828125,4752,3168,1.5,3,JPEG,160.06,117.44,68.25,15.65,156.52,160.14,False
train,garlic,Image_82.jpg,C:\Users\Computer\OneDrive\เดสก์ท็อป\imageprocessing-prj\data\train\garlic\Image_82.jpg,322.3623046875,1582,1186,1.3339,3,JPEG,128.46,127.65,89.81,29.15,93.9,138.54,False
train,garlic,Image_83.jpg,C:\Users\Computer\OneDrive\เดสก์ท็อป\imageprocessing-prj\data\train\garlic\Image_83.jpg,121.99609375,1600,1200,1.3333,3,JPEG,142.84,129.61,112.75,29.63,72.17,146.23,False
train,garlic,Image_84.jpg,C:\Users\Computer\OneDrive\เดสก์ท็อป\imageprocessing-prj\data\train\garlic\Image_84.jpg,741.7421875,900,600,1.5,3,JPEG,127.6,114.81,102.09,49.12,68.76,129.73,False
train,garlic,Image_85.jpg,C:\Users\Computer\OneDrive\เดสก์ท็อป\imageprocessing-prj\data\train\garlic\Image_85.jpg,106.369140625,720,960,0.75,3,JPEG,81.11,92.34,60.86,38.82,110.26,96.3,False
train,garlic,Image_86.jpg,C:\Users\Computer\OneDrive\เดสก์ท็อป\imageprocessing-prj\data\train\garlic\Image_86.jpg,84.7529296875,1500,750,2.0,3,JPEG,102.38,121.49,76.13,49.96,134.78,125.35,False
train,garlic,Image_88.jpg,C:\Users\Computer\OneDrive\เดสก์ท็อป\imageprocessing-prj\data\train\garlic\Image_88.jpg,24.4677734375,300,300,1.0,3,JPEG,126.25,121.52,111.26,29.12,29.85,126.82,False
train,garlic,Image_9.jpg,C:\Users\Computer\OneDrive\เดสก์ท็อป\imageprocessing-prj\data\train\garlic\Image_9.jpg,335.93359375,1240,1176,1.0544,3,JPEG,210.31,201.68,193.87,10.35,29.49,210.35,False
train,garlic,Image_90.jpg,C:\Users\Computer\OneDrive\เดสก์ท็อป\imageprocessing-prj\data\train\garlic\Image_90.jpg,183.509765625,1024,768,1.3333,3,JPEG,110.13,97.82,52.26,23.04,156.59,119.59,False
train,garlic,Image_91.jpg,C:\Users\Computer\OneDrive\เดสก์ท็อป\imageprocessing-prj\data\train\garlic\Image_91.jpg,249.021484375,2000,1164,1.7182,3,JPEG,87.77,83.11,74.22,55.56,80.98,93.05,False
train,garlic,Image_93.jpg,C:\Users\Computer\OneDrive\เดสก์ท็อป\imageprocessing-prj\data\train\garlic\Image_93.jpg,273.82421875,1936,1468,1.3188,3,JPEG,108.81,88.06,84.82,62.93,83.96,109.92,False
train,garlic,Image_94.jpg,C:\Users\Computer\OneDrive\เดสก์ท็อป\imageprocessing-prj\data\train\garlic\Image_94.jpg,2152.49609375,2048,1536,1.3333,3,JPEG,114.88,139.4,103.59,49.13,76.81,142.38,False
train,garlic,Image_95.jpg,C:\Users\Computer\OneDrive\เดสก์ท็อป\imageprocessing-prj\data\train\garlic\Image_95.jpg,271.6181640625,732,549,1.3333,3,JPEG,191.49,159.11,156.81,71.32,56.43,191.49,False
train,garlic,Image_96.jpg,C:\Users\Computer\OneDrive\เดสก์ท็อป\imageprocessing-prj\data\train\garlic\Image_96.jpg,497.8125,1501,1500,1.0007,3,JPEG,119.53,104.04,91.81,17.63,82.25,119.75,False
train,garlic,Image_97.jpg,C:\Users\Computer\OneDrive\เดสก์ท็อป\imageprocessing-prj\data\train\garlic\Image_97.jpg,134.9296875,1536,1024,1.5,3,JPEG,239.57,233.11,228.83,5.54,14.77,239.58,False
train,garlic,Image_98.jpg,C:\Users\Computer\OneDrive\เดสก์ท็อป\imageprocessing-prj\data\train\garlic\Image_98.jpg,1237.224609375,3732,3085,1.2097,3,JPEG,241.68,234.7,228.21,6.84,16.77,241.68,False
train,garlic,Image_99.jpg,C:\Users\Computer\OneDrive\เดสก์ท็อป\imageprocessing-prj\data\train\garlic\Image_99.jpg,800.89453125,2395,2100,1.1405,3,JPEG,138.7,113.97,87.61,15.09,96.84,138.7,False
train,ginger,Image_1.jpg,C:\Users\Computer\OneDrive\เดสก์ท็อป\imageprocessing-prj\data\train\ginger\Image_1.jpg,151.20703125,1200,800,1.5,3,JPEG,126.45,94.72,67.28,13.33,132.09,126.45,False
train,ginger,Image_10.jpg,C:\Users\Computer\OneDrive\เดสก์ท็อป\imageprocessing-prj\data\train\ginger\Image_10.jpg,2444.0390625,2800,2137,1.3102,3,JPEG,195.08,173.89,153.13,44.83,73.88,197.24,False
train,ginger,Image_100.jpg,C:\Users\Computer\OneDrive\เดสก์ท็อป\imageprocessing-prj\data\train\ginger\Image_100.jpg,448.3857421875,1000,667,1.4993,3,JPEG,231.92,215.7,198.59,8.56,42.98,231.92,False
train,ginger,Image_11.jpg,C:\Users\Computer\OneDrive\เดสก์ท็อป\imageprocessing-prj\data\train\ginger\Image_11.jpg,2667.142578125,3024,4032,0.75,3,JPEG,137.73,147.04,144.6,91.05,41.81,155.06,False
train,ginger,Image_12.jpg,C:\Users\Computer\OneDrive\เดสก์ท็อป\imageprocessing-prj\data\train\ginger\Image_12.jpg,51.0498046875,1000,1000,1.0,3,JPEG,240.46,229.05,210.56,7.25,37.69,240.47,False
train,ginger,Image_13.jpg,C:\Users\Computer\OneDrive\เดสก์ท็อป\imageprocessing-prj\data\train\ginger\Image_13.jpg,891.30859375,1028,842,1.2209,3,JPEG,217.13,196.75,164.52,19.87,71.56,217.36,False
train,ginger,Image_14.jpg,C:\Users\Computer\OneDrive\เดสก์ท็อป\imageprocessing-prj\data\train\ginger\Image_14.jpg,186.181640625,1504,1128,1.3333,3,JPEG,153.23,118.11,77.32,19.16,143.01,153.91,False
train,ginger,Image_15.jpg,C:\Users\Computer\OneDrive\เดสก์ท็อป\imageprocessing-prj\data\train\ginger\Image_15.jpg,109.9140625,443,312,1.4199,3,JPEG,213.5,173.83,129.07,13.66,119.05,213.54,False
train,ginger,Image_16.jpg,C:\Users\Computer\OneDrive\เดสก์ท็อป\imageprocessing-prj\data\train\ginger\Image_16.jpg,55.3408203125,1200,799,1.5019,3,JPEG,239.15,229.72,218.33,7.53,26.66,239.16,False
train,ginger,Image_17.jpg,C:\Users\Computer\OneDrive\เดสก์ท็อป\imageprocessing-prj\data\train\ginger\Image_17.jpg,699.77734375,3000,1996,1.503,3,JPEG,189.63,166.28,114.75,19.76,104.57,189.65,False
train,ginger,Image_18.jpg,C:\Users\Computer\OneDrive\เดสก์ท็อป\imageprocessing-prj\data\train\ginger\Image_18.jpg,166.81640625,972,1452,0.6694,3,JPEG,109.63,88.71,52.79,38.85,174.8,119.84,False
train,ginger,Image_19.jpg,C:\Users\Computer\OneDrive\เดสก์ท็อป\imageprocessing-prj\data\train\ginger\Image_19.jpg,4600.138671875,4752,3168,1.5,3,JPEG,240.04,223.93,182.22,15.86,65.09,240.05,False
train,ginger,Image_2.jpg,C:\Users\Computer\OneDrive\เดสก์ท็อป\imageprocessing-prj\data\train\ginger\Image_2.jpg,459.625,1983,1983,1.0,3,JPEG,236.22,218.45,197.0,11.09,51.54,236.24,False
train,ginger,Image_20.jpg,C:\Users\Computer\OneDrive\เดสก์ท็อป\imageprocessing-prj\data\train\ginger\Image_20.jpg,136.048828125,1000,783,1.2771,3,JPEG,167.12,136.35,99.06,19.79,122.49,168.13,False
train,ginger,Image_21.jpg,C:\Users\Computer\OneDrive\เดสก์ท็อป\imageprocessing-prj\data\train\ginger\Image_21.jpg,428.779296875,2000,1125,1.7778,3,JPEG,162.33,132.36,102.49,14.14,106.19,162.33,False
train,ginger,Image_22.jpg,C:\Users\Computer\OneDrive\เดสก์ท็อป\imageprocessing-prj\data\train\ginger\Image_22.jpg,69.9951171875,1200,872,1.3761,3,JPEG,218.98,218.0,211.43,80.34,36.5,225.58,False
train,ginger,Image_24.jpg,C:\Users\Computer\OneDrive\เดสก์ท็อป\imageprocessing-prj\data\train\ginger\Image_24.jpg,21.9287109375,606,380,1.5947,3,JPEG,227.62,210.76,181.86,15.75,58.46,227.72,False
train,ginger,Image_25.jpg,C:\Users\Computer\OneDrive\เดสก์ท็อป\imageprocessing-prj\data\train\ginger\Image_25.jpg,80.2119140625,920,920,1.0,3,JPEG,175.28,156.47,115.6,21.03,102.05,178.64,False
train,ginger,Image_26.jpg,C:\Users\Computer\OneDrive\เดสก์ท็อป\imageprocessing-prj\data\train\ginger\Image_26.jpg,38.2529296875,700,736,0.9511,3,JPEG,225.72,213.73,201.99,6.95,37.49,225.78,False
train,ginger,Image_27.jpg,C:\Users\Computer\OneDrive\เดสก์ท็อป\imageprocessing-prj\data\train\ginger\Image_27.jpg,950.4130859375,1514,2308,0.656,3,JPEG,228.23,222.48,216.67,4.41,23.93,228.27,False
train,ginger,Image_28.jpg,C:\Users\Computer\OneDrive\เดสก์ท็อป\imageprocessing-prj\data\train\ginger\Image_28.jpg,68.3916015625,500,390,1.2821,3,JPEG,199.6,190.24,170.7,54.91,67.39,206.59,False
train,ginger,Image_29.png,C:\Users\Computer\OneDrive\เดสก์ท็อป\imageprocessing-prj\data\train\ginger\Image_29.png,391.87890625,669,335,1.997,3,PNG,203.62,180.78,159.4,33.62,64.54,203.64,False
train,ginger,Image_3.jpg,C:\Users\Computer\OneDrive\เดสก์ท็อป\imageprocessing-prj\data\train\ginger\Image_3.jpg,448.3857421875,1000,667,1.4993,3,JPEG,231.92,215.7,198.59,8.56,42.98,231.92,False
train,ginger,Image_30.jpg,C:\Users\Computer\OneDrive\เดสก์ท็อป\imageprocessing-prj\data\train\ginger\Image_30.jpg,19.0576171875,303,240,1.2625,3,JPEG,199.03,181.65,155.03,41.78,74.23,200.48,False
train,ginger,Image_31.jpg,C:\Users\Computer\OneDrive\เดสก์ท็อป\imageprocessing-prj\data\train\ginger\Image_31.jpg,14.5458984375,270,220,1.2273,3,JPEG,196.05,172.59,150.19,21.31,64.86,196.14,False
train,ginger,Image_32.jpg,C:\Users\Computer\OneDrive\เดสก์ท็อป\imageprocessing-prj\data\train\ginger\Image_32.jpg,50.5576171875,500,362,1.3812,3,JPEG,225.54,213.6,194.7,11.51,47.28,229.27,False
train,ginger,Image_33.jpg,C:\Users\Computer\OneDrive\เดสก์ท็อป\imageprocessing-prj\data\train\ginger\Image_33.jpg,84.0986328125,1000,636,1.5723,3,JPEG,223.02,207.03,187.31,28.86,48.25,223.26,False
train,ginger,Image_34.jpg,C:\Users\Computer\OneDrive\เดสก์ท็อป\imageprocessing-prj\data\train\ginger\Image_34.jpg,58.9658203125,1024,683,1.4993,3,JPEG,136.02,109.29,87.34,31.14,119.66,139.01,False
train,ginger,Image_35.jpg,C:\Users\Computer\OneDrive\เดสก์ท็อป\imageprocessing-prj\data\train\ginger\Image_35.jpg,178.9482421875,1200,1200,1.0,3,JPEG,198.59,189.52,166.54,61.84,59.95,202.24,False
train,ginger,Image_36.jpg,C:\Users\Computer\OneDrive\เดสก์ท็อป\imageprocessing-prj\data\train\ginger\Image_36.jpg,15.26953125,399,250,1.596,3,JPEG,210.61,192.09,162.29,17.01,77.14,210.71,False
train,ginger,Image_37.jpg,C:\Users\Computer\OneDrive\เดสก์ท็อป\imageprocessing-prj\data\train\ginger\Image_37.jpg,121.1025390625,465,268,1.7351,3,JPEG,171.53,158.03,136.07,45.11,61.73,173.24,False
train,ginger,Image_38.jpg,C:\Users\Computer\OneDrive\เดสก์ท็อป\imageprocessing-prj\data\train\ginger\Image_38.jpg,62.0146484375,650,400,1.625,3,JPEG,201.89,170.34,135.58,16.55,87.56,201.89,False
train,ginger,Image_39.png,C:\Users\Computer\OneDrive\เดสก์ท็อป\imageprocessing-prj\data\train\ginger\Image_39.png,205.853515625,500,408,1.2255,3,PNG,220.22,208.11,178.67,18.03,55.42,220.39,False
train,ginger,Image_4.jpg,C:\Users\Computer\OneDrive\เดสก์ท็อป\imageprocessing-prj\data\train\ginger\Image_4.jpg,89.5517578125,1240,994,1.2475,3,JPEG,235.92,223.89,212.56,6.83,30.49,235.95,False
train,ginger,Image_40.jpg,C:\Users\Computer\OneDrive\เดสก์ท็อป\imageprocessing-prj\data\train\ginger\Image_40.jpg,285.7724609375,2300,1225,1.8776,3,JPEG,135.12,111.11,81.36,14.65,109.76,136.97,False
train,ginger,Image_41.jpg,C:\Users\Computer\OneDrive\เดสก์ท็อป\imageprocessing-prj\data\train\ginger\Image_41.jpg,99.984375,732,549,1.3333,3,JPEG,123.87,115.71,105.72,52.57,61.78,129.49,False
train,ginger,Image_42.png,C:\Users\Computer\OneDrive\เดสก์ท็อป\imageprocessing-prj\data\train\ginger\Image_42.png,22.5390625,164,180,0.9111,3,PNG,182.14,169.88,152.92,33.88,53.99,183.69,False
train,ginger,Image_43.jpg,C:\Users\Computer\OneDrive\เดสก์ท็อป\imageprocessing-prj\data\train\ginger\Image_43.jpg,132.7666015625,1024,968,1.0579,3,JPEG,183.02,173.19,156.02,59.32,53.26,187.18,False
train,ginger,Image_5.jpg,C:\Users\Computer\OneDrive\เดสก์ท็อป\imageprocessing-prj\data\train\ginger\Image_5.jpg,121.33203125,1100,628,1.7516,3,JPEG,151.64,110.83,64.91,18.08,168.76,151.66,False
train,ginger,Image_53.jpg,C:\Users\Computer\OneDrive\เดสก์ท็อป\imageprocessing-prj\data\train\ginger\Image_53.jpg,334.8994140625,1200,836,1.4354,3,JPEG,170.1,154.87,115.09,30.74,88.66,170.58,False
train,ginger,Image_54.jpg,C:\Users\Computer\OneDrive\เดสก์ท็อป\imageprocessing-prj\data\train\ginger\Image_54.jpg,39.4384765625,740,535,1.3832,3,JPEG,247.49,231.31,190.35,12.48,61.6,247.53,False
train,ginger,Image_57.jpg,C:\Users\Computer\OneDrive\เดสก์ท็อป\imageprocessing-prj\data\train\ginger\Image_57.jpg,62.609375,966,800,1.2075,3,JPEG,234.84,214.79,182.12,27.55,61.58,234.94,False
train,ginger,Image_58.jpg,C:\Users\Computer\OneDrive\เดสก์ท็อป\imageprocessing-prj\data\train\ginger\Image_58.jpg,2628.4892578125,1466,2263,0.6478,3,JPEG,124.52,134.44,106.33,74.22,78.33,138.88,False
train,ginger,Image_6.jpg,C:\Users\Computer\OneDrive\เดสก์ท็อป\imageprocessing-prj\data\train\ginger\Image_6.jpg,43.751953125,849,565,1.5027,3,JPEG,230.34,209.49,190.47,8.6,55.53,230.38,False
train,ginger,Image_60.jpg,C:\Users\Computer\OneDrive\เดสก์ท็อป\imageprocessing-prj\data\train\ginger\Image_60.jpg,70.26171875,1024,683,1.4993,3,JPEG,202.09,180.45,169.39,47.75,49.83,203.17,False
train,ginger,Image_61.jpg,C:\Users\Computer\OneDrive\เดสก์ท็อป\imageprocessing-prj\data\train\ginger\Image_61.jpg,611.5888671875,1200,800,1.5,3,JPEG,151.03,119.03,82.27,15.76,130.77,151.03,False
train,ginger,Image_62.jpg,C:\Users\Computer\OneDrive\เดสก์ท็อป\imageprocessing-prj\data\train\ginger\Image_62.jpg,42.466796875,527,501,1.0519,3,JPEG,229.44,223.48,208.61,21.49,36.79,234.52,False
train,ginger,Image_63.jpg,C:\Users\Computer\OneDrive\เดสก์ท็อป\imageprocessing-prj\data\train\ginger\Image_63.jpg,155.9423828125,1000,1000,1.0,3,JPEG,155.07,120.26,84.97,14.26,124.15,155.07,False
train,ginger,Image_64.jpg,C:\Users\Computer\OneDrive\เดสก์ท็อป\imageprocessing-prj\data\train\ginger\Image_64.jpg,56.453125,650,400,1.625,3,JPEG,240.32,227.44,204.55,12.17,45.83,242.35,False
train,ginger,Image_67.jpg,C:\Users\Computer\OneDrive\เดสก์ท็อป\imageprocessing-prj\data\train\ginger\Image_67.jpg,6.861328125,250,233,1.073,3,JPEG,224.6,222.52,193.44,27.45,51.73,230.96,False
train,ginger,Image_68.jpg,C:\Users\Computer\OneDrive\เดสก์ท็อป\imageprocessing-prj\data\train\ginger\Image_68.jpg,25.7763671875,400,400,1.0,3,JPEG,232.35,222.04,208.2,7.47,36.99,232.42,False
train,ginger,Image_69.jpg,C:\Users\Computer\OneDrive\เดสก์ท็อป\imageprocessing-prj\data\train\ginger\Image_69.jpg,43.2939453125,673,448,1.5022,3,JPEG,149.12,113.45,89.62,11.19,112.95,149.12,False
train,ginger,Image_7.jpg,C:\Users\Computer\OneDrive\เดสก์ท็อป\imageprocessing-prj\data\train\ginger\Image_7.jpg,335.224609375,1024,683,1.4993,3,JPEG,121.63,82.14,48.73,19.21,175.44,121.64,False
train,ginger,Image_71.jpg,C:\Users\Computer\OneDrive\เดสก์ท็อป\imageprocessing-prj\data\train\ginger\Image_71.jpg,147.390625,1200,822,1.4599,3,JPEG,129.79,110.07,68.38,21.4,135.53,130.36,False
train,ginger,Image_72.jpg,C:\Users\Computer\OneDrive\เดสก์ท็อป\imageprocessing-prj\data\train\ginger\Image_72.jpg,33.6015625,725,254,2.8543,3,JPEG,244.5,235.21,211.43,15.47,40.83,245.77,False
train,ginger,Image_73.jpg,C:\Users\Computer\OneDrive\เดสก์ท็อป\imageprocessing-prj\data\train\ginger\Image_73.jpg,97.2197265625,850,638,1.3323,3,JPEG,174.45,154.52,139.9,42.42,63.4,174.62,False
train,ginger,Image_74.jpg,C:\Users\Computer\OneDrive\เดสก์ท็อป\imageprocessing-prj\data\train\ginger\Image_74.jpg,42.7666015625,500,333,1.5015,3,JPEG,188.46,146.32,88.59,24.66,147.95,188.47,False
train,ginger,Image_78.jpg,C:\Users\Computer\OneDrive\เดสก์ท็อป\imageprocessing-prj\data\train\ginger\Image_78.jpg,69.3798828125,920,480,1.9167,3,JPEG,136.15,123.22,99.35,41.33,74.87,138.48,False
train,ginger,Image_79.jpg,C:\Users\Computer\OneDrive\เดสก์ท็อป\imageprocessing-prj\data\train\ginger\Image_79.jpg,11.1376953125,250,284,0.8803,3,JPEG,228.96,218.01,200.78,13.29,43.41,229.06,False
train,ginger,Image_8.jpg,C:\Users\Computer\OneDrive\เดสก์ท็อป\imageprocessing-prj\data\train\ginger\Image_8.jpg,118.50390625,1200,800,1.5,3,JPEG,225.8,208.32,173.91,21.44,66.93,225.91,False
train,ginger,Image_82.jpeg,C:\Users\Computer\OneDrive\เดสก์ท็อป\imageprocessing-prj\data\train\ginger\Image_82.jpeg,1248.3408203125,3264,2448,1.3333,3,JPEG,189.03,171.95,153.83,20.29,52.07,189.17,False
train,ginger,Image_85.jpg,C:\Users\Computer\OneDrive\เดสก์ท็อป\imageprocessing-prj\data\train\ginger\Image_85.jpg,33.41796875,640,450,1.4222,3,JPEG,241.22,226.07,204.43,10.04,42.06,241.25,False
train,ginger,Image_9.jpg,C:\Users\Computer\OneDrive\เดสก์ท็อป\imageprocessing-prj\data\train\ginger\Image_9.jpg,7767.8232421875,6000,4000,1.5,3,JPEG,226.49,147.56,14.12,18.08,237.96,226.49,False
train,ginger,Image_92.jpg,C:\Users\Computer\OneDrive\เดสก์ท็อป\imageprocessing-prj\data\train\ginger\Image_92.jpg,564.9970703125,1866,2800,0.6664,3,JPEG,131.74,95.72,70.15,16.95,127.46,131.74,False
train,ginger,Image_95.jpg,C:\Users\Computer\OneDrive\เดสก์ท็อป\imageprocessing-prj\data\train\ginger\Image_95.jpg,34.24609375,1280,720,1.7778,3,JPEG,222.25,208.19,198.22,46.39,40.26,224.6,False
train,ginger,Image_96.jpg,C:\Users\Computer\OneDrive\เดสก์ท็อป\imageprocessing-prj\data\train\ginger\Image_96.jpg,252.48046875,800,1280,0.625,3,JPEG,137.04,117.24,60.45,25.93,171.24,144.53,False
train,ginger,Image_98.jpg,C:\Users\Computer\OneDrive\เดสก์ท็อป\imageprocessing-prj\data\train\ginger\Image_98.jpg,151.20703125,1200,800,1.5,3,JPEG,126.45,94.72,67.28,13.33,132.09,126.45,False
train,ginger,Image_99.jpg,C:\Users\Computer\OneDrive\เดสก์ท็อป\imageprocessing-prj\data\train\ginger\Image_99.jpg,459.625,1983,1983,1.0,3,JPEG,236.22,218.45,197.0,11.09,51.54,236.24,False
train,grapes,Image_1.jpg,C:\Users\Computer\OneDrive\เดสก์ท็อป\imageprocessing-prj\data\train\grapes\Image_1.jpg,392.091796875,999,694,1.4395,3,JPEG,201.54,190.74,177.41,50.36,57.67,204.3,False
train,grapes,Image_10.jpg,C:\Users\Computer\OneDrive\เดสก์ท็อป\imageprocessing-prj\data\train\grapes\Image_10.jpg,453.5888671875,1200,799,1.5019,3,JPEG,211.9,186.15,186.86,55.79,54.2,211.94,False
train,grapes,Image_100.jpeg,C:\Users\Computer\OneDrive\เดสก์ท็อป\imageprocessing-prj\data\train\grapes\Image_100.jpeg,134.69921875,2000,1333,1.5004,3,JPEG,235.06,237.06,203.7,11.55,44.73,237.36,False
train,grapes,Image_11.jpg,C:\Users\Computer\OneDrive\เดสก์ท็อป\imageprocessing-prj\data\train\grapes\Image_11.jpg,301.087890625,1316,1600,0.8225,3,JPEG,115.94,117.91,110.3,68.26,85.98,135.48,False
train,grapes,Image_12.jpg,C:\Users\Computer\OneDrive\เดสก์ท็อป\imageprocessing-prj\data\train\grapes\Image_12.jpg,269.115234375,1600,1200,1.3333,3,JPEG,144.67,103.86,96.12,109.85,133.49,149.5,False
train,grapes,Image_13.jpg,C:\Users\Computer\OneDrive\เดสก์ท็อป\imageprocessing-prj\data\train\grapes\Image_13.jpg,1518.626953125,1667,1191,1.3997,3,JPEG,119.27,139.84,70.13,45.72,190.56,150.83,False
train,grapes,Image_14.jpg,C:\Users\Computer\OneDrive\เดสก์ท็อป\imageprocessing-prj\data\train\grapes\Image_14.jpg,1788.083984375,1130,1699,0.6651,3,JPEG,117.35,146.22,56.37,43.15,164.49,146.76,False
train,grapes,Image_15.jpg,C:\Users\Computer\OneDrive\เดสก์ท็อป\imageprocessing-prj\data\train\grapes\Image_15.jpg,428.4150390625,1920,1440,1.3333,3,JPEG,132.99,143.63,94.15,51.96,116.22,155.07,False
train,grapes,Image_16.jpg,C:\Users\Computer\OneDrive\เดสก์ท็อป\imageprocessing-prj\data\train\grapes\Image_16.jpg,260.4111328125,1600,1067,1.4995,3,JPEG,113.65,114.14,81.37,60.61,94.73,124.79,False
train,grapes,Image_17.jpg,C:\Users\Computer\OneDrive\เดสก์ท็อป\imageprocessing-prj\data\train\grapes\Image_17.jpg,641.634765625,1200,1600,0.75,3,JPEG,97.77,116.73,44.39,39.48,169.71,120.41,False
train,grapes,Image_18.jpg,C:\Users\Computer\OneDrive\เดสก์ท็อป\imageprocessing-prj\data\train\grapes\Image_18.jpg,191.30859375,1600,1200,1.3333,3,JPEG,79.03,87.97,69.35,71.83,109.55,96.79,False
train,grapes,Image_19.jpg,C:\Users\Computer\OneDrive\เดสก์ท็อป\imageprocessing-prj\data\train\grapes\Image_19.jpg,75.41015625,700,525,1.3333,3,JPEG,135.04,71.99,78.02,117.06,134.25,135.07,False
train,grapes,Image_2.jpg,C:\Users\Computer\OneDrive\เดสก์ท็อป\imageprocessing-prj\data\train\grapes\Image_2.jpg,209.9375,1060,1600,0.6625,3,JPEG,137.52,130.1,117.18,56.78,71.91,147.5,False
train,grapes,Image_20.jpg,C:\Users\Computer\OneDrive\เดสก์ท็อป\imageprocessing-prj\data\train\grapes\Image_20.jpg,30.8642578125,391,600,0.6517,3,JPEG,205.15,187.04,190.17,53.81,49.21,205.23,False
train,grapes,Image_21.jpg,C:\Users\Computer\OneDrive\เดสก์ท็อป\imageprocessing-prj\data\train\grapes\Image_21.jpg,180.6220703125,1992,2571,0.7748,3,JPEG,224.22,223.79,186.11,11.93,57.9,224.72,False
train,grapes,Image_22.jpg,C:\Users\Computer\OneDrive\เดสก์ท็อป\imageprocessing-prj\data\train\grapes\Image_22.jpg,92.7841796875,550,550,1.0,3,JPEG,117.3,115.05,86.8,58.11,111.75,128.83,False
train,grapes,Image_23.jpg,C:\Users\Computer\OneDrive\เดสก์ท็อป\imageprocessing-prj\data\train\grapes\Image_23.jpg,1120.875,3872,2592,1.4938,3,JPEG,96.94,100.85,55.11,32.06,114.48,106.31,False
train,grapes,Image_24.jpg,C:\Users\Computer\OneDrive\เดสก์ท็อป\imageprocessing-prj\data\train\grapes\Image_24.jpg,3622.4013671875,2692,1540,1.7481,3,JPEG,155.64,180.55,91.16,46.41,142.39,182.16,False
train,grapes,Image_25.jpeg,C:\Users\Computer\OneDrive\เดสก์ท็อป\imageprocessing-prj\data\train\grapes\Image_25.jpeg,6137.494140625,3648,2736,1.3333,3,JPEG,108.67,121.5,108.91,78.09,114.67,141.39,False
train,grapes,Image_26.jpg,C:\Users\Computer\OneDrive\เดสก์ท็อป\imageprocessing-prj\data\train\grapes\Image_26.jpg,393.2685546875,1600,1200,1.3333,3,JPEG,114.3,131.19,41.14,37.3,191.39,133.24,False
train,grapes,Image_27.jpg,C:\Users\Computer\OneDrive\เดสก์ท็อป\imageprocessing-prj\data\train\grapes\Image_27.jpg,438.880859375,1200,1800,0.6667,3,JPEG,98.39,114.28,64.8,53.27,123.03,122.07,False
train,grapes,Image_28.jpeg,C:\Users\Computer\OneDrive\เดสก์ท็อป\imageprocessing-prj\data\train\grapes\Image_28.jpeg,148.5673828125,1280,960,1.3333,3,JPEG,59.26,65.2,57.6,68.75,116.74,78.27,False
train,grapes,Image_29.jpg,C:\Users\Computer\OneDrive\เดสก์ท็อป\imageprocessing-prj\data\train\grapes\Image_29.jpg,3271.2568359375,2000,3000,0.6667,3,JPEG,136.07,158.66,106.8,55.26,139.22,171.27,False
train,grapes,Image_3.jpg,C:\Users\Computer\OneDrive\เดสก์ท็อป\imageprocessing-prj\data\train\grapes\Image_3.jpg,177.955078125,1400,1000,1.4,3,JPEG,146.83,134.7,95.95,54.43,114.23,159.26,False
train,grapes,Image_30.jpg,C:\Users\Computer\OneDrive\เดสก์ท็อป\imageprocessing-prj\data\train\grapes\Image_30.jpg,282.119140625,1200,900,1.3333,3,JPEG,161.67,141.17,57.49,40.78,175.43,163.38,False
train,grapes,Image_31.jpg,C:\Users\Computer\OneDrive\เดสก์ท็อป\imageprocessing-prj\data\train\grapes\Image_31.jpg,30.279296875,476,278,1.7122,3,JPEG,198.29,213.24,148.48,26.52,94.39,213.33,False
train,grapes,Image_32.jpg,C:\Users\Computer\OneDrive\เดสก์ท็อป\imageprocessing-prj\data\train\grapes\Image_32.jpg,29.546875,625,350,1.7857,3,JPEG,112.66,129.55,101.58,83.26,117.93,148.32,False
train,grapes,Image_33.jpg,C:\Users\Computer\OneDrive\เดสก์ท็อป\imageprocessing-prj\data\train\grapes\Image_33.jpg,184.5703125,1000,781,1.2804,3,JPEG,96.51,125.98,85.98,73.54,121.83,132.98,False
train,grapes,Image_34.jpg,C:\Users\Computer\OneDrive\เดสก์ท็อป\imageprocessing-prj\data\train\grapes\Image_34.jpg,333.6611328125,1600,1200,1.3333,3,JPEG,108.67,92.66,60.47,64.15,139.06,120.39,False
train,grapes,Image_35.jpg,C:\Users\Computer\OneDrive\เดสก์ท็อป\imageprocessing-prj\data\train\grapes\Image_35.jpg,1229.2783203125,1000,1333,0.7502,3,JPEG,98.2,113.13,58.74,41.71,144.14,113.96,False
train,grapes,Image_36.JPG,C:\Users\Computer\OneDrive\เดสก์ท็อป\imageprocessing-prj\data\train\grapes\Image_36.JPG,514.9140625,899,1600,0.5619,3,JPEG,122.89,131.84,117.44,85.72,88.98,147.48,False
train,grapes,Image_37.jpg,C:\Users\Computer\OneDrive\เดสก์ท็อป\imageprocessing-prj\data\train\grapes\Image_37.jpg,341.580078125,1600,1066,1.5009,3,JPEG,104.06,112.09,70.03,61.01,160.95,126.44,False
train,grapes,Image_38.jpg,C:\Users\Computer\OneDrive\เดสก์ท็อป\imageprocessing-prj\data\train\grapes\Image_38.jpg,188.24609375,1600,1200,1.3333,3,JPEG,113.32,120.78,83.91,60.82,99.53,129.29,False
train,grapes,Image_39.png,C:\Users\Computer\OneDrive\เดสก์ท็อป\imageprocessing-prj\data\train\grapes\Image_39.png,1459.533203125,2190,1280,1.7109,3,PNG,207.34,211.73,161.9,15.48,84.43,211.91,False
train,grapes,Image_4.jpg,C:\Users\Computer\OneDrive\เดสก์ท็อป\imageprocessing-prj\data\train\grapes\Image_4.jpg,273.083984375,1200,1049,1.1439,3,JPEG,99.99,96.2,80.06,71.87,92.18,111.75,False
train,grapes,Image_40.jpeg,C:\Users\Computer\OneDrive\เดสก์ท็อป\imageprocessing-prj\data\train\grapes\Image_40.jpeg,54.02734375,616,463,1.3305,3,JPEG,100.15,99.82,77.55,66.38,97.15,110.74,False
train,grapes,Image_41.jpg,C:\Users\Computer\OneDrive\เดสก์ท็อป\imageprocessing-prj\data\train\grapes\Image_41.jpg,6011.8427734375,5184,3456,1.5,3,JPEG,182.22,155.54,156.7,67.14,67.94,182.23,False
train,grapes,Image_42.jpg,C:\Users\Computer\OneDrive\เดสก์ท็อป\imageprocessing-prj\data\train\grapes\Image_42.jpg,84.837890625,1000,586,1.7065,3,JPEG,173.03,182.14,101.82,27.92,131.85,190.19,False
train,grapes,Image_43.jpg,C:\Users\Computer\OneDrive\เดสก์ท็อป\imageprocessing-prj\data\train\grapes\Image_43.jpg,56.169921875,600,600,1.0,3,JPEG,119.55,122.79,119.03,45.38,48.25,130.05,False
train,grapes,Image_44.jpg,C:\Users\Computer\OneDrive\เดสก์ท็อป\imageprocessing-prj\data\train\grapes\Image_44.jpg,117.7802734375,650,849,0.7656,3,JPEG,110.91,120.63,77.49,68.08,131.0,132.54,False
train,grapes,Image_45.png,C:\Users\Computer\OneDrive\เดสก์ท็อป\imageprocessing-prj\data\train\grapes\Image_45.png,459.1796875,872,488,1.7869,3,PNG,198.84,210.81,111.93,30.43,135.4,211.19,False
train,grapes,Image_46.jpg,C:\Users\Computer\OneDrive\เดสก์ท็อป\imageprocessing-prj\data\train\grapes\Image_46.jpg,2058.13671875,3600,2204,1.6334,3,JPEG,124.05,81.5,87.63,118.25,118.83,126.68,False
train,grapes,Image_47.jpg,C:\Users\Computer\OneDrive\เดสก์ท็อป\imageprocessing-prj\data\train\grapes\Image_47.jpg,39.0947265625,500,500,1.0,3,JPEG,190.28,194.23,184.77,36.51,43.0,197.85,False
train,grapes,Image_48.jpg,C:\Users\Computer\OneDrive\เดสก์ท็อป\imageprocessing-prj\data\train\grapes\Image_48.jpg,96.9189453125,1500,1500,1.0,3,JPEG,230.91,236.57,195.84,12.4,53.04,236.62,False
train,grapes,Image_49.JPG,C:\Users\Computer\OneDrive\เดสก์ท็อป\imageprocessing-prj\data\train\grapes\Image_49.JPG,174.3994140625,648,864,0.75,3,JPEG,120.14,107.26,79.04,51.57,124.16,127.82,False
train,grapes,Image_5.jpeg,C:\Users\Computer\OneDrive\เดสก์ท็อป\imageprocessing-prj\data\train\grapes\Image_5.jpeg,134.69921875,2000,1333,1.5004,3,JPEG,235.06,237.06,203.7,11.55,44.73,237.36,False
train,grapes,Image_50.jpg,C:\Users\Computer\OneDrive\เดสก์ท็อป\imageprocessing-prj\data\train\grapes\Image_50.jpg,615.8818359375,1440,1920,0.75,3,JPEG,101.12,91.92,70.74,71.33,117.09,106.65,False
train,grapes,Image_51.jpg,C:\Users\Computer\OneDrive\เดสก์ท็อป\imageprocessing-prj\data\train\grapes\Image_51.jpg,255.658203125,2291,2231,1.0269,3,JPEG,216.29,227.18,157.58,21.38,87.6,227.2,False
train,grapes,Image_52.jpg,C:\Users\Computer\OneDrive\เดสก์ท็อป\imageprocessing-prj\data\train\grapes\Image_52.jpg,678.50390625,1200,1600,0.75,3,JPEG,112.25,113.96,67.5,46.28,133.35,125.64,False
train,grapes,Image_53.jpg,C:\Users\Computer\OneDrive\เดสก์ท็อป\imageprocessing-prj\data\train\grapes\Image_53.jpg,1054.8984375,3888,2592,1.5,3,JPEG,92.45,96.87,39.62,55.27,189.88,108.33,False
train,grapes,Image_54.jpg,C:\Users\Computer\OneDrive\เดสก์ท็อป\imageprocessing-prj\data\train\grapes\Image_54.jpg,365.837890625,1000,766,1.3055,3,JPEG,192.53,168.51,174.86,83.41,47.25,192.85,False
train,grapes,Image_55.jpg,C:\Users\Computer\OneDrive\เดสก์ท็อป\imageprocessing-prj\data\train\grapes\Image_55.jpg,1757.8466796875,1440,1635,0.8807,3,JPEG,91.87,98.67,68.18,58.95,141.9,111.63,False
train,grapes,Image_56.jpg,C:\Users\Computer\OneDrive\เดสก์ท็อป\imageprocessing-prj\data\train\grapes\Image_56.jpg,440.4677734375,1200,896,1.3393,3,JPEG,188.86,193.22,186.39,43.27,33.74,198.75,False
train,grapes,Image_57.jpg,C:\Users\Computer\OneDrive\เดสก์ท็อป\imageprocessing-prj\data\train\grapes\Image_57.jpg,94.7978515625,605,650,0.9308,3,JPEG,113.56,129.3,87.38,55.89,113.31,139.12,False
train,grapes,Image_58.jpg,C:\Users\Computer\OneDrive\เดสก์ท็อป\imageprocessing-prj\data\train\grapes\Image_58.jpg,412.966796875,2048,1367,1.4982,3,JPEG,144.29,147.69,103.66,55.53,98.92,158.5,False
train,grapes,Image_59.jpg,C:\Users\Computer\OneDrive\เดสก์ท็อป\imageprocessing-prj\data\train\grapes\Image_59.jpg,54.412109375,1380,1024,1.3477,3,JPEG,90.53,116.45,49.38,48.58,181.32,117.98,False
train,grapes,Image_6.JPG,C:\Users\Computer\OneDrive\เดสก์ท็อป\imageprocessing-prj\data\train\grapes\Image_6.JPG,447.9677734375,1600,1200,1.3333,3,JPEG,98.32,99.03,91.29,90.06,98.06,115.75,False
train,grapes,Image_60.jpg,C:\Users\Computer\OneDrive\เดสก์ท็อป\imageprocessing-prj\data\train\grapes\Image_60.jpg,378.6767578125,2048,1367,1.4982,3,JPEG,169.33,171.18,151.8,60.97,54.28,178.79,False
train,grapes,Image_61.jpg,C:\Users\Computer\OneDrive\เดสก์ท็อป\imageprocessing-prj\data\train\grapes\Image_61.jpg,150.6552734375,1024,768,1.3333,3,JPEG,128.0,134.79,143.2,85.67,79.11,155.13,False
train,grapes,Image_62.jpg,C:\Users\Computer\OneDrive\เดสก์ท็อป\imageprocessing-prj\data\train\grapes\Image_62.jpg,141.10546875,500,400,1.25,3,JPEG,178.65,181.27,179.95,48.39,50.51,191.17,False
train,grapes,Image_63.jpg,C:\Users\Computer\OneDrive\เดสก์ท็อป\imageprocessing-prj\data\train\grapes\Image_63.jpg,12641.5078125,5760,3840,1.5,3,JPEG,155.37,147.33,90.61,23.74,125.29,156.11,False
train,grapes,Image_64.jpg,C:\Users\Computer\OneDrive\เดสก์ท็อป\imageprocessing-prj\data\train\grapes\Image_64.jpg,1212.583984375,3000,2000,1.5,3,JPEG,108.19,99.73,60.53,34.63,114.77,110.19,False
train,grapes,Image_65.jpg,C:\Users\Computer\OneDrive\เดสก์ท็อป\imageprocessing-prj\data\train\grapes\Image_65.jpg,7835.8037109375,2400,3600,0.6667,3,JPEG,100.43,128.59,92.87,65.21,159.34,142.36,False
train,grapes,Image_66.jpg,C:\Users\Computer\OneDrive\เดสก์ท็อป\imageprocessing-prj\data\train\grapes\Image_66.jpg,518.662109375,1500,1500,1.0,3,JPEG,99.7,111.05,81.02,76.17,130.96,127.01,False
train,grapes,Image_67.jpg,C:\Users\Computer\OneDrive\เดสก์ท็อป\imageprocessing-prj\data\train\grapes\Image_67.jpg,275.703125,1000,909,1.1001,3,JPEG,202.24,192.47,155.43,13.33,82.47,203.99,False
train,grapes,Image_68.jpg,C:\Users\Computer\OneDrive\เดสก์ท็อป\imageprocessing-prj\data\train\grapes\Image_68.jpg,81.23828125,480,480,1.0,3,JPEG,189.6,180.01,182.72,56.19,35.23,191.05,False
train,grapes,Image_69.jpg,C:\Users\Computer\OneDrive\เดสก์ท็อป\imageprocessing-prj\data\train\grapes\Image_69.jpg,61.357421875,700,350,2.0,3,JPEG,107.02,112.72,90.81,53.97,107.08,125.56,False
train,grapes,Image_7.png,C:\Users\Computer\OneDrive\เดสก์ท็อป\imageprocessing-prj\data\train\grapes\Image_7.png,492.822265625,872,497,1.7545,3,PNG,210.07,215.31,117.13,26.59,128.5,215.47,False
train,grapes,Image_70.jpg,C:\Users\Computer\OneDrive\เดสก์ท็อป\imageprocessing-prj\data\train\grapes\Image_70.jpg,396.2783203125,1000,620,1.6129,3,JPEG,205.98,188.11,175.79,33.86,60.73,208.64,False
train,grapes,Image_71.jpg,C:\Users\Computer\OneDrive\เดสก์ท็อป\imageprocessing-prj\data\train\grapes\Image_71.jpg,882.763671875,1500,810,1.8519,3,JPEG,147.46,148.05,103.95,44.87,103.34,158.54,False
train,grapes,Image_72.JPG,C:\Users\Computer\OneDrive\เดสก์ท็อป\imageprocessing-prj\data\train\grapes\Image_72.JPG,489.98828125,1200,1600,0.75,3,JPEG,110.93,142.78,83.59,53.99,128.22,144.89,False
train,grapes,Image_73.jpg,C:\Users\Computer\OneDrive\เดสก์ท็อป\imageprocessing-prj\data\train\grapes\Image_73.jpg,724.7939453125,3008,2000,1.504,3,JPEG,110.65,109.92,88.02,52.96,72.4,119.38,False
train,grapes,Image_74.jpg,C:\Users\Computer\OneDrive\เดสก์ท็อป\imageprocessing-prj\data\train\grapes\Image_74.jpg,330.765625,1600,1067,1.4995,3,JPEG,221.92,225.04,178.13,21.28,64.68,225.56,False
train,grapes,Image_75.jpg,C:\Users\Computer\OneDrive\เดสก์ท็อป\imageprocessing-prj\data\train\grapes\Image_75.jpg,5171.701171875,5472,3648,1.5,3,JPEG,139.69,139.5,23.77,29.91,221.93,144.65,False
train,grapes,Image_76.jpg,C:\Users\Computer\OneDrive\เดสก์ท็อป\imageprocessing-prj\data\train\grapes\Image_76.jpg,660.771484375,1680,2240,0.75,3,JPEG,120.19,126.85,77.17,61.58,133.57,136.1,False
train,grapes,Image_77.jpg,C:\Users\Computer\OneDrive\เดสก์ท็อป\imageprocessing-prj\data\train\grapes\Image_77.jpg,173.0048828125,500,357,1.4006,3,JPEG,135.02,114.63,70.58,62.73,135.7,141.14,False
train,grapes,Image_78.jpg,C:\Users\Computer\OneDrive\เดสก์ท็อป\imageprocessing-prj\data\train\grapes\Image_78.jpg,129.283203125,1200,900,1.3333,3,JPEG,130.75,137.54,110.64,56.94,66.56,141.84,False
train,grapes,Image_79.jpg,C:\Users\Computer\OneDrive\เดสก์ท็อป\imageprocessing-prj\data\train\grapes\Image_79.jpg,191.7177734375,1600,1067,1.4995,3,JPEG,129.23,127.82,68.27,32.5,129.07,134.66,False
train,grapes,Image_8.jpg,C:\Users\Computer\OneDrive\เดสก์ท็อป\imageprocessing-prj\data\train\grapes\Image_8.jpg,185.9033203125,1280,720,1.7778,3,JPEG,121.24,124.3,87.68,58.48,90.48,131.53,False
train,grapes,Image_80.jpg,C:\Users\Computer\OneDrive\เดสก์ท็อป\imageprocessing-prj\data\train\grapes\Image_80.jpg,238.00390625,1200,1800,0.6667,3,JPEG,114.88,121.25,103.43,68.34,77.72,133.48,False
train,grapes,Image_81.jpg,C:\Users\Computer\OneDrive\เดสก์ท็อป\imageprocessing-prj\data\train\grapes\Image_81.jpg,181.0947265625,1024,768,1.3333,3,JPEG,88.99,109.71,116.3,88.62,103.62,133.46,False
train,grapes,Image_82.JPG,C:\Users\Computer\OneDrive\เดสก์ท็อป\imageprocessing-prj\data\train\grapes\Image_82.JPG,353.4716796875,1200,1600,0.75,3,JPEG,107.65,102.38,102.45,104.65,93.65,126.45,False
train,grapes,Image_83.JPG,C:\Users\Computer\OneDrive\เดสก์ท็อป\imageprocessing-prj\data\train\grapes\Image_83.JPG,400.23828125,1200,1600,0.75,3,JPEG,119.32,115.99,103.32,66.91,73.68,129.34,False
train,grapes,Image_84.jpg,C:\Users\Computer\OneDrive\เดสก์ท็อป\imageprocessing-prj\data\train\grapes\Image_84.jpg,256.677734375,1200,720,1.6667,3,JPEG,89.76,94.25,59.98,72.29,177.28,118.17,False
train,grapes,Image_85.jpg,C:\Users\Computer\OneDrive\เดสก์ท็อป\imageprocessing-prj\data\train\grapes\Image_85.jpg,57.673828125,590,350,1.6857,3,JPEG,116.16,118.16,43.24,48.75,174.5,129.94,False
train,grapes,Image_86.jpg,C:\Users\Computer\OneDrive\เดสก์ท็อป\imageprocessing-prj\data\train\grapes\Image_86.jpg,219.5673828125,1566,1053,1.4872,3,JPEG,151.73,145.3,146.9,99.25,55.38,156.01,False
train,grapes,Image_87.png,C:\Users\Computer\OneDrive\เดสก์ท็อป\imageprocessing-prj\data\train\grapes\Image_87.png,170.134765625,356,250,1.424,3,PNG,145.54,128.77,143.3,128.82,69.9,153.54,False
train,grapes,Image_88.jpg,C:\Users\Computer\OneDrive\เดสก์ท็อป\imageprocessing-prj\data\train\grapes\Image_88.jpg,45.548828125,1000,741,1.3495,3,JPEG,217.04,219.91,178.17,14.98,68.23,220.11,False
train,grapes,Image_89.jpg,C:\Users\Computer\OneDrive\เดสก์ท็อป\imageprocessing-prj\data\train\grapes\Image_89.jpg,152.404296875,924,616,1.5,3,JPEG,94.82,110.21,122.9,77.73,98.24,136.07,False
train,grapes,Image_9.jpg,C:\Users\Computer\OneDrive\เดสก์ท็อป\imageprocessing-prj\data\train\grapes\Image_9.jpg,16.646484375,300,300,1.0,3,JPEG,87.47,119.89,69.81,68.3,119.67,123.15,False
train,grapes,Image_90.jpg,C:\Users\Computer\OneDrive\เดสก์ท็อป\imageprocessing-prj\data\train\grapes\Image_90.jpg,68.1845703125,1000,689,1.4514,3,JPEG,183.0,171.61,183.66,64.56,54.18,187.46,False
train,grapes,Image_91.jpg,C:\Users\Computer\OneDrive\เดสก์ท็อป\imageprocessing-prj\data\train\grapes\Image_91.jpg,2168.4970703125,5184,3456,1.5,3,JPEG,133.61,133.8,126.44,62.83,61.42,142.81,False
train,grapes,Image_92.jpg,C:\Users\Computer\OneDrive\เดสก์ท็อป\imageprocessing-prj\data\train\grapes\Image_92.jpg,2833.1064453125,4272,2848,1.5,3,JPEG,91.7,92.41,95.83,80.33,41.39,100.61,False
train,grapes,Image_93.jpg,C:\Users\Computer\OneDrive\เดสก์ท็อป\imageprocessing-prj\data\train\grapes\Image_93.jpg,17.2744140625,450,331,1.3595,3,JPEG,194.17,191.77,200.04,56.97,23.0,200.96,False
train,grapes,Image_94.jpg,C:\Users\Computer\OneDrive\เดสก์ท็อป\imageprocessing-prj\data\train\grapes\Image_94.jpg,191.9794921875,1024,750,1.3653,3,JPEG,180.86,171.22,164.08,90.75,52.23,185.12,False
train,grapes,Image_95.jpg,C:\Users\Computer\OneDrive\เดสก์ท็อป\imageprocessing-prj\data\train\grapes\Image_95.jpg,161.3681640625,1156,758,1.5251,3,JPEG,94.79,87.96,59.88,74.82,134.1,103.59,False
train,grapes,Image_96.jpg,C:\Users\Computer\OneDrive\เดสก์ท็อป\imageprocessing-prj\data\train\grapes\Image_96.jpg,392.091796875,999,694,1.4395,3,JPEG,201.54,190.74,177.41,50.36,57.67,204.3,False
train,grapes,Image_97.jpg,C:\Users\Computer\OneDrive\เดสก์ท็อป\imageprocessing-prj\data\train\grapes\Image_97.jpg,209.9375,1060,1600,0.6625,3,JPEG,137.52,130.1,117.18,56.78,71.91,147.5,False
train,grapes,Image_98.jpg,C:\Users\Computer\OneDrive\เดสก์ท็อป\imageprocessing-prj\data\train\grapes\Image_98.jpg,177.955078125,1400,1000,1.4,3,JPEG,146.83,134.7,95.95,54.43,114.23,159.26,False
train,grapes,Image_99.jpg,C:\Users\Computer\OneDrive\เดสก์ท็อป\imageprocessing-prj\data\train\grapes\Image_99.jpg,273.083984375,1200,1049,1.1439,3,JPEG,99.99,96.2,80.06,71.87,92.18,111.75,False
train,jalepeno,Image_1.jpeg,C:\Users\Computer\OneDrive\เดสก์ท็อป\imageprocessing-prj\data\train\jalepeno\Image_1.jpeg,65.9267578125,1050,700,1.5,3,JPEG,94.03,109.45,74.51,53.17,107.04,116.55,False
train,jalepeno,Image_10.jpg,C:\Users\Computer\OneDrive\เดสก์ท็อป\imageprocessing-prj\data\train\jalepeno\Image_10.jpg,1146.9755859375,2592,1944,1.3333,3,JPEG,64.37,103.38,23.1,45.51,217.43,103.46,False
train,jalepeno,Image_100.jpg,C:\Users\Computer\OneDrive\เดสก์ท็อป\imageprocessing-prj\data\train\jalepeno\Image_100.jpg,132.849609375,1024,1120,0.9143,3,JPEG,119.0,138.61,88.44,44.78,124.47,147.76,False
train,jalepeno,Image_11.jpeg,C:\Users\Computer\OneDrive\เดสก์ท็อป\imageprocessing-prj\data\train\jalepeno\Image_11.jpeg,127.396484375,1200,900,1.3333,3,JPEG,118.97,132.98,104.16,75.54,105.16,138.25,False
train,jalepeno,Image_12.jpg,C:\Users\Computer\OneDrive\เดสก์ท็อป\imageprocessing-prj\data\train\jalepeno\Image_12.jpg,59.9482421875,1024,768,1.3333,3,JPEG,197.69,201.26,193.34,28.32,28.76,202.27,False
train,jalepeno,Image_13.jpg,C:\Users\Computer\OneDrive\เดสก์ท็อป\imageprocessing-prj\data\train\jalepeno\Image_13.jpg,707.8642578125,4000,6000,0.6667,3,JPEG,148.03,173.66,118.52,28.99,112.66,173.79,False
train,jalepeno,Image_14.jpg,C:\Users\Computer\OneDrive\เดสก์ท็อป\imageprocessing-prj\data\train\jalepeno\Image_14.jpg,143.9677734375,1200,1692,0.7092,3,JPEG,164.37,171.76,97.33,48.63,127.01,178.02,False
train,jalepeno,Image_15.png,C:\Users\Computer\OneDrive\เดสก์ท็อป\imageprocessing-prj\data\train\jalepeno\Image_15.png,1486.3642578125,1200,1195,1.0042,3,PNG,98.3,121.44,89.3,62.39,122.21,128.55,False
train,jalepeno,Image_16.jpg,C:\Users\Computer\OneDrive\เดสก์ท็อป\imageprocessing-prj\data\train\jalepeno\Image_16.jpg,12.6201171875,500,375,1.3333,3,JPEG,140.59,150.68,132.32,54.51,53.32,151.08,False
train,jalepeno,Image_17.jpg,C:\Users\Computer\OneDrive\เดสก์ท็อป\imageprocessing-prj\data\train\jalepeno\Image_17.jpg,24.185546875,840,560,1.5,3,JPEG,210.92,193.02,178.38,42.5,68.06,215.01,False
train,jalepeno,Image_18.jpg,C:\Users\Computer\OneDrive\เดสก์ท็อป\imageprocessing-prj\data\train\jalepeno\Image_18.jpg,139.1884765625,900,900,1.0,3,JPEG,85.11,136.52,24.3,45.65,220.55,136.55,False
train,jalepeno,Image_19.png,C:\Users\Computer\OneDrive\เดสก์ท็อป\imageprocessing-prj\data\train\jalepeno\Image_19.png,38.4150390625,200,260,0.7692,3,PNG,186.4,197.38,171.39,27.33,61.38,197.49,False
train,jalepeno,Image_2.jpg,C:\Users\Computer\OneDrive\เดสก์ท็อป\imageprocessing-prj\data\train\jalepeno\Image_2.jpg,167.6552734375,1240,1548,0.801,3,JPEG,126.28,128.99,110.99,73.64,86.07,137.98,False
train,jalepeno,Image_20.jpg,C:\Users\Computer\OneDrive\เดสก์ท็อป\imageprocessing-prj\data\train\jalepeno\Image_20.jpg,466.0166015625,1400,930,1.5054,3,JPEG,116.46,121.18,75.81,40.51,137.75,135.0,False
train,jalepeno,Image_21.jpg,C:\Users\Computer\OneDrive\เดสก์ท็อป\imageprocessing-prj\data\train\jalepeno\Image_21.jpg,58.6689453125,1620,1080,1.5,3,JPEG,132.18,104.05,67.56,21.38,141.7,135.74,False
train,jalepeno,Image_22.jpg,C:\Users\Computer\OneDrive\เดสก์ท็อป\imageprocessing-prj\data\train\jalepeno\Image_22.jpg,79.8759765625,900,900,1.0,3,JPEG,99.35,115.61,76.65,86.44,132.21,126.89,False
train,jalepeno,Image_23.jpg,C:\Users\Computer\OneDrive\เดสก์ท็อป\imageprocessing-prj\data\train\jalepeno\Image_23.jpg,97.44921875,680,850,0.8,3,JPEG,119.01,141.58,83.26,50.31,126.99,141.62,False
train,jalepeno,Image_24.jpg,C:\Users\Computer\OneDrive\เดสก์ท็อป\imageprocessing-prj\data\train\jalepeno\Image_24.jpg,128.3916015625,1160,1226,0.9462,3,JPEG,190.41,198.22,183.47,19.9,45.1,198.36,False
train,jalepeno,Image_25.jpg,C:\Users\Computer\OneDrive\เดสก์ท็อป\imageprocessing-prj\data\train\jalepeno\Image_25.jpg,147.9287109375,1000,1000,1.0,3,JPEG,109.29,127.35,96.41,50.25,91.73,131.99,False
train,jalepeno,Image_26.jpg,C:\Users\Computer\OneDrive\เดสก์ท็อป\imageprocessing-prj\data\train\jalepeno\Image_26.jpg,189.14453125,1024,685,1.4949,3,JPEG,89.5,112.07,29.28,38.7,201.43,113.87,False
train,jalepeno,Image_27.jpg,C:\Users\Computer\OneDrive\เดสก์ท็อป\imageprocessing-prj\data\train\jalepeno\Image_27.jpg,6428.423828125,5305,3537,1.4999,3,JPEG,89.69,77.09,34.63,23.02,176.93,96.49,False
train,jalepeno,Image_28.jpg,C:\Users\Computer\OneDrive\เดสก์ท็อป\imageprocessing-prj\data\train\jalepeno\Image_28.jpg,98.041015625,600,600,1.0,3,JPEG,112.91,111.16,71.76,56.38,137.38,140.6,False
train,jalepeno,Image_29.jpg,C:\Users\Computer\OneDrive\เดสก์ท็อป\imageprocessing-prj\data\train\jalepeno\Image_29.jpg,39.53125,272,500,0.544,3,JPEG,229.52,232.9,222.62,10.21,22.15,233.21,False
train,jalepeno,Image_3.jpg,C:\Users\Computer\OneDrive\เดสก์ท็อป\imageprocessing-prj\data\train\jalepeno\Image_3.jpg,132.849609375,1024,1120,0.9143,3,JPEG,119.0,138.61,88.44,44.78,124.47,147.76,False
train,jalepeno,Image_30.jpg,C:\Users\Computer\OneDrive\เดสก์ท็อป\imageprocessing-prj\data\train\jalepeno\Image_30.jpg,134.384765625,900,900,1.0,3,JPEG,230.12,234.54,225.25,7.54,24.19,234.55,False
train,jalepeno,Image_31.jpg,C:\Users\Computer\OneDrive\เดสก์ท็อป\imageprocessing-prj\data\train\jalepeno\Image_31.jpg,598.5341796875,2048,2048,1.0,3,JPEG,61.53,114.44,31.5,54.47,205.35,118.16,False
train,jalepeno,Image_32.JPG,C:\Users\Computer\OneDrive\เดสก์ท็อป\imageprocessing-prj\data\train\jalepeno\Image_32.JPG,15.2294921875,220,293,0.7509,3,JPEG,118.11,122.52,112.46,57.84,74.46,132.84,False
train,jalepeno,Image_33.jpg,C:\Users\Computer\OneDrive\เดสก์ท็อป\imageprocessing-prj\data\train\jalepeno\Image_33.jpg,50.69140625,1296,728,1.7802,3,JPEG,182.38,179.54,174.99,55.39,42.31,190.59,False
train,jalepeno,Image_34.jpg,C:\Users\Computer\OneDrive\เดสก์ท็อป\imageprocessing-prj\data\train\jalepeno\Image_34.jpg,246.845703125,900,900,1.0,3,JPEG,110.56,123.08,60.29,42.99,162.68,135.98,False
train,jalepeno,Image_35.jpg,C:\Users\Computer\OneDrive\เดสก์ท็อป\imageprocessing-prj\data\train\jalepeno\Image_35.jpg,4407.4208984375,4000,3000,1.3333,3,MPO,109.69,135.12,82.71,41.9,110.56,136.45,False
train,jalepeno,Image_36.jpg,C:\Users\Computer\OneDrive\เดสก์ท็อป\imageprocessing-prj\data\train\jalepeno\Image_36.jpg,49.5849609375,1800,1200,1.5,3,JPEG,133.04,132.25,82.41,48.64,142.56,153.6,False
train,jalepeno,Image_37.jpg,C:\Users\Computer\OneDrive\เดสก์ท็อป\imageprocessing-prj\data\train\jalepeno\Image_37.jpg,114.4404296875,1076,804,1.3383,3,JPEG,116.37,119.83,61.92,32.41,147.95,132.99,False
train,jalepeno,Image_38.jpg,C:\Users\Computer\OneDrive\เดสก์ท็อป\imageprocessing-prj\data\train\jalepeno\Image_38.jpg,114.5791015625,900,900,1.0,3,JPEG,127.93,127.15,88.65,45.72,106.43,133.05,False
train,jalepeno,Image_39.jpg,C:\Users\Computer\OneDrive\เดสก์ท็อป\imageprocessing-prj\data\train\jalepeno\Image_39.jpg,82.1943359375,800,800,1.0,3,JPEG,119.65,141.77,77.5,44.16,154.25,153.84,False
train,jalepeno,Image_4.jpg,C:\Users\Computer\OneDrive\เดสก์ท็อป\imageprocessing-prj\data\train\jalepeno\Image_4.jpg,638.3359375,2816,1877,1.5003,3,JPEG,232.24,234.86,225.59,6.7,20.82,235.26,False
train,jalepeno,Image_40.jpg,C:\Users\Computer\OneDrive\เดสก์ท็อป\imageprocessing-prj\data\train\jalepeno\Image_40.jpg,251.7587890625,1024,1232,0.8312,3,JPEG,123.25,120.67,55.95,37.58,178.52,156.78,False
train,jalepeno,Image_41.jpg,C:\Users\Computer\OneDrive\เดสก์ท็อป\imageprocessing-prj\data\train\jalepeno\Image_41.jpg,24.767578125,600,600,1.0,3,JPEG,235.45,219.0,210.93,14.75,42.33,240.15,False
train,jalepeno,Image_42.jpg,C:\Users\Computer\OneDrive\เดสก์ท็อป\imageprocessing-prj\data\train\jalepeno\Image_42.jpg,40.3486328125,1420,623,2.2793,3,JPEG,236.51,229.21,223.55,5.21,24.15,238.07,False
train,jalepeno,Image_44.jpg,C:\Users\Computer\OneDrive\เดสก์ท็อป\imageprocessing-prj\data\train\jalepeno\Image_44.jpg,17.19921875,500,333,1.5015,3,JPEG,166.32,165.08,136.91,72.93,85.74,174.6,False
train,jalepeno,Image_45.jpg,C:\Users\Computer\OneDrive\เดสก์ท็อป\imageprocessing-prj\data\train\jalepeno\Image_45.jpg,63.2265625,900,900,1.0,3,JPEG,193.79,155.56,161.95,72.13,80.31,194.15,False
train,jalepeno,Image_46.jpg,C:\Users\Computer\OneDrive\เดสก์ท็อป\imageprocessing-prj\data\train\jalepeno\Image_46.jpg,226.6669921875,1200,962,1.2474,3,JPEG,97.19,149.96,88.65,59.83,132.97,150.84,False
train,jalepeno,Image_47.jpg,C:\Users\Computer\OneDrive\เดสก์ท็อป\imageprocessing-prj\data\train\jalepeno\Image_47.jpg,26.46484375,600,600,1.0,3,JPEG,211.9,202.86,192.65,28.07,56.37,221.51,False
train,jalepeno,Image_5.jpg,C:\Users\Computer\OneDrive\เดสก์ท็อป\imageprocessing-prj\data\train\jalepeno\Image_5.jpg,214.5068359375,1422,800,1.7775,3,JPEG,82.05,112.27,42.64,43.44,171.7,112.57,False
train,jalepeno,Image_50.jpg,C:\Users\Computer\OneDrive\เดสก์ท็อป\imageprocessing-prj\data\train\jalepeno\Image_50.jpg,150.4013671875,1600,1600,1.0,3,JPEG,109.59,142.58,95.41,51.42,96.76,143.4,False
train,jalepeno,Image_51.jpg,C:\Users\Computer\OneDrive\เดสก์ท็อป\imageprocessing-prj\data\train\jalepeno\Image_51.jpg,1450.7529296875,1816,1700,1.0682,3,JPEG,93.21,110.17,92.93,65.05,91.81,114.57,False
train,jalepeno,Image_52.jpg,C:\Users\Computer\OneDrive\เดสก์ท็อป\imageprocessing-prj\data\train\jalepeno\Image_52.jpg,181.5263671875,1024,1024,1.0,3,JPEG,69.81,106.09,57.21,53.36,135.47,106.49,False
train,jalepeno,Image_53.jpg,C:\Users\Computer\OneDrive\เดสก์ท็อป\imageprocessing-prj\data\train\jalepeno\Image_53.jpg,31.677734375,133,200,0.665,3,JPEG,92.33,116.91,74.8,42.88,113.06,119.66,False
train,jalepeno,Image_54.jpg,C:\Users\Computer\OneDrive\เดสก์ท็อป\imageprocessing-prj\data\train\jalepeno\Image_54.jpg,109.6982421875,900,900,1.0,3,JPEG,144.01,153.82,113.1,40.06,99.16,158.61,False
train,jalepeno,Image_55.jpeg,C:\Users\Computer\OneDrive\เดสก์ท็อป\imageprocessing-prj\data\train\jalepeno\Image_55.jpeg,185.583984375,853,640,1.3328,3,JPEG,76.39,106.27,48.67,46.7,148.33,106.56,False
train,jalepeno,Image_56.jpg,C:\Users\Computer\OneDrive\เดสก์ท็อป\imageprocessing-prj\data\train\jalepeno\Image_56.jpg,244.009765625,960,1440,0.6667,3,JPEG,147.62,153.95,116.39,47.83,88.37,162.97,False
train,jalepeno,Image_57.jpg,C:\Users\Computer\OneDrive\เดสก์ท็อป\imageprocessing-prj\data\train\jalepeno\Image_57.jpg,74.2197265625,300,300,1.0,3,JPEG,107.07,128.72,83.95,60.71,117.04,142.74,False
train,jalepeno,Image_58.jpg,C:\Users\Computer\OneDrive\เดสก์ท็อป\imageprocessing-prj\data\train\jalepeno\Image_58.jpg,1867.0341796875,2816,1584,1.7778,3,JPEG,131.65,124.37,68.39,30.08,163.36,142.88,False
train,jalepeno,Image_59.jpg,C:\Users\Computer\OneDrive\เดสก์ท็อป\imageprocessing-prj\data\train\jalepeno\Image_59.jpg,64.365234375,600,600,1.0,3,JPEG,108.23,134.41,102.67,63.82,84.89,135.39,False
train,jalepeno,Image_6.jpg,C:\Users\Computer\OneDrive\เดสก์ท็อป\imageprocessing-prj\data\train\jalepeno\Image_6.jpg,199.7734375,1084,720,1.5056,3,JPEG,234.13,235.78,229.02,6.79,14.88,235.91,False
train,jalepeno,Image_60.jpg,C:\Users\Computer\OneDrive\เดสก์ท็อป\imageprocessing-prj\data\train\jalepeno\Image_60.jpg,84.552734375,600,600,1.0,3,JPEG,56.91,100.04,36.0,51.96,173.61,100.12,False
train,jalepeno,Image_61.jpg,C:\Users\Computer\OneDrive\เดสก์ท็อป\imageprocessing-prj\data\train\jalepeno\Image_61.jpg,106.935546875,900,900,1.0,3,JPEG,141.54,86.11,76.66,62.38,122.47,147.56,False
train,jalepeno,Image_62.jpg,C:\Users\Computer\OneDrive\เดสก์ท็อป\imageprocessing-prj\data\train\jalepeno\Image_62.jpg,75.525390625,800,800,1.0,3,JPEG,95.93,127.74,71.29,48.17,120.92,127.91,False
train,jalepeno,Image_63.jpg,C:\Users\Computer\OneDrive\เดสก์ท็อป\imageprocessing-prj\data\train\jalepeno\Image_63.jpg,753.1650390625,1632,1224,1.3333,3,JPEG,120.1,132.41,68.97,39.95,150.26,152.86,False
train,jalepeno,Image_64.jpg,C:\Users\Computer\OneDrive\เดสก์ท็อป\imageprocessing-prj\data\train\jalepeno\Image_64.jpg,71.201171875,1600,1067,1.4995,3,JPEG,145.44,144.22,121.36,39.62,91.22,161.05,False
train,jalepeno,Image_65.jpg,C:\Users\Computer\OneDrive\เดสก์ท็อป\imageprocessing-prj\data\train\jalepeno\Image_65.jpg,95.6171875,1024,678,1.5103,3,JPEG,98.93,102.32,78.04,40.7,103.78,112.05,False
train,jalepeno,Image_66.jpg,C:\Users\Computer\OneDrive\เดสก์ท็อป\imageprocessing-prj\data\train\jalepeno\Image_66.jpg,79.0361328125,350,305,1.1475,3,JPEG,130.14,135.93,122.96,40.73,57.01,136.59,False
train,jalepeno,Image_67.jpg,C:\Users\Computer\OneDrive\เดสก์ท็อป\imageprocessing-prj\data\train\jalepeno\Image_67.jpg,27.6162109375,282,215,1.3116,3,JPEG,120.26,84.05,57.76,70.62,157.87,138.6,False
train,jalepeno,Image_68.jpg,C:\Users\Computer\OneDrive\เดสก์ท็อป\imageprocessing-prj\data\train\jalepeno\Image_68.jpg,127.7431640625,640,449,1.4254,3,JPEG,206.16,218.41,172.0,18.69,77.74,219.07,False
train,jalepeno,Image_69.jpg,C:\Users\Computer\OneDrive\เดสก์ท็อป\imageprocessing-prj\data\train\jalepeno\Image_69.jpg,163.7568359375,900,900,1.0,3,JPEG,98.85,122.74,43.51,41.25,171.93,127.76,False
train,jalepeno,Image_7.jpg,C:\Users\Computer\OneDrive\เดสก์ท็อป\imageprocessing-prj\data\train\jalepeno\Image_7.jpg,68.6904296875,1200,1200,1.0,3,JPEG,186.25,189.79,178.33,19.6,35.76,189.86,False
train,jalepeno,Image_70.png,C:\Users\Computer\OneDrive\เดสก์ท็อป\imageprocessing-prj\data\train\jalepeno\Image_70.png,692.1826171875,872,441,1.9773,3,PNG,166.36,185.77,155.96,31.56,60.3,185.85,False
train,jalepeno,Image_71.jpg,C:\Users\Computer\OneDrive\เดสก์ท็อป\imageprocessing-prj\data\train\jalepeno\Image_71.jpg,190.0517578125,1280,1280,1.0,3,JPEG,80.54,122.7,74.67,57.42,123.61,123.74,False
train,jalepeno,Image_72.jpg,C:\Users\Computer\OneDrive\เดสก์ท็อป\imageprocessing-prj\data\train\jalepeno\Image_72.jpg,181.0478515625,1500,1125,1.3333,3,JPEG,149.9,116.56,56.1,24.59,163.0,162.0,False
train,jalepeno,Image_74.jpg,C:\Users\Computer\OneDrive\เดสก์ท็อป\imageprocessing-prj\data\train\jalepeno\Image_74.jpg,105.517578125,720,1080,0.6667,3,JPEG,130.62,124.6,82.6,64.32,132.11,151.71,False
train,jalepeno,Image_75.jpg,C:\Users\Computer\OneDrive\เดสก์ท็อป\imageprocessing-prj\data\train\jalepeno\Image_75.jpg,494.4716796875,1200,1062,1.1299,3,JPEG,210.45,126.01,97.21,50.11,148.6,211.66,False
train,jalepeno,Image_76.png,C:\Users\Computer\OneDrive\เดสก์ท็อป\imageprocessing-prj\data\train\jalepeno\Image_76.png,199.330078125,600,375,1.6,3,PNG,159.81,188.33,141.58,25.15,106.2,188.38,False
train,jalepeno,Image_77.jpg,C:\Users\Computer\OneDrive\เดสก์ท็อป\imageprocessing-prj\data\train\jalepeno\Image_77.jpg,627.0634765625,1557,2049,0.7599,3,MPO,101.49,134.13,70.12,47.01,140.24,134.82,False
train,jalepeno,Image_78.jpg,C:\Users\Computer\OneDrive\เดสก์ท็อป\imageprocessing-prj\data\train\jalepeno\Image_78.jpg,237.65625,1600,1104,1.4493,3,JPEG,114.26,94.11,98.6,85.56,131.61,140.2,False
train,jalepeno,Image_79.jpg,C:\Users\Computer\OneDrive\เดสก์ท็อป\imageprocessing-prj\data\train\jalepeno\Image_79.jpg,229.12890625,1500,1125,1.3333,3,JPEG,146.02,109.98,81.75,27.35,128.75,150.92,False
train,jalepeno,Image_8.jpg,C:\Users\Computer\OneDrive\เดสก์ท็อป\imageprocessing-prj\data\train\jalepeno\Image_8.jpg,167.66796875,3262,3262,1.0,3,JPEG,222.79,227.14,220.96,9.6,17.98,227.14,False
train,jalepeno,Image_80.jpg,C:\Users\Computer\OneDrive\เดสก์ท็อป\imageprocessing-prj\data\train\jalepeno\Image_80.jpg,120.900390625,1725,1162,1.4845,3,JPEG,69.48,82.68,71.64,86.61,95.86,92.17,False
train,jalepeno,Image_81.jpg,C:\Users\Computer\OneDrive\เดสก์ท็อป\imageprocessing-prj\data\train\jalepeno\Image_81.jpg,156.6552734375,1500,1125,1.3333,3,JPEG,182.66,201.7,157.16,28.49,83.01,201.9,False
train,jalepeno,Image_82.jpg,C:\Users\Computer\OneDrive\เดสก์ท็อป\imageprocessing-prj\data\train\jalepeno\Image_82.jpg,67.79296875,800,600,1.3333,3,JPEG,107.02,97.96,70.5,55.9,118.87,118.88,False
train,jalepeno,Image_83.jpg,C:\Users\Computer\OneDrive\เดสก์ท็อป\imageprocessing-prj\data\train\jalepeno\Image_83.jpg,63.1484375,500,378,1.3228,3,JPEG,97.42,134.63,43.52,43.53,194.53,135.73,False
train,jalepeno,Image_84.jpg,C:\Users\Computer\OneDrive\เดสก์ท็อป\imageprocessing-prj\data\train\jalepeno\Image_84.jpg,64.8515625,900,900,1.0,3,JPEG,201.62,181.56,163.44,63.04,87.57,219.17,False
train,jalepeno,Image_85.jpg,C:\Users\Computer\OneDrive\เดสก์ท็อป\imageprocessing-prj\data\train\jalepeno\Image_85.jpg,185.25390625,973,1200,0.8108,3,JPEG,99.95,130.01,69.35,45.18,151.73,137.2,False
train,jalepeno,Image_87.jpg,C:\Users\Computer\OneDrive\เดสก์ท็อป\imageprocessing-prj\data\train\jalepeno\Image_87.jpg,39.57421875,550,339,1.6224,3,JPEG,71.75,129.21,62.74,57.32,164.01,129.36,False
train,jalepeno,Image_88.jpg,C:\Users\Computer\OneDrive\เดสก์ท็อป\imageprocessing-prj\data\train\jalepeno\Image_88.jpg,91.384765625,1200,1800,0.6667,3,JPEG,123.99,153.91,72.37,46.68,144.94,154.56,False
train,jalepeno,Image_89.jpg,C:\Users\Computer\OneDrive\เดสก์ท็อป\imageprocessing-prj\data\train\jalepeno\Image_89.jpg,93.6376953125,790,1032,0.7655,3,JPEG,120.94,151.9,94.7,49.42,105.66,152.27,False
train,jalepeno,Image_9.jpg,C:\Users\Computer\OneDrive\เดสก์ท็อป\imageprocessing-prj\data\train\jalepeno\Image_9.jpg,196.501953125,1024,1240,0.8258,3,JPEG,97.67,103.69,60.05,44.04,153.8,122.37,False
train,jalepeno,Image_90.jpg,C:\Users\Computer\OneDrive\เดสก์ท็อป\imageprocessing-prj\data\train\jalepeno\Image_90.jpg,127.7607421875,1300,1033,1.2585,3,JPEG,205.04,221.39,172.45,18.7,75.49,221.54,False
train,jalepeno,Image_98.jpeg,C:\Users\Computer\OneDrive\เดสก์ท็อป\imageprocessing-prj\data\train\jalepeno\Image_98.jpeg,65.9267578125,1050,700,1.5,3,JPEG,94.03,109.45,74.51,53.17,107.04,116.55,False
train,jalepeno,Image_99.jpg,C:\Users\Computer\OneDrive\เดสก์ท็อป\imageprocessing-prj\data\train\jalepeno\Image_99.jpg,167.6552734375,1240,1548,0.801,3,JPEG,126.28,128.99,110.99,73.64,86.07,137.98,False
train,kiwi,Image_1.jpg,C:\Users\Computer\OneDrive\เดสก์ท็อป\imageprocessing-prj\data\train\kiwi\Image_1.jpg,243.14453125,1000,1000,1.0,3,JPEG,239.59,239.16,223.98,5.55,27.39,242.75,False
train,kiwi,Image_10.jpg,C:\Users\Computer\OneDrive\เดสก์ท็อป\imageprocessing-prj\data\train\kiwi\Image_10.jpg,189.873046875,1280,835,1.5329,3,JPEG,201.5,195.97,155.4,17.39,76.07,205.46,False
train,kiwi,Image_100.jpg,C:\Users\Computer\OneDrive\เดสก์ท็อป\imageprocessing-prj\data\train\kiwi\Image_100.jpg,596.185546875,1000,1000,1.0,3,JPEG,211.27,209.3,167.61,15.6,68.7,216.76,False
train,kiwi,Image_11.jpg,C:\Users\Computer\OneDrive\เดสก์ท็อป\imageprocessing-prj\data\train\kiwi\Image_11.jpg,404.4921875,1593,1146,1.3901,3,JPEG,191.53,193.75,150.16,20.77,76.85,196.94,False
train,kiwi,Image_12.jpg,C:\Users\Computer\OneDrive\เดสก์ท็อป\imageprocessing-prj\data\train\kiwi\Image_12.jpg,511.150390625,2723,1816,1.4994,3,JPEG,214.46,214.44,177.84,21.78,63.57,222.41,False
train,kiwi,Image_13.jpg,C:\Users\Computer\OneDrive\เดสก์ท็อป\imageprocessing-prj\data\train\kiwi\Image_13.jpg,50.7197265625,700,525,1.3333,3,JPEG,200.49,192.68,145.27,24.8,88.02,207.43,False
train,kiwi,Image_14.jpg,C:\Users\Computer\OneDrive\เดสก์ท็อป\imageprocessing-prj\data\train\kiwi\Image_14.jpg,195.5712890625,1400,787,1.7789,3,JPEG,123.02,137.45,41.08,34.81,188.75,140.58,False
train,kiwi,Image_15.jpg,C:\Users\Computer\OneDrive\เดสก์ท็อป\imageprocessing-prj\data\train\kiwi\Image_15.jpg,124.490234375,800,365,2.1918,3,JPEG,140.0,167.99,62.75,37.97,169.61,168.93,False
train,kiwi,Image_16.jpg,C:\Users\Computer\OneDrive\เดสก์ท็อป\imageprocessing-prj\data\train\kiwi\Image_16.jpg,637.9248046875,1208,811,1.4895,3,JPEG,131.03,120.7,68.04,24.33,134.92,136.37,False
train,kiwi,Image_17.jpg,C:\Users\Computer\OneDrive\เดสก์ท็อป\imageprocessing-prj\data\train\kiwi\Image_17.jpg,408.8037109375,1000,1000,1.0,3,JPEG,138.58,166.15,63.02,38.63,168.85,167.51,False
train,kiwi,Image_18.jpg,C:\Users\Computer\OneDrive\เดสก์ท็อป\imageprocessing-prj\data\train\kiwi\Image_18.jpg,75.7392578125,722,406,1.7783,3,JPEG,202.5,200.59,131.98,29.22,99.8,209.7,False
train,kiwi,Image_19.jpg,C:\Users\Computer\OneDrive\เดสก์ท็อป\imageprocessing-prj\data\train\kiwi\Image_19.jpg,150.5810546875,980,758,1.2929,3,JPEG,184.88,174.56,138.23,20.56,88.88,190.28,False
train,kiwi,Image_2.jpg,C:\Users\Computer\OneDrive\เดสก์ท็อป\imageprocessing-prj\data\train\kiwi\Image_2.jpg,807.6923828125,1920,1280,1.5,3,JPEG,118.67,135.15,57.41,38.02,158.66,139.26,False
train,kiwi,Image_20.jpg,C:\Users\Computer\OneDrive\เดสก์ท็อป\imageprocessing-prj\data\train\kiwi\Image_20.jpg,532.1943359375,1680,1050,1.6,3,JPEG,144.66,148.95,42.77,30.21,192.13,157.66,False
train,kiwi,Image_21.jpg,C:\Users\Computer\OneDrive\เดสก์ท็อป\imageprocessing-prj\data\train\kiwi\Image_21.jpg,1429.46484375,3055,2586,1.1814,3,JPEG,201.37,189.99,131.3,36.96,104.65,204.19,False
train,kiwi,Image_22.jpg,C:\Users\Computer\OneDrive\เดสก์ท็อป\imageprocessing-prj\data\train\kiwi\Image_22.jpg,598.3779296875,1000,711,1.4065,3,JPEG,202.3,206.26,168.1,19.7,70.02,210.82,False
train,kiwi,Image_23.jpg,C:\Users\Computer\OneDrive\เดสก์ท็อป\imageprocessing-prj\data\train\kiwi\Image_23.jpg,44.447265625,680,380,1.7895,3,JPEG,139.47,145.33,75.75,31.46,144.14,158.02,False
train,kiwi,Image_24.jpg,C:\Users\Computer\OneDrive\เดสก์ท็อป\imageprocessing-prj\data\train\kiwi\Image_24.jpg,1944.3583984375,2100,1500,1.4,3,JPEG,162.32,169.05,121.52,34.47,120.03,173.02,False
train,kiwi,Image_25.jpg,C:\Users\Computer\OneDrive\เดสก์ท็อป\imageprocessing-prj\data\train\kiwi\Image_25.jpg,5951.9521484375,5616,3744,1.5,3,JPEG,214.41,192.29,165.63,16.08,74.39,214.47,False
train,kiwi,Image_26.jpg,C:\Users\Computer\OneDrive\เดสก์ท็อป\imageprocessing-prj\data\train\kiwi\Image_26.jpg,821.2138671875,3255,2592,1.2558,3,JPEG,217.59,210.39,174.97,12.95,65.65,221.33,False
train,kiwi,Image_27.jpg,C:\Users\Computer\OneDrive\เดสก์ท็อป\imageprocessing-prj\data\train\kiwi\Image_27.jpg,60.4853515625,840,823,1.0207,3,JPEG,212.89,205.1,158.46,16.48,77.95,216.07,False
train,kiwi,Image_28.jpg,C:\Users\Computer\OneDrive\เดสก์ท็อป\imageprocessing-prj\data\train\kiwi\Image_28.jpg,113.0419921875,1000,750,1.3333,3,JPEG,165.37,162.44,127.44,42.71,87.84,172.58,False
train,kiwi,Image_29.png,C:\Users\Computer\OneDrive\เดสก์ท็อป\imageprocessing-prj\data\train\kiwi\Image_29.png,340.0029296875,800,534,1.4981,3,PNG,220.0,225.46,197.2,13.55,45.4,227.28,False
train,kiwi,Image_3.jpg,C:\Users\Computer\OneDrive\เดสก์ท็อป\imageprocessing-prj\data\train\kiwi\Image_3.jpg,168.3701171875,1200,628,1.9108,3,JPEG,103.02,103.22,78.2,66.8,92.1,116.26,False
train,kiwi,Image_30.jpg,C:\Users\Computer\OneDrive\เดสก์ท็อป\imageprocessing-prj\data\train\kiwi\Image_30.jpg,565.1875,2091,1434,1.4582,3,JPEG,204.4,193.26,150.7,18.97,86.63,209.67,False
train,kiwi,Image_31.jpg,C:\Users\Computer\OneDrive\เดสก์ท็อป\imageprocessing-prj\data\train\kiwi\Image_31.jpg,23.146484375,500,357,1.4006,3,JPEG,212.2,208.01,172.59,14.86,64.04,215.39,False
train,kiwi,Image_32.jpg,C:\Users\Computer\OneDrive\เดสก์ท็อป\imageprocessing-prj\data\train\kiwi\Image_32.jpg,230.380859375,1200,798,1.5038,3,JPEG,126.11,166.32,44.11,39.82,192.77,166.32,False
train,kiwi,Image_33.jpg,C:\Users\Computer\OneDrive\เดสก์ท็อป\imageprocessing-prj\data\train\kiwi\Image_33.jpg,135.529296875,1300,1065,1.2207,3,JPEG,217.48,219.21,184.03,12.94,60.11,223.63,False
train,kiwi,Image_34.jpg,C:\Users\Computer\OneDrive\เดสก์ท็อป\imageprocessing-prj\data\train\kiwi\Image_34.jpg,162.337890625,768,1024,0.75,3,JPEG,117.83,111.68,47.42,28.04,167.47,121.12,False
train,kiwi,Image_35.jpg,C:\Users\Computer\OneDrive\เดสก์ท็อป\imageprocessing-prj\data\train\kiwi\Image_35.jpg,35.5986328125,388,314,1.2357,3,JPEG,219.59,213.08,190.5,12.1,48.32,221.72,False
train,kiwi,Image_36.jpg,C:\Users\Computer\OneDrive\เดสก์ท็อป\imageprocessing-prj\data\train\kiwi\Image_36.jpg,34.2978515625,500,326,1.5337,3,JPEG,162.51,145.87,117.71,19.43,87.31,165.86,False
train,kiwi,Image_37.png,C:\Users\Computer\OneDrive\เดสก์ท็อป\imageprocessing-prj\data\train\kiwi\Image_37.png,707.2392578125,700,700,1.0,3,PNG,200.77,190.09,123.34,18.38,121.07,201.18,False
train,kiwi,Image_38.jpg,C:\Users\Computer\OneDrive\เดสก์ท็อป\imageprocessing-prj\data\train\kiwi\Image_38.jpg,51.68359375,800,600,1.3333,3,JPEG,190.1,178.91,145.2,32.39,81.98,191.22,False
train,kiwi,Image_4.jpg,C:\Users\Computer\OneDrive\เดสก์ท็อป\imageprocessing-prj\data\train\kiwi\Image_4.jpg,596.185546875,1000,1000,1.0,3,JPEG,211.27,209.3,167.61,15.6,68.7,216.76,False
train,kiwi,Image_40.jpg,C:\Users\Computer\OneDrive\เดสก์ท็อป\imageprocessing-prj\data\train\kiwi\Image_40.jpg,376.548828125,1167,1063,1.0978,3,JPEG,213.92,194.9,143.87,12.05,94.05,213.93,False
train,kiwi,Image_41.jpg,C:\Users\Computer\OneDrive\เดสก์ท็อป\imageprocessing-prj\data\train\kiwi\Image_41.jpg,51.5791015625,1155,648,1.7824,3,JPEG,170.05,163.68,159.21,89.87,51.36,178.58,False
train,kiwi,Image_42.jpg,C:\Users\Computer\OneDrive\เดสก์ท็อป\imageprocessing-prj\data\train\kiwi\Image_42.jpg,18.0029296875,300,300,1.0,3,JPEG,149.56,138.68,76.8,37.11,144.57,161.3,False
train,kiwi,Image_43.jpg,C:\Users\Computer\OneDrive\เดสก์ท็อป\imageprocessing-prj\data\train\kiwi\Image_43.jpg,52.7919921875,460,316,1.4557,3,JPEG,176.22,156.63,86.24,28.1,135.85,177.38,False
train,kiwi,Image_44.jpg,C:\Users\Computer\OneDrive\เดสก์ท็อป\imageprocessing-prj\data\train\kiwi\Image_44.jpg,47.4306640625,550,367,1.4986,3,JPEG,160.57,151.76,97.03,22.55,116.18,161.23,False
train,kiwi,Image_48.jpg,C:\Users\Computer\OneDrive\เดสก์ท็อป\imageprocessing-prj\data\train\kiwi\Image_48.jpg,22.57421875,400,400,1.0,3,JPEG,217.83,210.04,184.71,14.33,57.23,220.42,False
train,kiwi,Image_49.jpg,C:\Users\Computer\OneDrive\เดสก์ท็อป\imageprocessing-prj\data\train\kiwi\Image_49.jpg,62.923828125,500,334,1.497,3,JPEG,150.84,160.42,50.92,32.15,185.13,162.28,False
train,kiwi,Image_5.jpg,C:\Users\Computer\OneDrive\เดสก์ท็อป\imageprocessing-prj\data\train\kiwi\Image_5.jpg,55.9013671875,600,400,1.5,3,JPEG,194.78,204.32,150.9,28.47,82.32,208.4,False
train,kiwi,Image_50.jpg,C:\Users\Computer\OneDrive\เดสก์ท็อป\imageprocessing-prj\data\train\kiwi\Image_50.jpg,750.4931640625,4272,2848,1.5,3,JPEG,93.61,152.63,17.67,44.78,229.79,152.63,False
train,kiwi,Image_51.jpg,C:\Users\Computer\OneDrive\เดสก์ท็อป\imageprocessing-prj\data\train\kiwi\Image_51.jpg,22.451171875,960,540,1.7778,3,JPEG,238.75,239.87,220.76,136.13,33.88,244.1,False
train,kiwi,Image_52.jpg,C:\Users\Computer\OneDrive\เดสก์ท็อป\imageprocessing-prj\data\train\kiwi\Image_52.jpg,200.7744140625,1000,1000,1.0,3,JPEG,202.36,196.31,183.28,10.21,41.55,202.87,False
train,kiwi,Image_53.jpg,C:\Users\Computer\OneDrive\เดสก์ท็อป\imageprocessing-prj\data\train\kiwi\Image_53.jpg,224.5576171875,1280,1041,1.2296,3,JPEG,212.07,201.45,174.59,18.25,57.98,214.34,False
train,kiwi,Image_54.jpg,C:\Users\Computer\OneDrive\เดสก์ท็อป\imageprocessing-prj\data\train\kiwi\Image_54.jpg,33.6044921875,750,1000,0.75,3,JPEG,227.41,219.48,196.58,10.78,47.81,230.42,False
train,kiwi,Image_55.jpg,C:\Users\Computer\OneDrive\เดสก์ท็อป\imageprocessing-prj\data\train\kiwi\Image_55.jpg,142.11328125,654,368,1.7772,3,JPEG,213.06,212.0,172.13,16.89,65.26,219.72,False
train,kiwi,Image_56.jpg,C:\Users\Computer\OneDrive\เดสก์ท็อป\imageprocessing-prj\data\train\kiwi\Image_56.jpg,20.029296875,623,427,1.459,3,JPEG,217.42,208.93,168.33,15.38,74.44,217.49,False
train,kiwi,Image_57.jpg,C:\Users\Computer\OneDrive\เดสก์ท็อป\imageprocessing-prj\data\train\kiwi\Image_57.jpg,166.6083984375,600,382,1.5707,3,JPEG,179.93,182.18,142.01,23.57,81.82,186.81,False
train,kiwi,Image_59.jpg,C:\Users\Computer\OneDrive\เดสก์ท็อป\imageprocessing-prj\data\train\kiwi\Image_59.jpg,120.486328125,720,720,1.0,3,JPEG,100.09,144.18,53.25,43.12,176.81,149.65,False
train,kiwi,Image_6.jpg,C:\Users\Computer\OneDrive\เดสก์ท็อป\imageprocessing-prj\data\train\kiwi\Image_6.jpg,182.537109375,620,345,1.7971,3,JPEG,171.25,177.19,109.79,32.55,124.24,188.56,False
train,kiwi,Image_60.jpg,C:\Users\Computer\OneDrive\เดสก์ท็อป\imageprocessing-prj\data\train\kiwi\Image_60.jpg,370.064453125,1600,1200,1.3333,3,JPEG,202.75,206.8,154.37,21.79,84.29,208.12,False
train,kiwi,Image_61.jpg,C:\Users\Computer\OneDrive\เดสก์ท็อป\imageprocessing-prj\data\train\kiwi\Image_61.jpg,231.23046875,1000,746,1.3405,3,JPEG,190.63,177.54,152.15,34.65,72.98,193.2,False
train,kiwi,Image_62.jpg,C:\Users\Computer\OneDrive\เดสก์ท็อป\imageprocessing-prj\data\train\kiwi\Image_62.jpg,172.0283203125,500,375,1.3333,3,JPEG,132.6,143.81,48.59,34.13,180.26,145.77,False
train,kiwi,Image_63.png,C:\Users\Computer\OneDrive\เดสก์ท็อป\imageprocessing-prj\data\train\kiwi\Image_63.png,1516.3447265625,1334,889,1.5006,3,PNG,79.41,83.09,40.59,16.8,72.76,87.02,False
train,kiwi,Image_64.png,C:\Users\Computer\OneDrive\เดสก์ท็อป\imageprocessing-prj\data\train\kiwi\Image_64.png,135.7392578125,344,344,1.0,3,PNG,75.37,68.94,29.52,13.24,74.29,77.09,False
train,kiwi,Image_65.png,C:\Users\Computer\OneDrive\เดสก์ท็อป\imageprocessing-prj\data\train\kiwi\Image_65.png,8337.9443359375,2773,2607,1.0637,3,PNG,207.61,196.66,164.94,14.54,65.67,209.89,False
train,kiwi,Image_66.jpg,C:\Users\Computer\OneDrive\เดสก์ท็อป\imageprocessing-prj\data\train\kiwi\Image_66.jpg,1134.5263671875,810,1080,0.75,3,JPEG,132.19,138.0,88.35,47.69,125.08,145.2,False
train,kiwi,Image_67.jpg,C:\Users\Computer\OneDrive\เดสก์ท็อป\imageprocessing-prj\data\train\kiwi\Image_67.jpg,259.9736328125,2745,1617,1.6976,3,JPEG,171.66,166.15,127.55,13.54,98.04,175.43,False
train,kiwi,Image_68.jpg,C:\Users\Computer\OneDrive\เดสก์ท็อป\imageprocessing-prj\data\train\kiwi\Image_68.jpg,140.35546875,626,430,1.4558,3,JPEG,133.95,160.85,61.89,38.04,161.91,161.56,False
train,kiwi,Image_7.jpg,C:\Users\Computer\OneDrive\เดสก์ท็อป\imageprocessing-prj\data\train\kiwi\Image_7.jpg,66.896484375,850,679,1.2518,3,JPEG,198.05,196.1,174.59,35.1,48.41,203.27,False
train,kiwi,Image_70.jpg,C:\Users\Computer\OneDrive\เดสก์ท็อป\imageprocessing-prj\data\train\kiwi\Image_70.jpg,28.8671875,300,300,1.0,3,JPEG,198.2,198.3,150.18,63.49,81.78,202.65,False
train,kiwi,Image_71.jpg,C:\Users\Computer\OneDrive\เดสก์ท็อป\imageprocessing-prj\data\train\kiwi\Image_71.jpg,31.7333984375,680,509,1.336,3,JPEG,166.99,161.09,116.38,53.53,100.92,175.55,False
train,kiwi,Image_72.jpg,C:\Users\Computer\OneDrive\เดสก์ท็อป\imageprocessing-prj\data\train\kiwi\Image_72.jpg,31.9736328125,960,540,1.7778,3,JPEG,215.74,226.04,171.97,106.73,77.53,229.16,False
train,kiwi,Image_73.jpg,C:\Users\Computer\OneDrive\เดสก์ท็อป\imageprocessing-prj\data\train\kiwi\Image_73.jpg,354.2880859375,1920,1080,1.7778,3,JPEG,113.24,152.41,8.21,40.1,242.21,152.42,False
train,kiwi,Image_75.jpg,C:\Users\Computer\OneDrive\เดสก์ท็อป\imageprocessing-prj\data\train\kiwi\Image_75.jpg,1511.162109375,1654,1800,0.9189,3,JPEG,121.71,121.32,110.36,34.27,36.28,124.36,False
train,kiwi,Image_76.jpg,C:\Users\Computer\OneDrive\เดสก์ท็อป\imageprocessing-prj\data\train\kiwi\Image_76.jpg,27.5576171875,575,360,1.5972,3,JPEG,186.62,192.35,138.35,28.47,93.65,196.38,False
train,kiwi,Image_77.jpg,C:\Users\Computer\OneDrive\เดสก์ท็อป\imageprocessing-prj\data\train\kiwi\Image_77.jpg,38.099609375,714,600,1.19,3,JPEG,215.27,210.93,188.72,10.46,47.19,216.96,False
train,kiwi,Image_78.jpg,C:\Users\Computer\OneDrive\เดสก์ท็อป\imageprocessing-prj\data\train\kiwi\Image_78.jpg,115.658203125,1900,1220,1.5574,3,JPEG,108.77,50.54,28.25,28.19,205.75,108.89,False
train,kiwi,Image_79.jpg,C:\Users\Computer\OneDrive\เดสก์ท็อป\imageprocessing-prj\data\train\kiwi\Image_79.jpg,124.935546875,1200,768,1.5625,3,JPEG,188.27,187.68,150.0,18.71,77.88,192.76,False
train,kiwi,Image_8.jpg,C:\Users\Computer\OneDrive\เดสก์ท็อป\imageprocessing-prj\data\train\kiwi\Image_8.jpg,143.703125,1280,848,1.5094,3,JPEG,201.48,206.8,157.87,15.95,93.3,207.55,False
train,kiwi,Image_80.jpg,C:\Users\Computer\OneDrive\เดสก์ท็อป\imageprocessing-prj\data\train\kiwi\Image_80.jpg,31.8818359375,960,540,1.7778,3,JPEG,215.88,226.29,172.16,106.57,77.31,229.42,False
train,kiwi,Image_82.jpg,C:\Users\Computer\OneDrive\เดสก์ท็อป\imageprocessing-prj\data\train\kiwi\Image_82.jpg,44.4921875,500,500,1.0,3,JPEG,161.48,152.39,122.93,20.42,90.14,166.62,False
train,kiwi,Image_83.jpg,C:\Users\Computer\OneDrive\เดสก์ท็อป\imageprocessing-prj\data\train\kiwi\Image_83.jpg,22.78515625,600,450,1.3333,3,JPEG,177.28,172.26,140.37,52.69,75.62,182.29,False
train,kiwi,Image_84.jpg,C:\Users\Computer\OneDrive\เดสก์ท็อป\imageprocessing-prj\data\train\kiwi\Image_84.jpg,49.970703125,605,432,1.4005,3,JPEG,159.0,181.12,96.45,31.81,142.89,182.32,False
train,kiwi,Image_85.jpg,C:\Users\Computer\OneDrive\เดสก์ท็อป\imageprocessing-prj\data\train\kiwi\Image_85.jpg,125.431640625,900,805,1.118,3,JPEG,161.62,177.69,66.71,33.89,166.93,178.33,False
train,kiwi,Image_87.png,C:\Users\Computer\OneDrive\เดสก์ท็อป\imageprocessing-prj\data\train\kiwi\Image_87.png,6145.1572265625,3033,2592,1.1701,3,PNG,145.02,137.64,106.63,11.1,57.31,148.64,False
train,kiwi,Image_88.jpg,C:\Users\Computer\OneDrive\เดสก์ท็อป\imageprocessing-prj\data\train\kiwi\Image_88.jpg,82.998046875,1280,800,1.6,3,JPEG,74.62,80.25,44.91,29.75,88.37,80.96,False
train,kiwi,Image_89.jpg,C:\Users\Computer\OneDrive\เดสก์ท็อป\imageprocessing-prj\data\train\kiwi\Image_89.jpg,220.5107421875,1703,1127,1.5111,3,JPEG,88.95,94.52,56.49,43.99,105.35,98.18,False
train,kiwi,Image_9.jpg,C:\Users\Computer\OneDrive\เดสก์ท็อป\imageprocessing-prj\data\train\kiwi\Image_9.jpg,25.0810546875,620,330,1.8788,3,JPEG,207.28,206.74,160.27,19.22,75.87,212.78,False
train,kiwi,Image_90.jpg,C:\Users\Computer\OneDrive\เดสก์ท็อป\imageprocessing-prj\data\train\kiwi\Image_90.jpg,93.3583984375,1093,727,1.5034,3,JPEG,222.79,211.62,180.79,16.83,59.69,222.85,False
train,kiwi,Image_92.jpg,C:\Users\Computer\OneDrive\เดสก์ท็อป\imageprocessing-prj\data\train\kiwi\Image_92.jpg,89.0361328125,750,750,1.0,3,JPEG,109.18,109.11,42.09,28.91,180.75,120.75,False
train,kiwi,Image_93.jpg,C:\Users\Computer\OneDrive\เดสก์ท็อป\imageprocessing-prj\data\train\kiwi\Image_93.jpg,202.4609375,1500,1500,1.0,3,JPEG,129.75,105.17,50.01,23.41,173.9,133.89,False
train,kiwi,Image_95.jpg,C:\Users\Computer\OneDrive\เดสก์ท็อป\imageprocessing-prj\data\train\kiwi\Image_95.jpg,93.2451171875,1200,1073,1.1184,3,JPEG,200.43,203.36,169.35,16.66,61.0,205.64,False
train,kiwi,Image_97.jpg,C:\Users\Computer\OneDrive\เดสก์ท็อป\imageprocessing-prj\data\train\kiwi\Image_97.jpg,243.14453125,1000,1000,1.0,3,JPEG,239.59,239.16,223.98,5.55,27.39,242.75,False
train,kiwi,Image_98.jpg,C:\Users\Computer\OneDrive\เดสก์ท็อป\imageprocessing-prj\data\train\kiwi\Image_98.jpg,807.6923828125,1920,1280,1.5,3,JPEG,118.67,135.15,57.41,38.02,158.66,139.26,False
train,kiwi,Image_99.jpg,C:\Users\Computer\OneDrive\เดสก์ท็อป\imageprocessing-prj\data\train\kiwi\Image_99.jpg,168.3701171875,1200,628,1.9108,3,JPEG,103.02,103.22,78.2,66.8,92.1,116.26,False
train,lemon,Image_1.png,C:\Users\Computer\OneDrive\เดสก์ท็อป\imageprocessing-prj\data\train\lemon\Image_1.png,573.8466796875,808,730,1.1068,3,PNG,244.82,223.61,142.24,15.85,110.01,244.82,False
train,lemon,Image_10.jpg,C:\Users\Computer\OneDrive\เดสก์ท็อป\imageprocessing-prj\data\train\lemon\Image_10.jpg,4510.341796875,2678,4027,0.665,3,JPEG,134.64,128.81,96.89,74.0,81.37,144.62,False
train,lemon,Image_100.png,C:\Users\Computer\OneDrive\เดสก์ท็อป\imageprocessing-prj\data\train\lemon\Image_100.png,994.18359375,1316,878,1.4989,3,PNG,89.21,83.43,29.1,12.84,75.86,93.85,False
train,lemon,Image_11.jpg,C:\Users\Computer\OneDrive\เดสก์ท็อป\imageprocessing-prj\data\train\lemon\Image_11.jpg,279.9521484375,1200,848,1.4151,3,JPEG,228.44,210.21,155.12,48.72,89.4,231.29,False
train,lemon,Image_12.jpg,C:\Users\Computer\OneDrive\เดสก์ท็อป\imageprocessing-prj\data\train\lemon\Image_12.jpg,2471.828125,4608,3072,1.5,3,JPEG,159.39,145.96,108.55,52.9,114.4,167.71,False
train,lemon,Image_13.jpg,C:\Users\Computer\OneDrive\เดสก์ท็อป\imageprocessing-prj\data\train\lemon\Image_13.jpg,22.013671875,500,500,1.0,3,JPEG,240.13,234.08,183.13,14.8,67.61,244.62,False
train,lemon,Image_14.jpg,C:\Users\Computer\OneDrive\เดสก์ท็อป\imageprocessing-prj\data\train\lemon\Image_14.jpg,112.12890625,1080,1050,1.0286,3,JPEG,252.25,235.63,173.38,14.96,80.82,252.27,False
train,lemon,Image_15.JPG,C:\Users\Computer\OneDrive\เดสก์ท็อป\imageprocessing-prj\data\train\lemon\Image_15.JPG,134.9619140625,968,1296,0.7469,3,JPEG,181.83,134.46,5.92,21.92,245.5,181.98,False
train,lemon,Image_16.jpg,C:\Users\Computer\OneDrive\เดสก์ท็อป\imageprocessing-prj\data\train\lemon\Image_16.jpg,19.1435546875,420,326,1.2883,3,JPEG,230.63,218.11,169.46,20.75,73.93,230.95,False
train,lemon,Image_17.jpg,C:\Users\Computer\OneDrive\เดสก์ท็อป\imageprocessing-prj\data\train\lemon\Image_17.jpg,71.3076171875,1024,1024,1.0,3,JPEG,112.83,97.53,53.86,38.73,161.25,126.43,False
train,lemon,Image_18.jpg,C:\Users\Computer\OneDrive\เดสก์ท็อป\imageprocessing-prj\data\train\lemon\Image_18.jpg,88.27734375,1200,902,1.3304,3,JPEG,204.97,180.43,138.51,19.36,86.27,205.03,False
train,lemon,Image_19.jpg,C:\Users\Computer\OneDrive\เดสก์ท็อป\imageprocessing-prj\data\train\lemon\Image_19.jpg,733.5634765625,1200,785,1.5287,3,JPEG,182.21,173.87,146.53,74.53,73.89,193.07,False
train,lemon,Image_2.jpg,C:\Users\Computer\OneDrive\เดสก์ท็อป\imageprocessing-prj\data\train\lemon\Image_2.jpg,56.6357421875,700,544,1.2868,3,JPEG,252.18,230.62,144.5,16.15,109.68,252.23,False
train,lemon,Image_21.jpg,C:\Users\Computer\OneDrive\เดสก์ท็อป\imageprocessing-prj\data\train\lemon\Image_21.jpg,352.7841796875,1700,1249,1.3611,3,JPEG,130.9,107.08,23.11,37.8,183.99,134.45,False
train,lemon,Image_22.jpg,C:\Users\Computer\OneDrive\เดสก์ท็อป\imageprocessing-prj\data\train\lemon\Image_22.jpg,889.7509765625,3648,2736,1.3333,3,JPEG,95.11,106.19,44.2,48.53,146.09,113.5,False
train,lemon,Image_23.jpg,C:\Users\Computer\OneDrive\เดสก์ท็อป\imageprocessing-prj\data\train\lemon\Image_23.jpg,55.5126953125,230,234,0.9829,3,JPEG,249.21,233.48,164.16,17.2,89.53,249.25,False
train,lemon,Image_24.jpg,C:\Users\Computer\OneDrive\เดสก์ท็อป\imageprocessing-prj\data\train\lemon\Image_24.jpg,522.37890625,4536,3744,1.2115,3,JPEG,239.5,231.93,167.84,15.25,85.6,242.81,False
train,lemon,Image_25.jpg,C:\Users\Computer\OneDrive\เดสก์ท็อป\imageprocessing-prj\data\train\lemon\Image_25.jpg,319.5439453125,1600,1200,1.3333,3,JPEG,241.62,190.94,38.95,22.58,214.63,241.65,False
train,lemon,Image_27.jpg,C:\Users\Computer\OneDrive\เดสก์ท็อป\imageprocessing-prj\data\train\lemon\Image_27.jpg,2495.3642578125,4608,3456,1.3333,3,JPEG,151.77,142.56,118.56,20.9,58.46,151.77,False
train,lemon,Image_28.jpg,C:\Users\Computer\OneDrive\เดสก์ท็อป\imageprocessing-prj\data\train\lemon\Image_28.jpg,75.9345703125,800,809,0.9889,3,JPEG,237.91,211.67,158.62,18.21,92.85,238.09,False
train,lemon,Image_29.jpeg,C:\Users\Computer\OneDrive\เดสก์ท็อป\imageprocessing-prj\data\train\lemon\Image_29.jpeg,144.556640625,1600,1200,1.3333,3,JPEG,91.48,103.33,38.07,42.95,140.99,109.96,False
train,lemon,Image_3.jpg,C:\Users\Computer\OneDrive\เดสก์ท็อป\imageprocessing-prj\data\train\lemon\Image_3.jpg,142.0107421875,1024,681,1.5037,3,JPEG,193.16,168.0,107.09,25.86,114.06,193.65,False
train,lemon,Image_30.jpg,C:\Users\Computer\OneDrive\เดสก์ท็อป\imageprocessing-prj\data\train\lemon\Image_30.jpg,832.5478515625,1024,1024,1.0,3,JPEG,149.24,144.81,33.37,34.33,203.44,164.92,False
train,lemon,Image_31.jpg,C:\Users\Computer\OneDrive\เดสก์ท็อป\imageprocessing-prj\data\train\lemon\Image_31.jpg,181.6123046875,400,309,1.2945,3,JPEG,213.13,207.17,143.89,19.38,97.28,217.21,False
train,lemon,Image_32.jpg,C:\Users\Computer\OneDrive\เดสก์ท็อป\imageprocessing-prj\data\train\lemon\Image_32.jpg,31.294921875,400,400,1.0,3,JPEG,223.67,212.57,170.83,47.86,67.36,225.76,False
train,lemon,Image_33.jpeg,C:\Users\Computer\OneDrive\เดสก์ท็อป\imageprocessing-prj\data\train\lemon\Image_33.jpeg,6688.603515625,7360,4912,1.4984,3,JPEG,134.64,108.23,76.32,15.17,121.74,134.64,False
train,lemon,Image_34.jpg,C:\Users\Computer\OneDrive\เดสก์ท็อป\imageprocessing-prj\data\train\lemon\Image_34.jpg,228.26171875,600,900,0.6667,3,JPEG,209.84,193.61,100.25,27.8,136.48,210.1,False
train,lemon,Image_35.jpg,C:\Users\Computer\OneDrive\เดสก์ท็อป\imageprocessing-prj\data\train\lemon\Image_35.jpg,585.4033203125,1000,667,1.4993,3,JPEG,95.55,98.7,48.69,48.2,136.11,109.5,False
train,lemon,Image_36.png,C:\Users\Computer\OneDrive\เดสก์ท็อป\imageprocessing-prj\data\train\lemon\Image_36.png,433.931640625,1047,717,1.4603,3,PNG,222.27,215.46,144.45,17.98,101.88,231.53,False
train,lemon,Image_37.png,C:\Users\Computer\OneDrive\เดสก์ท็อป\imageprocessing-prj\data\train\lemon\Image_37.png,3190.44140625,2037,1669,1.2205,3,PNG,238.73,202.06,77.09,16.97,177.1,238.74,False
train,lemon,Image_38.jpg,C:\Users\Computer\OneDrive\เดสก์ท็อป\imageprocessing-prj\data\train\lemon\Image_38.jpg,79.072265625,720,1080,0.6667,3,JPEG,186.64,153.55,97.3,36.32,115.36,188.25,False
train,lemon,Image_39.png,C:\Users\Computer\OneDrive\เดสก์ท็อป\imageprocessing-prj\data\train\lemon\Image_39.png,27.119140625,350,224,1.5625,3,PNG,99.24,96.83,21.99,16.23,108.42,107.91,False
train,lemon,Image_4.jpg,C:\Users\Computer\OneDrive\เดสก์ท็อป\imageprocessing-prj\data\train\lemon\Image_4.jpg,144.990234375,1000,1000,1.0,3,JPEG,169.0,162.84,85.41,29.52,144.06,178.08,False
train,lemon,Image_41.jpg,C:\Users\Computer\OneDrive\เดสก์ท็อป\imageprocessing-prj\data\train\lemon\Image_41.jpg,180.365234375,835,687,1.2154,3,JPEG,239.77,218.45,155.43,11.55,95.87,239.79,False
train,lemon,Image_42.jpg,C:\Users\Computer\OneDrive\เดสก์ท็อป\imageprocessing-prj\data\train\lemon\Image_42.jpg,80.6455078125,750,750,1.0,3,JPEG,127.74,120.08,25.77,29.77,215.4,134.55,False
train,lemon,Image_43.jpeg,C:\Users\Computer\OneDrive\เดสก์ท็อป\imageprocessing-prj\data\train\lemon\Image_43.jpeg,111.892578125,1024,768,1.3333,3,JPEG,120.08,135.25,38.46,36.4,184.44,138.76,False
train,lemon,Image_44.jpg,C:\Users\Computer\OneDrive\เดสก์ท็อป\imageprocessing-prj\data\train\lemon\Image_44.jpg,78.0263671875,1000,986,1.0142,3,JPEG,243.25,231.61,130.57,20.51,123.42,243.42,False
train,lemon,Image_45.png,C:\Users\Computer\OneDrive\เดสก์ท็อป\imageprocessing-prj\data\train\lemon\Image_45.png,239.7216796875,432,402,1.0746,3,PNG,226.06,214.61,143.45,19.43,100.23,230.92,False
train,lemon,Image_47.jpg,C:\Users\Computer\OneDrive\เดสก์ท็อป\imageprocessing-prj\data\train\lemon\Image_47.jpg,17.4013671875,300,300,1.0,3,JPEG,147.22,144.75,51.05,34.19,175.66,162.04,False
train,lemon,Image_48.jpg,C:\Users\Computer\OneDrive\เดสก์ท็อป\imageprocessing-prj\data\train\lemon\Image_48.jpg,1316.205078125,914,1218,0.7504,3,JPEG,83.94,92.55,44.12,50.28,137.97,94.66,False
train,lemon,Image_49.jpg,C:\Users\Computer\OneDrive\เดสก์ท็อป\imageprocessing-prj\data\train\lemon\Image_49.jpg,2583.3935546875,2816,2112,1.3333,3,JPEG,93.19,102.76,39.77,36.76,141.49,107.14,False
train,lemon,Image_5.jpg,C:\Users\Computer\OneDrive\เดสก์ท็อป\imageprocessing-prj\data\train\lemon\Image_5.jpg,79.0849609375,700,700,1.0,3,JPEG,183.51,163.51,55.98,28.14,178.49,187.66,False
train,lemon,Image_50.jpg,C:\Users\Computer\OneDrive\เดสก์ท็อป\imageprocessing-prj\data\train\lemon\Image_50.jpg,212.0107421875,720,1080,0.6667,3,JPEG,224.48,204.62,158.17,58.16,79.65,227.46,False
train,lemon,Image_51.jpg,C:\Users\Computer\OneDrive\เดสก์ท็อป\imageprocessing-prj\data\train\lemon\Image_51.jpg,233.5732421875,1600,1066,1.5009,3,JPEG,203.1,155.0,83.62,18.1,156.32,203.16,False
train,lemon,Image_52.png,C:\Users\Computer\OneDrive\เดสก์ท็อป\imageprocessing-prj\data\train\lemon\Image_52.png,14094.9814453125,4373,4294,1.0184,3,PNG,224.98,207.7,133.01,18.34,113.73,230.38,False
train,lemon,Image_53.jpg,C:\Users\Computer\OneDrive\เดสก์ท็อป\imageprocessing-prj\data\train\lemon\Image_53.jpg,718.9658203125,3872,2592,1.4938,3,JPEG,144.7,129.21,60.54,35.79,175.09,152.85,False
train,lemon,Image_54.jpg,C:\Users\Computer\OneDrive\เดสก์ท็อป\imageprocessing-prj\data\train\lemon\Image_54.jpg,191.6025390625,1360,1800,0.7556,3,JPEG,243.14,217.69,115.02,25.44,135.0,243.27,False
train,lemon,Image_55.jpg,C:\Users\Computer\OneDrive\เดสก์ท็อป\imageprocessing-prj\data\train\lemon\Image_55.jpg,108.5537109375,250,268,0.9328,3,JPEG,117.37,107.7,35.46,39.78,154.9,118.78,False
train,lemon,Image_56.jpg,C:\Users\Computer\OneDrive\เดสก์ท็อป\imageprocessing-prj\data\train\lemon\Image_56.jpg,309.162109375,1024,1024,1.0,3,JPEG,248.04,241.85,205.66,11.99,45.39,248.1,False
train,lemon,Image_57.jpg,C:\Users\Computer\OneDrive\เดสก์ท็อป\imageprocessing-prj\data\train\lemon\Image_57.jpg,195.271484375,1200,900,1.3333,3,JPEG,107.84,118.04,37.21,37.86,177.25,126.37,False
train,lemon,Image_58.jpg,C:\Users\Computer\OneDrive\เดสก์ท็อป\imageprocessing-prj\data\train\lemon\Image_58.jpg,224.908203125,1200,1200,1.0,3,JPEG,137.14,139.28,41.23,33.21,192.94,152.04,False
train,lemon,Image_6.png,C:\Users\Computer\OneDrive\เดสก์ท็อป\imageprocessing-prj\data\train\lemon\Image_6.png,994.18359375,1316,878,1.4989,3,PNG,89.21,83.43,29.1,12.84,75.86,93.85,False
train,lemon,Image_60.jpg,C:\Users\Computer\OneDrive\เดสก์ท็อป\imageprocessing-prj\data\train\lemon\Image_60.jpg,111.2587890625,735,1101,0.6676,3,JPEG,155.01,146.73,106.42,44.47,99.94,164.06,False
train,lemon,Image_61.png,C:\Users\Computer\OneDrive\เดสก์ท็อป\imageprocessing-prj\data\train\lemon\Image_61.png,1343.390625,1533,1252,1.2244,3,PNG,231.1,219.36,166.69,15.69,79.81,231.99,False
train,lemon,Image_63.jpg,C:\Users\Computer\OneDrive\เดสก์ท็อป\imageprocessing-prj\data\train\lemon\Image_63.jpg,34.15234375,300,400,0.75,3,JPEG,95.56,121.58,117.75,65.26,135.26,152.58,False
train,lemon,Image_64.png,C:\Users\Computer\OneDrive\เดสก์ท็อป\imageprocessing-prj\data\train\lemon\Image_64.png,285.341796875,1200,762,1.5748,3,PNG,159.5,136.82,32.27,16.8,136.35,159.5,False
train,lemon,Image_65.jpg,C:\Users\Computer\OneDrive\เดสก์ท็อป\imageprocessing-prj\data\train\lemon\Image_65.jpg,59.5537109375,709,900,0.7878,3,JPEG,242.2,236.65,132.39,28.09,118.84,244.12,False
train,lemon,Image_69.jpg,C:\Users\Computer\OneDrive\เดสก์ท็อป\imageprocessing-prj\data\train\lemon\Image_69.jpg,55.896484375,800,600,1.3333,3,JPEG,191.16,197.39,46.67,33.17,204.67,213.92,False
train,lemon,Image_7.jpg,C:\Users\Computer\OneDrive\เดสก์ท็อป\imageprocessing-prj\data\train\lemon\Image_7.jpg,356.59765625,1000,1000,1.0,3,JPEG,238.83,228.5,167.34,14.19,86.53,242.08,False
train,lemon,Image_70.jpg,C:\Users\Computer\OneDrive\เดสก์ท็อป\imageprocessing-prj\data\train\lemon\Image_70.jpg,308.6025390625,780,1170,0.6667,3,JPEG,212.23,197.08,108.99,43.38,128.68,214.74,False
train,lemon,Image_71.jpg,C:\Users\Computer\OneDrive\เดสก์ท็อป\imageprocessing-prj\data\train\lemon\Image_71.jpg,109.703125,1300,1035,1.256,3,JPEG,242.49,237.43,186.85,18.99,64.39,243.1,False
train,lemon,Image_74.jpg,C:\Users\Computer\OneDrive\เดสก์ท็อป\imageprocessing-prj\data\train\lemon\Image_74.jpg,161.060546875,997,997,1.0,3,JPEG,161.96,125.7,32.95,18.96,194.04,161.98,False
train,lemon,Image_75.jpg,C:\Users\Computer\OneDrive\เดสก์ท็อป\imageprocessing-prj\data\train\lemon\Image_75.jpg,113.0693359375,1063,1600,0.6644,3,JPEG,175.25,169.72,122.16,51.63,116.37,187.31,False
train,lemon,Image_76.jpeg,C:\Users\Computer\OneDrive\เดสก์ท็อป\imageprocessing-prj\data\train\lemon\Image_76.jpeg,105.8603515625,1200,800,1.5,3,JPEG,129.4,146.53,55.52,42.51,185.99,152.67,False
train,lemon,Image_77.jpg,C:\Users\Computer\OneDrive\เดสก์ท็อป\imageprocessing-prj\data\train\lemon\Image_77.jpg,52.380859375,785,393,1.9975,3,JPEG,229.13,219.45,125.79,19.66,118.75,229.16,False
train,lemon,Image_78.jpg,C:\Users\Computer\OneDrive\เดสก์ท็อป\imageprocessing-prj\data\train\lemon\Image_78.jpg,26.5888671875,1000,667,1.4993,3,JPEG,223.21,213.97,167.02,11.73,75.95,223.23,False
train,lemon,Image_8.png,C:\Users\Computer\OneDrive\เดสก์ท็อป\imageprocessing-prj\data\train\lemon\Image_8.png,6301.84375,3600,2282,1.5776,3,PNG,217.33,205.53,112.69,19.64,138.03,224.76,False
train,lemon,Image_80.jpg,C:\Users\Computer\OneDrive\เดสก์ท็อป\imageprocessing-prj\data\train\lemon\Image_80.jpg,31.900390625,1280,720,1.7778,3,JPEG,251.89,248.56,225.75,5.33,28.57,251.9,False
train,lemon,Image_84.jpg,C:\Users\Computer\OneDrive\เดสก์ท็อป\imageprocessing-prj\data\train\lemon\Image_84.jpg,19.25,355,355,1.0,3,JPEG,240.09,218.98,155.22,16.27,95.97,240.14,False
train,lemon,Image_85.jpg,C:\Users\Computer\OneDrive\เดสก์ท็อป\imageprocessing-prj\data\train\lemon\Image_85.jpg,10.9228515625,400,309,1.2945,3,JPEG,239.28,232.34,187.94,15.2,59.47,239.39,False
train,lemon,Image_87.png,C:\Users\Computer\OneDrive\เดสก์ท็อป\imageprocessing-prj\data\train\lemon\Image_87.png,360.474609375,654,461,1.4187,3,PNG,233.25,211.49,141.96,14.16,109.89,233.26,False
train,lemon,Image_88.jpg,C:\Users\Computer\OneDrive\เดสก์ท็อป\imageprocessing-prj\data\train\lemon\Image_88.jpg,106.9990234375,638,638,1.0,3,JPEG,217.6,217.0,167.15,30.54,73.56,224.36,False
train,lemon,Image_9.jpg,C:\Users\Computer\OneDrive\เดสก์ท็อป\imageprocessing-prj\data\train\lemon\Image_9.jpg,1584.328125,2304,3456,0.6667,3,JPEG,254.78,228.85,155.88,10.67,99.08,254.78,False
train,lemon,Image_90.jpg,C:\Users\Computer\OneDrive\เดสก์ท็อป\imageprocessing-prj\data\train\lemon\Image_90.jpg,542.810546875,1000,1000,1.0,3,JPEG,199.08,181.5,146.46,34.72,77.3,201.68,False
train,lemon,Image_92.jpg,C:\Users\Computer\OneDrive\เดสก์ท็อป\imageprocessing-prj\data\train\lemon\Image_92.jpg,79.73828125,1200,909,1.3201,3,JPEG,244.64,239.7,198.07,12.77,53.87,246.98,False
train,lemon,Image_93.jpg,C:\Users\Computer\OneDrive\เดสก์ท็อป\imageprocessing-prj\data\train\lemon\Image_93.jpg,71.0986328125,1200,682,1.7595,3,JPEG,194.74,189.19,148.33,33.04,80.4,198.32,False
train,lemon,Image_94.jpg,C:\Users\Computer\OneDrive\เดสก์ท็อป\imageprocessing-prj\data\train\lemon\Image_94.jpg,316.0947265625,1024,1004,1.0199,3,JPEG,190.14,196.26,178.42,33.13,50.6,199.35,False
train,lemon,Image_95.png,C:\Users\Computer\OneDrive\เดสก์ท็อป\imageprocessing-prj\data\train\lemon\Image_95.png,573.8466796875,808,730,1.1068,3,PNG,244.82,223.61,142.24,15.85,110.01,244.82,False
train,lemon,Image_96.jpg,C:\Users\Computer\OneDrive\เดสก์ท็อป\imageprocessing-prj\data\train\lemon\Image_96.jpg,56.6357421875,700,544,1.2868,3,JPEG,252.18,230.62,144.5,16.15,109.68,252.23,False
train,lemon,Image_97.jpg,C:\Users\Computer\OneDrive\เดสก์ท็อป\imageprocessing-prj\data\train\lemon\Image_97.jpg,142.0107421875,1024,681,1.5037,3,JPEG,193.16,168.0,107.09,25.86,114.06,193.65,False
train,lemon,Image_98.jpg,C:\Users\Computer\OneDrive\เดสก์ท็อป\imageprocessing-prj\data\train\lemon\Image_98.jpg,144.990234375,1000,1000,1.0,3,JPEG,169.0,162.84,85.41,29.52,144.06,178.08,False
train,lemon,Image_99.jpg,C:\Users\Computer\OneDrive\เดสก์ท็อป\imageprocessing-prj\data\train\lemon\Image_99.jpg,79.0849609375,700,700,1.0,3,JPEG,183.51,163.51,55.98,28.14,178.49,187.66,False
train,lettuce,Image_1.jpg,C:\Users\Computer\OneDrive\เดสก์ท็อป\imageprocessing-prj\data\train\lettuce\Image_1.jpg,881.072265625,1632,1224,1.3333,3,JPEG,97.81,140.35,77.44,51.75,134.9,140.39,False
train,lettuce,Image_10.jpg,C:\Users\Computer\OneDrive\เดสก์ท็อป\imageprocessing-prj\data\train\lettuce\Image_10.jpg,348.3515625,1600,1065,1.5023,3,JPEG,77.78,161.72,29.26,50.71,211.82,161.73,False
train,lettuce,Image_100.jpeg,C:\Users\Computer\OneDrive\เดสก์ท็อป\imageprocessing-prj\data\train\lettuce\Image_100.jpeg,513.8310546875,2560,1940,1.3196,3,JPEG,199.08,219.89,161.69,22.48,83.85,219.89,False
train,lettuce,Image_11.jpg,C:\Users\Computer\OneDrive\เดสก์ท็อป\imageprocessing-prj\data\train\lettuce\Image_11.jpg,207.2802734375,1000,1000,1.0,3,JPEG,110.75,153.3,69.43,57.4,138.33,154.28,False
train,lettuce,Image_12.jpg,C:\Users\Computer\OneDrive\เดสก์ท็อป\imageprocessing-prj\data\train\lettuce\Image_12.jpg,127.5859375,768,1024,0.75,3,JPEG,102.52,113.62,48.96,32.78,161.48,120.23,False
train,lettuce,Image_13.jpg,C:\Users\Computer\OneDrive\เดสก์ท็อป\imageprocessing-prj\data\train\lettuce\Image_13.jpg,205.765625,1200,900,1.3333,3,JPEG,92.31,103.08,58.57,41.72,144.33,113.64,False
train,lettuce,Image_14.jpg,C:\Users\Computer\OneDrive\เดสก์ท็อป\imageprocessing-prj\data\train\lettuce\Image_14.jpg,481.5732421875,1920,1680,1.1429,3,JPEG,133.3,180.69,75.89,44.73,160.5,180.74,False
train,lettuce,Image_15.jpg,C:\Users\Computer\OneDrive\เดสก์ท็อป\imageprocessing-prj\data\train\lettuce\Image_15.jpg,776.2177734375,4220,3355,1.2578,3,JPEG,197.75,226.77,165.03,28.38,83.56,226.8,False
train,lettuce,Image_16.jpg,C:\Users\Computer\OneDrive\เดสก์ท็อป\imageprocessing-prj\data\train\lettuce\Image_16.jpg,260.6875,1200,858,1.3986,3,JPEG,99.69,106.0,44.04,43.56,166.19,117.74,False
train,lettuce,Image_17.jpg,C:\Users\Computer\OneDrive\เดสก์ท็อป\imageprocessing-prj\data\train\lettuce\Image_17.jpg,4935.90625,2798,4197,0.6667,3,JPEG,92.56,132.84,41.27,42.02,175.14,133.24,False
train,lettuce,Image_18.jpg,C:\Users\Computer\OneDrive\เดสก์ท็อป\imageprocessing-prj\data\train\lettuce\Image_18.jpg,661.3330078125,2195,1530,1.4346,3,JPEG,123.94,132.66,79.94,58.01,120.4,142.66,False
train,lettuce,Image_19.jpg,C:\Users\Computer\OneDrive\เดสก์ท็อป\imageprocessing-prj\data\train\lettuce\Image_19.jpg,235.4521484375,900,900,1.0,3,JPEG,76.93,131.45,46.66,52.53,168.72,132.04,False
train,lettuce,Image_2.jpg,C:\Users\Computer\OneDrive\เดสก์ท็อป\imageprocessing-prj\data\train\lettuce\Image_2.jpg,2182.234375,2448,3264,0.75,3,JPEG,121.89,155.75,68.59,42.93,155.9,156.77,False
train,lettuce,Image_20.jpg,C:\Users\Computer\OneDrive\เดสก์ท็อป\imageprocessing-prj\data\train\lettuce\Image_20.jpg,677.7216796875,2592,1944,1.3333,3,JPEG,84.53,135.88,37.73,44.25,191.71,136.59,False
train,lettuce,Image_21.jpg,C:\Users\Computer\OneDrive\เดสก์ท็อป\imageprocessing-prj\data\train\lettuce\Image_21.jpg,222.017578125,1024,1120,0.9143,3,JPEG,127.17,200.29,54.17,47.21,191.87,200.42,False
train,lettuce,Image_22.jpg,C:\Users\Computer\OneDrive\เดสก์ท็อป\imageprocessing-prj\data\train\lettuce\Image_22.jpg,4673.0849609375,5184,3456,1.5,3,JPEG,97.27,143.77,46.54,46.68,192.25,143.8,False
train,lettuce,Image_23.jpeg,C:\Users\Computer\OneDrive\เดสก์ท็อป\imageprocessing-prj\data\train\lettuce\Image_23.jpeg,622.8740234375,1200,1200,1.0,3,JPEG,122.94,155.31,61.98,38.05,159.46,159.03,False
train,lettuce,Image_24.jpg,C:\Users\Computer\OneDrive\เดสก์ท็อป\imageprocessing-prj\data\train\lettuce\Image_24.jpg,650.59375,1700,2425,0.701,3,JPEG,105.63,147.61,70.69,47.77,144.01,147.83,False
train,lettuce,Image_25.jpg,C:\Users\Computer\OneDrive\เดสก์ท็อป\imageprocessing-prj\data\train\lettuce\Image_25.jpg,27.326171875,620,330,1.8788,3,JPEG,191.22,214.63,151.33,32.09,98.18,215.1,False
train,lettuce,Image_26.jpg,C:\Users\Computer\OneDrive\เดสก์ท็อป\imageprocessing-prj\data\train\lettuce\Image_26.jpg,1131.6357421875,2447,2480,0.9867,3,JPEG,159.68,140.51,78.68,24.71,144.48,167.68,False
train,lettuce,Image_27.jpg,C:\Users\Computer\OneDrive\เดสก์ท็อป\imageprocessing-prj\data\train\lettuce\Image_27.jpg,769.779296875,2560,1920,1.3333,3,JPEG,123.53,158.32,40.67,38.56,200.38,159.03,False
train,lettuce,Image_28.JPG,C:\Users\Computer\OneDrive\เดสก์ท็อป\imageprocessing-prj\data\train\lettuce\Image_28.JPG,177.7666015625,960,638,1.5047,3,JPEG,82.85,101.07,65.91,35.18,103.83,105.25,False
train,lettuce,Image_29.jpg,C:\Users\Computer\OneDrive\เดสก์ท็อป\imageprocessing-prj\data\train\lettuce\Image_29.jpg,216.095703125,960,640,1.5,3,JPEG,112.86,146.02,83.57,42.09,126.34,148.04,False
train,lettuce,Image_3.jpg,C:\Users\Computer\OneDrive\เดสก์ท็อป\imageprocessing-prj\data\train\lettuce\Image_3.jpg,118.1298828125,1600,1207,1.3256,3,JPEG,158.65,193.45,131.08,27.65,116.11,193.46,False
train,lettuce,Image_30.jpg,C:\Users\Computer\OneDrive\เดสก์ท็อป\imageprocessing-prj\data\train\lettuce\Image_30.jpg,1302.03125,2592,1728,1.5,3,JPEG,96.44,119.18,27.64,38.8,209.24,121.56,False
train,lettuce,Image_31.jpg,C:\Users\Computer\OneDrive\เดสก์ท็อป\imageprocessing-prj\data\train\lettuce\Image_31.jpg,318.67578125,1024,768,1.3333,3,JPEG,89.8,129.15,52.43,45.29,155.11,129.65,False
train,lettuce,Image_32.jpg,C:\Users\Computer\OneDrive\เดสก์ท็อป\imageprocessing-prj\data\train\lettuce\Image_32.jpg,299.0166015625,2048,1362,1.5037,3,JPEG,182.1,195.74,143.64,20.27,104.19,195.75,False
train,lettuce,Image_33.jpg,C:\Users\Computer\OneDrive\เดสก์ท็อป\imageprocessing-prj\data\train\lettuce\Image_33.jpg,213.7119140625,800,640,1.25,3,JPEG,99.71,137.49,56.18,40.83,159.3,141.42,False
train,lettuce,Image_34.jpg,C:\Users\Computer\OneDrive\เดสก์ท็อป\imageprocessing-prj\data\train\lettuce\Image_34.jpg,1633.19140625,4912,3264,1.5049,3,JPEG,125.27,148.59,51.31,35.94,174.32,150.49,False
train,lettuce,Image_35.jpg,C:\Users\Computer\OneDrive\เดสก์ท็อป\imageprocessing-prj\data\train\lettuce\Image_35.jpg,1204.6328125,3072,2304,1.3333,3,JPEG,111.96,168.24,39.54,44.34,206.8,168.25,False
train,lettuce,Image_36.JPG,C:\Users\Computer\OneDrive\เดสก์ท็อป\imageprocessing-prj\data\train\lettuce\Image_36.JPG,114.63671875,1024,1024,1.0,3,JPEG,172.7,199.62,146.16,23.52,99.0,199.65,False
train,lettuce,Image_37.jpg,C:\Users\Computer\OneDrive\เดสก์ท็อป\imageprocessing-prj\data\train\lettuce\Image_37.jpg,81.4755859375,732,549,1.3333,3,JPEG,100.65,99.11,31.26,35.23,196.84,115.69,False
train,lettuce,Image_38.jpg,C:\Users\Computer\OneDrive\เดสก์ท็อป\imageprocessing-prj\data\train\lettuce\Image_38.jpg,80.2802734375,1000,716,1.3966,3,JPEG,177.84,212.41,122.83,26.4,130.18,212.44,False
train,lettuce,Image_39.jpg,C:\Users\Computer\OneDrive\เดสก์ท็อป\imageprocessing-prj\data\train\lettuce\Image_39.jpg,592.2451171875,3464,2309,1.5002,3,JPEG,222.59,227.69,206.14,12.86,35.86,228.84,False
train,lettuce,Image_4.jpg,C:\Users\Computer\OneDrive\เดสก์ท็อป\imageprocessing-prj\data\train\lettuce\Image_4.jpg,1407.5537109375,2420,1644,1.472,3,JPEG,129.93,168.17,85.26,46.49,138.21,169.33,False
train,lettuce,Image_40.jpg,C:\Users\Computer\OneDrive\เดสก์ท็อป\imageprocessing-prj\data\train\lettuce\Image_40.jpg,68.05078125,1200,1747,0.6869,3,JPEG,173.4,192.83,148.41,73.83,100.47,196.7,False
train,lettuce,Image_41.jpg,C:\Users\Computer\OneDrive\เดสก์ท็อป\imageprocessing-prj\data\train\lettuce\Image_41.jpg,80.720703125,775,775,1.0,3,JPEG,107.25,141.77,62.88,40.69,137.3,142.57,False
train,lettuce,Image_42.jpg,C:\Users\Computer\OneDrive\เดสก์ท็อป\imageprocessing-prj\data\train\lettuce\Image_42.jpg,131.037109375,1200,1151,1.0426,3,JPEG,235.42,239.49,189.9,15.04,59.72,239.54,False
train,lettuce,Image_43.jpg,C:\Users\Computer\OneDrive\เดสก์ท็อป\imageprocessing-prj\data\train\lettuce\Image_43.jpg,563.3662109375,1024,989,1.0354,3,JPEG,174.2,205.78,132.06,25.57,114.78,205.78,False
train,lettuce,Image_44.jpg,C:\Users\Computer\OneDrive\เดสก์ท็อป\imageprocessing-prj\data\train\lettuce\Image_44.jpg,684.8896484375,1600,1207,1.3256,3,JPEG,107.2,127.58,51.93,38.16,149.43,130.75,False
train,lettuce,Image_45.jpg,C:\Users\Computer\OneDrive\เดสก์ท็อป\imageprocessing-prj\data\train\lettuce\Image_45.jpg,910.439453125,1200,800,1.5,3,JPEG,113.07,126.94,84.6,47.5,97.3,131.66,False
train,lettuce,Image_46.jpg,C:\Users\Computer\OneDrive\เดสก์ท็อป\imageprocessing-prj\data\train\lettuce\Image_46.jpg,4148.3623046875,4288,3216,1.3333,3,JPEG,157.34,185.98,120.99,28.57,118.34,185.98,False
train,lettuce,Image_47.jpg,C:\Users\Computer\OneDrive\เดสก์ท็อป\imageprocessing-prj\data\train\lettuce\Image_47.jpg,201.708984375,2595,3083,0.8417,3,JPEG,215.67,230.37,181.82,17.54,67.36,236.27,False
train,lettuce,Image_48.jpg,C:\Users\Computer\OneDrive\เดสก์ท็อป\imageprocessing-prj\data\train\lettuce\Image_48.jpg,35.2822265625,500,375,1.3333,3,JPEG,70.56,126.94,45.15,54.96,164.94,126.96,False
train,lettuce,Image_49.jpg,C:\Users\Computer\OneDrive\เดสก์ท็อป\imageprocessing-prj\data\train\lettuce\Image_49.jpg,55.443359375,922,768,1.2005,3,JPEG,187.3,196.81,168.53,17.46,76.21,196.84,False
train,lettuce,Image_5.jpeg,C:\Users\Computer\OneDrive\เดสก์ท็อป\imageprocessing-prj\data\train\lettuce\Image_5.jpeg,513.8310546875,2560,1940,1.3196,3,JPEG,199.08,219.89,161.69,22.48,83.85,219.89,False
train,lettuce,Image_50.jpg,C:\Users\Computer\OneDrive\เดสก์ท็อป\imageprocessing-prj\data\train\lettuce\Image_50.jpg,1033.2236328125,3033,2109,1.4381,3,JPEG,152.4,178.65,93.43,35.38,133.85,183.72,False
train,lettuce,Image_51.jpg,C:\Users\Computer\OneDrive\เดสก์ท็อป\imageprocessing-prj\data\train\lettuce\Image_51.jpg,115.2734375,900,950,0.9474,3,JPEG,85.09,102.13,25.2,37.14,203.34,102.17,False
train,lettuce,Image_52.jpg,C:\Users\Computer\OneDrive\เดสก์ท็อป\imageprocessing-prj\data\train\lettuce\Image_52.jpg,17.4931640625,460,259,1.7761,3,JPEG,196.5,196.96,122.74,26.48,117.66,210.35,False
train,lettuce,Image_53.jpg,C:\Users\Computer\OneDrive\เดสก์ท็อป\imageprocessing-prj\data\train\lettuce\Image_53.jpg,140.0625,480,480,1.0,3,JPEG,106.73,147.45,50.5,43.45,169.06,147.46,False
train,lettuce,Image_54.jpg,C:\Users\Computer\OneDrive\เดสก์ท็อป\imageprocessing-prj\data\train\lettuce\Image_54.jpg,129.3017578125,1110,1203,0.9227,3,JPEG,208.08,222.35,185.76,19.5,59.44,222.39,False
train,lettuce,Image_55.jpg,C:\Users\Computer\OneDrive\เดสก์ท็อป\imageprocessing-prj\data\train\lettuce\Image_55.jpg,4639.0849609375,4180,2986,1.3999,3,JPEG,188.83,202.78,177.8,82.37,58.45,207.38,False
train,lettuce,Image_56.jpg,C:\Users\Computer\OneDrive\เดสก์ท็อป\imageprocessing-prj\data\train\lettuce\Image_56.jpg,342.09375,2048,1365,1.5004,3,JPEG,123.33,162.94,71.32,43.4,144.49,163.01,False
train,lettuce,Image_57.jpg,C:\Users\Computer\OneDrive\เดสก์ท็อป\imageprocessing-prj\data\train\lettuce\Image_57.jpg,149.912109375,683,1024,0.667,3,JPEG,97.27,127.11,52.92,59.13,163.09,138.52,False
train,lettuce,Image_58.jpg,C:\Users\Computer\OneDrive\เดสก์ท็อป\imageprocessing-prj\data\train\lettuce\Image_58.jpg,121.7998046875,1280,1280,1.0,3,JPEG,108.1,142.2,53.59,42.37,148.06,142.57,False
train,lettuce,Image_6.jpg,C:\Users\Computer\OneDrive\เดสก์ท็อป\imageprocessing-prj\data\train\lettuce\Image_6.jpg,538.888671875,2005,1335,1.5019,3,JPEG,100.64,143.72,49.23,44.19,181.13,143.72,False
train,lettuce,Image_60.jpg,C:\Users\Computer\OneDrive\เดสก์ท็อป\imageprocessing-prj\data\train\lettuce\Image_60.jpg,92.5625,600,400,1.5,3,JPEG,135.59,141.02,103.74,25.11,88.75,148.68,False
train,lettuce,Image_61.jpg,C:\Users\Computer\OneDrive\เดสก์ท็อป\imageprocessing-prj\data\train\lettuce\Image_61.jpg,78.220703125,600,403,1.4888,3,JPEG,104.41,126.55,64.84,42.1,147.56,129.19,False
train,lettuce,Image_62.jpg,C:\Users\Computer\OneDrive\เดสก์ท็อป\imageprocessing-prj\data\train\lettuce\Image_62.jpg,18.7958984375,320,320,1.0,3,JPEG,206.27,219.7,180.6,22.77,59.95,219.75,False
train,lettuce,Image_63.jpg,C:\Users\Computer\OneDrive\เดสก์ท็อป\imageprocessing-prj\data\train\lettuce\Image_63.jpg,149.380859375,800,480,1.6667,3,JPEG,104.03,135.44,53.13,44.15,159.92,139.24,False
train,lettuce,Image_64.jpg,C:\Users\Computer\OneDrive\เดสก์ท็อป\imageprocessing-prj\data\train\lettuce\Image_64.jpg,323.5869140625,900,598,1.505,3,JPEG,196.58,213.19,172.48,22.1,64.57,213.3,False
train,lettuce,Image_65.jpg,C:\Users\Computer\OneDrive\เดสก์ท็อป\imageprocessing-prj\data\train\lettuce\Image_65.jpg,3137.9169921875,3232,2200,1.4691,3,JPEG,143.29,176.07,95.02,35.09,150.9,176.16,False
train,lettuce,Image_66.jpg,C:\Users\Computer\OneDrive\เดสก์ท็อป\imageprocessing-prj\data\train\lettuce\Image_66.jpg,29.9423828125,480,270,1.7778,3,JPEG,159.37,190.2,128.69,35.74,118.12,190.32,False
train,lettuce,Image_67.jpg,C:\Users\Computer\OneDrive\เดสก์ท็อป\imageprocessing-prj\data\train\lettuce\Image_67.jpg,19.4638671875,241,241,1.0,3,JPEG,95.68,119.82,66.63,44.19,157.13,122.98,False
train,lettuce,Image_69.jpg,C:\Users\Computer\OneDrive\เดสก์ท็อป\imageprocessing-prj\data\train\lettuce\Image_69.jpg,250.16796875,1024,750,1.3653,3,JPEG,110.39,111.06,78.97,60.52,107.61,121.2,False
train,lettuce,Image_7.jpg,C:\Users\Computer\OneDrive\เดสก์ท็อป\imageprocessing-prj\data\train\lettuce\Image_7.jpg,77.1123046875,1024,1024,1.0,3,JPEG,148.5,156.48,79.82,30.07,150.4,164.48,False
train,lettuce,Image_70.png,C:\Users\Computer\OneDrive\เดสก์ท็อป\imageprocessing-prj\data\train\lettuce\Image_70.png,111.984375,300,300,1.0,3,PNG,182.22,205.03,146.4,26.29,95.1,205.04,False
train,lettuce,Image_71.jpg,C:\Users\Computer\OneDrive\เดสก์ท็อป\imageprocessing-prj\data\train\lettuce\Image_71.jpg,43.5234375,500,424,1.1792,3,JPEG,148.77,168.73,115.13,30.4,120.76,168.76,False
train,lettuce,Image_72.jpg,C:\Users\Computer\OneDrive\เดสก์ท็อป\imageprocessing-prj\data\train\lettuce\Image_72.jpg,183.1455078125,1200,1600,0.75,3,JPEG,206.57,222.69,172.43,117.64,76.14,225.13,False
train,lettuce,Image_73.jpg,C:\Users\Computer\OneDrive\เดสก์ท็อป\imageprocessing-prj\data\train\lettuce\Image_73.jpg,148.703125,800,330,2.4242,3,JPEG,163.21,157.61,117.67,21.58,89.46,170.44,False
train,lettuce,Image_74.png,C:\Users\Computer\OneDrive\เดสก์ท็อป\imageprocessing-prj\data\train\lettuce\Image_74.png,524.3037109375,690,360,1.9167,3,PNG,62.39,151.97,66.26,60.18,190.44,152.06,False
train,lettuce,Image_76.jpg,C:\Users\Computer\OneDrive\เดสก์ท็อป\imageprocessing-prj\data\train\lettuce\Image_76.jpg,157.3486328125,1024,768,1.3333,3,JPEG,197.0,209.22,195.56,20.31,37.86,209.45,False
train,lettuce,Image_77.jpg,C:\Users\Computer\OneDrive\เดสก์ท็อป\imageprocessing-prj\data\train\lettuce\Image_77.jpg,62.955078125,1024,682,1.5015,3,JPEG,160.21,137.07,64.99,43.32,171.33,168.68,False
train,lettuce,Image_78.jpg,C:\Users\Computer\OneDrive\เดสก์ท็อป\imageprocessing-prj\data\train\lettuce\Image_78.jpg,601.9169921875,1296,968,1.3388,3,JPEG,86.26,107.43,51.14,46.75,162.11,108.23,False
train,lettuce,Image_79.jpg,C:\Users\Computer\OneDrive\เดสก์ท็อป\imageprocessing-prj\data\train\lettuce\Image_79.jpg,192.4921875,710,510,1.3922,3,JPEG,111.87,137.06,63.26,40.02,151.87,138.59,False
train,lettuce,Image_8.jpg,C:\Users\Computer\OneDrive\เดสก์ท็อป\imageprocessing-prj\data\train\lettuce\Image_8.jpg,403.052734375,1025,780,1.3141,3,JPEG,104.55,148.25,26.99,43.23,216.78,148.84,False
train,lettuce,Image_80.jpg,C:\Users\Computer\OneDrive\เดสก์ท็อป\imageprocessing-prj\data\train\lettuce\Image_80.jpg,353.17578125,1920,1080,1.7778,3,JPEG,134.69,100.88,101.28,111.58,94.61,138.6,False
train,lettuce,Image_81.png,C:\Users\Computer\OneDrive\เดสก์ท็อป\imageprocessing-prj\data\train\lettuce\Image_81.png,192.4599609375,380,380,1.0,3,PNG,58.35,84.04,24.27,23.71,105.1,84.05,False
train,lettuce,Image_82.jpg,C:\Users\Computer\OneDrive\เดสก์ท็อป\imageprocessing-prj\data\train\lettuce\Image_82.jpg,143.33984375,1500,750,2.0,3,JPEG,124.29,166.66,64.86,47.44,160.36,166.72,False
train,lettuce,Image_83.jpg,C:\Users\Computer\OneDrive\เดสก์ท็อป\imageprocessing-prj\data\train\lettuce\Image_83.jpg,52.35546875,1286,600,2.1433,3,JPEG,71.36,131.79,19.86,46.31,221.5,138.32,False
train,lettuce,Image_84.jpg,C:\Users\Computer\OneDrive\เดสก์ท็อป\imageprocessing-prj\data\train\lettuce\Image_84.jpg,214.4287109375,1200,800,1.5,3,JPEG,181.23,187.77,148.01,18.76,84.02,190.64,False
train,lettuce,Image_85.jpg,C:\Users\Computer\OneDrive\เดสก์ท็อป\imageprocessing-prj\data\train\lettuce\Image_85.jpg,610.6123046875,978,734,1.3324,3,JPEG,117.89,137.91,67.92,37.49,160.88,138.17,False
train,lettuce,Image_86.jpg,C:\Users\Computer\OneDrive\เดสก์ท็อป\imageprocessing-prj\data\train\lettuce\Image_86.jpg,126.4541015625,1200,802,1.4963,3,JPEG,142.81,159.6,97.34,43.4,120.54,164.7,False
train,lettuce,Image_87.png,C:\Users\Computer\OneDrive\เดสก์ท็อป\imageprocessing-prj\data\train\lettuce\Image_87.png,1205.7294921875,827,826,1.0012,3,PNG,127.57,113.17,70.56,24.91,134.12,133.47,False
train,lettuce,Image_88.jpg,C:\Users\Computer\OneDrive\เดสก์ท็อป\imageprocessing-prj\data\train\lettuce\Image_88.jpg,31.470703125,497,500,0.994,3,JPEG,174.83,206.11,134.43,32.11,107.02,206.17,False
train,lettuce,Image_89.jpg,C:\Users\Computer\OneDrive\เดสก์ท็อป\imageprocessing-prj\data\train\lettuce\Image_89.jpg,109.7060546875,1200,1063,1.1289,3,JPEG,191.3,203.51,159.4,23.96,70.18,203.51,False
train,lettuce,Image_9.jpg,C:\Users\Computer\OneDrive\เดสก์ท็อป\imageprocessing-prj\data\train\lettuce\Image_9.jpg,742.1064453125,1208,825,1.4642,3,JPEG,118.56,151.84,70.27,46.62,121.61,152.99,False
train,lettuce,Image_90.jpg,C:\Users\Computer\OneDrive\เดสก์ท็อป\imageprocessing-prj\data\train\lettuce\Image_90.jpg,153.7431640625,1280,720,1.7778,3,JPEG,95.95,118.0,63.18,51.9,111.59,118.76,False
train,lettuce,Image_91.jpg,C:\Users\Computer\OneDrive\เดสก์ท็อป\imageprocessing-prj\data\train\lettuce\Image_91.jpg,1365.1865234375,3200,2400,1.3333,3,JPEG,92.36,101.43,73.28,56.87,81.4,104.72,False
train,lettuce,Image_92.png,C:\Users\Computer\OneDrive\เดสก์ท็อป\imageprocessing-prj\data\train\lettuce\Image_92.png,130.91796875,316,232,1.3621,3,PNG,162.96,199.23,101.96,37.04,144.47,199.27,False
train,lettuce,Image_93.jpg,C:\Users\Computer\OneDrive\เดสก์ท็อป\imageprocessing-prj\data\train\lettuce\Image_93.jpg,2087.3720703125,4000,3000,1.3333,3,JPEG,132.3,139.95,116.21,70.5,81.96,154.29,False
train,lettuce,Image_94.jpg,C:\Users\Computer\OneDrive\เดสก์ท็อป\imageprocessing-prj\data\train\lettuce\Image_94.jpg,1123.6845703125,3072,2304,1.3333,3,JPEG,151.37,174.73,127.09,85.87,96.81,186.72,False
train,lettuce,Image_95.jpg,C:\Users\Computer\OneDrive\เดสก์ท็อป\imageprocessing-prj\data\train\lettuce\Image_95.jpg,230.8955078125,524,524,1.0,3,JPEG,136.52,147.82,118.34,33.07,64.54,152.34,False
train,lettuce,Image_96.jpg,C:\Users\Computer\OneDrive\เดสก์ท็อป\imageprocessing-prj\data\train\lettuce\Image_96.jpg,881.072265625,1632,1224,1.3333,3,JPEG,97.81,140.35,77.44,51.75,134.9,140.39,False
train,lettuce,Image_97.jpg,C:\Users\Computer\OneDrive\เดสก์ท็อป\imageprocessing-prj\data\train\lettuce\Image_97.jpg,2182.234375,2448,3264,0.75,3,JPEG,121.89,155.75,68.59,42.93,155.9,156.77,False
train,lettuce,Image_98.jpg,C:\Users\Computer\OneDrive\เดสก์ท็อป\imageprocessing-prj\data\train\lettuce\Image_98.jpg,118.1298828125,1600,1207,1.3256,3,JPEG,158.65,193.45,131.08,27.65,116.11,193.46,False
train,lettuce,Image_99.jpg,C:\Users\Computer\OneDrive\เดสก์ท็อป\imageprocessing-prj\data\train\lettuce\Image_99.jpg,1407.5537109375,2420,1644,1.472,3,JPEG,129.93,168.17,85.26,46.49,138.21,169.33,False
train,mango,Image_1.jpg,C:\Users\Computer\OneDrive\เดสก์ท็อป\imageprocessing-prj\data\train\mango\Image_1.jpg,248.375,1200,1200,1.0,3,JPEG,89.4,104.5,36.67,40.28,192.8,122.1,False
train,mango,Image_10.jpg,C:\Users\Computer\OneDrive\เดสก์ท็อป\imageprocessing-prj\data\train\mango\Image_10.jpg,109.25390625,800,800,1.0,3,JPEG,232.16,202.71,186.32,17.61,61.17,233.66,False
train,mango,Image_100.jpg,C:\Users\Computer\OneDrive\เดสก์ท็อป\imageprocessing-prj\data\train\mango\Image_100.jpg,109.25390625,800,800,1.0,3,JPEG,232.16,202.71,186.32,17.61,61.17,233.66,False
train,mango,Image_11.png,C:\Users\Computer\OneDrive\เดสก์ท็อป\imageprocessing-prj\data\train\mango\Image_11.png,1217.771484375,928,889,1.0439,3,PNG,243.49,214.41,142.0,11.96,110.9,244.28,False
train,mango,Image_12.jpg,C:\Users\Computer\OneDrive\เดสก์ท็อป\imageprocessing-prj\data\train\mango\Image_12.jpg,6402.4912109375,3665,2429,1.5089,3,JPEG,99.4,130.82,50.09,43.37,162.06,134.53,False
train,mango,Image_13.jpg,C:\Users\Computer\OneDrive\เดสก์ท็อป\imageprocessing-prj\data\train\mango\Image_13.jpg,719.8369140625,1600,800,2.0,3,JPEG,213.95,144.2,18.19,19.98,231.64,215.18,False
train,mango,Image_14.jpg,C:\Users\Computer\OneDrive\เดสก์ท็อป\imageprocessing-prj\data\train\mango\Image_14.jpg,139.4384765625,1162,778,1.4936,3,JPEG,246.98,206.38,153.81,15.73,99.27,247.8,False
train,mango,Image_15.jpg,C:\Users\Computer\OneDrive\เดสก์ท็อป\imageprocessing-prj\data\train\mango\Image_15.jpg,67.62890625,1024,768,1.3333,3,JPEG,171.67,152.24,113.65,38.18,110.5,172.23,False
train,mango,Image_16.jpg,C:\Users\Computer\OneDrive\เดสก์ท็อป\imageprocessing-prj\data\train\mango\Image_16.jpg,211.501953125,1600,1191,1.3434,3,JPEG,184.38,155.73,54.69,26.51,179.75,187.27,False
train,mango,Image_17.JPG,C:\Users\Computer\OneDrive\เดสก์ท็อป\imageprocessing-prj\data\train\mango\Image_17.JPG,199.775390625,1600,899,1.7798,3,JPEG,154.07,133.3,51.59,27.84,171.19,157.36,False
train,mango,Image_18.jpg,C:\Users\Computer\OneDrive\เดสก์ท็อป\imageprocessing-prj\data\train\mango\Image_18.jpg,37.421875,850,585,1.453,3,JPEG,201.94,206.41,178.73,24.46,53.05,211.34,False
train,mango,Image_19.jpg,C:\Users\Computer\OneDrive\เดสก์ท็อป\imageprocessing-prj\data\train\mango\Image_19.jpg,246.2802734375,1200,900,1.3333,3,JPEG,99.72,93.39,65.88,45.91,99.27,106.25,False
train,mango,Image_2.jpg,C:\Users\Computer\OneDrive\เดสก์ท็อป\imageprocessing-prj\data\train\mango\Image_2.jpg,212.5830078125,1500,1250,1.2,3,JPEG,152.81,126.75,69.62,43.86,159.33,159.98,False
train,mango,Image_20.jpg,C:\Users\Computer\OneDrive\เดสก์ท็อป\imageprocessing-prj\data\train\mango\Image_20.jpg,235.419921875,1024,768,1.3333,3,JPEG,164.36,137.11,87.18,20.5,122.52,164.54,False
train,mango,Image_21.jpg,C:\Users\Computer\OneDrive\เดสก์ท็อป\imageprocessing-prj\data\train\mango\Image_21.jpg,306.580078125,1500,1000,1.5,3,JPEG,139.43,135.52,53.41,33.44,163.09,152.04,False
train,mango,Image_22.jpg,C:\Users\Computer\OneDrive\เดสก์ท็อป\imageprocessing-prj\data\train\mango\Image_22.jpg,205.2373046875,1132,1696,0.6675,3,JPEG,154.11,141.6,111.81,46.87,100.34,160.98,False
train,mango,Image_23.png,C:\Users\Computer\OneDrive\เดสก์ท็อป\imageprocessing-prj\data\train\mango\Image_23.png,906.3974609375,1200,1050,1.1429,3,PNG,238.64,212.88,161.0,13.2,90.76,240.7,False
train,mango,Image_24.jpg,C:\Users\Computer\OneDrive\เดสก์ท็อป\imageprocessing-prj\data\train\mango\Image_24.jpg,479.7978515625,1600,1279,1.251,3,JPEG,160.97,85.48,82.88,89.89,136.62,161.2,False
train,mango,Image_25.jpg,C:\Users\Computer\OneDrive\เดสก์ท็อป\imageprocessing-prj\data\train\mango\Image_25.jpg,195.623046875,1200,900,1.3333,3,JPEG,130.86,95.12,56.85,21.37,156.87,131.46,False
train,mango,Image_26.jpg,C:\Users\Computer\OneDrive\เดสก์ท็อป\imageprocessing-prj\data\train\mango\Image_26.jpg,482.1474609375,1000,600,1.6667,3,JPEG,211.35,175.42,106.57,25.24,128.97,211.68,False
train,mango,Image_27.jpg,C:\Users\Computer\OneDrive\เดสก์ท็อป\imageprocessing-prj\data\train\mango\Image_27.jpg,157.453125,920,1385,0.6643,3,JPEG,91.06,81.42,60.06,29.49,98.6,93.67,False
train,mango,Image_28.jpg,C:\Users\Computer\OneDrive\เดสก์ท็อป\imageprocessing-prj\data\train\mango\Image_28.jpg,357.8125,1600,1115,1.435,3,JPEG,88.53,93.8,50.34,45.59,148.54,102.93,False
train,mango,Image_29.png,C:\Users\Computer\OneDrive\เดสก์ท็อป\imageprocessing-prj\data\train\mango\Image_29.png,311.03515625,500,413,1.2107,3,PNG,222.11,186.99,105.16,18.72,144.62,223.7,False
train,mango,Image_3.jpg,C:\Users\Computer\OneDrive\เดสก์ท็อป\imageprocessing-prj\data\train\mango\Image_3.jpg,154.7880859375,1600,1071,1.4939,3,JPEG,210.62,155.45,39.03,20.7,207.44,211.07,False
train,mango,Image_30.jpg,C:\Users\Computer\OneDrive\เดสก์ท็อป\imageprocessing-prj\data\train\mango\Image_30.jpg,496.916015625,1200,628,1.9108,3,JPEG,115.54,97.2,74.76,71.0,153.25,134.36,False
train,mango,Image_31.jpg,C:\Users\Computer\OneDrive\เดสก์ท็อป\imageprocessing-prj\data\train\mango\Image_31.jpg,26.3720703125,300,400,0.75,3,JPEG,98.85,93.66,43.59,34.88,154.24,107.42,False
train,mango,Image_32.jpg,C:\Users\Computer\OneDrive\เดสก์ท็อป\imageprocessing-prj\data\train\mango\Image_32.jpg,215.5478515625,1263,1064,1.187,3,JPEG,97.22,127.17,65.41,47.12,137.93,127.62,False
train,mango,Image_33.jpg,C:\Users\Computer\OneDrive\เดสก์ท็อป\imageprocessing-prj\data\train\mango\Image_33.jpg,350.478515625,652,552,1.1812,3,JPEG,193.82,143.25,85.81,26.88,136.79,194.02,False
train,mango,Image_34.jpg,C:\Users\Computer\OneDrive\เดสก์ท็อป\imageprocessing-prj\data\train\mango\Image_34.jpg,612.6875,1400,1400,1.0,3,JPEG,228.85,186.96,138.92,19.12,107.72,232.81,False
train,mango,Image_35.jpg,C:\Users\Computer\OneDrive\เดสก์ท็อป\imageprocessing-prj\data\train\mango\Image_35.jpg,116.0576171875,1024,686,1.4927,3,JPEG,214.94,151.32,31.15,20.18,220.88,214.94,False
train,mango,Image_36.jpg,C:\Users\Computer\OneDrive\เดสก์ท็อป\imageprocessing-prj\data\train\mango\Image_36.jpg,441.5751953125,1000,750,1.3333,3,JPEG,241.39,205.42,163.11,16.49,88.72,242.34,False
train,mango,Image_37.jpg,C:\Users\Computer\OneDrive\เดสก์ท็อป\imageprocessing-prj\data\train\mango\Image_37.jpg,48.095703125,600,365,1.6438,3,JPEG,234.83,171.48,45.66,20.73,206.16,234.85,False
train,mango,Image_38.jpg,C:\Users\Computer\OneDrive\เดสก์ท็อป\imageprocessing-prj\data\train\mango\Image_38.jpg,155.419921875,1200,799,1.5019,3,JPEG,123.29,116.1,27.66,27.49,209.07,130.86,False
train,mango,Image_39.jpg,C:\Users\Computer\OneDrive\เดสก์ท็อป\imageprocessing-prj\data\train\mango\Image_39.jpg,70.28515625,700,525,1.3333,3,JPEG,223.88,193.77,160.67,24.64,74.81,224.93,False
train,mango,Image_4.jpg,C:\Users\Computer\OneDrive\เดสก์ท็อป\imageprocessing-prj\data\train\mango\Image_4.jpg,202.716796875,800,599,1.3356,3,JPEG,177.01,144.23,90.81,27.24,133.81,181.3,False
train,mango,Image_41.jpg,C:\Users\Computer\OneDrive\เดสก์ท็อป\imageprocessing-prj\data\train\mango\Image_41.jpg,185.9150390625,2048,2048,1.0,3,JPEG,216.12,224.25,194.52,11.9,50.59,224.25,False
train,mango,Image_42.jpg,C:\Users\Computer\OneDrive\เดสก์ท็อป\imageprocessing-prj\data\train\mango\Image_42.jpg,78.662109375,800,500,1.6,3,JPEG,220.92,186.39,65.89,27.82,183.3,228.95,False
train,mango,Image_43.jpg,C:\Users\Computer\OneDrive\เดสก์ท็อป\imageprocessing-prj\data\train\mango\Image_43.jpg,205.6162109375,900,597,1.5075,3,JPEG,189.39,143.39,105.47,32.72,119.8,189.48,False
train,mango,Image_44.jpg,C:\Users\Computer\OneDrive\เดสก์ท็อป\imageprocessing-prj\data\train\mango\Image_44.jpg,132.486328125,1600,1067,1.4995,3,JPEG,65.62,78.76,27.96,44.03,195.9,85.04,False
train,mango,Image_45.jpg,C:\Users\Computer\OneDrive\เดสก์ท็อป\imageprocessing-prj\data\train\mango\Image_45.jpg,106.1435546875,810,540,1.5,3,JPEG,95.8,90.68,50.85,49.65,157.01,105.83,False
train,mango,Image_46.jpg,C:\Users\Computer\OneDrive\เดสก์ท็อป\imageprocessing-prj\data\train\mango\Image_46.jpg,836.8916015625,960,1440,0.6667,3,JPEG,86.91,97.84,73.03,47.07,85.53,99.93,False
train,mango,Image_47.jpg,C:\Users\Computer\OneDrive\เดสก์ท็อป\imageprocessing-prj\data\train\mango\Image_47.jpg,28.04296875,592,406,1.4581,3,JPEG,81.61,137.84,68.04,57.37,148.75,137.9,False
train,mango,Image_48.jpg,C:\Users\Computer\OneDrive\เดสก์ท็อป\imageprocessing-prj\data\train\mango\Image_48.jpg,262.953125,1200,900,1.3333,3,JPEG,130.53,113.92,52.85,29.51,157.73,131.79,False
train,mango,Image_49.jpg,C:\Users\Computer\OneDrive\เดสก์ท็อป\imageprocessing-prj\data\train\mango\Image_49.jpg,83.2177734375,700,700,1.0,3,JPEG,241.38,208.93,150.36,14.64,98.66,242.24,False
train,mango,Image_5.jpg,C:\Users\Computer\OneDrive\เดสก์ท็อป\imageprocessing-prj\data\train\mango\Image_5.jpg,269.9423828125,3648,2736,1.3333,3,JPEG,172.93,107.87,33.08,18.14,197.07,174.12,False
train,mango,Image_50.jpg,C:\Users\Computer\OneDrive\เดสก์ท็อป\imageprocessing-prj\data\train\mango\Image_50.jpg,268.8232421875,1024,770,1.3299,3,JPEG,127.95,86.63,34.08,28.44,205.79,134.95,False
train,mango,Image_51.png,C:\Users\Computer\OneDrive\เดสก์ท็อป\imageprocessing-prj\data\train\mango\Image_51.png,1128.1572265625,800,520,1.5385,3,PNG,167.5,103.66,47.91,21.71,179.15,167.78,False
train,mango,Image_52.jpg,C:\Users\Computer\OneDrive\เดสก์ท็อป\imageprocessing-prj\data\train\mango\Image_52.jpg,50.6796875,610,458,1.3319,3,JPEG,239.96,208.73,149.6,13.51,102.09,239.98,False
train,mango,Image_53.jpg,C:\Users\Computer\OneDrive\เดสก์ท็อป\imageprocessing-prj\data\train\mango\Image_53.jpg,198.1611328125,1200,900,1.3333,3,JPEG,110.14,113.51,49.77,31.31,167.67,122.62,False
train,mango,Image_54.jpg,C:\Users\Computer\OneDrive\เดสก์ท็อป\imageprocessing-prj\data\train\mango\Image_54.jpg,77.8603515625,640,425,1.5059,3,JPEG,175.38,134.91,67.08,23.68,150.0,176.4,False
train,mango,Image_55.JPG,C:\Users\Computer\OneDrive\เดสก์ท็อป\imageprocessing-prj\data\train\mango\Image_55.JPG,315.484375,1200,900,1.3333,3,JPEG,102.47,87.91,42.42,32.61,166.59,108.66,False
train,mango,Image_56.png,C:\Users\Computer\OneDrive\เดสก์ท็อป\imageprocessing-prj\data\train\mango\Image_56.png,168.6767578125,500,500,1.0,3,PNG,149.66,126.55,63.69,17.61,135.84,152.04,False
train,mango,Image_59.jpg,C:\Users\Computer\OneDrive\เดสก์ท็อป\imageprocessing-prj\data\train\mango\Image_59.jpg,295.2626953125,2448,2448,1.0,3,JPEG,238.39,218.26,163.66,42.43,82.57,239.39,False
train,mango,Image_6.jpg,C:\Users\Computer\OneDrive\เดสก์ท็อป\imageprocessing-prj\data\train\mango\Image_6.jpg,2853.943359375,5184,3456,1.5,3,JPEG,198.54,187.21,155.35,51.9,65.95,200.27,False
train,mango,Image_61.jpg,C:\Users\Computer\OneDrive\เดสก์ท็อป\imageprocessing-prj\data\train\mango\Image_61.jpg,27.130859375,400,345,1.1594,3,JPEG,199.91,220.89,170.95,22.15,74.19,220.97,False
train,mango,Image_62.jpg,C:\Users\Computer\OneDrive\เดสก์ท็อป\imageprocessing-prj\data\train\mango\Image_62.jpg,275.73828125,1200,800,1.5,3,JPEG,105.08,122.66,98.95,54.49,160.25,148.49,False
train,mango,Image_63.jpg,C:\Users\Computer\OneDrive\เดสก์ท็อป\imageprocessing-prj\data\train\mango\Image_63.jpg,1018.0517578125,2560,1440,1.7778,3,JPEG,136.27,138.49,46.76,30.63,176.69,151.3,False
train,mango,Image_64.jpg,C:\Users\Computer\OneDrive\เดสก์ท็อป\imageprocessing-prj\data\train\mango\Image_64.jpg,54.5439453125,800,1200,0.6667,3,JPEG,211.29,155.97,98.86,30.33,142.5,213.39,False
train,mango,Image_66.jpg,C:\Users\Computer\OneDrive\เดสก์ท็อป\imageprocessing-prj\data\train\mango\Image_66.jpg,95.2294921875,898,898,1.0,3,JPEG,124.82,141.12,62.67,34.05,151.68,145.96,False
train,mango,Image_67.jpg,C:\Users\Computer\OneDrive\เดสก์ท็อป\imageprocessing-prj\data\train\mango\Image_67.jpg,184.0625,1200,628,1.9108,3,JPEG,113.03,108.6,82.38,66.36,74.45,120.73,False
train,mango,Image_68.jpg,C:\Users\Computer\OneDrive\เดสก์ท็อป\imageprocessing-prj\data\train\mango\Image_68.jpg,1505.4765625,1936,1296,1.4938,3,JPEG,106.65,97.85,67.31,53.98,111.23,116.45,False
train,mango,Image_69.jpg,C:\Users\Computer\OneDrive\เดสก์ท็อป\imageprocessing-prj\data\train\mango\Image_69.jpg,811.4833984375,2009,3846,0.5224,3,JPEG,177.67,194.3,89.92,39.79,144.03,198.51,False
train,mango,Image_7.jpg,C:\Users\Computer\OneDrive\เดสก์ท็อป\imageprocessing-prj\data\train\mango\Image_7.jpg,140.400390625,558,600,0.93,3,JPEG,246.85,225.74,196.05,12.68,57.43,247.64,False
train,mango,Image_71.jpg,C:\Users\Computer\OneDrive\เดสก์ท็อป\imageprocessing-prj\data\train\mango\Image_71.jpg,136.60546875,1037,692,1.4986,3,JPEG,241.21,184.96,20.39,22.4,234.26,241.21,False
train,mango,Image_73.jpg,C:\Users\Computer\OneDrive\เดสก์ท็อป\imageprocessing-prj\data\train\mango\Image_73.jpg,287.552734375,1024,770,1.3299,3,JPEG,147.94,128.42,26.9,26.42,223.07,156.0,False
train,mango,Image_75.jpg,C:\Users\Computer\OneDrive\เดสก์ท็อป\imageprocessing-prj\data\train\mango\Image_75.jpg,52.416015625,627,338,1.855,3,JPEG,126.4,100.38,76.49,60.54,111.82,126.9,False
train,mango,Image_77.jpg,C:\Users\Computer\OneDrive\เดสก์ท็อป\imageprocessing-prj\data\train\mango\Image_77.jpg,705.5498046875,735,1103,0.6664,3,JPEG,202.43,155.53,85.95,38.16,154.09,203.98,False
train,mango,Image_79.png,C:\Users\Computer\OneDrive\เดสก์ท็อป\imageprocessing-prj\data\train\mango\Image_79.png,382.56640625,625,564,1.1082,3,PNG,134.32,88.25,20.57,22.7,128.8,136.65,False
train,mango,Image_8.jpg,C:\Users\Computer\OneDrive\เดสก์ท็อป\imageprocessing-prj\data\train\mango\Image_8.jpg,106.40625,1090,1100,0.9909,3,JPEG,233.74,204.83,151.17,11.41,99.26,234.83,False
train,mango,Image_81.jpg,C:\Users\Computer\OneDrive\เดสก์ท็อป\imageprocessing-prj\data\train\mango\Image_81.jpg,51.2958984375,640,425,1.5059,3,JPEG,199.25,139.64,43.19,18.5,190.59,199.3,False
train,mango,Image_83.jpg,C:\Users\Computer\OneDrive\เดสก์ท็อป\imageprocessing-prj\data\train\mango\Image_83.jpg,149.3427734375,1000,750,1.3333,3,JPEG,86.26,107.05,46.84,41.91,162.52,109.95,False
train,mango,Image_85.jpg,C:\Users\Computer\OneDrive\เดสก์ท็อป\imageprocessing-prj\data\train\mango\Image_85.jpg,658.8759765625,540,918,0.5882,3,JPEG,91.57,100.56,92.44,83.11,85.12,110.66,False
train,mango,Image_86.jpg,C:\Users\Computer\OneDrive\เดสก์ท็อป\imageprocessing-prj\data\train\mango\Image_86.jpg,208.037109375,1280,853,1.5006,3,JPEG,130.83,147.17,75.71,37.52,139.91,147.81,False
train,mango,Image_87.jpg,C:\Users\Computer\OneDrive\เดสก์ท็อป\imageprocessing-prj\data\train\mango\Image_87.jpg,1452.5947265625,1400,2108,0.6641,3,JPEG,182.64,151.67,80.11,22.21,133.45,182.81,False
train,mango,Image_88.jpg,C:\Users\Computer\OneDrive\เดสก์ท็อป\imageprocessing-prj\data\train\mango\Image_88.jpg,47.15234375,600,600,1.0,3,JPEG,164.96,118.11,56.66,49.41,174.11,176.5,False
train,mango,Image_9.jpg,C:\Users\Computer\OneDrive\เดสก์ท็อป\imageprocessing-prj\data\train\mango\Image_9.jpg,38.1982421875,600,600,1.0,3,JPEG,249.9,230.28,169.76,13.78,84.01,249.93,False
train,mango,Image_90.png,C:\Users\Computer\OneDrive\เดสก์ท็อป\imageprocessing-prj\data\train\mango\Image_90.png,473.25,631,576,1.0955,3,PNG,98.54,87.71,60.31,65.05,151.19,111.51,False
train,mango,Image_91.jpg,C:\Users\Computer\OneDrive\เดสก์ท็อป\imageprocessing-prj\data\train\mango\Image_91.jpg,248.375,1200,1200,1.0,3,JPEG,89.4,104.5,36.67,40.28,192.8,122.1,False
train,mango,Image_92.jpg,C:\Users\Computer\OneDrive\เดสก์ท็อป\imageprocessing-prj\data\train\mango\Image_92.jpg,212.5830078125,1500,1250,1.2,3,JPEG,152.81,126.75,69.62,43.86,159.33,159.98,False
train,mango,Image_93.jpg,C:\Users\Computer\OneDrive\เดสก์ท็อป\imageprocessing-prj\data\train\mango\Image_93.jpg,154.7880859375,1600,1071,1.4939,3,JPEG,210.62,155.45,39.03,20.7,207.44,211.07,False
train,mango,Image_94.jpg,C:\Users\Computer\OneDrive\เดสก์ท็อป\imageprocessing-prj\data\train\mango\Image_94.jpg,202.716796875,800,599,1.3356,3,JPEG,177.01,144.23,90.81,27.24,133.81,181.3,False
train,mango,Image_95.jpg,C:\Users\Computer\OneDrive\เดสก์ท็อป\imageprocessing-prj\data\train\mango\Image_95.jpg,269.9423828125,3648,2736,1.3333,3,JPEG,172.93,107.87,33.08,18.14,197.07,174.12,False
train,mango,Image_96.jpg,C:\Users\Computer\OneDrive\เดสก์ท็อป\imageprocessing-prj\data\train\mango\Image_96.jpg,2853.943359375,5184,3456,1.5,3,JPEG,198.54,187.21,155.35,51.9,65.95,200.27,False
train,mango,Image_97.jpg,C:\Users\Computer\OneDrive\เดสก์ท็อป\imageprocessing-prj\data\train\mango\Image_97.jpg,140.400390625,558,600,0.93,3,JPEG,246.85,225.74,196.05,12.68,57.43,247.64,False
train,mango,Image_98.jpg,C:\Users\Computer\OneDrive\เดสก์ท็อป\imageprocessing-prj\data\train\mango\Image_98.jpg,106.40625,1090,1100,0.9909,3,JPEG,233.74,204.83,151.17,11.41,99.26,234.83,False
train,mango,Image_99.jpg,C:\Users\Computer\OneDrive\เดสก์ท็อป\imageprocessing-prj\data\train\mango\Image_99.jpg,38.1982421875,600,600,1.0,3,JPEG,249.9,230.28,169.76,13.78,84.01,249.93,False
train,onion,Image_1.jpg,C:\Users\Computer\OneDrive\เดสก์ท็อป\imageprocessing-prj\data\train\onion\Image_1.jpg,376.1748046875,1648,1153,1.4293,3,JPEG,240.82,213.54,192.28,8.14,56.01,240.83,False
train,onion,Image_10.jpg,C:\Users\Computer\OneDrive\เดสก์ท็อป\imageprocessing-prj\data\train\onion\Image_10.jpg,83.5703125,1200,1200,1.0,3,JPEG,204.74,172.37,175.83,63.47,67.01,204.75,False
train,onion,Image_100.jpg,C:\Users\Computer\OneDrive\เดสก์ท็อป\imageprocessing-prj\data\train\onion\Image_100.jpg,25.46484375,693,350,1.98,3,JPEG,232.49,199.74,172.99,26.1,72.71,233.9,False
train,onion,Image_11.jpg,C:\Users\Computer\OneDrive\เดสก์ท็อป\imageprocessing-prj\data\train\onion\Image_11.jpg,286.7607421875,1920,1080,1.7778,3,JPEG,238.33,209.15,180.23,14.16,66.25,238.93,False
train,onion,Image_12.jpg,C:\Users\Computer\OneDrive\เดสก์ท็อป\imageprocessing-prj\data\train\onion\Image_12.jpg,221.98828125,1500,973,1.5416,3,JPEG,225.01,205.27,185.04,11.28,54.54,225.27,False
train,onion,Image_13.jpg,C:\Users\Computer\OneDrive\เดสก์ท็อป\imageprocessing-prj\data\train\onion\Image_13.jpg,340.830078125,1367,2048,0.6675,3,JPEG,153.75,87.23,72.45,34.15,161.49,157.95,False
train,onion,Image_14.jpg,C:\Users\Computer\OneDrive\เดสก์ท็อป\imageprocessing-prj\data\train\onion\Image_14.jpg,103.5869140625,553,369,1.4986,3,JPEG,119.76,82.68,88.16,97.44,107.09,121.61,False
train,onion,Image_15.jpg,C:\Users\Computer\OneDrive\เดสก์ท็อป\imageprocessing-prj\data\train\onion\Image_15.jpg,25.46484375,693,350,1.98,3,JPEG,232.49,199.74,172.99,26.1,72.71,233.9,False
train,onion,Image_16.jpg,C:\Users\Computer\OneDrive\เดสก์ท็อป\imageprocessing-prj\data\train\onion\Image_16.jpg,63.1943359375,1200,1200,1.0,3,JPEG,239.04,221.47,201.7,8.05,46.6,239.07,False
train,onion,Image_17.jpg,C:\Users\Computer\OneDrive\เดสก์ท็อป\imageprocessing-prj\data\train\onion\Image_17.jpg,111.6865234375,960,640,1.5,3,JPEG,234.42,199.05,173.95,8.62,72.39,234.46,False
train,onion,Image_18.jpg,C:\Users\Computer\OneDrive\เดสก์ท็อป\imageprocessing-prj\data\train\onion\Image_18.jpg,503.9970703125,2272,1515,1.4997,3,JPEG,166.86,94.3,63.32,9.02,164.55,166.86,False
train,onion,Image_19.jpg,C:\Users\Computer\OneDrive\เดสก์ท็อป\imageprocessing-prj\data\train\onion\Image_19.jpg,135.166015625,1000,1000,1.0,3,JPEG,179.69,142.5,110.19,18.48,115.88,179.92,False
train,onion,Image_2.jpg,C:\Users\Computer\OneDrive\เดสก์ท็อป\imageprocessing-prj\data\train\onion\Image_2.jpg,629.013671875,2122,1415,1.4996,3,JPEG,227.86,207.46,188.28,10.83,52.83,228.55,False
train,onion,Image_20.jpg,C:\Users\Computer\OneDrive\เดสก์ท็อป\imageprocessing-prj\data\train\onion\Image_20.jpg,238.140625,1600,1180,1.3559,3,JPEG,208.88,180.15,184.97,89.72,57.31,209.9,False
train,onion,Image_21.jpg,C:\Users\Computer\OneDrive\เดสก์ท็อป\imageprocessing-prj\data\train\onion\Image_21.jpg,47.8466796875,975,800,1.2188,3,JPEG,245.27,207.98,186.62,11.81,63.78,245.3,False
train,onion,Image_22.jpg,C:\Users\Computer\OneDrive\เดสก์ท็อป\imageprocessing-prj\data\train\onion\Image_22.jpg,38.6494140625,660,440,1.5,3,JPEG,172.42,70.89,74.91,106.89,170.8,172.44,False
train,onion,Image_23.jpg,C:\Users\Computer\OneDrive\เดสก์ท็อป\imageprocessing-prj\data\train\onion\Image_23.jpg,89.4853515625,1200,800,1.5,3,JPEG,221.72,189.22,169.08,50.3,69.43,223.02,False
train,onion,Image_24.jpg,C:\Users\Computer\OneDrive\เดสก์ท็อป\imageprocessing-prj\data\train\onion\Image_24.jpg,29.5302734375,679,386,1.7591,3,JPEG,223.43,198.25,195.61,36.24,47.24,223.5,False
train,onion,Image_25.jpg,C:\Users\Computer\OneDrive\เดสก์ท็อป\imageprocessing-prj\data\train\onion\Image_25.jpg,67.5615234375,1200,800,1.5,3,JPEG,202.02,170.38,179.62,108.47,62.32,202.03,False
train,onion,Image_26.jpg,C:\Users\Computer\OneDrive\เดสก์ท็อป\imageprocessing-prj\data\train\onion\Image_26.jpg,75.6044921875,1024,1024,1.0,3,JPEG,236.81,219.04,206.89,5.26,39.77,236.83,False
train,onion,Image_27.jpg,C:\Users\Computer\OneDrive\เดสก์ท็อป\imageprocessing-prj\data\train\onion\Image_27.jpg,44.8994140625,700,700,1.0,3,JPEG,220.71,205.93,208.56,50.59,33.44,220.72,False
train,onion,Image_28.jpg,C:\Users\Computer\OneDrive\เดสก์ท็อป\imageprocessing-prj\data\train\onion\Image_28.jpg,246.8759765625,750,500,1.5,3,JPEG,211.65,199.89,201.06,95.05,27.52,213.5,False
train,onion,Image_29.jpg,C:\Users\Computer\OneDrive\เดสก์ท็อป\imageprocessing-prj\data\train\onion\Image_29.jpg,131.3232421875,1200,800,1.5,3,JPEG,137.29,128.03,106.97,30.31,80.01,141.13,False
train,onion,Image_3.jpg,C:\Users\Computer\OneDrive\เดสก์ท็อป\imageprocessing-prj\data\train\onion\Image_3.jpg,49.24609375,1024,768,1.3333,3,JPEG,94.0,51.09,47.36,69.66,125.33,94.1,False
train,onion,Image_30.jpg,C:\Users\Computer\OneDrive\เดสก์ท็อป\imageprocessing-prj\data\train\onion\Image_30.jpg,28.8828125,230,297,0.7744,3,JPEG,247.02,220.45,191.68,18.63,59.87,247.28,False
train,onion,Image_31.png,C:\Users\Computer\OneDrive\เดสก์ท็อป\imageprocessing-prj\data\train\onion\Image_31.png,4686.728515625,2287,1970,1.1609,3,PNG,216.29,186.74,163.63,8.38,73.26,216.3,False
train,onion,Image_32.jpg,C:\Users\Computer\OneDrive\เดสก์ท็อป\imageprocessing-prj\data\train\onion\Image_32.jpg,79.498046875,918,485,1.8928,3,JPEG,186.95,86.57,113.53,169.94,143.56,186.95,False
train,onion,Image_33.png,C:\Users\Computer\OneDrive\เดสก์ท็อป\imageprocessing-prj\data\train\onion\Image_33.png,103.7109375,363,285,1.2737,3,PNG,239.24,209.58,181.46,8.52,65.82,239.25,False
train,onion,Image_34.png,C:\Users\Computer\OneDrive\เดสก์ท็อป\imageprocessing-prj\data\train\onion\Image_34.png,91.951171875,467,314,1.4873,3,PNG,237.71,217.74,201.75,5.95,46.92,237.71,False
train,onion,Image_35.png,C:\Users\Computer\OneDrive\เดสก์ท็อป\imageprocessing-prj\data\train\onion\Image_35.png,704.5947265625,984,1000,0.984,3,PNG,152.99,107.14,70.73,9.67,102.88,152.99,False
train,onion,Image_36.jpg,C:\Users\Computer\OneDrive\เดสก์ท็อป\imageprocessing-prj\data\train\onion\Image_36.jpg,34.64453125,700,525,1.3333,3,JPEG,236.33,214.93,201.16,40.27,45.84,238.3,False
train,onion,Image_37.png,C:\Users\Computer\OneDrive\เดสก์ท็อป\imageprocessing-prj\data\train\onion\Image_37.png,670.5537109375,872,523,1.6673,3,PNG,163.2,136.28,147.41,99.34,76.92,165.88,False
train,onion,Image_38.jpg,C:\Users\Computer\OneDrive\เดสก์ท็อป\imageprocessing-prj\data\train\onion\Image_38.jpg,55.83984375,1280,852,1.5023,3,JPEG,159.55,160.8,130.38,26.12,85.23,166.39,False
train,onion,Image_39.jpg,C:\Users\Computer\OneDrive\เดสก์ท็อป\imageprocessing-prj\data\train\onion\Image_39.jpg,69.998046875,300,300,1.0,3,JPEG,186.94,153.55,161.16,103.58,68.87,187.0,False
train,onion,Image_4.jpg,C:\Users\Computer\OneDrive\เดสก์ท็อป\imageprocessing-prj\data\train\onion\Image_4.jpg,369.2333984375,2300,1533,1.5003,3,JPEG,152.34,122.58,101.89,15.46,98.9,152.34,False
train,onion,Image_40.jpg,C:\Users\Computer\OneDrive\เดสก์ท็อป\imageprocessing-prj\data\train\onion\Image_40.jpg,79.5615234375,700,787,0.8895,3,JPEG,71.09,63.34,49.71,50.48,92.97,79.36,False
train,onion,Image_41.jpg,C:\Users\Computer\OneDrive\เดสก์ท็อป\imageprocessing-prj\data\train\onion\Image_41.jpg,3061.4755859375,1676,2014,0.8322,3,JPEG,104.3,161.64,84.92,51.03,144.74,163.58,False
train,onion,Image_42.JPG,C:\Users\Computer\OneDrive\เดสก์ท็อป\imageprocessing-prj\data\train\onion\Image_42.JPG,258.716796875,1200,1420,0.8451,3,JPEG,163.46,121.14,61.69,22.38,167.89,169.87,False
train,onion,Image_43.jpg,C:\Users\Computer\OneDrive\เดสก์ท็อป\imageprocessing-prj\data\train\onion\Image_43.jpg,87.7626953125,482,500,0.964,3,JPEG,232.62,205.45,179.84,11.58,65.79,232.76,False
train,onion,Image_45.jpg,C:\Users\Computer\OneDrive\เดสก์ท็อป\imageprocessing-prj\data\train\onion\Image_45.jpg,104.478515625,1836,1201,1.5287,3,JPEG,88.43,65.16,60.71,53.52,100.05,88.9,False
train,onion,Image_46.jpg,C:\Users\Computer\OneDrive\เดสก์ท็อป\imageprocessing-prj\data\train\onion\Image_46.jpg,529.4765625,900,900,1.0,3,JPEG,207.35,171.05,176.45,80.17,66.32,207.8,False
train,onion,Image_47.jpg,C:\Users\Computer\OneDrive\เดสก์ท็อป\imageprocessing-prj\data\train\onion\Image_47.jpg,186.85546875,1600,1250,1.28,3,JPEG,218.29,196.53,197.36,72.4,44.68,219.11,False
train,onion,Image_48.jpg,C:\Users\Computer\OneDrive\เดสก์ท็อป\imageprocessing-prj\data\train\onion\Image_48.jpg,96.591796875,1600,1112,1.4388,3,JPEG,200.8,159.68,127.07,33.78,110.85,201.83,False
train,onion,Image_49.png,C:\Users\Computer\OneDrive\เดสก์ท็อป\imageprocessing-prj\data\train\onion\Image_49.png,534.7265625,800,611,1.3093,3,PNG,120.81,84.74,48.78,9.21,96.61,120.81,False
train,onion,Image_5.jpg,C:\Users\Computer\OneDrive\เดสก์ท็อป\imageprocessing-prj\data\train\onion\Image_5.jpg,37.5947265625,1000,667,1.4993,3,JPEG,218.88,192.64,198.21,71.52,44.72,218.9,False
train,onion,Image_50.jpg,C:\Users\Computer\OneDrive\เดสก์ท็อป\imageprocessing-prj\data\train\onion\Image_50.jpg,7.9921875,317,286,1.1084,3,JPEG,190.84,157.84,161.15,79.9,69.58,190.93,False
train,onion,Image_52.jpg,C:\Users\Computer\OneDrive\เดสก์ท็อป\imageprocessing-prj\data\train\onion\Image_52.jpg,136.408203125,800,800,1.0,3,JPEG,224.17,194.42,203.77,57.77,49.77,224.23,False
train,onion,Image_53.jpg,C:\Users\Computer\OneDrive\เดสก์ท็อป\imageprocessing-prj\data\train\onion\Image_53.jpg,4.69140625,572,357,1.6022,3,JPEG,243.74,242.03,239.26,7.85,5.43,243.79,False
train,onion,Image_54.jpg,C:\Users\Computer\OneDrive\เดสก์ท็อป\imageprocessing-prj\data\train\onion\Image_54.jpg,37.7578125,800,800,1.0,3,JPEG,236.46,226.12,227.77,26.43,19.94,236.49,False
train,onion,Image_55.jpg,C:\Users\Computer\OneDrive\เดสก์ท็อป\imageprocessing-prj\data\train\onion\Image_55.jpg,65.01953125,800,990,0.8081,3,JPEG,234.55,220.08,224.33,51.27,26.37,234.57,False
train,onion,Image_56.jpg,C:\Users\Computer\OneDrive\เดสก์ท็อป\imageprocessing-prj\data\train\onion\Image_56.jpg,27.4013671875,500,500,1.0,3,JPEG,194.77,159.28,165.07,89.26,79.42,194.88,False
train,onion,Image_58.jpg,C:\Users\Computer\OneDrive\เดสก์ท็อป\imageprocessing-prj\data\train\onion\Image_58.jpg,61.9580078125,900,600,1.5,3,JPEG,207.5,143.54,153.24,95.5,94.13,207.53,False
train,onion,Image_59.jpg,C:\Users\Computer\OneDrive\เดสก์ท็อป\imageprocessing-prj\data\train\onion\Image_59.jpg,853.34375,2592,1944,1.3333,3,JPEG,137.3,119.06,92.03,37.78,113.0,142.56,False
train,onion,Image_6.jpg,C:\Users\Computer\OneDrive\เดสก์ท็อป\imageprocessing-prj\data\train\onion\Image_6.jpg,219.599609375,1581,1239,1.276,3,JPEG,126.5,77.74,64.11,91.73,163.52,129.07,False
train,onion,Image_60.jpg,C:\Users\Computer\OneDrive\เดสก์ท็อป\imageprocessing-prj\data\train\onion\Image_60.jpg,362.7626953125,2560,1920,1.3333,3,JPEG,137.28,117.93,82.69,22.13,114.11,137.69,False
train,onion,Image_61.jpg,C:\Users\Computer\OneDrive\เดสก์ท็อป\imageprocessing-prj\data\train\onion\Image_61.jpg,78.939453125,1200,1200,1.0,3,JPEG,187.36,185.54,182.71,56.65,33.11,196.89,False
train,onion,Image_62.jpg,C:\Users\Computer\OneDrive\เดสก์ท็อป\imageprocessing-prj\data\train\onion\Image_62.jpg,492.947265625,2296,1536,1.4948,3,JPEG,141.84,79.0,98.8,137.31,134.54,142.25,False
train,onion,Image_63.png,C:\Users\Computer\OneDrive\เดสก์ท็อป\imageprocessing-prj\data\train\onion\Image_63.png,8838.7275390625,6030,4020,1.5,3,PNG,70.2,50.06,33.27,4.61,44.94,70.21,False
train,onion,Image_64.jpeg,C:\Users\Computer\OneDrive\เดสก์ท็อป\imageprocessing-prj\data\train\onion\Image_64.jpeg,9.2236328125,352,191,1.8429,3,JPEG,200.68,144.8,155.55,113.31,89.41,200.79,False
train,onion,Image_65.jpg,C:\Users\Computer\OneDrive\เดสก์ท็อป\imageprocessing-prj\data\train\onion\Image_65.jpg,38.06640625,750,570,1.3158,3,JPEG,75.42,42.66,54.26,75.58,102.15,75.42,False
train,onion,Image_66.jpg,C:\Users\Computer\OneDrive\เดสก์ท็อป\imageprocessing-prj\data\train\onion\Image_66.jpg,113.763671875,1000,500,2.0,3,JPEG,157.68,138.67,135.41,84.6,83.98,165.19,False
train,onion,Image_68.png,C:\Users\Computer\OneDrive\เดสก์ท็อป\imageprocessing-prj\data\train\onion\Image_68.png,244.8583984375,650,259,2.5097,3,PNG,204.29,157.78,139.84,60.94,95.25,204.36,False
train,onion,Image_69.jpg,C:\Users\Computer\OneDrive\เดสก์ท็อป\imageprocessing-prj\data\train\onion\Image_69.jpg,15.6552734375,500,374,1.3369,3,JPEG,68.96,60.25,64.71,119.14,51.56,72.64,False
train,onion,Image_7.jpg,C:\Users\Computer\OneDrive\เดสก์ท็อป\imageprocessing-prj\data\train\onion\Image_7.jpg,296.5244140625,1500,1125,1.3333,3,JPEG,168.23,136.73,103.14,25.92,116.07,169.7,False
train,onion,Image_70.jpg,C:\Users\Computer\OneDrive\เดสก์ท็อป\imageprocessing-prj\data\train\onion\Image_70.jpg,16.8095703125,470,470,1.0,3,JPEG,225.96,200.97,206.12,55.97,43.9,226.21,False
train,onion,Image_71.png,C:\Users\Computer\OneDrive\เดสก์ท็อป\imageprocessing-prj\data\train\onion\Image_71.png,331.197265625,1000,1000,1.0,3,PNG,236.65,222.21,224.47,33.28,23.25,236.65,False
train,onion,Image_72.jpg,C:\Users\Computer\OneDrive\เดสก์ท็อป\imageprocessing-prj\data\train\onion\Image_72.jpg,82.5146484375,800,616,1.2987,3,JPEG,88.82,49.2,57.37,125.62,128.28,89.39,False
train,onion,Image_73.jpg,C:\Users\Computer\OneDrive\เดสก์ท็อป\imageprocessing-prj\data\train\onion\Image_73.jpg,62.3203125,1024,415,2.4675,3,JPEG,213.03,173.32,109.74,18.87,129.11,213.03,False
train,onion,Image_74.jpg,C:\Users\Computer\OneDrive\เดสก์ท็อป\imageprocessing-prj\data\train\onion\Image_74.jpg,171.498046875,1800,2700,0.6667,3,JPEG,162.75,130.01,108.26,25.54,97.33,163.33,False
train,onion,Image_75.jpg,C:\Users\Computer\OneDrive\เดสก์ท็อป\imageprocessing-prj\data\train\onion\Image_75.jpg,8050.25390625,6030,4020,1.5,3,JPEG,227.79,210.13,193.95,67.8,48.27,231.76,False
train,onion,Image_78.png,C:\Users\Computer\OneDrive\เดสก์ท็อป\imageprocessing-prj\data\train\onion\Image_78.png,15.572265625,240,240,1.0,3,PNG,134.63,86.41,44.69,8.55,103.35,134.63,False
train,onion,Image_79.jpg,C:\Users\Computer\OneDrive\เดสก์ท็อป\imageprocessing-prj\data\train\onion\Image_79.jpg,62.078125,375,249,1.506,3,JPEG,110.84,89.44,64.12,36.29,127.43,113.8,False
train,onion,Image_8.jpg,C:\Users\Computer\OneDrive\เดสก์ท็อป\imageprocessing-prj\data\train\onion\Image_8.jpg,115.92578125,1612,1012,1.5929,3,JPEG,243.82,223.47,217.07,21.71,33.24,244.53,False
train,onion,Image_80.jpg,C:\Users\Computer\OneDrive\เดสก์ท็อป\imageprocessing-prj\data\train\onion\Image_80.jpg,15.5888671875,470,500,0.94,3,JPEG,213.77,183.35,156.65,28.4,85.6,214.92,False
train,onion,Image_81.jpg,C:\Users\Computer\OneDrive\เดสก์ท็อป\imageprocessing-prj\data\train\onion\Image_81.jpg,1347.5234375,1476,1107,1.3333,3,JPEG,166.52,133.31,111.71,46.4,128.5,174.32,False
train,onion,Image_82.jpg,C:\Users\Computer\OneDrive\เดสก์ท็อป\imageprocessing-prj\data\train\onion\Image_82.jpg,95.25390625,720,720,1.0,3,JPEG,148.73,103.54,72.02,17.44,144.84,150.81,False
train,onion,Image_83.jpg,C:\Users\Computer\OneDrive\เดสก์ท็อป\imageprocessing-prj\data\train\onion\Image_83.jpg,294.0029296875,720,720,1.0,3,JPEG,106.65,92.86,70.38,46.4,106.84,116.35,False
train,onion,Image_84.jpg,C:\Users\Computer\OneDrive\เดสก์ท็อป\imageprocessing-prj\data\train\onion\Image_84.jpg,67.345703125,1024,503,2.0358,3,JPEG,134.54,109.57,91.43,17.33,100.59,134.54,False
train,onion,Image_85.jpg,C:\Users\Computer\OneDrive\เดสก์ท็อป\imageprocessing-prj\data\train\onion\Image_85.jpg,13.0078125,536,357,1.5014,3,JPEG,215.06,196.17,201.75,86.2,35.06,215.68,False
train,onion,Image_86.jpg,C:\Users\Computer\OneDrive\เดสก์ท็อป\imageprocessing-prj\data\train\onion\Image_86.jpg,9.296875,250,250,1.0,3,JPEG,189.28,146.16,155.72,118.69,86.26,191.26,False
train,onion,Image_87.jpg,C:\Users\Computer\OneDrive\เดสก์ท็อป\imageprocessing-prj\data\train\onion\Image_87.jpg,376.1748046875,1648,1153,1.4293,3,JPEG,240.82,213.54,192.28,8.14,56.01,240.83,False
train,onion,Image_88.jpg,C:\Users\Computer\OneDrive\เดสก์ท็อป\imageprocessing-prj\data\train\onion\Image_88.jpg,629.013671875,2122,1415,1.4996,3,JPEG,227.86,207.46,188.28,10.83,52.83,228.55,False
train,onion,Image_89.jpg,C:\Users\Computer\OneDrive\เดสก์ท็อป\imageprocessing-prj\data\train\onion\Image_89.jpg,49.24609375,1024,768,1.3333,3,JPEG,94.0,51.09,47.36,69.66,125.33,94.1,False
train,onion,Image_9.png,C:\Users\Computer\OneDrive\เดสก์ท็อป\imageprocessing-prj\data\train\onion\Image_9.png,1638.9580078125,1029,1109,0.9279,3,PNG,223.49,173.14,133.92,10.36,111.3,223.5,False
train,onion,Image_90.jpg,C:\Users\Computer\OneDrive\เดสก์ท็อป\imageprocessing-prj\data\train\onion\Image_90.jpg,37.5947265625,1000,667,1.4993,3,JPEG,218.88,192.64,198.21,71.52,44.72,218.9,False
train,onion,Image_91.jpg,C:\Users\Computer\OneDrive\เดสก์ท็อป\imageprocessing-prj\data\train\onion\Image_91.jpg,219.599609375,1581,1239,1.276,3,JPEG,126.5,77.74,64.11,91.73,163.52,129.07,False
train,onion,Image_92.jpg,C:\Users\Computer\OneDrive\เดสก์ท็อป\imageprocessing-prj\data\train\onion\Image_92.jpg,296.5244140625,1500,1125,1.3333,3,JPEG,168.23,136.73,103.14,25.92,116.07,169.7,False
train,onion,Image_93.jpg,C:\Users\Computer\OneDrive\เดสก์ท็อป\imageprocessing-prj\data\train\onion\Image_93.jpg,115.92578125,1612,1012,1.5929,3,JPEG,243.82,223.47,217.07,21.71,33.24,244.53,False
train,onion,Image_94.png,C:\Users\Computer\OneDrive\เดสก์ท็อป\imageprocessing-prj\data\train\onion\Image_94.png,1638.9580078125,1029,1109,0.9279,3,PNG,223.49,173.14,133.92,10.36,111.3,223.5,False
train,onion,Image_95.jpg,C:\Users\Computer\OneDrive\เดสก์ท็อป\imageprocessing-prj\data\train\onion\Image_95.jpg,83.5703125,1200,1200,1.0,3,JPEG,204.74,172.37,175.83,63.47,67.01,204.75,False
train,onion,Image_96.jpg,C:\Users\Computer\OneDrive\เดสก์ท็อป\imageprocessing-prj\data\train\onion\Image_96.jpg,286.7607421875,1920,1080,1.7778,3,JPEG,238.33,209.15,180.23,14.16,66.25,238.93,False
train,onion,Image_97.jpg,C:\Users\Computer\OneDrive\เดสก์ท็อป\imageprocessing-prj\data\train\onion\Image_97.jpg,221.98828125,1500,973,1.5416,3,JPEG,225.01,205.27,185.04,11.28,54.54,225.27,False
train,onion,Image_98.jpg,C:\Users\Computer\OneDrive\เดสก์ท็อป\imageprocessing-prj\data\train\onion\Image_98.jpg,340.830078125,1367,2048,0.6675,3,JPEG,153.75,87.23,72.45,34.15,161.49,157.95,False
train,onion,Image_99.jpg,C:\Users\Computer\OneDrive\เดสก์ท็อป\imageprocessing-prj\data\train\onion\Image_99.jpg,103.5869140625,553,369,1.4986,3,JPEG,119.76,82.68,88.16,97.44,107.09,121.61,False
train,orange,Image_1.png,C:\Users\Computer\OneDrive\เดสก์ท็อป\imageprocessing-prj\data\train\orange\Image_1.png,1564.16015625,1173,1200,0.9775,3,PNG,174.91,128.64,46.6,13.17,130.75,174.91,False
train,orange,Image_10.jpg,C:\Users\Computer\OneDrive\เดสก์ท็อป\imageprocessing-prj\data\train\orange\Image_10.jpg,828.947265625,3200,2504,1.278,3,JPEG,199.3,136.83,9.17,20.12,240.44,202.12,False
train,orange,Image_100.jpg,C:\Users\Computer\OneDrive\เดสก์ท็อป\imageprocessing-prj\data\train\orange\Image_100.jpg,830.98046875,3008,2000,1.504,3,JPEG,245.91,226.28,179.42,21.93,66.95,245.92,False
train,orange,Image_11.jpg,C:\Users\Computer\OneDrive\เดสก์ท็อป\imageprocessing-prj\data\train\orange\Image_11.jpg,626.4375,1936,1936,1.0,3,JPEG,184.56,133.49,72.07,22.14,142.63,186.13,False
train,orange,Image_12.jpg,C:\Users\Computer\OneDrive\เดสก์ท็อป\imageprocessing-prj\data\train\orange\Image_12.jpg,8401.09375,5184,3456,1.5,3,JPEG,243.94,172.55,40.65,19.79,213.28,243.94,False
train,orange,Image_13.jpg,C:\Users\Computer\OneDrive\เดสก์ท็อป\imageprocessing-prj\data\train\orange\Image_13.jpg,515.2919921875,2260,2175,1.0391,3,JPEG,236.76,200.61,153.23,11.7,96.75,238.78,False
train,orange,Image_14.jpg,C:\Users\Computer\OneDrive\เดสก์ท็อป\imageprocessing-prj\data\train\orange\Image_14.jpg,1318.5732421875,1132,1696,0.6675,3,JPEG,229.53,199.44,162.67,12.43,84.25,231.9,False
train,orange,Image_15.jpg,C:\Users\Computer\OneDrive\เดสก์ท็อป\imageprocessing-prj\data\train\orange\Image_15.jpg,194.078125,700,700,1.0,3,JPEG,215.37,147.51,62.66,17.79,185.35,215.43,False
train,orange,Image_16.jpg,C:\Users\Computer\OneDrive\เดสก์ท็อป\imageprocessing-prj\data\train\orange\Image_16.jpg,1869.380859375,2785,1672,1.6657,3,JPEG,157.47,104.63,60.55,18.65,137.54,157.61,False
train,orange,Image_17.JPG,C:\Users\Computer\OneDrive\เดสก์ท็อป\imageprocessing-prj\data\train\orange\Image_17.JPG,3042.3671875,4224,3168,1.3333,3,JPEG,123.83,112.03,56.75,31.41,159.22,129.4,False
train,orange,Image_18.jpg,C:\Users\Computer\OneDrive\เดสก์ท็อป\imageprocessing-prj\data\train\orange\Image_18.jpg,338.8857421875,1536,1024,1.5,3,JPEG,145.14,92.7,31.2,20.68,167.14,145.24,False
train,orange,Image_19.jpg,C:\Users\Computer\OneDrive\เดสก์ท็อป\imageprocessing-prj\data\train\orange\Image_19.jpg,735.40234375,3888,2592,1.5,3,JPEG,133.19,98.4,54.37,46.34,184.89,141.01,False
train,orange,Image_2.jpg,C:\Users\Computer\OneDrive\เดสก์ท็อป\imageprocessing-prj\data\train\orange\Image_2.jpg,70.552734375,1280,719,1.7803,3,JPEG,195.11,135.85,42.64,19.56,198.38,196.09,False
train,orange,Image_20.jpg,C:\Users\Computer\OneDrive\เดสก์ท็อป\imageprocessing-prj\data\train\orange\Image_20.jpg,68.736328125,594,622,0.955,3,JPEG,179.64,145.1,84.45,20.76,130.74,181.71,False
train,orange,Image_21.jpg,C:\Users\Computer\OneDrive\เดสก์ท็อป\imageprocessing-prj\data\train\orange\Image_21.jpg,87.4423828125,721,590,1.222,3,JPEG,248.51,166.1,68.43,17.23,186.06,248.51,False
train,orange,Image_22.jpg,C:\Users\Computer\OneDrive\เดสก์ท็อป\imageprocessing-prj\data\train\orange\Image_22.jpg,257.7734375,1024,750,1.3653,3,JPEG,177.54,145.53,99.47,15.29,112.72,177.54,False
train,orange,Image_23.jpg,C:\Users\Computer\OneDrive\เดสก์ท็อป\imageprocessing-prj\data\train\orange\Image_23.jpg,170.529296875,458,448,1.0223,3,JPEG,131.46,111.84,35.44,32.49,202.6,155.21,False
train,orange,Image_24.jpg,C:\Users\Computer\OneDrive\เดสก์ท็อป\imageprocessing-prj\data\train\orange\Image_24.jpg,675.3720703125,1200,1812,0.6623,3,JPEG,217.76,184.51,124.1,22.75,104.31,217.96,False
train,orange,Image_25.jpg,C:\Users\Computer\OneDrive\เดสก์ท็อป\imageprocessing-prj\data\train\orange\Image_25.jpg,134.30078125,991,1024,0.9678,3,JPEG,168.74,122.97,68.73,47.18,138.5,170.23,False
train,orange,Image_26.jpg,C:\Users\Computer\OneDrive\เดสก์ท็อป\imageprocessing-prj\data\train\orange\Image_26.jpg,741.318359375,3888,2592,1.5,3,JPEG,131.16,84.44,20.89,16.06,148.93,131.29,False
train,orange,Image_27.jpg,C:\Users\Computer\OneDrive\เดสก์ท็อป\imageprocessing-prj\data\train\orange\Image_27.jpg,99.2412109375,578,509,1.1356,3,JPEG,83.32,77.88,39.94,41.83,141.35,92.48,False
train,orange,Image_28.jpg,C:\Users\Computer\OneDrive\เดสก์ท็อป\imageprocessing-prj\data\train\orange\Image_28.jpg,1839.5185546875,1164,1746,0.6667,3,JPEG,208.37,118.06,94.79,56.8,147.64,209.3,False
train,orange,Image_29.jpg,C:\Users\Computer\OneDrive\เดสก์ท็อป\imageprocessing-prj\data\train\orange\Image_29.jpg,219.7373046875,1600,1200,1.3333,3,JPEG,248.13,187.72,40.23,21.97,213.64,248.18,False
train,orange,Image_3.jpg,C:\Users\Computer\OneDrive\เดสก์ท็อป\imageprocessing-prj\data\train\orange\Image_3.jpg,220.0244140625,1920,1080,1.7778,3,JPEG,252.27,214.81,164.3,8.88,90.37,252.3,False
train,orange,Image_30.jpg,C:\Users\Computer\OneDrive\เดสก์ท็อป\imageprocessing-prj\data\train\orange\Image_30.jpg,244.3603515625,1440,1080,1.3333,3,JPEG,163.12,130.93,87.2,21.75,117.38,163.51,False
train,orange,Image_32.jpg,C:\Users\Computer\OneDrive\เดสก์ท็อป\imageprocessing-prj\data\train\orange\Image_32.jpg,1437.66015625,2048,1536,1.3333,3,JPEG,131.41,127.07,93.91,55.72,94.6,143.98,False
train,orange,Image_33.jpg,C:\Users\Computer\OneDrive\เดสก์ท็อป\imageprocessing-prj\data\train\orange\Image_33.jpg,3327.466796875,2304,3072,0.75,3,JPEG,149.49,132.04,110.93,64.03,63.51,152.7,False
train,orange,Image_34.jpg,C:\Users\Computer\OneDrive\เดสก์ท็อป\imageprocessing-prj\data\train\orange\Image_34.jpg,279.8984375,1300,1088,1.1949,3,JPEG,239.87,174.95,71.01,24.83,181.46,241.07,False
train,orange,Image_36.jpg,C:\Users\Computer\OneDrive\เดสก์ท็อป\imageprocessing-prj\data\train\orange\Image_36.jpg,25.4658203125,367,327,1.1223,3,JPEG,245.9,187.14,142.83,14.08,109.99,245.96,False
train,orange,Image_37.jpg,C:\Users\Computer\OneDrive\เดสก์ท็อป\imageprocessing-prj\data\train\orange\Image_37.jpg,180.53125,972,1360,0.7147,3,JPEG,116.5,127.22,45.14,34.89,199.31,137.73,False
train,orange,Image_38.jpg,C:\Users\Computer\OneDrive\เดสก์ท็อป\imageprocessing-prj\data\train\orange\Image_38.jpg,86.1025390625,600,900,0.6667,3,JPEG,83.77,123.08,114.08,78.94,165.17,140.61,False
train,orange,Image_39.jpeg,C:\Users\Computer\OneDrive\เดสก์ท็อป\imageprocessing-prj\data\train\orange\Image_39.jpeg,172.0458984375,1600,1116,1.4337,3,JPEG,152.16,152.16,64.55,32.04,165.78,162.83,False
train,orange,Image_4.jpg,C:\Users\Computer\OneDrive\เดสก์ท็อป\imageprocessing-prj\data\train\orange\Image_4.jpg,830.98046875,3008,2000,1.504,3,JPEG,245.91,226.28,179.42,21.93,66.95,245.92,False
train,orange,Image_40.jpg,C:\Users\Computer\OneDrive\เดสก์ท็อป\imageprocessing-prj\data\train\orange\Image_40.jpg,297.0908203125,710,458,1.5502,3,JPEG,234.43,151.97,43.4,16.97,209.75,234.43,False
train,orange,Image_42.png,C:\Users\Computer\OneDrive\เดสก์ท็อป\imageprocessing-prj\data\train\orange\Image_42.png,2104.302734375,868,1220,0.7115,3,PNG,129.31,82.13,24.38,14.07,211.75,129.32,False
train,orange,Image_43.jpg,C:\Users\Computer\OneDrive\เดสก์ท็อป\imageprocessing-prj\data\train\orange\Image_43.jpg,109.84765625,736,736,1.0,3,JPEG,134.98,103.74,44.64,30.85,173.12,142.61,False
train,orange,Image_44.jpg,C:\Users\Computer\OneDrive\เดสก์ท็อป\imageprocessing-prj\data\train\orange\Image_44.jpg,692.044921875,1733,1094,1.5841,3,JPEG,230.64,200.15,136.84,26.31,105.01,231.85,False
train,orange,Image_45.jpg,C:\Users\Computer\OneDrive\เดสก์ท็อป\imageprocessing-prj\data\train\orange\Image_45.jpg,167.7646484375,800,800,1.0,3,JPEG,252.99,190.59,110.35,14.08,144.28,253.05,False
train,orange,Image_46.jpg,C:\Users\Computer\OneDrive\เดสก์ท็อป\imageprocessing-prj\data\train\orange\Image_46.jpg,79.91015625,848,566,1.4982,3,JPEG,188.14,167.51,107.03,32.2,115.51,193.08,False
train,orange,Image_5.jpg,C:\Users\Computer\OneDrive\เดสก์ท็อป\imageprocessing-prj\data\train\orange\Image_5.jpg,797.2841796875,1024,1024,1.0,3,JPEG,250.87,169.92,40.17,18.62,214.52,250.87,False
train,orange,Image_51.jpg,C:\Users\Computer\OneDrive\เดสก์ท็อป\imageprocessing-prj\data\train\orange\Image_51.jpg,194.6953125,957,1300,0.7362,3,JPEG,133.71,117.39,63.27,24.99,147.89,135.85,False
train,orange,Image_52.jpg,C:\Users\Computer\OneDrive\เดสก์ท็อป\imageprocessing-prj\data\train\orange\Image_52.jpg,77.0166015625,676,296,2.2838,3,JPEG,230.53,212.22,166.44,18.65,81.22,235.7,False
train,orange,Image_55.jpg,C:\Users\Computer\OneDrive\เดสก์ท็อป\imageprocessing-prj\data\train\orange\Image_55.jpg,221.810546875,1008,567,1.7778,3,JPEG,123.25,114.11,63.5,34.97,139.0,134.79,False
train,orange,Image_56.jpg,C:\Users\Computer\OneDrive\เดสก์ท็อป\imageprocessing-prj\data\train\orange\Image_56.jpg,226.314453125,2000,1000,2.0,3,JPEG,209.11,149.35,100.38,26.53,133.32,209.45,False
train,orange,Image_6.jpg,C:\Users\Computer\OneDrive\เดสก์ท็อป\imageprocessing-prj\data\train\orange\Image_6.jpg,655.4599609375,5456,3632,1.5022,3,JPEG,190.18,148.39,61.27,27.32,173.3,192.17,False
train,orange,Image_60.png,C:\Users\Computer\OneDrive\เดสก์ท็อป\imageprocessing-prj\data\train\orange\Image_60.png,92.0869140625,256,256,1.0,3,PNG,171.93,128.32,40.44,14.67,140.76,172.17,False
train,orange,Image_63.jpg,C:\Users\Computer\OneDrive\เดสก์ท็อป\imageprocessing-prj\data\train\orange\Image_63.jpg,318.82421875,2000,1000,2.0,3,JPEG,198.38,125.66,83.47,12.33,152.18,198.38,False
train,orange,Image_65.jpg,C:\Users\Computer\OneDrive\เดสก์ท็อป\imageprocessing-prj\data\train\orange\Image_65.jpg,49.1376953125,665,485,1.3711,3,JPEG,181.45,122.1,82.32,11.75,134.44,181.45,False
train,orange,Image_67.jpg,C:\Users\Computer\OneDrive\เดสก์ท็อป\imageprocessing-prj\data\train\orange\Image_67.jpg,25.0673828125,288,240,1.2,3,JPEG,231.88,129.85,61.4,18.52,190.76,232.07,False
train,orange,Image_68.jpg,C:\Users\Computer\OneDrive\เดสก์ท็อป\imageprocessing-prj\data\train\orange\Image_68.jpg,46.9091796875,400,400,1.0,3,JPEG,104.58,59.32,31.66,23.02,135.32,105.07,False
train,orange,Image_7.jpg,C:\Users\Computer\OneDrive\เดสก์ท็อป\imageprocessing-prj\data\train\orange\Image_7.jpg,4311.904296875,3485,2548,1.3677,3,JPEG,248.81,225.66,161.03,13.11,92.97,250.62,False
train,orange,Image_70.jpg,C:\Users\Computer\OneDrive\เดสก์ท็อป\imageprocessing-prj\data\train\orange\Image_70.jpg,946.43359375,3088,2056,1.5019,3,JPEG,180.83,139.21,99.0,43.61,131.35,186.09,False
train,orange,Image_72.jpg,C:\Users\Computer\OneDrive\เดสก์ท็อป\imageprocessing-prj\data\train\orange\Image_72.jpg,31.3837890625,425,425,1.0,3,JPEG,108.75,91.78,51.83,59.58,145.21,118.62,False
train,orange,Image_73.jpg,C:\Users\Computer\OneDrive\เดสก์ท็อป\imageprocessing-prj\data\train\orange\Image_73.jpg,351.4091796875,1440,1920,0.75,3,JPEG,181.84,94.29,21.94,24.99,221.91,187.76,False
train,orange,Image_74.jpg,C:\Users\Computer\OneDrive\เดสก์ท็อป\imageprocessing-prj\data\train\orange\Image_74.jpg,43.4267578125,350,350,1.0,3,JPEG,105.33,99.03,32.73,34.64,193.15,124.03,False
train,orange,Image_76.jpg,C:\Users\Computer\OneDrive\เดสก์ท็อป\imageprocessing-prj\data\train\orange\Image_76.jpg,5665.849609375,2560,1600,1.6,3,JPEG,136.84,88.63,13.35,20.26,176.49,136.85,False
train,orange,Image_77.jpg,C:\Users\Computer\OneDrive\เดสก์ท็อป\imageprocessing-prj\data\train\orange\Image_77.jpg,90.87890625,778,1123,0.6928,3,JPEG,143.41,72.81,44.8,23.33,186.59,150.6,False
train,orange,Image_79.jpg,C:\Users\Computer\OneDrive\เดสก์ท็อป\imageprocessing-prj\data\train\orange\Image_79.jpg,20.353515625,300,250,1.2,3,JPEG,122.84,122.72,101.62,56.28,146.72,153.63,False
train,orange,Image_8.jpeg,C:\Users\Computer\OneDrive\เดสก์ท็อป\imageprocessing-prj\data\train\orange\Image_8.jpeg,5081.1044921875,4937,3533,1.3974,3,JPEG,158.51,105.09,44.52,30.5,183.21,158.52,False
train,orange,Image_84.png,C:\Users\Computer\OneDrive\เดสก์ท็อป\imageprocessing-prj\data\train\orange\Image_84.png,151.4697265625,860,697,1.2339,3,PNG,240.7,217.09,194.23,5.04,52.05,241.38,False
train,orange,Image_85.jpg,C:\Users\Computer\OneDrive\เดสก์ท็อป\imageprocessing-prj\data\train\orange\Image_85.jpg,130.86328125,736,754,0.9761,3,JPEG,185.16,107.3,53.48,13.1,182.31,185.21,False
train,orange,Image_87.jpg,C:\Users\Computer\OneDrive\เดสก์ท็อป\imageprocessing-prj\data\train\orange\Image_87.jpg,95.4697265625,800,533,1.5009,3,JPEG,81.68,59.46,30.92,60.05,158.5,90.64,False
train,orange,Image_88.jpg,C:\Users\Computer\OneDrive\เดสก์ท็อป\imageprocessing-prj\data\train\orange\Image_88.jpg,72.5185546875,1024,768,1.3333,3,JPEG,216.04,86.5,11.01,11.43,242.75,216.05,False
train,orange,Image_9.jpg,C:\Users\Computer\OneDrive\เดสก์ท็อป\imageprocessing-prj\data\train\orange\Image_9.jpg,434.6689453125,2027,1812,1.1187,3,JPEG,190.76,159.92,74.23,26.92,147.14,191.41,False
train,orange,Image_90.jpg,C:\Users\Computer\OneDrive\เดสก์ท็อป\imageprocessing-prj\data\train\orange\Image_90.jpg,134.083984375,1280,960,1.3333,3,JPEG,164.55,82.95,27.94,18.88,218.16,173.29,False
train,orange,Image_95.jpg,C:\Users\Computer\OneDrive\เดสก์ท็อป\imageprocessing-prj\data\train\orange\Image_95.jpg,15.75390625,400,300,1.3333,3,JPEG,193.07,198.13,156.76,28.49,67.17,198.89,False
train,orange,Image_97.png,C:\Users\Computer\OneDrive\เดสก์ท็อป\imageprocessing-prj\data\train\orange\Image_97.png,1564.16015625,1173,1200,0.9775,3,PNG,174.91,128.64,46.6,13.17,130.75,174.91,False
train,orange,Image_98.jpg,C:\Users\Computer\OneDrive\เดสก์ท็อป\imageprocessing-prj\data\train\orange\Image_98.jpg,70.552734375,1280,719,1.7803,3,JPEG,195.11,135.85,42.64,19.56,198.38,196.09,False
train,orange,Image_99.jpg,C:\Users\Computer\OneDrive\เดสก์ท็อป\imageprocessing-prj\data\train\orange\Image_99.jpg,220.0244140625,1920,1080,1.7778,3,JPEG,252.27,214.81,164.3,8.88,90.37,252.3,False
train,paprika,Image_1.jpg,C:\Users\Computer\OneDrive\เดสก์ท็อป\imageprocessing-prj\data\train\paprika\Image_1.jpg,293.119140625,1200,979,1.2257,3,JPEG,206.59,151.75,123.4,22.68,115.75,207.66,False
train,paprika,Image_10.jpeg,C:\Users\Computer\OneDrive\เดสก์ท็อป\imageprocessing-prj\data\train\paprika\Image_10.jpeg,67.8681640625,1200,1200,1.0,3,JPEG,140.74,93.07,84.07,13.18,137.14,140.75,False
train,paprika,Image_100.jpg,C:\Users\Computer\OneDrive\เดสก์ท็อป\imageprocessing-prj\data\train\paprika\Image_100.jpg,99.5380859375,1200,1800,0.6667,3,JPEG,163.28,70.4,24.02,21.62,212.44,163.28,False
train,paprika,Image_11.jpg,C:\Users\Computer\OneDrive\เดสก์ท็อป\imageprocessing-prj\data\train\paprika\Image_11.jpg,98.7998046875,1000,1000,1.0,3,JPEG,236.17,185.23,180.3,12.49,70.36,236.41,False
train,paprika,Image_12.jpg,C:\Users\Computer\OneDrive\เดสก์ท็อป\imageprocessing-prj\data\train\paprika\Image_12.jpg,136.8623046875,800,530,1.5094,3,JPEG,217.51,181.93,149.58,49.6,101.34,219.74,False
train,paprika,Image_13.jpg,C:\Users\Computer\OneDrive\เดสก์ท็อป\imageprocessing-prj\data\train\paprika\Image_13.jpg,1418.4169921875,4608,3456,1.3333,3,JPEG,165.26,63.47,23.5,58.18,216.67,167.8,False
train,paprika,Image_14.png,C:\Users\Computer\OneDrive\เดสก์ท็อป\imageprocessing-prj\data\train\paprika\Image_14.png,1214.36328125,972,1123,0.8655,3,PNG,229.92,157.27,152.8,9.17,94.08,230.07,False
train,paprika,Image_15.jpg,C:\Users\Computer\OneDrive\เดสก์ท็อป\imageprocessing-prj\data\train\paprika\Image_15.jpg,25.15234375,375,500,0.75,3,JPEG,180.62,149.34,142.44,71.17,99.32,189.57,False
train,paprika,Image_16.jpg,C:\Users\Computer\OneDrive\เดสก์ท็อป\imageprocessing-prj\data\train\paprika\Image_16.jpg,36.7490234375,620,350,1.7714,3,JPEG,196.96,125.64,90.96,15.06,142.91,197.18,False
train,paprika,Image_17.jpg,C:\Users\Computer\OneDrive\เดสก์ท็อป\imageprocessing-prj\data\train\paprika\Image_17.jpg,47.90234375,400,265,1.5094,3,JPEG,223.44,195.27,189.35,21.72,53.81,224.14,False
train,paprika,Image_18.jpeg,C:\Users\Computer\OneDrive\เดสก์ท็อป\imageprocessing-prj\data\train\paprika\Image_18.jpeg,57.02734375,1199,800,1.4988,3,JPEG,152.37,87.42,76.07,60.95,137.73,153.3,False
train,paprika,Image_19.jpg,C:\Users\Computer\OneDrive\เดสก์ท็อป\imageprocessing-prj\data\train\paprika\Image_19.jpg,4180.16796875,4752,3168,1.5,3,JPEG,221.91,167.45,118.53,87.96,130.75,222.94,False
train,paprika,Image_2.jpg,C:\Users\Computer\OneDrive\เดสก์ท็อป\imageprocessing-prj\data\train\paprika\Image_2.jpg,83.587890625,960,540,1.7778,3,JPEG,223.99,174.5,164.92,6.8,84.92,224.22,False
train,paprika,Image_20.jpg,C:\Users\Computer\OneDrive\เดสก์ท็อป\imageprocessing-prj\data\train\paprika\Image_20.jpg,55.6279296875,1132,1200,0.9433,3,JPEG,245.94,224.14,220.5,3.91,32.45,246.09,False
train,paprika,Image_21.jpg,C:\Users\Computer\OneDrive\เดสก์ท็อป\imageprocessing-prj\data\train\paprika\Image_21.jpg,422.19140625,1024,768,1.3333,3,JPEG,173.42,114.64,41.2,46.38,192.19,183.62,False
train,paprika,Image_22.png,C:\Users\Computer\OneDrive\เดสก์ท็อป\imageprocessing-prj\data\train\paprika\Image_22.png,608.400390625,872,528,1.6515,3,PNG,209.98,135.38,116.88,41.29,128.12,211.7,False
train,paprika,Image_24.jpg,C:\Users\Computer\OneDrive\เดสก์ท็อป\imageprocessing-prj\data\train\paprika\Image_24.jpg,148.083984375,1000,1000,1.0,3,JPEG,191.59,150.77,132.64,50.1,115.71,192.74,False
train,paprika,Image_25.jpg,C:\Users\Computer\OneDrive\เดสก์ท็อป\imageprocessing-prj\data\train\paprika\Image_25.jpg,214.46484375,830,691,1.2012,3,JPEG,197.11,145.88,142.98,24.0,66.6,197.67,False
train,paprika,Image_26.png,C:\Users\Computer\OneDrive\เดสก์ท็อป\imageprocessing-prj\data\train\paprika\Image_26.png,483.4130859375,1024,1024,1.0,3,PNG,216.78,167.99,158.1,12.16,92.22,217.05,False
train,paprika,Image_27.jpg,C:\Users\Computer\OneDrive\เดสก์ท็อป\imageprocessing-prj\data\train\paprika\Image_27.jpg,97.828125,1024,768,1.3333,3,JPEG,193.39,184.65,148.23,38.2,78.49,195.87,False
train,paprika,Image_28.jpg,C:\Users\Computer\OneDrive\เดสก์ท็อป\imageprocessing-prj\data\train\paprika\Image_28.jpg,25.6640625,640,400,1.6,3,JPEG,240.66,191.64,188.06,18.04,65.39,240.84,False
train,paprika,Image_29.jpg,C:\Users\Computer\OneDrive\เดสก์ท็อป\imageprocessing-prj\data\train\paprika\Image_29.jpg,388.1171875,1000,666,1.5015,3,JPEG,241.38,183.44,165.8,15.14,88.45,241.4,False
train,paprika,Image_3.jpg,C:\Users\Computer\OneDrive\เดสก์ท็อป\imageprocessing-prj\data\train\paprika\Image_3.jpg,80.6630859375,849,564,1.5053,3,JPEG,107.84,117.26,58.39,51.94,175.4,147.16,False
train,paprika,Image_30.jpg,C:\Users\Computer\OneDrive\เดสก์ท็อป\imageprocessing-prj\data\train\paprika\Image_30.jpg,383.875,1000,1333,0.7502,3,JPEG,161.6,129.51,111.08,15.39,89.01,161.77,False
train,paprika,Image_31.jpg,C:\Users\Computer\OneDrive\เดสก์ท็อป\imageprocessing-prj\data\train\paprika\Image_31.jpg,30.466796875,500,250,2.0,3,JPEG,227.05,178.14,167.36,9.67,84.44,227.16,False
train,paprika,Image_32.jpg,C:\Users\Computer\OneDrive\เดสก์ท็อป\imageprocessing-prj\data\train\paprika\Image_32.jpg,105.0166015625,1155,648,1.7824,3,JPEG,181.47,125.56,107.22,14.56,111.42,181.6,False
train,paprika,Image_34.jpg,C:\Users\Computer\OneDrive\เดสก์ท็อป\imageprocessing-prj\data\train\paprika\Image_34.jpg,616.6474609375,2000,1180,1.6949,3,JPEG,90.75,45.41,25.93,33.55,166.99,91.69,False
train,paprika,Image_35.jpg,C:\Users\Computer\OneDrive\เดสก์ท็อป\imageprocessing-prj\data\train\paprika\Image_35.jpg,85.150390625,477,243,1.963,3,JPEG,199.97,135.02,130.76,29.87,106.07,200.43,False
train,paprika,Image_36.jpeg,C:\Users\Computer\OneDrive\เดสก์ท็อป\imageprocessing-prj\data\train\paprika\Image_36.jpeg,49.072265625,1024,678,1.5103,3,JPEG,208.28,176.82,167.25,50.16,58.6,208.5,False
train,paprika,Image_37.jpg,C:\Users\Computer\OneDrive\เดสก์ท็อป\imageprocessing-prj\data\train\paprika\Image_37.jpg,72.20703125,800,533,1.5009,3,JPEG,186.13,158.17,149.28,50.79,77.94,187.72,False
train,paprika,Image_38.jpg,C:\Users\Computer\OneDrive\เดสก์ท็อป\imageprocessing-prj\data\train\paprika\Image_38.jpg,65.41015625,800,607,1.318,3,JPEG,221.95,170.84,162.27,6.74,90.27,222.02,False
train,paprika,Image_39.jpg,C:\Users\Computer\OneDrive\เดสก์ท็อป\imageprocessing-prj\data\train\paprika\Image_39.jpg,55.7724609375,900,623,1.4446,3,JPEG,241.26,134.07,126.79,43.67,130.06,242.72,False
train,paprika,Image_4.jpg,C:\Users\Computer\OneDrive\เดสก์ท็อป\imageprocessing-prj\data\train\paprika\Image_4.jpg,113.3515625,1200,1800,0.6667,3,JPEG,182.03,74.63,26.57,17.61,217.98,182.06,False
train,paprika,Image_40.jpg,C:\Users\Computer\OneDrive\เดสก์ท็อป\imageprocessing-prj\data\train\paprika\Image_40.jpg,233.064453125,1600,1071,1.4939,3,JPEG,191.55,69.17,39.69,18.41,206.84,191.57,False
train,paprika,Image_41.jpg,C:\Users\Computer\OneDrive\เดสก์ท็อป\imageprocessing-prj\data\train\paprika\Image_41.jpg,118.435546875,700,469,1.4925,3,JPEG,195.5,153.81,93.06,24.84,149.23,198.59,False
train,paprika,Image_42.jpg,C:\Users\Computer\OneDrive\เดสก์ท็อป\imageprocessing-prj\data\train\paprika\Image_42.jpg,96.8798828125,680,1020,0.6667,3,JPEG,195.9,152.37,119.07,43.75,120.89,203.56,False
train,paprika,Image_45.jpg,C:\Users\Computer\OneDrive\เดสก์ท็อป\imageprocessing-prj\data\train\paprika\Image_45.jpg,50.2880859375,417,500,0.834,3,JPEG,108.15,114.18,63.59,44.94,141.19,134.33,False
train,paprika,Image_46.jpg,C:\Users\Computer\OneDrive\เดสก์ท็อป\imageprocessing-prj\data\train\paprika\Image_46.jpg,116.826171875,1280,720,1.7778,3,JPEG,183.2,133.16,101.98,37.61,117.78,185.68,False
train,paprika,Image_47.jpg,C:\Users\Computer\OneDrive\เดสก์ท็อป\imageprocessing-prj\data\train\paprika\Image_47.jpg,136.1181640625,1200,1200,1.0,3,JPEG,125.56,127.17,76.95,37.64,125.24,141.44,False
train,paprika,Image_5.jpg,C:\Users\Computer\OneDrive\เดสก์ท็อป\imageprocessing-prj\data\train\paprika\Image_5.jpg,41.6240234375,720,810,0.8889,3,JPEG,170.52,88.44,79.1,45.96,141.46,171.13,False
train,paprika,Image_51.jpg,C:\Users\Computer\OneDrive\เดสก์ท็อป\imageprocessing-prj\data\train\paprika\Image_51.jpg,41.0107421875,800,800,1.0,3,JPEG,174.63,193.87,147.6,23.83,94.55,193.88,False
train,paprika,Image_55.JPG,C:\Users\Computer\OneDrive\เดสก์ท็อป\imageprocessing-prj\data\train\paprika\Image_55.JPG,563.9541015625,2048,1365,1.5004,3,JPEG,210.67,126.89,87.9,10.45,160.82,210.68,False
train,paprika,Image_56.jpg,C:\Users\Computer\OneDrive\เดสก์ท็อป\imageprocessing-prj\data\train\paprika\Image_56.jpg,300.1357421875,1024,1024,1.0,3,JPEG,212.61,131.0,120.01,21.98,128.37,212.77,False
train,paprika,Image_57.jpg,C:\Users\Computer\OneDrive\เดสก์ท็อป\imageprocessing-prj\data\train\paprika\Image_57.jpg,14.306640625,350,233,1.5021,3,JPEG,221.85,209.2,194.5,22.14,46.41,226.22,False
train,paprika,Image_58.jpg,C:\Users\Computer\OneDrive\เดสก์ท็อป\imageprocessing-prj\data\train\paprika\Image_58.jpg,84.3837890625,1017,1017,1.0,3,JPEG,198.72,145.46,139.55,12.62,94.31,198.82,False
train,paprika,Image_59.jpg,C:\Users\Computer\OneDrive\เดสก์ท็อป\imageprocessing-prj\data\train\paprika\Image_59.jpg,231.775390625,800,607,1.318,3,JPEG,226.71,172.08,161.04,6.1,92.44,226.85,False
train,paprika,Image_6.jpg,C:\Users\Computer\OneDrive\เดสก์ท็อป\imageprocessing-prj\data\train\paprika\Image_6.jpg,77.3701171875,1092,603,1.8109,3,JPEG,118.11,91.94,66.24,34.74,120.71,127.35,False
train,paprika,Image_60.jpg,C:\Users\Computer\OneDrive\เดสก์ท็อป\imageprocessing-prj\data\train\paprika\Image_60.jpg,413.763671875,1200,900,1.3333,3,JPEG,237.53,203.83,196.73,7.46,56.71,237.58,False
train,paprika,Image_61.jpg,C:\Users\Computer\OneDrive\เดสก์ท็อป\imageprocessing-prj\data\train\paprika\Image_61.jpg,24.7099609375,608,344,1.7674,3,JPEG,184.3,162.55,159.06,42.17,58.16,185.34,False
train,paprika,Image_63.jpg,C:\Users\Computer\OneDrive\เดสก์ท็อป\imageprocessing-prj\data\train\paprika\Image_63.jpg,885.1455078125,1600,1238,1.2924,3,JPEG,243.06,167.35,171.33,66.42,88.61,243.21,False
train,paprika,Image_64.jpg,C:\Users\Computer\OneDrive\เดสก์ท็อป\imageprocessing-prj\data\train\paprika\Image_64.jpg,171.2275390625,1132,945,1.1979,3,JPEG,80.56,115.33,77.31,66.86,153.39,138.56,False
train,paprika,Image_65.jpg,C:\Users\Computer\OneDrive\เดสก์ท็อป\imageprocessing-prj\data\train\paprika\Image_65.jpg,138.1962890625,1024,768,1.3333,3,JPEG,222.92,191.43,167.82,23.09,80.26,223.01,False
train,paprika,Image_66.jpg,C:\Users\Computer\OneDrive\เดสก์ท็อป\imageprocessing-prj\data\train\paprika\Image_66.jpg,240.2685546875,800,800,1.0,3,JPEG,168.7,119.35,91.11,28.24,136.12,169.76,False
train,paprika,Image_67.jpg,C:\Users\Computer\OneDrive\เดสก์ท็อป\imageprocessing-prj\data\train\paprika\Image_67.jpg,115.099609375,640,360,1.7778,3,JPEG,101.9,50.26,49.64,93.37,161.71,105.88,False
train,paprika,Image_68.jpg,C:\Users\Computer\OneDrive\เดสก์ท็อป\imageprocessing-prj\data\train\paprika\Image_68.jpg,186.6630859375,1600,1068,1.4981,3,JPEG,180.81,147.82,133.95,57.41,84.33,183.61,False
train,paprika,Image_7.jpg,C:\Users\Computer\OneDrive\เดสก์ท็อป\imageprocessing-prj\data\train\paprika\Image_7.jpg,99.5380859375,1200,1800,0.6667,3,JPEG,163.28,70.4,24.02,21.62,212.44,163.28,False
train,paprika,Image_70.jpg,C:\Users\Computer\OneDrive\เดสก์ท็อป\imageprocessing-prj\data\train\paprika\Image_70.jpg,103.5927734375,1092,603,1.8109,3,JPEG,213.3,101.53,77.24,6.24,173.39,213.34,False
train,paprika,Image_71.jpg,C:\Users\Computer\OneDrive\เดสก์ท็อป\imageprocessing-prj\data\train\paprika\Image_71.jpg,930.978515625,1311,1716,0.764,3,JPEG,164.62,41.52,35.56,33.09,212.83,165.09,False
train,paprika,Image_72.jpg,C:\Users\Computer\OneDrive\เดสก์ท็อป\imageprocessing-prj\data\train\paprika\Image_72.jpg,43.9677734375,550,550,1.0,3,JPEG,151.15,108.41,61.32,38.12,158.21,164.49,False
train,paprika,Image_73.jpg,C:\Users\Computer\OneDrive\เดสก์ท็อป\imageprocessing-prj\data\train\paprika\Image_73.jpg,130.3251953125,552,414,1.3333,3,JPEG,179.88,59.9,64.84,118.82,179.74,181.39,False
train,paprika,Image_74.jpg,C:\Users\Computer\OneDrive\เดสก์ท็อป\imageprocessing-prj\data\train\paprika\Image_74.jpg,15.900390625,300,287,1.0453,3,JPEG,224.46,207.04,204.79,20.49,42.98,227.03,False
train,paprika,Image_75.jpg,C:\Users\Computer\OneDrive\เดสก์ท็อป\imageprocessing-prj\data\train\paprika\Image_75.jpg,112.2509765625,1092,603,1.8109,3,JPEG,194.14,106.02,91.97,10.54,152.94,194.24,False
train,paprika,Image_77.jpg,C:\Users\Computer\OneDrive\เดสก์ท็อป\imageprocessing-prj\data\train\paprika\Image_77.jpg,1027.837890625,1564,2547,0.6141,3,JPEG,126.99,149.4,77.32,38.04,123.02,149.75,False
train,paprika,Image_79.jpg,C:\Users\Computer\OneDrive\เดสก์ท็อป\imageprocessing-prj\data\train\paprika\Image_79.jpg,21.109375,220,293,0.7509,3,JPEG,142.33,68.96,64.64,55.11,156.4,142.63,False
train,paprika,Image_8.jpg,C:\Users\Computer\OneDrive\เดสก์ท็อป\imageprocessing-prj\data\train\paprika\Image_8.jpg,89.6845703125,1200,1800,0.6667,3,JPEG,158.39,45.32,27.55,18.18,218.03,159.04,False
train,paprika,Image_80.jpg,C:\Users\Computer\OneDrive\เดสก์ท็อป\imageprocessing-prj\data\train\paprika\Image_80.jpg,41.478515625,800,600,1.3333,3,JPEG,228.82,186.87,174.77,8.6,75.23,228.91,False
train,paprika,Image_81.jpg,C:\Users\Computer\OneDrive\เดสก์ท็อป\imageprocessing-prj\data\train\paprika\Image_81.jpg,314.517578125,640,427,1.4988,3,JPEG,122.18,77.89,46.59,17.6,158.64,125.57,False
train,paprika,Image_82.jpg,C:\Users\Computer\OneDrive\เดสก์ท็อป\imageprocessing-prj\data\train\paprika\Image_82.jpg,64.3046875,800,607,1.318,3,JPEG,220.02,172.05,163.9,5.97,88.89,220.09,False
train,paprika,Image_83.jpg,C:\Users\Computer\OneDrive\เดสก์ท็อป\imageprocessing-prj\data\train\paprika\Image_83.jpg,94.4970703125,860,1290,0.6667,3,JPEG,163.7,104.19,61.16,43.69,173.48,165.67,False
train,paprika,Image_84.jpg,C:\Users\Computer\OneDrive\เดสก์ท็อป\imageprocessing-prj\data\train\paprika\Image_84.jpg,33.912109375,576,395,1.4582,3,JPEG,228.62,213.74,210.86,14.5,37.61,230.5,False
train,paprika,Image_85.jpeg,C:\Users\Computer\OneDrive\เดสก์ท็อป\imageprocessing-prj\data\train\paprika\Image_85.jpeg,188.5166015625,1076,807,1.3333,3,JPEG,171.41,94.56,72.7,14.69,151.2,171.71,False
train,paprika,Image_86.png,C:\Users\Computer\OneDrive\เดสก์ท็อป\imageprocessing-prj\data\train\paprika\Image_86.png,4912.294921875,1929,2589,0.7451,3,PNG,137.84,170.4,116.92,32.52,108.97,170.4,False
train,paprika,Image_87.jpg,C:\Users\Computer\OneDrive\เดสก์ท็อป\imageprocessing-prj\data\train\paprika\Image_87.jpg,58.138671875,750,500,1.5,3,JPEG,207.74,176.96,166.48,42.82,67.76,207.79,False
train,paprika,Image_89.jpg,C:\Users\Computer\OneDrive\เดสก์ท็อป\imageprocessing-prj\data\train\paprika\Image_89.jpg,47.412109375,600,380,1.5789,3,JPEG,151.8,88.14,83.82,29.8,135.63,152.99,False
train,paprika,Image_9.jpg,C:\Users\Computer\OneDrive\เดสก์ท็อป\imageprocessing-prj\data\train\paprika\Image_9.jpg,1280.2119140625,2646,3909,0.6769,3,JPEG,121.28,154.79,86.38,47.33,134.83,168.82,False
train,paprika,Image_90.jpg,C:\Users\Computer\OneDrive\เดสก์ท็อป\imageprocessing-prj\data\train\paprika\Image_90.jpg,83.8212890625,595,795,0.7484,3,JPEG,207.76,145.23,138.83,6.64,102.28,208.54,False
train,paprika,Image_91.jpg,C:\Users\Computer\OneDrive\เดสก์ท็อป\imageprocessing-prj\data\train\paprika\Image_91.jpg,1331.8505859375,3318,2212,1.5,3,JPEG,226.17,179.11,117.55,28.22,130.22,226.91,False
train,paprika,Image_94.jpg,C:\Users\Computer\OneDrive\เดสก์ท็อป\imageprocessing-prj\data\train\paprika\Image_94.jpg,293.119140625,1200,979,1.2257,3,JPEG,206.59,151.75,123.4,22.68,115.75,207.66,False
train,paprika,Image_95.jpg,C:\Users\Computer\OneDrive\เดสก์ท็อป\imageprocessing-prj\data\train\paprika\Image_95.jpg,83.587890625,960,540,1.7778,3,JPEG,223.99,174.5,164.92,6.8,84.92,224.22,False
train,paprika,Image_96.jpg,C:\Users\Computer\OneDrive\เดสก์ท็อป\imageprocessing-prj\data\train\paprika\Image_96.jpg,80.6630859375,849,564,1.5053,3,JPEG,107.84,117.26,58.39,51.94,175.4,147.16,False
train,paprika,Image_97.jpg,C:\Users\Computer\OneDrive\เดสก์ท็อป\imageprocessing-prj\data\train\paprika\Image_97.jpg,113.3515625,1200,1800,0.6667,3,JPEG,182.03,74.63,26.57,17.61,217.98,182.06,False
train,paprika,Image_98.jpg,C:\Users\Computer\OneDrive\เดสก์ท็อป\imageprocessing-prj\data\train\paprika\Image_98.jpg,41.6240234375,720,810,0.8889,3,JPEG,170.52,88.44,79.1,45.96,141.46,171.13,False
train,paprika,Image_99.jpg,C:\Users\Computer\OneDrive\เดสก์ท็อป\imageprocessing-prj\data\train\paprika\Image_99.jpg,77.3701171875,1092,603,1.8109,3,JPEG,118.11,91.94,66.24,34.74,120.71,127.35,False
train,pear,Image_1.jpg,C:\Users\Computer\OneDrive\เดสก์ท็อป\imageprocessing-prj\data\train\pear\Image_1.jpg,76.1923828125,821,1024,0.8018,3,JPEG,104.8,108.41,60.32,46.34,115.82,118.13,False
train,pear,Image_10.png,C:\Users\Computer\OneDrive\เดสก์ท็อป\imageprocessing-prj\data\train\pear\Image_10.png,71.8203125,238,301,0.7907,3,PNG,250.37,240.17,183.6,13.5,69.95,250.38,False
train,pear,Image_100.jpg,C:\Users\Computer\OneDrive\เดสก์ท็อป\imageprocessing-prj\data\train\pear\Image_100.jpg,169.775390625,1410,2000,0.705,3,JPEG,235.28,237.42,209.47,9.44,39.71,238.08,False
train,pear,Image_11.jpg,C:\Users\Computer\OneDrive\เดสก์ท็อป\imageprocessing-prj\data\train\pear\Image_11.jpg,1193.3330078125,1800,1800,1.0,3,JPEG,233.74,230.05,212.0,24.9,25.21,233.96,False
train,pear,Image_12.jpg,C:\Users\Computer\OneDrive\เดสก์ท็อป\imageprocessing-prj\data\train\pear\Image_12.jpg,7.171875,250,250,1.0,3,JPEG,228.54,230.34,184.27,16.35,65.02,230.87,False
train,pear,Image_13.jpg,C:\Users\Computer\OneDrive\เดสก์ท็อป\imageprocessing-prj\data\train\pear\Image_13.jpg,16.826171875,500,500,1.0,3,JPEG,223.33,225.9,176.7,16.89,69.46,226.93,False
train,pear,Image_14.jpg,C:\Users\Computer\OneDrive\เดสก์ท็อป\imageprocessing-prj\data\train\pear\Image_14.jpg,17.5625,600,600,1.0,3,JPEG,236.68,235.6,196.51,14.26,53.26,240.22,False
train,pear,Image_15.jpg,C:\Users\Computer\OneDrive\เดสก์ท็อป\imageprocessing-prj\data\train\pear\Image_15.jpg,656.40625,1200,800,1.5,3,JPEG,176.63,147.62,108.22,46.91,122.16,179.59,False
train,pear,Image_16.jpg,C:\Users\Computer\OneDrive\เดสก์ท็อป\imageprocessing-prj\data\train\pear\Image_16.jpg,62.876953125,836,1254,0.6667,3,JPEG,231.88,208.99,188.42,7.73,60.05,231.9,False
train,pear,Image_17.jpg,C:\Users\Computer\OneDrive\เดสก์ท็อป\imageprocessing-prj\data\train\pear\Image_17.jpg,17.490234375,300,300,1.0,3,JPEG,102.84,102.28,56.63,46.58,132.57,114.17,False
train,pear,Image_18.jpg,C:\Users\Computer\OneDrive\เดสก์ท็อป\imageprocessing-prj\data\train\pear\Image_18.jpg,2891.7421875,2475,2592,0.9549,3,JPEG,107.55,127.78,87.06,49.53,118.82,129.56,False
train,pear,Image_19.jpg,C:\Users\Computer\OneDrive\เดสก์ท็อป\imageprocessing-prj\data\train\pear\Image_19.jpg,23.15234375,450,480,0.9375,3,JPEG,247.77,219.46,190.81,9.98,62.14,247.83,False
train,pear,Image_2.jpg,C:\Users\Computer\OneDrive\เดสก์ท็อป\imageprocessing-prj\data\train\pear\Image_2.jpg,330.99609375,1000,867,1.1534,3,JPEG,234.24,233.13,196.54,11.94,52.84,235.07,False
train,pear,Image_20.JPG,C:\Users\Computer\OneDrive\เดสก์ท็อป\imageprocessing-prj\data\train\pear\Image_20.JPG,123.5732421875,3182,2156,1.4759,3,JPEG,137.82,136.75,119.44,56.46,67.8,144.67,False
train,pear,Image_21.jpg,C:\Users\Computer\OneDrive\เดสก์ท็อป\imageprocessing-prj\data\train\pear\Image_21.jpg,8.8408203125,250,250,1.0,3,JPEG,222.74,230.71,182.1,18.58,66.92,230.84,False
train,pear,Image_22.jpg,C:\Users\Computer\OneDrive\เดสก์ท็อป\imageprocessing-prj\data\train\pear\Image_22.jpg,88.919921875,700,933,0.7503,3,JPEG,85.74,118.1,22.76,41.49,216.05,118.53,False
train,pear,Image_23.jpg,C:\Users\Computer\OneDrive\เดสก์ท็อป\imageprocessing-prj\data\train\pear\Image_23.jpg,557.7138671875,2048,1152,1.7778,3,JPEG,131.56,97.88,41.14,20.37,190.97,133.62,False
train,pear,Image_24.jpg,C:\Users\Computer\OneDrive\เดสก์ท็อป\imageprocessing-prj\data\train\pear\Image_24.jpg,137.4716796875,1024,844,1.2133,3,JPEG,109.02,120.94,54.19,40.47,165.15,127.35,False
train,pear,Image_25.jpg,C:\Users\Computer\OneDrive\เดสก์ท็อป\imageprocessing-prj\data\train\pear\Image_25.jpg,605.2275390625,2592,1944,1.3333,3,JPEG,129.51,95.59,53.72,17.77,156.24,129.54,False
train,pear,Image_26.jpg,C:\Users\Computer\OneDrive\เดสก์ท็อป\imageprocessing-prj\data\train\pear\Image_26.jpg,62.8984375,600,600,1.0,3,JPEG,125.93,120.38,68.17,36.17,162.19,141.11,False
train,pear,Image_27.jpg,C:\Users\Computer\OneDrive\เดสก์ท็อป\imageprocessing-prj\data\train\pear\Image_27.jpg,89.8642578125,970,1521,0.6377,3,JPEG,206.57,207.68,145.15,16.25,103.13,210.25,False
train,pear,Image_28.jpg,C:\Users\Computer\OneDrive\เดสก์ท็อป\imageprocessing-prj\data\train\pear\Image_28.jpg,4.6669921875,201,263,0.7643,3,JPEG,239.62,234.09,200.91,14.48,46.29,239.66,False
train,pear,Image_29.jpg,C:\Users\Computer\OneDrive\เดสก์ท็อป\imageprocessing-prj\data\train\pear\Image_29.jpg,241.7578125,1277,1700,0.7512,3,JPEG,219.67,210.46,161.67,14.44,74.81,222.28,False
train,pear,Image_3.jpg,C:\Users\Computer\OneDrive\เดสก์ท็อป\imageprocessing-prj\data\train\pear\Image_3.jpg,168.8818359375,1000,999,1.001,3,JPEG,95.71,102.83,38.51,33.83,178.91,105.52,False
train,pear,Image_30.jpg,C:\Users\Computer\OneDrive\เดสก์ท็อป\imageprocessing-prj\data\train\pear\Image_30.jpg,39.220703125,800,536,1.4925,3,JPEG,100.32,81.24,35.47,30.09,119.99,102.8,False
train,pear,Image_31.jpg,C:\Users\Computer\OneDrive\เดสก์ท็อป\imageprocessing-prj\data\train\pear\Image_31.jpg,26.5908203125,450,480,0.9375,3,JPEG,243.07,200.14,183.6,12.4,69.2,243.13,False
train,pear,Image_32.jpg,C:\Users\Computer\OneDrive\เดสก์ท็อป\imageprocessing-prj\data\train\pear\Image_32.jpg,380.7138671875,1138,1280,0.8891,3,JPEG,235.43,230.0,176.03,13.39,74.43,238.01,False
train,pear,Image_33.png,C:\Users\Computer\OneDrive\เดสก์ท็อป\imageprocessing-prj\data\train\pear\Image_33.png,97.37109375,400,400,1.0,3,PNG,91.68,85.47,39.24,10.63,60.42,91.75,False
train,pear,Image_34.jpg,C:\Users\Computer\OneDrive\เดสก์ท็อป\imageprocessing-prj\data\train\pear\Image_34.jpg,218.9541015625,474,638,0.7429,3,JPEG,210.33,209.84,137.75,16.05,112.14,212.16,False
train,pear,Image_35.jpg,C:\Users\Computer\OneDrive\เดสก์ท็อป\imageprocessing-prj\data\train\pear\Image_35.jpg,48.3125,353,353,1.0,3,JPEG,109.61,118.13,38.58,34.89,189.94,124.53,False
train,pear,Image_36.jpg,C:\Users\Computer\OneDrive\เดสก์ท็อป\imageprocessing-prj\data\train\pear\Image_36.jpg,643.0390625,1500,1302,1.1521,3,JPEG,243.04,232.42,221.21,4.83,30.94,243.26,False
train,pear,Image_37.jpg,C:\Users\Computer\OneDrive\เดสก์ท็อป\imageprocessing-prj\data\train\pear\Image_37.jpg,24.9921875,273,298,0.9161,3,JPEG,123.45,130.68,79.97,50.17,131.89,139.51,False
train,pear,Image_38.png,C:\Users\Computer\OneDrive\เดสก์ท็อป\imageprocessing-prj\data\train\pear\Image_38.png,59.396484375,238,301,0.7907,3,PNG,220.22,199.41,183.62,6.94,59.2,220.26,False
train,pear,Image_39.jpg,C:\Users\Computer\OneDrive\เดสก์ท็อป\imageprocessing-prj\data\train\pear\Image_39.jpg,9.1455078125,360,360,1.0,3,JPEG,236.77,220.41,201.0,8.12,50.92,236.81,False
train,pear,Image_4.jpg,C:\Users\Computer\OneDrive\เดสก์ท็อป\imageprocessing-prj\data\train\pear\Image_4.jpg,344.0419921875,1326,1151,1.152,3,JPEG,227.29,230.82,204.87,8.24,41.5,231.13,False
train,pear,Image_40.jpg,C:\Users\Computer\OneDrive\เดสก์ท็อป\imageprocessing-prj\data\train\pear\Image_40.jpg,14.9111328125,399,247,1.6154,3,JPEG,214.35,200.82,175.52,16.12,62.81,214.57,False
train,pear,Image_42.jpg,C:\Users\Computer\OneDrive\เดสก์ท็อป\imageprocessing-prj\data\train\pear\Image_42.jpg,583.576171875,2048,1536,1.3333,3,JPEG,86.38,136.03,100.32,68.05,111.25,136.85,False
train,pear,Image_43.jpg,C:\Users\Computer\OneDrive\เดสก์ท็อป\imageprocessing-prj\data\train\pear\Image_43.jpg,59.734375,1200,628,1.9108,3,JPEG,222.95,200.45,103.59,24.45,137.37,222.95,False
train,pear,Image_45.jpg,C:\Users\Computer\OneDrive\เดสก์ท็อป\imageprocessing-prj\data\train\pear\Image_45.jpg,435.4423828125,825,1000,0.825,3,JPEG,117.86,121.22,64.37,32.04,143.12,130.52,False
train,pear,Image_46.jpg,C:\Users\Computer\OneDrive\เดสก์ท็อป\imageprocessing-prj\data\train\pear\Image_46.jpg,145.234375,1280,862,1.4849,3,JPEG,232.45,219.07,185.53,15.24,64.18,236.81,False
train,pear,Image_47.jpeg,C:\Users\Computer\OneDrive\เดสก์ท็อป\imageprocessing-prj\data\train\pear\Image_47.jpeg,93.5625,401,600,0.6683,3,JPEG,225.58,227.2,194.17,10.59,52.25,227.39,False
train,pear,Image_48.png,C:\Users\Computer\OneDrive\เดสก์ท็อป\imageprocessing-prj\data\train\pear\Image_48.png,1335.7666015625,993,1533,0.6477,3,PNG,210.54,199.85,145.78,13.46,95.07,210.72,False
train,pear,Image_49.png,C:\Users\Computer\OneDrive\เดสก์ท็อป\imageprocessing-prj\data\train\pear\Image_49.png,54.3623046875,186,250,0.744,3,PNG,153.04,155.87,113.49,28.49,76.93,159.44,False
train,pear,Image_5.jpg,C:\Users\Computer\OneDrive\เดสก์ท็อป\imageprocessing-prj\data\train\pear\Image_5.jpg,2314.7587890625,3750,2500,1.5,3,JPEG,226.15,226.7,206.82,8.97,36.89,228.06,False
train,pear,Image_50.jpg,C:\Users\Computer\OneDrive\เดสก์ท็อป\imageprocessing-prj\data\train\pear\Image_50.jpg,67.4375,800,800,1.0,3,JPEG,101.67,107.1,68.44,37.03,120.01,109.9,False
train,pear,Image_51.jpg,C:\Users\Computer\OneDrive\เดสก์ท็อป\imageprocessing-prj\data\train\pear\Image_51.jpg,28.419921875,450,450,1.0,3,JPEG,146.61,123.69,52.73,23.16,181.28,148.15,False
train,pear,Image_52.jpg,C:\Users\Computer\OneDrive\เดสก์ท็อป\imageprocessing-prj\data\train\pear\Image_52.jpg,51.0615234375,640,480,1.3333,3,JPEG,104.1,99.44,55.74,34.17,154.36,110.69,False
train,pear,Image_53.jpg,C:\Users\Computer\OneDrive\เดสก์ท็อป\imageprocessing-prj\data\train\pear\Image_53.jpg,122.294921875,1280,960,1.3333,3,JPEG,145.27,150.86,78.41,31.59,140.69,162.09,False
train,pear,Image_54.jpg,C:\Users\Computer\OneDrive\เดสก์ท็อป\imageprocessing-prj\data\train\pear\Image_54.jpg,17.8212890625,590,393,1.5013,3,JPEG,233.43,231.26,209.89,10.01,39.83,233.49,False
train,pear,Image_55.jpg,C:\Users\Computer\OneDrive\เดสก์ท็อป\imageprocessing-prj\data\train\pear\Image_55.jpg,129.90625,768,1026,0.7485,3,JPEG,122.12,108.54,81.87,36.84,100.54,125.91,False
train,pear,Image_56.png,C:\Users\Computer\OneDrive\เดสก์ท็อป\imageprocessing-prj\data\train\pear\Image_56.png,907.0947265625,906,1000,0.906,3,PNG,227.82,214.9,153.92,19.16,92.01,230.68,False
train,pear,Image_57.png,C:\Users\Computer\OneDrive\เดสก์ท็อป\imageprocessing-prj\data\train\pear\Image_57.png,2032.4228515625,1377,2134,0.6453,3,PNG,195.9,186.55,144.63,15.54,82.36,195.94,False
train,pear,Image_58.png,C:\Users\Computer\OneDrive\เดสก์ท็อป\imageprocessing-prj\data\train\pear\Image_58.png,79.7294921875,300,300,1.0,3,PNG,222.12,226.62,187.78,12.12,59.54,227.01,False
train,pear,Image_59.jpg,C:\Users\Computer\OneDrive\เดสก์ท็อป\imageprocessing-prj\data\train\pear\Image_59.jpg,11.9189453125,200,300,0.6667,3,JPEG,226.46,219.21,201.26,13.16,40.08,226.5,False
train,pear,Image_6.jpg,C:\Users\Computer\OneDrive\เดสก์ท็อป\imageprocessing-prj\data\train\pear\Image_6.jpg,108.634765625,800,1066,0.7505,3,JPEG,107.11,113.8,53.37,35.4,147.81,115.91,False
train,pear,Image_60.jpg,C:\Users\Computer\OneDrive\เดสก์ท็อป\imageprocessing-prj\data\train\pear\Image_60.jpg,17.951171875,576,433,1.3303,3,JPEG,174.83,176.0,161.91,55.92,44.29,178.2,False
train,pear,Image_61.png,C:\Users\Computer\OneDrive\เดสก์ท็อป\imageprocessing-prj\data\train\pear\Image_61.png,84.73828125,238,301,0.7907,3,PNG,207.08,212.23,143.31,22.84,96.6,212.58,False
train,pear,Image_62.jpg,C:\Users\Computer\OneDrive\เดสก์ท็อป\imageprocessing-prj\data\train\pear\Image_62.jpg,12.013671875,347,346,1.0029,3,JPEG,237.77,237.76,207.08,17.51,41.89,240.49,False
train,pear,Image_63.jpg,C:\Users\Computer\OneDrive\เดสก์ท็อป\imageprocessing-prj\data\train\pear\Image_63.jpg,8093.505859375,3920,5895,0.665,3,JPEG,89.34,89.24,53.39,35.46,104.21,91.54,False
train,pear,Image_64.jpg,C:\Users\Computer\OneDrive\เดสก์ท็อป\imageprocessing-prj\data\train\pear\Image_64.jpg,54.314453125,1200,776,1.5464,3,JPEG,123.05,110.72,65.65,57.79,111.97,132.13,False
train,pear,Image_65.jpg,C:\Users\Computer\OneDrive\เดสก์ท็อป\imageprocessing-prj\data\train\pear\Image_65.jpg,9.98828125,220,332,0.6627,3,JPEG,246.7,226.16,140.41,19.16,112.06,246.83,False
train,pear,Image_66.jpg,C:\Users\Computer\OneDrive\เดสก์ท็อป\imageprocessing-prj\data\train\pear\Image_66.jpg,530.29296875,1920,1440,1.3333,3,JPEG,104.13,101.97,60.16,45.46,134.03,113.33,False
train,pear,Image_67.jpg,C:\Users\Computer\OneDrive\เดสก์ท็อป\imageprocessing-prj\data\train\pear\Image_67.jpg,191.0908203125,1024,756,1.3545,3,JPEG,94.85,115.01,49.76,41.75,167.16,122.8,False
train,pear,Image_68.jpg,C:\Users\Computer\OneDrive\เดสก์ท็อป\imageprocessing-prj\data\train\pear\Image_68.jpg,105.8701171875,825,550,1.5,3,JPEG,139.34,124.96,25.03,27.69,218.99,142.21,False
train,pear,Image_69.jpg,C:\Users\Computer\OneDrive\เดสก์ท็อป\imageprocessing-prj\data\train\pear\Image_69.jpg,594.115234375,1920,1280,1.5,3,JPEG,141.85,137.22,62.37,28.68,156.69,150.61,False
train,pear,Image_7.jpg,C:\Users\Computer\OneDrive\เดสก์ท็อป\imageprocessing-prj\data\train\pear\Image_7.jpg,16.791015625,450,480,0.9375,3,JPEG,238.14,237.14,204.24,13.52,42.97,238.26,False
train,pear,Image_70.jpg,C:\Users\Computer\OneDrive\เดสก์ท็อป\imageprocessing-prj\data\train\pear\Image_70.jpg,41.05078125,345,500,0.69,3,JPEG,214.42,216.94,141.4,21.09,107.1,217.77,False
train,pear,Image_72.jpg,C:\Users\Computer\OneDrive\เดสก์ท็อป\imageprocessing-prj\data\train\pear\Image_72.jpg,10.7548828125,220,280,0.7857,3,JPEG,235.01,227.14,215.16,6.31,32.95,235.38,False
train,pear,Image_73.jpg,C:\Users\Computer\OneDrive\เดสก์ท็อป\imageprocessing-prj\data\train\pear\Image_73.jpg,279.1591796875,530,667,0.7946,3,JPEG,101.28,105.74,38.09,35.03,192.86,112.95,False
train,pear,Image_76.jpg,C:\Users\Computer\OneDrive\เดสก์ท็อป\imageprocessing-prj\data\train\pear\Image_76.jpg,49.337890625,600,600,1.0,3,JPEG,239.31,227.72,208.28,5.34,42.55,239.32,False
train,pear,Image_78.jpg,C:\Users\Computer\OneDrive\เดสก์ท็อป\imageprocessing-prj\data\train\pear\Image_78.jpg,7776.4775390625,4288,2848,1.5056,3,JPEG,235.38,206.9,176.66,8.26,70.08,235.38,False
train,pear,Image_79.jpg,C:\Users\Computer\OneDrive\เดสก์ท็อป\imageprocessing-prj\data\train\pear\Image_79.jpg,162.11328125,2093,1074,1.9488,3,JPEG,85.47,103.9,56.26,49.19,152.71,107.98,False
train,pear,Image_8.jpg,C:\Users\Computer\OneDrive\เดสก์ท็อป\imageprocessing-prj\data\train\pear\Image_8.jpg,301.5146484375,1067,1600,0.6669,3,JPEG,114.77,114.74,103.31,66.3,60.87,117.69,False
train,pear,Image_80.jpg,C:\Users\Computer\OneDrive\เดสก์ท็อป\imageprocessing-prj\data\train\pear\Image_80.jpg,48.162109375,571,800,0.7137,3,JPEG,219.34,220.63,155.57,16.57,91.0,221.25,False
train,pear,Image_81.jpg,C:\Users\Computer\OneDrive\เดสก์ท็อป\imageprocessing-prj\data\train\pear\Image_81.jpg,150.90625,1920,1080,1.7778,3,JPEG,165.62,151.67,50.53,27.09,187.84,170.58,False
train,pear,Image_82.png,C:\Users\Computer\OneDrive\เดสก์ท็อป\imageprocessing-prj\data\train\pear\Image_82.png,1947.2119140625,2757,2801,0.9843,3,PNG,111.71,92.54,48.1,10.33,71.2,111.71,False
train,pear,Image_85.jpg,C:\Users\Computer\OneDrive\เดสก์ท็อป\imageprocessing-prj\data\train\pear\Image_85.jpg,8.7841796875,280,300,0.9333,3,JPEG,230.31,227.54,208.76,17.98,38.76,232.94,False
train,pear,Image_86.png,C:\Users\Computer\OneDrive\เดสก์ท็อป\imageprocessing-prj\data\train\pear\Image_86.png,47.8818359375,220,487,0.4517,3,PNG,126.98,124.88,59.93,44.36,138.55,140.1,False
train,pear,Image_87.jpg,C:\Users\Computer\OneDrive\เดสก์ท็อป\imageprocessing-prj\data\train\pear\Image_87.jpg,10.583984375,280,361,0.7756,3,JPEG,232.42,224.33,192.33,11.89,51.91,232.62,False
train,pear,Image_88.jpg,C:\Users\Computer\OneDrive\เดสก์ท็อป\imageprocessing-prj\data\train\pear\Image_88.jpg,25.9013671875,400,300,1.3333,3,JPEG,184.45,122.09,48.74,15.44,191.46,184.45,False
train,pear,Image_89.jpg,C:\Users\Computer\OneDrive\เดสก์ท็อป\imageprocessing-prj\data\train\pear\Image_89.jpg,89.4697265625,1000,590,1.6949,3,JPEG,115.79,124.31,81.77,43.83,127.06,136.86,False
train,pear,Image_9.jpg,C:\Users\Computer\OneDrive\เดสก์ท็อป\imageprocessing-prj\data\train\pear\Image_9.jpg,169.775390625,1410,2000,0.705,3,JPEG,235.28,237.42,209.47,9.44,39.71,238.08,False
train,pear,Image_93.jpg,C:\Users\Computer\OneDrive\เดสก์ท็อป\imageprocessing-prj\data\train\pear\Image_93.jpg,76.1923828125,821,1024,0.8018,3,JPEG,104.8,108.41,60.32,46.34,115.82,118.13,False
train,pear,Image_94.jpg,C:\Users\Computer\OneDrive\เดสก์ท็อป\imageprocessing-prj\data\train\pear\Image_94.jpg,168.8818359375,1000,999,1.001,3,JPEG,95.71,102.83,38.51,33.83,178.91,105.52,False
train,pear,Image_95.jpg,C:\Users\Computer\OneDrive\เดสก์ท็อป\imageprocessing-prj\data\train\pear\Image_95.jpg,330.99609375,1000,867,1.1534,3,JPEG,234.24,233.13,196.54,11.94,52.84,235.07,False
train,pear,Image_96.jpg,C:\Users\Computer\OneDrive\เดสก์ท็อป\imageprocessing-prj\data\train\pear\Image_96.jpg,344.0419921875,1326,1151,1.152,3,JPEG,227.29,230.82,204.87,8.24,41.5,231.13,False
train,pear,Image_97.jpg,C:\Users\Computer\OneDrive\เดสก์ท็อป\imageprocessing-prj\data\train\pear\Image_97.jpg,2314.7587890625,3750,2500,1.5,3,JPEG,226.15,226.7,206.82,8.97,36.89,228.06,False
train,pear,Image_98.jpg,C:\Users\Computer\OneDrive\เดสก์ท็อป\imageprocessing-prj\data\train\pear\Image_98.jpg,108.634765625,800,1066,0.7505,3,JPEG,107.11,113.8,53.37,35.4,147.81,115.91,False
train,pear,Image_99.jpg,C:\Users\Computer\OneDrive\เดสก์ท็อป\imageprocessing-prj\data\train\pear\Image_99.jpg,16.791015625,450,480,0.9375,3,JPEG,238.14,237.14,204.24,13.52,42.97,238.26,False
train,peas,Image_1.jpg,C:\Users\Computer\OneDrive\เดสก์ท็อป\imageprocessing-prj\data\train\peas\Image_1.jpg,208.9599609375,1024,768,1.3333,3,JPEG,102.97,139.48,27.88,42.6,219.94,139.57,False
train,peas,Image_10.jpg,C:\Users\Computer\OneDrive\เดสก์ท็อป\imageprocessing-prj\data\train\peas\Image_10.jpg,1012.4453125,3178,2396,1.3264,3,JPEG,108.7,134.86,86.53,58.34,92.85,137.03,False
train,peas,Image_100.jpg,C:\Users\Computer\OneDrive\เดสก์ท็อป\imageprocessing-prj\data\train\peas\Image_100.jpg,869.6455078125,1936,1288,1.5031,3,JPEG,130.85,156.7,93.94,54.14,138.05,157.4,False
train,peas,Image_11.jpg,C:\Users\Computer\OneDrive\เดสก์ท็อป\imageprocessing-prj\data\train\peas\Image_11.jpg,3041.857421875,4200,2800,1.5,3,JPEG,98.62,169.68,60.0,50.44,177.06,169.69,False
train,peas,Image_12.jpg,C:\Users\Computer\OneDrive\เดสก์ท็อป\imageprocessing-prj\data\train\peas\Image_12.jpg,1776.76171875,3888,2592,1.5,3,JPEG,87.63,90.32,54.85,30.46,135.32,95.4,False
train,peas,Image_13.jpg,C:\Users\Computer\OneDrive\เดสก์ท็อป\imageprocessing-prj\data\train\peas\Image_13.jpg,911.3349609375,1966,1524,1.29,3,JPEG,203.52,220.62,175.66,30.97,71.1,220.75,False
train,peas,Image_14.jpg,C:\Users\Computer\OneDrive\เดสก์ท็อป\imageprocessing-prj\data\train\peas\Image_14.jpg,3324.9736328125,2560,1696,1.5094,3,JPEG,100.94,130.55,65.61,44.56,132.59,130.57,False
train,peas,Image_15.jpg,C:\Users\Computer\OneDrive\เดสก์ท็อป\imageprocessing-prj\data\train\peas\Image_15.jpg,85.8388671875,600,900,0.6667,3,JPEG,137.84,164.92,101.39,43.0,118.28,165.96,False
train,peas,Image_16.jpg,C:\Users\Computer\OneDrive\เดสก์ท็อป\imageprocessing-prj\data\train\peas\Image_16.jpg,56.8056640625,1280,845,1.5148,3,JPEG,64.42,91.1,22.58,44.28,209.3,91.18,False
train,peas,Image_17.jpg,C:\Users\Computer\OneDrive\เดสก์ท็อป\imageprocessing-prj\data\train\peas\Image_17.jpg,305.7158203125,1280,853,1.5006,3,JPEG,104.22,151.51,73.45,50.83,159.84,151.6,False
train,peas,Image_18.jpg,C:\Users\Computer\OneDrive\เดสก์ท็อป\imageprocessing-prj\data\train\peas\Image_18.jpg,537.166015625,1920,1280,1.5,3,JPEG,77.06,131.64,8.99,45.09,238.51,131.65,False
train,peas,Image_19.jpg,C:\Users\Computer\OneDrive\เดสก์ท็อป\imageprocessing-prj\data\train\peas\Image_19.jpg,174.458984375,650,650,1.0,3,JPEG,193.87,210.55,176.47,18.69,69.23,210.59,False
train,peas,Image_2.jpg,C:\Users\Computer\OneDrive\เดสก์ท็อป\imageprocessing-prj\data\train\peas\Image_2.jpg,2319.259765625,3888,2592,1.5,3,JPEG,90.75,93.45,54.7,28.8,128.51,99.31,False
train,peas,Image_20.jpg,C:\Users\Computer\OneDrive\เดสก์ท็อป\imageprocessing-prj\data\train\peas\Image_20.jpg,645.333984375,1208,808,1.495,3,JPEG,99.3,109.99,74.52,40.85,85.54,111.32,False
train,peas,Image_21.jpg,C:\Users\Computer\OneDrive\เดสก์ท็อป\imageprocessing-prj\data\train\peas\Image_21.jpg,285.59765625,1600,1200,1.3333,3,JPEG,98.5,158.85,52.43,49.65,186.94,159.09,False
train,peas,Image_22.jpg,C:\Users\Computer\OneDrive\เดสก์ท็อป\imageprocessing-prj\data\train\peas\Image_22.jpg,31.6123046875,700,500,1.4,3,JPEG,198.48,215.3,157.89,33.71,84.31,215.74,False
train,peas,Image_23.jpg,C:\Users\Computer\OneDrive\เดสก์ท็อป\imageprocessing-prj\data\train\peas\Image_23.jpg,1451.197265625,1500,997,1.5045,3,JPEG,79.63,105.5,57.11,49.34,115.03,107.85,False
train,peas,Image_24.jpg,C:\Users\Computer\OneDrive\เดสก์ท็อป\imageprocessing-prj\data\train\peas\Image_24.jpg,91.083984375,600,900,0.6667,3,JPEG,132.9,169.24,69.41,43.52,157.77,169.51,False
train,peas,Image_25.jpg,C:\Users\Computer\OneDrive\เดสก์ท็อป\imageprocessing-prj\data\train\peas\Image_25.jpg,52.666015625,800,1200,0.6667,3,JPEG,116.56,135.31,74.62,37.17,147.2,149.44,False
train,peas,Image_26.png,C:\Users\Computer\OneDrive\เดสก์ท็อป\imageprocessing-prj\data\train\peas\Image_26.png,826.6005859375,900,600,1.5,3,PNG,149.07,161.03,117.6,35.95,105.29,164.73,False
train,peas,Image_27.jpg,C:\Users\Computer\OneDrive\เดสก์ท็อป\imageprocessing-prj\data\train\peas\Image_27.jpg,54.5283203125,700,1050,0.6667,3,JPEG,107.41,135.79,79.33,39.82,119.11,137.79,False
train,peas,Image_28.jpg,C:\Users\Computer\OneDrive\เดสก์ท็อป\imageprocessing-prj\data\train\peas\Image_28.jpg,80.4453125,1800,1200,1.5,3,JPEG,150.49,162.15,126.1,42.71,84.52,166.72,False
train,peas,Image_29.jpg,C:\Users\Computer\OneDrive\เดสก์ท็อป\imageprocessing-prj\data\train\peas\Image_29.jpg,990.384765625,3456,5184,0.6667,3,JPEG,157.02,146.34,122.77,50.15,83.91,162.67,False
train,peas,Image_3.jpg,C:\Users\Computer\OneDrive\เดสก์ท็อป\imageprocessing-prj\data\train\peas\Image_3.jpg,59.6630859375,850,565,1.5044,3,JPEG,180.22,191.5,130.02,33.1,110.25,191.99,False
train,peas,Image_30.png,C:\Users\Computer\OneDrive\เดสก์ท็อป\imageprocessing-prj\data\train\peas\Image_30.png,77.2548828125,450,300,1.5,3,PNG,123.06,161.9,96.04,50.21,116.85,161.9,False
train,peas,Image_31.jpg,C:\Users\Computer\OneDrive\เดสก์ท็อป\imageprocessing-prj\data\train\peas\Image_31.jpg,1558.6259765625,3456,2304,1.5,3,JPEG,137.11,173.5,58.17,40.18,181.03,173.5,False
train,peas,Image_32.jpg,C:\Users\Computer\OneDrive\เดสก์ท็อป\imageprocessing-prj\data\train\peas\Image_32.jpg,131.33203125,900,900,1.0,3,JPEG,150.68,152.33,100.24,25.98,111.12,160.4,False
train,peas,Image_33.png,C:\Users\Computer\OneDrive\เดสก์ท็อป\imageprocessing-prj\data\train\peas\Image_33.png,2626.6728515625,2770,1679,1.6498,3,PNG,217.19,226.56,190.16,14.73,52.4,226.67,False
train,peas,Image_34.jpg,C:\Users\Computer\OneDrive\เดสก์ท็อป\imageprocessing-prj\data\train\peas\Image_34.jpg,53.228515625,1200,1800,0.6667,3,JPEG,175.93,173.6,151.77,28.9,55.33,179.28,False
train,peas,Image_35.jpg,C:\Users\Computer\OneDrive\เดสก์ท็อป\imageprocessing-prj\data\train\peas\Image_35.jpg,58.2890625,697,394,1.769,3,JPEG,113.08,148.09,60.18,42.75,172.45,148.1,False
train,peas,Image_36.jpg,C:\Users\Computer\OneDrive\เดสก์ท็อป\imageprocessing-prj\data\train\peas\Image_36.jpg,75.8955078125,565,377,1.4987,3,JPEG,117.9,160.52,63.51,42.65,174.36,168.14,False
train,peas,Image_37.png,C:\Users\Computer\OneDrive\เดสก์ท็อป\imageprocessing-prj\data\train\peas\Image_37.png,493.7138671875,1000,660,1.5152,3,PNG,50.87,63.02,18.94,13.25,64.35,63.11,False
train,peas,Image_38.jpg,C:\Users\Computer\OneDrive\เดสก์ท็อป\imageprocessing-prj\data\train\peas\Image_38.jpg,253.7666015625,1000,1000,1.0,3,JPEG,144.74,151.24,79.92,33.09,133.49,152.29,False
train,peas,Image_39.JPG,C:\Users\Computer\OneDrive\เดสก์ท็อป\imageprocessing-prj\data\train\peas\Image_39.JPG,267.458984375,1600,1200,1.3333,3,JPEG,140.56,157.17,123.71,55.5,72.75,159.22,False
train,peas,Image_4.jpg,C:\Users\Computer\OneDrive\เดสก์ท็อป\imageprocessing-prj\data\train\peas\Image_4.jpg,99.4873046875,1024,1024,1.0,3,JPEG,100.13,121.97,56.18,54.13,146.82,123.08,False
train,peas,Image_40.jpg,C:\Users\Computer\OneDrive\เดสก์ท็อป\imageprocessing-prj\data\train\peas\Image_40.jpg,231.1220703125,1920,1440,1.3333,3,JPEG,177.1,190.23,161.99,73.24,62.36,192.84,False
train,peas,Image_41.jpg,C:\Users\Computer\OneDrive\เดสก์ท็อป\imageprocessing-prj\data\train\peas\Image_41.jpg,95.11328125,600,399,1.5038,3,JPEG,116.34,119.8,91.17,52.04,83.27,129.25,False
train,peas,Image_42.jpg,C:\Users\Computer\OneDrive\เดสก์ท็อป\imageprocessing-prj\data\train\peas\Image_42.jpg,678.1591796875,1280,956,1.3389,3,JPEG,144.0,136.09,124.58,82.77,89.73,157.84,False
train,peas,Image_43.jpg,C:\Users\Computer\OneDrive\เดสก์ท็อป\imageprocessing-prj\data\train\peas\Image_43.jpg,164.0595703125,1920,1024,1.875,3,JPEG,133.15,121.58,53.51,25.28,172.69,146.55,False
train,peas,Image_44.jpg,C:\Users\Computer\OneDrive\เดสก์ท็อป\imageprocessing-prj\data\train\peas\Image_44.jpg,52.2412109375,640,426,1.5023,3,JPEG,131.51,150.64,100.54,40.34,125.1,162.39,False
train,peas,Image_45.jpg,C:\Users\Computer\OneDrive\เดสก์ท็อป\imageprocessing-prj\data\train\peas\Image_45.jpg,183.869140625,2033,1193,1.7041,3,JPEG,142.6,141.79,118.02,41.34,49.19,146.38,False
train,peas,Image_46.jpg,C:\Users\Computer\OneDrive\เดสก์ท็อป\imageprocessing-prj\data\train\peas\Image_46.jpg,283.7939453125,1800,1204,1.495,3,JPEG,160.71,149.05,85.31,27.3,144.53,171.58,False
train,peas,Image_47.jpg,C:\Users\Computer\OneDrive\เดสก์ท็อป\imageprocessing-prj\data\train\peas\Image_47.jpg,1241.4814453125,5184,3456,1.5,3,JPEG,137.06,160.49,109.66,55.14,119.94,163.21,False
train,peas,Image_48.jpg,C:\Users\Computer\OneDrive\เดสก์ท็อป\imageprocessing-prj\data\train\peas\Image_48.jpg,234.64453125,724,483,1.499,3,JPEG,120.46,134.86,110.86,82.25,65.49,139.38,False
train,peas,Image_49.jpg,C:\Users\Computer\OneDrive\เดสก์ท็อป\imageprocessing-prj\data\train\peas\Image_49.jpg,3642.4501953125,3872,2592,1.4938,3,JPEG,80.33,136.38,31.86,46.38,200.52,136.41,False
train,peas,Image_5.png,C:\Users\Computer\OneDrive\เดสก์ท็อป\imageprocessing-prj\data\train\peas\Image_5.png,1102.1904296875,1000,750,1.3333,3,PNG,79.73,163.52,55.27,55.81,177.52,163.61,False
train,peas,Image_50.jpg,C:\Users\Computer\OneDrive\เดสก์ท็อป\imageprocessing-prj\data\train\peas\Image_50.jpg,2152.6279296875,4000,3000,1.3333,3,JPEG,130.1,150.5,120.75,67.98,79.48,155.8,False
train,peas,Image_51.jpg,C:\Users\Computer\OneDrive\เดสก์ท็อป\imageprocessing-prj\data\train\peas\Image_51.jpg,146.158203125,800,691,1.1577,3,JPEG,141.1,151.49,79.86,30.57,154.51,152.61,False
train,peas,Image_52.jpg,C:\Users\Computer\OneDrive\เดสก์ท็อป\imageprocessing-prj\data\train\peas\Image_52.jpg,18.7470703125,352,308,1.1429,3,JPEG,192.7,205.0,148.74,33.11,80.81,205.24,False
train,peas,Image_53.jpg,C:\Users\Computer\OneDrive\เดสก์ท็อป\imageprocessing-prj\data\train\peas\Image_53.jpg,278.8818359375,1600,1200,1.3333,3,JPEG,96.65,119.88,44.67,39.8,161.55,121.84,False
train,peas,Image_54.jpg,C:\Users\Computer\OneDrive\เดสก์ท็อป\imageprocessing-prj\data\train\peas\Image_54.jpg,216.0791015625,1260,630,2.0,3,JPEG,90.33,86.76,61.8,53.05,113.66,101.31,False
train,peas,Image_55.jpg,C:\Users\Computer\OneDrive\เดสก์ท็อป\imageprocessing-prj\data\train\peas\Image_55.jpg,395.14453125,1920,1280,1.5,3,JPEG,121.19,119.67,89.82,54.26,88.89,132.99,False
train,peas,Image_56.jpg,C:\Users\Computer\OneDrive\เดสก์ท็อป\imageprocessing-prj\data\train\peas\Image_56.jpg,19.7021484375,400,240,1.6667,3,JPEG,182.7,210.71,161.0,38.61,76.77,210.78,False
train,peas,Image_57.jpg,C:\Users\Computer\OneDrive\เดสก์ท็อป\imageprocessing-prj\data\train\peas\Image_57.jpg,120.6123046875,1600,1049,1.5253,3,JPEG,88.39,101.97,78.59,80.6,100.12,107.49,False
train,peas,Image_58.jpg,C:\Users\Computer\OneDrive\เดสก์ท็อป\imageprocessing-prj\data\train\peas\Image_58.jpg,231.84375,1920,1537,1.2492,3,JPEG,101.75,114.03,19.27,35.65,222.06,114.27,False
train,peas,Image_59.jpg,C:\Users\Computer\OneDrive\เดสก์ท็อป\imageprocessing-prj\data\train\peas\Image_59.jpg,3474.0615234375,2560,1920,1.3333,3,JPEG,128.63,160.04,104.37,48.45,105.14,160.15,False
train,peas,Image_6.jpg,C:\Users\Computer\OneDrive\เดสก์ท็อป\imageprocessing-prj\data\train\peas\Image_6.jpg,2939.1962890625,4200,2800,1.5,3,JPEG,88.62,162.09,61.65,53.48,177.69,162.09,False
train,peas,Image_60.jpg,C:\Users\Computer\OneDrive\เดสก์ท็อป\imageprocessing-prj\data\train\peas\Image_60.jpg,20.53515625,399,300,1.33,3,JPEG,188.63,203.41,155.68,41.94,83.6,203.43,False
train,peas,Image_61.jpg,C:\Users\Computer\OneDrive\เดสก์ท็อป\imageprocessing-prj\data\train\peas\Image_61.jpg,30.7841796875,455,275,1.6545,3,JPEG,192.72,207.47,172.75,58.28,62.7,207.5,False
train,peas,Image_62.jpg,C:\Users\Computer\OneDrive\เดสก์ท็อป\imageprocessing-prj\data\train\peas\Image_62.jpg,151.82421875,1280,960,1.3333,3,JPEG,114.58,135.44,104.33,54.01,80.03,137.07,False
train,peas,Image_63.JPG,C:\Users\Computer\OneDrive\เดสก์ท็อป\imageprocessing-prj\data\train\peas\Image_63.JPG,237.3798828125,1600,1200,1.3333,3,JPEG,113.09,133.94,84.84,54.22,104.55,137.73,False
train,peas,Image_64.jpg,C:\Users\Computer\OneDrive\เดสก์ท็อป\imageprocessing-prj\data\train\peas\Image_64.jpg,346.6962890625,1278,1704,0.75,3,JPEG,94.7,120.29,70.68,44.71,110.36,121.54,False
train,peas,Image_65.jpg,C:\Users\Computer\OneDrive\เดสก์ท็อป\imageprocessing-prj\data\train\peas\Image_65.jpg,1616.8916015625,2560,1600,1.6,3,JPEG,85.81,138.9,32.79,45.56,200.88,138.91,False
train,peas,Image_66.JPG,C:\Users\Computer\OneDrive\เดสก์ท็อป\imageprocessing-prj\data\train\peas\Image_66.JPG,164.8701171875,1600,1200,1.3333,3,JPEG,102.84,125.91,54.24,39.87,158.45,125.91,False
train,peas,Image_67.jpg,C:\Users\Computer\OneDrive\เดสก์ท็อป\imageprocessing-prj\data\train\peas\Image_67.jpg,196.12109375,720,1079,0.6673,3,JPEG,149.23,162.61,83.55,35.06,148.88,166.7,False
train,peas,Image_68.jpg,C:\Users\Computer\OneDrive\เดสก์ท็อป\imageprocessing-prj\data\train\peas\Image_68.jpg,62.30859375,500,333,1.5015,3,JPEG,81.5,134.85,45.12,50.45,189.37,134.85,False
train,peas,Image_69.jpg,C:\Users\Computer\OneDrive\เดสก์ท็อป\imageprocessing-prj\data\train\peas\Image_69.jpg,150.3623046875,1920,1080,1.7778,3,JPEG,151.13,172.14,117.42,49.17,111.99,173.32,False
train,peas,Image_7.jpg,C:\Users\Computer\OneDrive\เดสก์ท็อป\imageprocessing-prj\data\train\peas\Image_7.jpg,96.0625,1040,1300,0.8,3,JPEG,179.23,195.52,171.31,51.16,49.07,197.94,False
train,peas,Image_70.jpg,C:\Users\Computer\OneDrive\เดสก์ท็อป\imageprocessing-prj\data\train\peas\Image_70.jpg,335.037109375,1024,683,1.4993,3,JPEG,125.43,121.35,94.48,62.32,87.49,132.71,False
train,peas,Image_71.jpg,C:\Users\Computer\OneDrive\เดสก์ท็อป\imageprocessing-prj\data\train\peas\Image_71.jpg,49.193359375,1000,660,1.5152,3,JPEG,203.96,217.98,178.93,17.64,68.15,218.02,False
train,peas,Image_72.jpg,C:\Users\Computer\OneDrive\เดสก์ท็อป\imageprocessing-prj\data\train\peas\Image_72.jpg,92.2685546875,800,365,2.1918,3,JPEG,120.25,114.95,77.82,43.16,102.62,134.47,False
train,peas,Image_73.jpg,C:\Users\Computer\OneDrive\เดสก์ท็อป\imageprocessing-prj\data\train\peas\Image_73.jpg,209.91015625,1600,1000,1.6,3,JPEG,149.45,158.23,113.08,42.17,79.85,160.22,False
train,peas,Image_74.jpg,C:\Users\Computer\OneDrive\เดสก์ท็อป\imageprocessing-prj\data\train\peas\Image_74.jpg,177.384765625,1432,1200,1.1933,3,JPEG,139.63,167.55,110.12,56.53,128.25,167.8,False
train,peas,Image_75.jpg,C:\Users\Computer\OneDrive\เดสก์ท็อป\imageprocessing-prj\data\train\peas\Image_75.jpg,37.5908203125,240,216,1.1111,3,JPEG,103.37,140.79,44.3,47.17,186.94,141.04,False
train,peas,Image_76.JPG,C:\Users\Computer\OneDrive\เดสก์ท็อป\imageprocessing-prj\data\train\peas\Image_76.JPG,338.1640625,1200,1600,0.75,3,JPEG,60.62,85.36,38.39,49.13,151.68,85.87,False
train,peas,Image_77.jpg,C:\Users\Computer\OneDrive\เดสก์ท็อป\imageprocessing-prj\data\train\peas\Image_77.jpg,388.125,750,498,1.506,3,JPEG,116.74,169.89,64.77,46.28,167.21,169.89,False
train,peas,Image_78.jpg,C:\Users\Computer\OneDrive\เดสก์ท็อป\imageprocessing-prj\data\train\peas\Image_78.jpg,170.076171875,1067,1600,0.6669,3,JPEG,111.36,158.65,91.4,53.94,137.15,159.41,False
train,peas,Image_79.jpg,C:\Users\Computer\OneDrive\เดสก์ท็อป\imageprocessing-prj\data\train\peas\Image_79.jpg,346.517578125,1280,853,1.5006,3,JPEG,154.08,186.22,73.63,37.65,165.19,186.34,False
train,peas,Image_8.jpg,C:\Users\Computer\OneDrive\เดสก์ท็อป\imageprocessing-prj\data\train\peas\Image_8.jpg,869.6455078125,1936,1288,1.5031,3,JPEG,130.85,156.7,93.94,54.14,138.05,157.4,False
train,peas,Image_80.jpg,C:\Users\Computer\OneDrive\เดสก์ท็อป\imageprocessing-prj\data\train\peas\Image_80.jpg,129.97265625,700,523,1.3384,3,JPEG,148.63,149.56,104.32,30.86,113.92,154.42,False
train,peas,Image_81.jpg,C:\Users\Computer\OneDrive\เดสก์ท็อป\imageprocessing-prj\data\train\peas\Image_81.jpg,167.5087890625,1280,720,1.7778,3,JPEG,138.93,158.88,113.51,60.27,107.38,161.92,False
train,peas,Image_82.jpg,C:\Users\Computer\OneDrive\เดสก์ท็อป\imageprocessing-prj\data\train\peas\Image_82.jpg,209.248046875,1050,700,1.5,3,JPEG,117.58,124.55,103.09,56.25,74.51,129.79,False
train,peas,Image_83.jpg,C:\Users\Computer\OneDrive\เดสก์ท็อป\imageprocessing-prj\data\train\peas\Image_83.jpg,860.4990234375,1240,775,1.6,3,JPEG,116.0,154.29,40.97,39.45,191.64,156.1,False
train,peas,Image_84.jpg,C:\Users\Computer\OneDrive\เดสก์ท็อป\imageprocessing-prj\data\train\peas\Image_84.jpg,110.5146484375,900,950,0.9474,3,JPEG,98.76,132.88,58.54,50.92,187.01,137.23,False
train,peas,Image_85.jpg,C:\Users\Computer\OneDrive\เดสก์ท็อป\imageprocessing-prj\data\train\peas\Image_85.jpg,1522.8798828125,2144,1424,1.5056,3,JPEG,120.91,142.6,41.92,37.49,187.5,142.79,False
train,peas,Image_86.jpg,C:\Users\Computer\OneDrive\เดสก์ท็อป\imageprocessing-prj\data\train\peas\Image_86.jpg,70.5888671875,1200,751,1.5979,3,JPEG,189.26,201.51,164.13,34.82,71.19,201.51,False
train,peas,Image_87.jpg,C:\Users\Computer\OneDrive\เดสก์ท็อป\imageprocessing-prj\data\train\peas\Image_87.jpg,249.3798828125,1600,1200,1.3333,3,JPEG,134.3,142.6,123.06,62.47,67.93,149.09,False
train,peas,Image_88.jpg,C:\Users\Computer\OneDrive\เดสก์ท็อป\imageprocessing-prj\data\train\peas\Image_88.jpg,46.9482421875,375,500,0.75,3,JPEG,157.34,163.31,149.05,94.83,56.14,168.27,False
train,peas,Image_89.jpg,C:\Users\Computer\OneDrive\เดสก์ท็อป\imageprocessing-prj\data\train\peas\Image_89.jpg,61.2958984375,1200,673,1.7831,3,JPEG,210.18,225.33,178.38,19.3,68.54,225.34,False
train,peas,Image_9.jpg,C:\Users\Computer\OneDrive\เดสก์ท็อป\imageprocessing-prj\data\train\peas\Image_9.jpg,1999.462890625,3888,2592,1.5,3,JPEG,109.48,106.63,74.03,24.95,114.59,115.82,False
train,peas,Image_90.jpg,C:\Users\Computer\OneDrive\เดสก์ท็อป\imageprocessing-prj\data\train\peas\Image_90.jpg,41.2373046875,3117,1080,2.8861,3,JPEG,208.01,220.26,174.33,18.87,74.22,220.37,False
train,peas,Image_91.jpg,C:\Users\Computer\OneDrive\เดสก์ท็อป\imageprocessing-prj\data\train\peas\Image_91.jpg,86.369140625,1045,784,1.3329,3,JPEG,101.8,136.9,43.16,41.41,182.75,137.04,False
train,peas,Image_92.jpg,C:\Users\Computer\OneDrive\เดสก์ท็อป\imageprocessing-prj\data\train\peas\Image_92.jpg,1500.7412109375,2272,1704,1.3333,3,JPEG,128.19,121.31,70.55,33.24,146.3,135.0,False
train,peas,Image_93.jpg,C:\Users\Computer\OneDrive\เดสก์ท็อป\imageprocessing-prj\data\train\peas\Image_93.jpg,208.9599609375,1024,768,1.3333,3,JPEG,102.97,139.48,27.88,42.6,219.94,139.57,False
train,peas,Image_94.jpg,C:\Users\Computer\OneDrive\เดสก์ท็อป\imageprocessing-prj\data\train\peas\Image_94.jpg,2319.259765625,3888,2592,1.5,3,JPEG,90.75,93.45,54.7,28.8,128.51,99.31,False
train,peas,Image_95.jpg,C:\Users\Computer\OneDrive\เดสก์ท็อป\imageprocessing-prj\data\train\peas\Image_95.jpg,59.6630859375,850,565,1.5044,3,JPEG,180.22,191.5,130.02,33.1,110.25,191.99,False
train,peas,Image_96.jpg,C:\Users\Computer\OneDrive\เดสก์ท็อป\imageprocessing-prj\data\train\peas\Image_96.jpg,99.4873046875,1024,1024,1.0,3,JPEG,100.13,121.97,56.18,54.13,146.82,123.08,False
train,peas,Image_97.png,C:\Users\Computer\OneDrive\เดสก์ท็อป\imageprocessing-prj\data\train\peas\Image_97.png,1102.1904296875,1000,750,1.3333,3,PNG,79.73,163.52,55.27,55.81,177.52,163.61,False
train,peas,Image_98.jpg,C:\Users\Computer\OneDrive\เดสก์ท็อป\imageprocessing-prj\data\train\peas\Image_98.jpg,2939.1962890625,4200,2800,1.5,3,JPEG,88.62,162.09,61.65,53.48,177.69,162.09,False
train,peas,Image_99.jpg,C:\Users\Computer\OneDrive\เดสก์ท็อป\imageprocessing-prj\data\train\peas\Image_99.jpg,96.0625,1040,1300,0.8,3,JPEG,179.23,195.52,171.31,51.16,49.07,197.94,False
train,pineapple,Image_1.jpg,C:\Users\Computer\OneDrive\เดสก์ท็อป\imageprocessing-prj\data\train\pineapple\Image_1.jpg,85.7880859375,975,2048,0.4761,3,JPEG,153.12,144.2,130.92,32.12,77.27,154.96,False
train,pineapple,Image_10.jpg,C:\Users\Computer\OneDrive\เดสก์ท็อป\imageprocessing-prj\data\train\pineapple\Image_10.jpg,343.546875,1600,1061,1.508,3,JPEG,118.74,123.48,90.11,37.57,94.95,126.93,False
train,pineapple,Image_100.jpg,C:\Users\Computer\OneDrive\เดสก์ท็อป\imageprocessing-prj\data\train\pineapple\Image_100.jpg,690.6943359375,1275,1800,0.7083,3,JPEG,142.73,149.17,124.2,51.2,81.15,161.63,False
train,pineapple,Image_11.jpg,C:\Users\Computer\OneDrive\เดสก์ท็อป\imageprocessing-prj\data\train\pineapple\Image_11.jpg,180.41796875,1240,1503,0.825,3,JPEG,225.42,214.5,191.42,12.63,50.85,227.59,False
train,pineapple,Image_12.jpg,C:\Users\Computer\OneDrive\เดสก์ท็อป\imageprocessing-prj\data\train\pineapple\Image_12.jpg,482.2431640625,1655,1149,1.4404,3,JPEG,176.06,140.47,57.76,22.71,175.36,178.12,False
train,pineapple,Image_13.jpg,C:\Users\Computer\OneDrive\เดสก์ท็อป\imageprocessing-prj\data\train\pineapple\Image_13.jpg,108.517578125,1633,1024,1.5947,3,JPEG,149.12,201.87,210.82,89.21,89.89,217.99,False
train,pineapple,Image_14.jpg,C:\Users\Computer\OneDrive\เดสก์ท็อป\imageprocessing-prj\data\train\pineapple\Image_14.jpg,6329.8564453125,4233,6351,0.6665,3,JPEG,186.14,164.93,32.25,25.93,211.1,187.39,False
train,pineapple,Image_15.jpg,C:\Users\Computer\OneDrive\เดสก์ท็อป\imageprocessing-prj\data\train\pineapple\Image_15.jpg,34.51171875,488,488,1.0,3,JPEG,214.59,215.67,208.47,12.53,24.87,216.99,False
train,pineapple,Image_16.jpg,C:\Users\Computer\OneDrive\เดสก์ท็อป\imageprocessing-prj\data\train\pineapple\Image_16.jpg,48.904296875,700,525,1.3333,3,JPEG,213.84,207.74,183.23,13.01,57.54,219.09,False
train,pineapple,Image_17.jpg,C:\Users\Computer\OneDrive\เดสก์ท็อป\imageprocessing-prj\data\train\pineapple\Image_17.jpg,678.818359375,1291,861,1.4994,3,JPEG,135.09,114.33,73.54,22.36,138.31,135.87,False
train,pineapple,Image_18.jpg,C:\Users\Computer\OneDrive\เดสก์ท็อป\imageprocessing-prj\data\train\pineapple\Image_18.jpg,640.2041015625,2000,1000,2.0,3,JPEG,120.51,118.07,69.05,34.22,126.23,127.69,False
train,pineapple,Image_19.jpg,C:\Users\Computer\OneDrive\เดสก์ท็อป\imageprocessing-prj\data\train\pineapple\Image_19.jpg,73.7197265625,800,800,1.0,3,JPEG,222.16,221.86,210.74,12.49,30.07,224.02,False
train,pineapple,Image_2.jpg,C:\Users\Computer\OneDrive\เดสก์ท็อป\imageprocessing-prj\data\train\pineapple\Image_2.jpg,1633.404296875,5703,3802,1.5,3,JPEG,136.65,127.38,94.45,29.46,99.99,140.43,False
train,pineapple,Image_20.jpg,C:\Users\Computer\OneDrive\เดสก์ท็อป\imageprocessing-prj\data\train\pineapple\Image_20.jpg,34.173828125,400,300,1.3333,3,JPEG,94.61,90.27,61.07,38.29,129.5,102.64,False
train,pineapple,Image_21.jpg,C:\Users\Computer\OneDrive\เดสก์ท็อป\imageprocessing-prj\data\train\pineapple\Image_21.jpg,183.046875,728,546,1.3333,3,JPEG,130.69,108.04,83.73,36.26,108.12,135.07,False
train,pineapple,Image_22.jpg,C:\Users\Computer\OneDrive\เดสก์ท็อป\imageprocessing-prj\data\train\pineapple\Image_22.jpg,117.478515625,1024,687,1.4905,3,JPEG,92.78,102.89,45.75,37.11,170.95,115.05,False
train,pineapple,Image_23.jpg,C:\Users\Computer\OneDrive\เดสก์ท็อป\imageprocessing-prj\data\train\pineapple\Image_23.jpg,120.1025390625,600,900,0.6667,3,JPEG,214.1,210.15,191.78,13.27,45.19,216.14,False
train,pineapple,Image_24.png,C:\Users\Computer\OneDrive\เดสก์ท็อป\imageprocessing-prj\data\train\pineapple\Image_24.png,5886.939453125,1574,3414,0.461,3,PNG,172.63,158.65,138.79,23.18,80.23,177.94,False
train,pineapple,Image_25.jpg,C:\Users\Computer\OneDrive\เดสก์ท็อป\imageprocessing-prj\data\train\pineapple\Image_25.jpg,93.5751953125,1200,961,1.2487,3,JPEG,220.72,208.42,189.09,19.21,51.34,221.59,False
train,pineapple,Image_26.png,C:\Users\Computer\OneDrive\เดสก์ท็อป\imageprocessing-prj\data\train\pineapple\Image_26.png,928.03125,800,1000,0.8,3,PNG,207.67,203.79,158.3,18.65,85.3,213.67,False
train,pineapple,Image_27.jpg,C:\Users\Computer\OneDrive\เดสก์ท็อป\imageprocessing-prj\data\train\pineapple\Image_27.jpg,3492.8896484375,1600,2000,0.8,3,JPEG,167.32,187.11,179.52,59.2,91.65,208.64,False
train,pineapple,Image_28.jpg,C:\Users\Computer\OneDrive\เดสก์ท็อป\imageprocessing-prj\data\train\pineapple\Image_28.jpg,43.0908203125,700,700,1.0,3,JPEG,230.54,228.31,215.6,8.62,28.76,231.14,False
train,pineapple,Image_29.png,C:\Users\Computer\OneDrive\เดสก์ท็อป\imageprocessing-prj\data\train\pineapple\Image_29.png,788.1650390625,1506,986,1.5274,3,PNG,131.73,103.36,76.59,15.82,122.55,133.82,False
train,pineapple,Image_3.jpg,C:\Users\Computer\OneDrive\เดสก์ท็อป\imageprocessing-prj\data\train\pineapple\Image_3.jpg,1237.205078125,1200,1800,0.6667,3,JPEG,173.45,160.0,139.05,50.28,76.9,175.73,False
train,pineapple,Image_30.jpg,C:\Users\Computer\OneDrive\เดสก์ท็อป\imageprocessing-prj\data\train\pineapple\Image_30.jpg,163.669921875,764,1024,0.7461,3,JPEG,84.83,91.33,58.18,36.38,119.49,92.04,False
train,pineapple,Image_31.jpeg,C:\Users\Computer\OneDrive\เดสก์ท็อป\imageprocessing-prj\data\train\pineapple\Image_31.jpeg,478.228515625,800,800,1.0,3,JPEG,130.81,125.98,77.95,36.96,123.68,142.37,False
train,pineapple,Image_32.jpg,C:\Users\Computer\OneDrive\เดสก์ท็อป\imageprocessing-prj\data\train\pineapple\Image_32.jpg,312.5048828125,1000,1333,0.7502,3,JPEG,173.21,148.06,113.07,18.81,104.09,173.73,False
train,pineapple,Image_33.jpg,C:\Users\Computer\OneDrive\เดสก์ท็อป\imageprocessing-prj\data\train\pineapple\Image_33.jpg,58.1533203125,900,608,1.4803,3,JPEG,231.79,208.48,107.22,24.98,139.08,232.51,False
train,pineapple,Image_34.jpg,C:\Users\Computer\OneDrive\เดสก์ท็อป\imageprocessing-prj\data\train\pineapple\Image_34.jpg,322.5400390625,933,1400,0.6664,3,JPEG,87.71,106.47,129.91,73.99,113.63,144.74,False
train,pineapple,Image_35.jpg,C:\Users\Computer\OneDrive\เดสก์ท็อป\imageprocessing-prj\data\train\pineapple\Image_35.jpg,54.921875,283,424,0.6675,3,JPEG,218.38,212.91,188.16,14.33,55.96,220.62,False
train,pineapple,Image_36.jpg,C:\Users\Computer\OneDrive\เดสก์ท็อป\imageprocessing-prj\data\train\pineapple\Image_36.jpg,118.1376953125,2048,988,2.0729,3,JPEG,139.38,199.17,209.81,90.23,98.41,215.74,False
train,pineapple,Image_37.jpg,C:\Users\Computer\OneDrive\เดสก์ท็อป\imageprocessing-prj\data\train\pineapple\Image_37.jpg,4168.18359375,5800,3867,1.4999,3,JPEG,182.91,184.66,173.36,53.67,39.09,192.81,False
train,pineapple,Image_38.jpeg,C:\Users\Computer\OneDrive\เดสก์ท็อป\imageprocessing-prj\data\train\pineapple\Image_38.jpeg,55.9658203125,480,321,1.4953,3,JPEG,149.62,138.92,74.43,30.24,142.55,156.96,False
train,pineapple,Image_39.jpg,C:\Users\Computer\OneDrive\เดสก์ท็อป\imageprocessing-prj\data\train\pineapple\Image_39.jpg,57.7509765625,240,320,0.75,3,JPEG,103.15,142.86,90.74,56.72,114.2,144.88,False
train,pineapple,Image_4.jpg,C:\Users\Computer\OneDrive\เดสก์ท็อป\imageprocessing-prj\data\train\pineapple\Image_4.jpg,7861.681640625,4756,5945,0.8,3,JPEG,224.0,224.63,204.61,14.31,39.75,230.41,False
train,pineapple,Image_40.jpg,C:\Users\Computer\OneDrive\เดสก์ท็อป\imageprocessing-prj\data\train\pineapple\Image_40.jpg,1299.5791015625,1200,1200,1.0,3,JPEG,130.03,132.58,103.76,45.29,83.1,143.89,False
train,pineapple,Image_41.png,C:\Users\Computer\OneDrive\เดสก์ท็อป\imageprocessing-prj\data\train\pineapple\Image_41.png,433.8662109375,1024,1024,1.0,3,PNG,39.33,30.57,6.05,8.46,61.59,49.23,False
train,pineapple,Image_42.jpg,C:\Users\Computer\OneDrive\เดสก์ท็อป\imageprocessing-prj\data\train\pineapple\Image_42.jpg,146.6650390625,500,375,1.3333,3,JPEG,100.07,99.93,57.05,32.27,139.48,104.55,False
train,pineapple,Image_43.jpg,C:\Users\Computer\OneDrive\เดสก์ท็อป\imageprocessing-prj\data\train\pineapple\Image_43.jpg,79.775390625,1200,628,1.9108,3,JPEG,106.25,220.33,142.54,64.18,196.01,236.3,False
train,pineapple,Image_44.jpg,C:\Users\Computer\OneDrive\เดสก์ท็อป\imageprocessing-prj\data\train\pineapple\Image_44.jpg,6665.771484375,3888,2592,1.5,3,JPEG,129.37,135.64,104.78,62.33,85.11,145.0,False
train,pineapple,Image_45.png,C:\Users\Computer\OneDrive\เดสก์ท็อป\imageprocessing-prj\data\train\pineapple\Image_45.png,382.779296875,287,710,0.4042,3,PNG,182.67,168.78,134.35,23.24,98.39,191.96,False
train,pineapple,Image_46.jpg,C:\Users\Computer\OneDrive\เดสก์ท็อป\imageprocessing-prj\data\train\pineapple\Image_46.jpg,360.8623046875,1000,1278,0.7825,3,JPEG,233.21,224.56,186.33,12.43,63.52,237.21,False
train,pineapple,Image_47.jpg,C:\Users\Computer\OneDrive\เดสก์ท็อป\imageprocessing-prj\data\train\pineapple\Image_47.jpg,64.3271484375,427,640,0.6672,3,JPEG,136.1,140.3,134.87,81.46,29.06,143.15,False
train,pineapple,Image_48.jpg,C:\Users\Computer\OneDrive\เดสก์ท็อป\imageprocessing-prj\data\train\pineapple\Image_48.jpg,36.197265625,287,451,0.6364,3,JPEG,165.12,164.88,124.26,31.37,114.36,183.44,False
train,pineapple,Image_49.jpg,C:\Users\Computer\OneDrive\เดสก์ท็อป\imageprocessing-prj\data\train\pineapple\Image_49.jpg,163.2587890625,1200,750,1.6,3,JPEG,80.08,103.31,45.52,40.16,162.35,105.81,False
train,pineapple,Image_5.jpg,C:\Users\Computer\OneDrive\เดสก์ท็อป\imageprocessing-prj\data\train\pineapple\Image_5.jpg,66.955078125,700,1050,0.6667,3,JPEG,211.5,210.25,197.38,12.09,38.95,213.14,False
train,pineapple,Image_50.jpg,C:\Users\Computer\OneDrive\เดสก์ท็อป\imageprocessing-prj\data\train\pineapple\Image_50.jpg,65.654296875,600,600,1.0,3,JPEG,129.33,150.43,89.4,39.29,115.79,153.63,False
train,pineapple,Image_51.JPG,C:\Users\Computer\OneDrive\เดสก์ท็อป\imageprocessing-prj\data\train\pineapple\Image_51.JPG,275.1552734375,792,1024,0.7734,3,JPEG,108.89,133.37,70.52,42.59,149.48,135.08,False
train,pineapple,Image_52.jpg,C:\Users\Computer\OneDrive\เดสก์ท็อป\imageprocessing-prj\data\train\pineapple\Image_52.jpg,1924.0009765625,5563,2155,2.5814,3,JPEG,114.46,113.13,75.2,40.99,118.11,124.95,False
train,pineapple,Image_53.jpg,C:\Users\Computer\OneDrive\เดสก์ท็อป\imageprocessing-prj\data\train\pineapple\Image_53.jpg,210.0830078125,512,512,1.0,3,PNG,191.36,174.3,164.71,5.27,37.88,191.64,False
train,pineapple,Image_54.jpg,C:\Users\Computer\OneDrive\เดสก์ท็อป\imageprocessing-prj\data\train\pineapple\Image_54.jpg,561.6845703125,4000,4000,1.0,3,JPEG,224.35,227.36,216.99,9.52,22.41,227.75,False
train,pineapple,Image_55.jpg,C:\Users\Computer\OneDrive\เดสก์ท็อป\imageprocessing-prj\data\train\pineapple\Image_55.jpg,130.5478515625,899,900,0.9989,3,JPEG,117.35,119.74,66.3,31.53,130.37,126.02,False
train,pineapple,Image_56.jpg,C:\Users\Computer\OneDrive\เดสก์ท็อป\imageprocessing-prj\data\train\pineapple\Image_56.jpg,209.28125,732,549,1.3333,3,JPEG,170.92,182.44,181.07,95.52,56.08,192.58,False
train,pineapple,Image_57.jpg,C:\Users\Computer\OneDrive\เดสก์ท็อป\imageprocessing-prj\data\train\pineapple\Image_57.jpg,119.1123046875,1280,660,1.9394,3,JPEG,167.34,165.18,157.24,71.31,57.59,179.5,False
train,pineapple,Image_58.png,C:\Users\Computer\OneDrive\เดสก์ท็อป\imageprocessing-prj\data\train\pineapple\Image_58.png,4505.4013671875,1280,2851,0.449,3,PNG,201.68,179.53,128.68,17.82,118.62,212.97,False
train,pineapple,Image_59.jpg,C:\Users\Computer\OneDrive\เดสก์ท็อป\imageprocessing-prj\data\train\pineapple\Image_59.jpg,31.603515625,300,300,1.0,3,JPEG,105.04,120.31,92.67,48.38,72.51,121.08,False
train,pineapple,Image_6.jpg,C:\Users\Computer\OneDrive\เดสก์ท็อป\imageprocessing-prj\data\train\pineapple\Image_6.jpg,690.6943359375,1275,1800,0.7083,3,JPEG,142.73,149.17,124.2,51.2,81.15,161.63,False
train,pineapple,Image_60.jpeg,C:\Users\Computer\OneDrive\เดสก์ท็อป\imageprocessing-prj\data\train\pineapple\Image_60.jpeg,2578.2880859375,3096,4128,0.75,3,JPEG,124.23,115.16,109.82,85.09,73.58,135.3,False
train,pineapple,Image_61.jpg,C:\Users\Computer\OneDrive\เดสก์ท็อป\imageprocessing-prj\data\train\pineapple\Image_61.jpg,21.744140625,266,399,0.6667,3,JPEG,131.38,131.01,87.5,31.09,101.5,138.35,False
train,pineapple,Image_62.jpg,C:\Users\Computer\OneDrive\เดสก์ท็อป\imageprocessing-prj\data\train\pineapple\Image_62.jpg,69.7314453125,822,584,1.4075,3,JPEG,149.02,139.76,74.18,27.32,144.85,151.83,False
train,pineapple,Image_63.jpg,C:\Users\Computer\OneDrive\เดสก์ท็อป\imageprocessing-prj\data\train\pineapple\Image_63.jpg,131.962890625,783,1300,0.6023,3,JPEG,201.8,198.81,168.54,14.54,72.93,205.62,False
train,pineapple,Image_64.jpg,C:\Users\Computer\OneDrive\เดสก์ท็อป\imageprocessing-prj\data\train\pineapple\Image_64.jpg,616.8642578125,864,614,1.4072,3,JPEG,103.42,112.2,81.18,43.42,93.42,114.96,False
train,pineapple,Image_65.jpg,C:\Users\Computer\OneDrive\เดสก์ท็อป\imageprocessing-prj\data\train\pineapple\Image_65.jpg,145.7158203125,1200,1186,1.0118,3,JPEG,227.08,217.19,185.38,12.03,56.98,227.65,False
train,pineapple,Image_66.jpg,C:\Users\Computer\OneDrive\เดสก์ท็อป\imageprocessing-prj\data\train\pineapple\Image_66.jpg,59.4892578125,700,525,1.3333,3,JPEG,154.85,144.93,91.68,30.19,109.77,159.42,False
train,pineapple,Image_67.jpg,C:\Users\Computer\OneDrive\เดสก์ท็อป\imageprocessing-prj\data\train\pineapple\Image_67.jpg,1061.8115234375,3456,2304,1.5,3,JPEG,95.58,111.95,63.48,45.22,133.52,117.06,False
train,pineapple,Image_68.png,C:\Users\Computer\OneDrive\เดสก์ท็อป\imageprocessing-prj\data\train\pineapple\Image_68.png,8202.1640625,1768,3475,0.5088,3,PNG,160.2,152.24,117.8,21.01,92.68,164.67,False
train,pineapple,Image_69.jpg,C:\Users\Computer\OneDrive\เดสก์ท็อป\imageprocessing-prj\data\train\pineapple\Image_69.jpg,25.82421875,300,400,0.75,3,JPEG,227.44,213.57,187.91,33.32,54.95,227.79,False
train,pineapple,Image_7.jpg,C:\Users\Computer\OneDrive\เดสก์ท็อป\imageprocessing-prj\data\train\pineapple\Image_7.jpg,231.923828125,1800,1200,1.5,3,JPEG,169.89,182.59,125.68,41.85,92.22,187.92,False
train,pineapple,Image_70.jpg,C:\Users\Computer\OneDrive\เดสก์ท็อป\imageprocessing-prj\data\train\pineapple\Image_70.jpg,503.517578125,1600,1200,1.3333,3,JPEG,122.5,140.66,115.11,64.27,81.78,146.47,False
train,pineapple,Image_71.jpg,C:\Users\Computer\OneDrive\เดสก์ท็อป\imageprocessing-prj\data\train\pineapple\Image_71.jpg,703.44140625,2880,1922,1.4984,3,JPEG,147.29,133.85,100.76,45.31,112.63,149.16,False
train,pineapple,Image_72.jpg,C:\Users\Computer\OneDrive\เดสก์ท็อป\imageprocessing-prj\data\train\pineapple\Image_72.jpg,219.78515625,1296,864,1.5,3,JPEG,126.48,96.92,42.03,22.71,174.15,127.04,False
train,pineapple,Image_73.jpg,C:\Users\Computer\OneDrive\เดสก์ท็อป\imageprocessing-prj\data\train\pineapple\Image_73.jpg,389.5966796875,590,939,0.6283,3,JPEG,218.07,214.21,193.97,12.42,45.69,219.07,False
train,pineapple,Image_74.jpg,C:\Users\Computer\OneDrive\เดสก์ท็อป\imageprocessing-prj\data\train\pineapple\Image_74.jpg,241.5830078125,1024,768,1.3333,3,JPEG,136.2,129.56,111.74,49.79,114.41,145.15,False
train,pineapple,Image_75.jpg,C:\Users\Computer\OneDrive\เดสก์ท็อป\imageprocessing-prj\data\train\pineapple\Image_75.jpg,37.517578125,350,234,1.4957,3,JPEG,60.99,115.57,79.19,55.72,174.75,119.35,False
train,pineapple,Image_76.jpg,C:\Users\Computer\OneDrive\เดสก์ท็อป\imageprocessing-prj\data\train\pineapple\Image_76.jpg,4873.310546875,3648,2736,1.3333,3,JPEG,124.85,126.31,72.71,36.92,120.19,132.65,False
train,pineapple,Image_77.jpg,C:\Users\Computer\OneDrive\เดสก์ท็อป\imageprocessing-prj\data\train\pineapple\Image_77.jpg,459.736328125,700,700,1.0,3,JPEG,205.08,186.13,123.45,24.7,108.07,210.08,False
train,pineapple,Image_78.jpg,C:\Users\Computer\OneDrive\เดสก์ท็อป\imageprocessing-prj\data\train\pineapple\Image_78.jpg,46.2421875,700,1050,0.6667,3,JPEG,140.18,111.21,60.44,44.95,142.71,143.57,False
train,pineapple,Image_79.png,C:\Users\Computer\OneDrive\เดสก์ท็อป\imageprocessing-prj\data\train\pineapple\Image_79.png,134.5283203125,250,452,0.5531,3,PNG,205.27,200.76,157.88,14.97,78.49,215.32,False
train,pineapple,Image_8.jpg,C:\Users\Computer\OneDrive\เดสก์ท็อป\imageprocessing-prj\data\train\pineapple\Image_8.jpg,145.8623046875,1200,1740,0.6897,3,JPEG,216.64,207.33,195.2,9.17,41.56,217.38,False
train,pineapple,Image_80.jpg,C:\Users\Computer\OneDrive\เดสก์ท็อป\imageprocessing-prj\data\train\pineapple\Image_80.jpg,324.3896484375,1060,1600,0.6625,3,JPEG,91.68,76.72,44.45,51.02,150.25,97.61,False
train,pineapple,Image_81.jpg,C:\Users\Computer\OneDrive\เดสก์ท็อป\imageprocessing-prj\data\train\pineapple\Image_81.jpg,42.3134765625,500,500,1.0,3,JPEG,230.72,221.56,205.25,12.58,37.76,231.47,False
train,pineapple,Image_82.jpg,C:\Users\Computer\OneDrive\เดสก์ท็อป\imageprocessing-prj\data\train\pineapple\Image_82.jpg,130.7275390625,1200,628,1.9108,3,JPEG,170.91,186.83,179.77,75.46,53.78,195.24,False
train,pineapple,Image_83.jpg,C:\Users\Computer\OneDrive\เดสก์ท็อป\imageprocessing-prj\data\train\pineapple\Image_83.jpg,200.1689453125,2048,2048,1.0,3,JPEG,236.15,235.83,220.16,6.44,28.84,240.04,False
train,pineapple,Image_84.jpg,C:\Users\Computer\OneDrive\เดสก์ท็อป\imageprocessing-prj\data\train\pineapple\Image_84.jpg,88.3427734375,456,600,0.76,3,JPEG,213.58,211.75,199.48,12.71,37.81,214.98,False
train,pineapple,Image_85.jpg,C:\Users\Computer\OneDrive\เดสก์ท็อป\imageprocessing-prj\data\train\pineapple\Image_85.jpg,118.4384765625,768,1024,0.75,3,JPEG,234.76,216.23,201.78,16.48,39.08,234.81,False
train,pineapple,Image_86.jpg,C:\Users\Computer\OneDrive\เดสก์ท็อป\imageprocessing-prj\data\train\pineapple\Image_86.jpg,171.818359375,705,470,1.5,3,JPEG,103.16,82.81,39.79,23.11,165.56,103.98,False
train,pineapple,Image_87.png,C:\Users\Computer\OneDrive\เดสก์ท็อป\imageprocessing-prj\data\train\pineapple\Image_87.png,6332.3359375,1379,2957,0.4664,3,PNG,187.98,185.54,168.09,23.07,44.19,191.94,False
train,pineapple,Image_88.jpg,C:\Users\Computer\OneDrive\เดสก์ท็อป\imageprocessing-prj\data\train\pineapple\Image_88.jpg,395.8974609375,2073,1549,1.3383,3,JPEG,130.57,140.57,43.97,34.56,190.36,152.65,False
train,pineapple,Image_89.png,C:\Users\Computer\OneDrive\เดสก์ท็อป\imageprocessing-prj\data\train\pineapple\Image_89.png,1153.2568359375,1200,630,1.9048,3,PNG,166.24,124.7,75.9,14.73,134.68,167.91,False
train,pineapple,Image_9.jpg,C:\Users\Computer\OneDrive\เดสก์ท็อป\imageprocessing-prj\data\train\pineapple\Image_9.jpg,104.1884765625,1000,1000,1.0,3,JPEG,218.35,215.12,194.01,13.98,47.35,219.52,False
train,pineapple,Image_90.jpg,C:\Users\Computer\OneDrive\เดสก์ท็อป\imageprocessing-prj\data\train\pineapple\Image_90.jpg,181.6982421875,570,705,0.8085,3,JPEG,137.87,134.58,106.16,36.26,101.54,147.89,False
train,pineapple,Image_91.jpg,C:\Users\Computer\OneDrive\เดสก์ท็อป\imageprocessing-prj\data\train\pineapple\Image_91.jpg,154.25390625,955,1300,0.7346,3,JPEG,220.95,218.13,191.47,11.4,56.36,227.6,False
train,pineapple,Image_92.png,C:\Users\Computer\OneDrive\เดสก์ท็อป\imageprocessing-prj\data\train\pineapple\Image_92.png,467.302734375,640,946,0.6765,3,PNG,132.31,124.44,47.88,33.07,194.23,155.74,False
train,pineapple,Image_93.jpg,C:\Users\Computer\OneDrive\เดสก์ท็อป\imageprocessing-prj\data\train\pineapple\Image_93.jpg,172.267578125,900,620,1.4516,3,JPEG,243.68,242.72,232.83,11.22,18.13,246.24,False
train,pineapple,Image_95.jpg,C:\Users\Computer\OneDrive\เดสก์ท็อป\imageprocessing-prj\data\train\pineapple\Image_95.jpg,85.7880859375,975,2048,0.4761,3,JPEG,153.12,144.2,130.92,32.12,77.27,154.96,False
train,pineapple,Image_96.jpg,C:\Users\Computer\OneDrive\เดสก์ท็อป\imageprocessing-prj\data\train\pineapple\Image_96.jpg,1633.404296875,5703,3802,1.5,3,JPEG,136.65,127.38,94.45,29.46,99.99,140.43,False
train,pineapple,Image_97.jpg,C:\Users\Computer\OneDrive\เดสก์ท็อป\imageprocessing-prj\data\train\pineapple\Image_97.jpg,1237.205078125,1200,1800,0.6667,3,JPEG,173.45,160.0,139.05,50.28,76.9,175.73,False
train,pineapple,Image_98.jpg,C:\Users\Computer\OneDrive\เดสก์ท็อป\imageprocessing-prj\data\train\pineapple\Image_98.jpg,7861.681640625,4756,5945,0.8,3,JPEG,224.0,224.63,204.61,14.31,39.75,230.41,False
train,pineapple,Image_99.jpg,C:\Users\Computer\OneDrive\เดสก์ท็อป\imageprocessing-prj\data\train\pineapple\Image_99.jpg,66.955078125,700,1050,0.6667,3,JPEG,211.5,210.25,197.38,12.09,38.95,213.14,False
train,pomegranate,Image_1.jpg,C:\Users\Computer\OneDrive\เดสก์ท็อป\imageprocessing-prj\data\train\pomegranate\Image_1.jpg,482.474609375,2000,1570,1.2739,3,JPEG,218.58,161.32,165.47,89.12,85.47,219.78,False
train,pomegranate,Image_10.jpg,C:\Users\Computer\OneDrive\เดสก์ท็อป\imageprocessing-prj\data\train\pomegranate\Image_10.jpg,181.775390625,886,1000,0.886,3,JPEG,107.73,101.91,43.89,43.93,199.03,134.32,False
train,pomegranate,Image_100.jpg,C:\Users\Computer\OneDrive\เดสก์ท็อป\imageprocessing-prj\data\train\pomegranate\Image_100.jpg,106.5791015625,1000,809,1.2361,3,JPEG,212.51,152.91,154.29,90.43,96.61,214.78,False
train,pomegranate,Image_11.jpg,C:\Users\Computer\OneDrive\เดสก์ท็อป\imageprocessing-prj\data\train\pomegranate\Image_11.jpg,762.482421875,3066,2052,1.4942,3,JPEG,181.61,87.89,72.5,34.36,163.09,181.63,False
train,pomegranate,Image_12.jpg,C:\Users\Computer\OneDrive\เดสก์ท็อป\imageprocessing-prj\data\train\pomegranate\Image_12.jpg,69.1689453125,600,497,1.2072,3,JPEG,207.18,155.4,151.45,86.89,95.91,211.9,False
train,pomegranate,Image_13.jpg,C:\Users\Computer\OneDrive\เดสก์ท็อป\imageprocessing-prj\data\train\pomegranate\Image_13.jpg,43.51953125,275,275,1.0,3,JPEG,219.13,183.65,181.1,67.46,66.21,222.18,False
train,pomegranate,Image_14.jpg,C:\Users\Computer\OneDrive\เดสก์ท็อป\imageprocessing-prj\data\train\pomegranate\Image_14.jpg,256.169921875,1500,1000,1.5,3,JPEG,197.4,149.35,154.39,82.94,87.84,197.43,False
train,pomegranate,Image_15.jpg,C:\Users\Computer\OneDrive\เดสก์ท็อป\imageprocessing-prj\data\train\pomegranate\Image_15.jpg,104.8212890625,700,951,0.7361,3,JPEG,174.09,102.31,77.77,41.86,150.34,174.13,False
train,pomegranate,Image_16.jpg,C:\Users\Computer\OneDrive\เดสก์ท็อป\imageprocessing-prj\data\train\pomegranate\Image_16.jpg,61.84765625,1000,695,1.4388,3,JPEG,238.29,192.63,186.11,22.11,63.77,239.64,False
train,pomegranate,Image_17.jpg,C:\Users\Computer\OneDrive\เดสก์ท็อป\imageprocessing-prj\data\train\pomegranate\Image_17.jpg,5746.1806640625,3008,2000,1.504,3,PNG,182.48,135.72,123.74,13.61,105.73,182.52,False
train,pomegranate,Image_18.jpg,C:\Users\Computer\OneDrive\เดสก์ท็อป\imageprocessing-prj\data\train\pomegranate\Image_18.jpg,705.6396484375,1294,728,1.7775,3,JPEG,79.28,47.36,43.71,92.19,122.79,79.98,False
train,pomegranate,Image_19.jpg,C:\Users\Computer\OneDrive\เดสก์ท็อป\imageprocessing-prj\data\train\pomegranate\Image_19.jpg,490.490234375,1000,1000,1.0,3,JPEG,95.59,45.02,54.69,110.46,150.68,101.33,False
train,pomegranate,Image_2.jpg,C:\Users\Computer\OneDrive\เดสก์ท็อป\imageprocessing-prj\data\train\pomegranate\Image_2.jpg,1513.0205078125,2808,1872,1.5,3,JPEG,213.85,186.88,186.81,44.86,56.46,213.85,False
train,pomegranate,Image_20.jpg,C:\Users\Computer\OneDrive\เดสก์ท็อป\imageprocessing-prj\data\train\pomegranate\Image_20.jpg,100.4052734375,1000,1000,1.0,3,JPEG,219.05,188.95,182.02,50.47,66.2,222.83,False
train,pomegranate,Image_21.jpg,C:\Users\Computer\OneDrive\เดสก์ท็อป\imageprocessing-prj\data\train\pomegranate\Image_21.jpg,75.6982421875,1000,1000,1.0,3,JPEG,231.24,195.65,191.66,29.81,55.65,233.17,False
train,pomegranate,Image_22.jpg,C:\Users\Computer\OneDrive\เดสก์ท็อป\imageprocessing-prj\data\train\pomegranate\Image_22.jpg,1315.001953125,1600,901,1.7758,3,JPEG,151.54,81.09,73.95,50.49,155.78,151.79,False
train,pomegranate,Image_23.jpg,C:\Users\Computer\OneDrive\เดสก์ท็อป\imageprocessing-prj\data\train\pomegranate\Image_23.jpg,564.2412109375,1000,669,1.4948,3,JPEG,146.52,91.48,86.22,71.95,127.34,147.05,False
train,pomegranate,Image_24.jpg,C:\Users\Computer\OneDrive\เดสก์ท็อป\imageprocessing-prj\data\train\pomegranate\Image_24.jpg,154.029296875,1280,853,1.5006,3,JPEG,114.09,93.56,45.06,41.26,197.32,133.25,False
train,pomegranate,Image_25.jpg,C:\Users\Computer\OneDrive\เดสก์ท็อป\imageprocessing-prj\data\train\pomegranate\Image_25.jpg,2597.26953125,1936,2592,0.7469,3,JPEG,103.36,121.83,82.13,56.2,114.31,129.78,False
train,pomegranate,Image_26.jpg,C:\Users\Computer\OneDrive\เดสก์ท็อป\imageprocessing-prj\data\train\pomegranate\Image_26.jpg,137.1796875,1024,1024,1.0,3,JPEG,122.71,111.38,49.47,39.8,167.47,133.25,False
train,pomegranate,Image_27.jpg,C:\Users\Computer\OneDrive\เดสก์ท็อป\imageprocessing-prj\data\train\pomegranate\Image_27.jpg,151.587890625,2460,1791,1.3735,3,JPEG,143.82,100.67,86.62,80.12,119.0,152.1,False
train,pomegranate,Image_28.jpeg,C:\Users\Computer\OneDrive\เดสก์ท็อป\imageprocessing-prj\data\train\pomegranate\Image_28.jpeg,337.6689453125,1280,960,1.3333,3,JPEG,91.89,128.47,70.88,52.89,135.38,131.23,False
train,pomegranate,Image_29.jpg,C:\Users\Computer\OneDrive\เดสก์ท็อป\imageprocessing-prj\data\train\pomegranate\Image_29.jpg,260.5224609375,1600,1200,1.3333,3,JPEG,163.35,103.45,70.16,14.5,156.28,163.35,False
train,pomegranate,Image_3.jpg,C:\Users\Computer\OneDrive\เดสก์ท็อป\imageprocessing-prj\data\train\pomegranate\Image_3.jpg,197.90625,1920,1074,1.7877,3,JPEG,102.41,95.93,54.81,49.09,192.36,130.67,False
train,pomegranate,Image_30.jpg,C:\Users\Computer\OneDrive\เดสก์ท็อป\imageprocessing-prj\data\train\pomegranate\Image_30.jpg,43.7646484375,480,389,1.2339,3,JPEG,213.13,153.35,154.68,90.73,96.09,215.44,False
train,pomegranate,Image_31.jpg,C:\Users\Computer\OneDrive\เดสก์ท็อป\imageprocessing-prj\data\train\pomegranate\Image_31.jpg,328.205078125,1600,1200,1.3333,3,JPEG,141.23,119.93,74.22,51.84,139.9,152.98,False
train,pomegranate,Image_32.jpg,C:\Users\Computer\OneDrive\เดสก์ท็อป\imageprocessing-prj\data\train\pomegranate\Image_32.jpg,160.10546875,778,620,1.2548,3,JPEG,120.79,88.57,79.67,95.79,127.68,137.34,False
train,pomegranate,Image_33.jpg,C:\Users\Computer\OneDrive\เดสก์ท็อป\imageprocessing-prj\data\train\pomegranate\Image_33.jpg,320.6669921875,2000,2000,1.0,3,JPEG,231.39,170.84,167.38,30.65,83.65,232.27,False
train,pomegranate,Image_35.jpg,C:\Users\Computer\OneDrive\เดสก์ท็อป\imageprocessing-prj\data\train\pomegranate\Image_35.jpg,210.7412109375,500,375,1.3333,3,JPEG,125.46,112.16,59.88,42.96,183.21,136.1,False
train,pomegranate,Image_36.jpg,C:\Users\Computer\OneDrive\เดสก์ท็อป\imageprocessing-prj\data\train\pomegranate\Image_36.jpg,152.5478515625,1200,1200,1.0,3,JPEG,172.62,71.68,54.43,12.04,186.24,172.63,False
train,pomegranate,Image_37.jpg,C:\Users\Computer\OneDrive\เดสก์ท็อป\imageprocessing-prj\data\train\pomegranate\Image_37.jpg,73.8876953125,1230,630,1.9524,3,JPEG,164.12,105.83,108.15,101.95,110.52,164.18,False
train,pomegranate,Image_38.jpg,C:\Users\Computer\OneDrive\เดสก์ท็อป\imageprocessing-prj\data\train\pomegranate\Image_38.jpg,222.177734375,2576,1819,1.4162,3,JPEG,173.46,71.2,77.86,124.37,169.27,173.86,False
train,pomegranate,Image_39.jpg,C:\Users\Computer\OneDrive\เดสก์ท็อป\imageprocessing-prj\data\train\pomegranate\Image_39.jpg,4350.1865234375,3872,2592,1.4938,3,JPEG,90.89,68.33,13.44,25.77,206.01,95.5,False
train,pomegranate,Image_4.jpg,C:\Users\Computer\OneDrive\เดสก์ท็อป\imageprocessing-prj\data\train\pomegranate\Image_4.jpg,132.939453125,1000,791,1.2642,3,JPEG,206.29,149.09,150.07,93.68,95.81,209.18,False
train,pomegranate,Image_40.jpg,C:\Users\Computer\OneDrive\เดสก์ท็อป\imageprocessing-prj\data\train\pomegranate\Image_40.jpg,45.611328125,600,600,1.0,3,JPEG,169.55,154.97,50.89,29.48,192.1,184.41,False
train,pomegranate,Image_41.jpg,C:\Users\Computer\OneDrive\เดสก์ท็อป\imageprocessing-prj\data\train\pomegranate\Image_41.jpg,62.787109375,850,478,1.7782,3,JPEG,125.52,90.2,103.3,132.83,120.52,135.14,False
train,pomegranate,Image_43.jpg,C:\Users\Computer\OneDrive\เดสก์ท็อป\imageprocessing-prj\data\train\pomegranate\Image_43.jpg,390.5458984375,1600,1200,1.3333,3,JPEG,184.14,105.12,104.11,78.17,127.57,185.38,False
train,pomegranate,Image_44.jpg,C:\Users\Computer\OneDrive\เดสก์ท็อป\imageprocessing-prj\data\train\pomegranate\Image_44.jpg,325.1630859375,1000,813,1.23,3,JPEG,173.29,121.56,124.85,96.0,94.21,174.81,False
train,pomegranate,Image_45.jpg,C:\Users\Computer\OneDrive\เดสก์ท็อป\imageprocessing-prj\data\train\pomegranate\Image_45.jpg,60.8603515625,600,600,1.0,3,JPEG,202.38,125.56,121.05,32.62,125.24,202.45,False
train,pomegranate,Image_46.jpg,C:\Users\Computer\OneDrive\เดสก์ท็อป\imageprocessing-prj\data\train\pomegranate\Image_46.jpg,3757.6484375,2240,1680,1.3333,3,JPEG,104.18,9.46,13.03,123.94,243.17,104.2,False
train,pomegranate,Image_5.jpg,C:\Users\Computer\OneDrive\เดสก์ท็อป\imageprocessing-prj\data\train\pomegranate\Image_5.jpg,106.5791015625,1000,809,1.2361,3,JPEG,212.51,152.91,154.29,90.43,96.61,214.78,False
train,pomegranate,Image_50.jpg,C:\Users\Computer\OneDrive\เดสก์ท็อป\imageprocessing-prj\data\train\pomegranate\Image_50.jpg,43.47265625,834,332,2.512,3,JPEG,117.83,59.86,66.12,107.55,144.09,117.86,False
train,pomegranate,Image_51.jpg,C:\Users\Computer\OneDrive\เดสก์ท็อป\imageprocessing-prj\data\train\pomegranate\Image_51.jpg,418.3837890625,1280,1600,0.8,3,JPEG,188.5,147.28,140.62,23.4,90.28,188.5,False
train,pomegranate,Image_52.jpg,C:\Users\Computer\OneDrive\เดสก์ท็อป\imageprocessing-prj\data\train\pomegranate\Image_52.jpg,10.0048828125,256,192,1.3333,3,JPEG,176.38,88.66,78.28,59.67,159.3,176.38,False
train,pomegranate,Image_54.jpg,C:\Users\Computer\OneDrive\เดสก์ท็อป\imageprocessing-prj\data\train\pomegranate\Image_54.jpg,98.74609375,1168,657,1.7778,3,JPEG,122.31,55.6,67.61,124.49,163.76,122.39,False
train,pomegranate,Image_56.jpg,C:\Users\Computer\OneDrive\เดสก์ท็อป\imageprocessing-prj\data\train\pomegranate\Image_56.jpg,566.34765625,2400,3600,0.6667,3,JPEG,140.36,115.82,105.16,30.3,95.33,140.36,False
train,pomegranate,Image_57.jpg,C:\Users\Computer\OneDrive\เดสก์ท็อป\imageprocessing-prj\data\train\pomegranate\Image_57.jpg,44.8525390625,1024,992,1.0323,3,JPEG,162.93,86.05,93.24,125.95,149.53,168.53,False
train,pomegranate,Image_58.jpg,C:\Users\Computer\OneDrive\เดสก์ท็อป\imageprocessing-prj\data\train\pomegranate\Image_58.jpg,2583.1728515625,2814,2751,1.0229,3,JPEG,162.95,90.29,88.8,61.43,146.23,163.98,False
train,pomegranate,Image_59.jpg,C:\Users\Computer\OneDrive\เดสก์ท็อป\imageprocessing-prj\data\train\pomegranate\Image_59.jpg,1673.8818359375,3158,3499,0.9025,3,JPEG,136.81,42.58,39.24,48.2,136.33,136.82,False
train,pomegranate,Image_6.jpg,C:\Users\Computer\OneDrive\เดสก์ท็อป\imageprocessing-prj\data\train\pomegranate\Image_6.jpg,297.177734375,1800,1111,1.6202,3,JPEG,218.71,175.57,178.4,53.12,73.32,218.93,False
train,pomegranate,Image_60.jpg,C:\Users\Computer\OneDrive\เดสก์ท็อป\imageprocessing-prj\data\train\pomegranate\Image_60.jpg,4935.7529296875,3200,2400,1.3333,3,JPEG,100.94,70.72,24.74,28.72,197.77,111.18,False
train,pomegranate,Image_61.jpg,C:\Users\Computer\OneDrive\เดสก์ท็อป\imageprocessing-prj\data\train\pomegranate\Image_61.jpg,21.689453125,500,362,1.3812,3,JPEG,212.25,167.03,168.11,66.41,78.95,212.69,False
train,pomegranate,Image_63.jpg,C:\Users\Computer\OneDrive\เดสก์ท็อป\imageprocessing-prj\data\train\pomegranate\Image_63.jpg,148.6552734375,800,521,1.5355,3,JPEG,218.75,172.81,176.68,67.03,73.56,218.77,False
train,pomegranate,Image_64.jpg,C:\Users\Computer\OneDrive\เดสก์ท็อป\imageprocessing-prj\data\train\pomegranate\Image_64.jpg,3572.5087890625,3456,2304,1.5,3,JPEG,118.46,80.52,76.2,73.42,117.47,123.58,False
train,pomegranate,Image_65.jpg,C:\Users\Computer\OneDrive\เดสก์ท็อป\imageprocessing-prj\data\train\pomegranate\Image_65.jpg,668.123046875,1000,814,1.2285,3,JPEG,145.73,91.36,74.83,30.01,125.64,145.73,False
train,pomegranate,Image_66.jpg,C:\Users\Computer\OneDrive\เดสก์ท็อป\imageprocessing-prj\data\train\pomegranate\Image_66.jpg,50.5078125,600,397,1.5113,3,JPEG,129.75,81.55,59.19,62.55,152.54,133.95,False
train,pomegranate,Image_67.png,C:\Users\Computer\OneDrive\เดสก์ท็อป\imageprocessing-prj\data\train\pomegranate\Image_67.png,289.5400390625,493,507,0.9724,3,PNG,182.95,131.93,133.27,80.26,105.43,182.95,False
train,pomegranate,Image_68.jpg,C:\Users\Computer\OneDrive\เดสก์ท็อป\imageprocessing-prj\data\train\pomegranate\Image_68.jpg,92.4248046875,1200,1800,0.6667,3,JPEG,204.26,166.77,164.73,52.31,68.35,205.83,False
train,pomegranate,Image_69.jpg,C:\Users\Computer\OneDrive\เดสก์ท็อป\imageprocessing-prj\data\train\pomegranate\Image_69.jpg,50.0693359375,1024,682,1.5015,3,JPEG,173.05,136.85,150.69,132.21,94.2,182.43,False
train,pomegranate,Image_7.jpg,C:\Users\Computer\OneDrive\เดสก์ท็อป\imageprocessing-prj\data\train\pomegranate\Image_7.jpg,561.9794921875,4422,3038,1.4556,3,JPEG,230.29,200.1,201.78,42.38,46.83,230.32,False
train,pomegranate,Image_70.jpg,C:\Users\Computer\OneDrive\เดสก์ท็อป\imageprocessing-prj\data\train\pomegranate\Image_70.jpg,295.6982421875,1676,1202,1.3943,3,JPEG,158.57,107.18,109.16,116.44,115.24,158.95,False
train,pomegranate,Image_71.jpg,C:\Users\Computer\OneDrive\เดสก์ท็อป\imageprocessing-prj\data\train\pomegranate\Image_71.jpg,178.8583984375,1400,966,1.4493,3,JPEG,222.84,180.47,181.75,55.7,70.68,222.85,False
train,pomegranate,Image_72.jpg,C:\Users\Computer\OneDrive\เดสก์ท็อป\imageprocessing-prj\data\train\pomegranate\Image_72.jpg,353.951171875,1920,1282,1.4977,3,JPEG,184.53,108.6,86.06,45.64,154.94,186.21,False
train,pomegranate,Image_73.JPG,C:\Users\Computer\OneDrive\เดสก์ท็อป\imageprocessing-prj\data\train\pomegranate\Image_73.JPG,211.830078125,1600,1200,1.3333,3,JPEG,120.62,126.92,85.48,51.76,141.04,145.47,False
train,pomegranate,Image_74.jpg,C:\Users\Computer\OneDrive\เดสก์ท็อป\imageprocessing-prj\data\train\pomegranate\Image_74.jpg,2568.208984375,2677,1321,2.0265,3,JPEG,156.85,104.86,77.83,26.84,125.09,156.86,False
train,pomegranate,Image_75.jpg,C:\Users\Computer\OneDrive\เดสก์ท็อป\imageprocessing-prj\data\train\pomegranate\Image_75.jpg,4491.474609375,2737,1825,1.4997,3,JPEG,73.39,96.04,47.56,64.24,175.11,111.05,False
train,pomegranate,Image_77.jpg,C:\Users\Computer\OneDrive\เดสก์ท็อป\imageprocessing-prj\data\train\pomegranate\Image_77.jpg,70.6484375,500,391,1.2788,3,JPEG,213.06,148.92,144.51,44.37,103.15,214.0,False
train,pomegranate,Image_79.jpg,C:\Users\Computer\OneDrive\เดสก์ท็อป\imageprocessing-prj\data\train\pomegranate\Image_79.jpg,110.5673828125,1001,750,1.3347,3,JPEG,134.93,88.63,43.36,53.71,188.17,144.46,False
train,pomegranate,Image_8.jpg,C:\Users\Computer\OneDrive\เดสก์ท็อป\imageprocessing-prj\data\train\pomegranate\Image_8.jpg,174.3837890625,1400,935,1.4973,3,JPEG,111.43,52.39,47.03,44.81,158.77,111.44,False
train,pomegranate,Image_80.png,C:\Users\Computer\OneDrive\เดสก์ท็อป\imageprocessing-prj\data\train\pomegranate\Image_80.png,578.8427734375,872,458,1.9039,3,PNG,177.38,128.17,135.35,99.19,99.99,177.84,False
train,pomegranate,Image_83.jpg,C:\Users\Computer\OneDrive\เดสก์ท็อป\imageprocessing-prj\data\train\pomegranate\Image_83.jpg,115.890625,1200,1200,1.0,3,JPEG,156.88,131.34,133.44,111.26,76.29,165.04,False
train,pomegranate,Image_87.jpg,C:\Users\Computer\OneDrive\เดสก์ท็อป\imageprocessing-prj\data\train\pomegranate\Image_87.jpg,26.99609375,1200,630,1.9048,3,JPEG,167.86,90.28,75.26,48.55,155.59,167.86,False
train,pomegranate,Image_88.jpg,C:\Users\Computer\OneDrive\เดสก์ท็อป\imageprocessing-prj\data\train\pomegranate\Image_88.jpg,278.3984375,1600,1200,1.3333,3,JPEG,154.15,79.89,87.78,153.66,142.72,154.25,False
train,pomegranate,Image_89.png,C:\Users\Computer\OneDrive\เดสก์ท็อป\imageprocessing-prj\data\train\pomegranate\Image_89.png,154.326171875,1024,1024,1.0,3,PNG,74.23,17.52,18.42,52.63,85.54,74.23,False
train,pomegranate,Image_9.jpg,C:\Users\Computer\OneDrive\เดสก์ท็อป\imageprocessing-prj\data\train\pomegranate\Image_9.jpg,371.05078125,1024,1024,1.0,3,JPEG,131.2,82.68,76.74,31.69,121.56,131.2,False
train,pomegranate,Image_91.jpg,C:\Users\Computer\OneDrive\เดสก์ท็อป\imageprocessing-prj\data\train\pomegranate\Image_91.jpg,2120.6650390625,3264,2448,1.3333,3,JPEG,124.07,63.02,58.99,76.83,155.11,126.27,False
train,pomegranate,Image_96.jpg,C:\Users\Computer\OneDrive\เดสก์ท็อป\imageprocessing-prj\data\train\pomegranate\Image_96.jpg,482.474609375,2000,1570,1.2739,3,JPEG,218.58,161.32,165.47,89.12,85.47,219.78,False
train,pomegranate,Image_97.jpg,C:\Users\Computer\OneDrive\เดสก์ท็อป\imageprocessing-prj\data\train\pomegranate\Image_97.jpg,1513.0205078125,2808,1872,1.5,3,JPEG,213.85,186.88,186.81,44.86,56.46,213.85,False
train,pomegranate,Image_99.jpg,C:\Users\Computer\OneDrive\เดสก์ท็อป\imageprocessing-prj\data\train\pomegranate\Image_99.jpg,132.939453125,1000,791,1.2642,3,JPEG,206.29,149.09,150.07,93.68,95.81,209.18,False
train,potato,Image_1.jpg,C:\Users\Computer\OneDrive\เดสก์ท็อป\imageprocessing-prj\data\train\potato\Image_1.jpg,140.7744140625,1200,801,1.4981,3,JPEG,222.2,202.63,147.92,19.17,89.58,222.2,False
train,potato,Image_10.jpg,C:\Users\Computer\OneDrive\เดสก์ท็อป\imageprocessing-prj\data\train\potato\Image_10.jpg,104.298828125,1280,720,1.7778,3,JPEG,83.64,78.51,35.81,24.67,161.9,96.31,False
train,potato,Image_100.jpg,C:\Users\Computer\OneDrive\เดสก์ท็อป\imageprocessing-prj\data\train\potato\Image_100.jpg,59.619140625,876,493,1.7769,3,JPEG,184.99,127.27,91.47,14.57,138.1,184.99,False
train,potato,Image_11.jpg,C:\Users\Computer\OneDrive\เดสก์ท็อป\imageprocessing-prj\data\train\potato\Image_11.jpg,146.1142578125,1200,800,1.5,3,JPEG,224.58,208.57,192.98,36.89,48.88,225.12,False
train,potato,Image_12.jpg,C:\Users\Computer\OneDrive\เดสก์ท็อป\imageprocessing-prj\data\train\potato\Image_12.jpg,132.0244140625,640,960,0.6667,3,JPEG,181.85,159.6,132.86,40.36,86.45,187.56,False
train,potato,Image_13.jpg,C:\Users\Computer\OneDrive\เดสก์ท็อป\imageprocessing-prj\data\train\potato\Image_13.jpg,13.052734375,300,199,1.5075,3,JPEG,156.91,101.5,35.46,17.31,206.07,156.94,False
train,potato,Image_14.jpg,C:\Users\Computer\OneDrive\เดสก์ท็อป\imageprocessing-prj\data\train\potato\Image_14.jpg,65.02734375,1024,1444,0.7091,3,JPEG,152.7,95.61,50.52,17.2,168.57,152.93,False
train,potato,Image_15.jpg,C:\Users\Computer\OneDrive\เดสก์ท็อป\imageprocessing-prj\data\train\potato\Image_15.jpg,181.423828125,1200,900,1.3333,3,JPEG,136.13,121.07,78.74,23.12,118.38,136.66,False
train,potato,Image_16.jpg,C:\Users\Computer\OneDrive\เดสก์ท็อป\imageprocessing-prj\data\train\potato\Image_16.jpg,242.849609375,1200,919,1.3058,3,JPEG,192.78,169.13,131.05,15.48,104.87,192.8,False
train,potato,Image_20.jpg,C:\Users\Computer\OneDrive\เดสก์ท็อป\imageprocessing-prj\data\train\potato\Image_20.jpg,137.58203125,1200,900,1.3333,3,JPEG,213.43,152.06,38.79,19.02,212.87,213.43,False
train,potato,Image_22.png,C:\Users\Computer\OneDrive\เดสก์ท็อป\imageprocessing-prj\data\train\potato\Image_22.png,96.009765625,160,271,0.5904,3,PNG,177.73,141.19,96.15,12.49,110.58,177.73,False
train,potato,Image_23.jpg,C:\Users\Computer\OneDrive\เดสก์ท็อป\imageprocessing-prj\data\train\potato\Image_23.jpg,253.236328125,2000,1000,2.0,3,JPEG,178.24,146.67,124.86,13.43,104.92,178.35,False
train,potato,Image_28.jpg,C:\Users\Computer\OneDrive\เดสก์ท็อป\imageprocessing-prj\data\train\potato\Image_28.jpg,70.248046875,480,360,1.3333,3,JPEG,101.73,97.68,92.58,44.81,44.75,104.43,False
train,potato,Image_29.jpg,C:\Users\Computer\OneDrive\เดสก์ท็อป\imageprocessing-prj\data\train\potato\Image_29.jpg,146.5107421875,1000,662,1.5106,3,JPEG,121.71,120.23,110.03,46.65,58.87,127.6,False
train,potato,Image_3.jpg,C:\Users\Computer\OneDrive\เดสก์ท็อป\imageprocessing-prj\data\train\potato\Image_3.jpg,164.32421875,795,1024,0.7764,3,JPEG,115.38,89.47,53.48,22.38,155.18,115.39,False
train,potato,Image_30.jpeg,C:\Users\Computer\OneDrive\เดสก์ท็อป\imageprocessing-prj\data\train\potato\Image_30.jpeg,58.0341796875,1280,1024,1.25,3,JPEG,222.41,193.29,178.17,9.3,61.35,222.47,False
train,potato,Image_31.jpg,C:\Users\Computer\OneDrive\เดสก์ท็อป\imageprocessing-prj\data\train\potato\Image_31.jpg,334.27734375,1080,1620,0.6667,3,JPEG,156.76,93.4,63.71,38.78,167.19,157.29,False
train,potato,Image_32.jpg,C:\Users\Computer\OneDrive\เดสก์ท็อป\imageprocessing-prj\data\train\potato\Image_32.jpg,232.72265625,1280,720,1.7778,3,JPEG,157.54,121.39,64.33,19.2,166.81,157.58,False
train,potato,Image_33.jpg,C:\Users\Computer\OneDrive\เดสก์ท็อป\imageprocessing-prj\data\train\potato\Image_33.jpg,1764.861328125,3072,2304,1.3333,3,JPEG,136.66,111.3,92.85,39.9,106.58,145.65,False
train,potato,Image_34.jpg,C:\Users\Computer\OneDrive\เดสก์ท็อป\imageprocessing-prj\data\train\potato\Image_34.jpg,240.0224609375,1200,798,1.5038,3,JPEG,160.76,122.75,69.91,27.03,154.18,162.2,False
train,potato,Image_38.jpg,C:\Users\Computer\OneDrive\เดสก์ท็อป\imageprocessing-prj\data\train\potato\Image_38.jpg,61.3984375,1280,720,1.7778,3,JPEG,183.61,171.45,113.86,36.3,113.4,187.0,False
train,potato,Image_4.jpg,C:\Users\Computer\OneDrive\เดสก์ท็อป\imageprocessing-prj\data\train\potato\Image_4.jpg,24.26171875,620,349,1.7765,3,JPEG,199.21,151.27,81.88,17.56,157.61,199.21,False
train,potato,Image_43.jpg,C:\Users\Computer\OneDrive\เดสก์ท็อป\imageprocessing-prj\data\train\potato\Image_43.jpg,251.0693359375,1200,800,1.5,3,JPEG,213.73,155.13,76.49,17.09,167.32,213.73,False
train,potato,Image_44.jpg,C:\Users\Computer\OneDrive\เดสก์ท็อป\imageprocessing-prj\data\train\potato\Image_44.jpg,83.869140625,1596,1280,1.2469,3,JPEG,225.32,208.48,181.03,12.33,58.39,225.33,False
train,potato,Image_45.jpg,C:\Users\Computer\OneDrive\เดสก์ท็อป\imageprocessing-prj\data\train\potato\Image_45.jpg,96.4931640625,1200,800,1.5,3,JPEG,182.52,154.34,123.6,17.23,99.5,182.73,False
train,potato,Image_46.png,C:\Users\Computer\OneDrive\เดสก์ท็อป\imageprocessing-prj\data\train\potato\Image_46.png,568.298828125,900,637,1.4129,3,PNG,222.04,194.32,158.49,11.72,85.57,222.35,False
train,potato,Image_47.jpg,C:\Users\Computer\OneDrive\เดสก์ท็อป\imageprocessing-prj\data\train\potato\Image_47.jpg,741.6484375,2908,1835,1.5847,3,JPEG,132.95,98.43,49.05,13.98,130.15,132.97,False
train,potato,Image_48.jpg,C:\Users\Computer\OneDrive\เดสก์ท็อป\imageprocessing-prj\data\train\potato\Image_48.jpg,2636.7490234375,2272,1704,1.3333,3,JPEG,200.25,126.4,48.17,16.86,196.87,200.3,False
train,potato,Image_49.jpg,C:\Users\Computer\OneDrive\เดสก์ท็อป\imageprocessing-prj\data\train\potato\Image_49.jpg,786.91015625,2079,2079,1.0,3,JPEG,143.29,111.73,102.04,98.56,107.74,145.54,False
train,potato,Image_5.JPG,C:\Users\Computer\OneDrive\เดสก์ท็อป\imageprocessing-prj\data\train\potato\Image_5.JPG,72.353515625,1200,809,1.4833,3,JPEG,148.59,126.23,99.62,20.83,89.59,149.0,False
train,potato,Image_50.jpg,C:\Users\Computer\OneDrive\เดสก์ท็อป\imageprocessing-prj\data\train\potato\Image_50.jpg,193.685546875,1000,1000,1.0,3,JPEG,184.95,136.98,113.82,36.67,107.06,185.65,False
train,potato,Image_51.jpg,C:\Users\Computer\OneDrive\เดสก์ท็อป\imageprocessing-prj\data\train\potato\Image_51.jpg,26.7802734375,500,486,1.0288,3,JPEG,149.86,107.89,72.64,13.77,140.9,149.89,False
train,potato,Image_52.jpg,C:\Users\Computer\OneDrive\เดสก์ท็อป\imageprocessing-prj\data\train\potato\Image_52.jpg,164.0419921875,1500,1125,1.3333,3,JPEG,162.91,126.88,108.73,43.77,106.89,163.11,False
train,potato,Image_53.jpg,C:\Users\Computer\OneDrive\เดสก์ท็อป\imageprocessing-prj\data\train\potato\Image_53.jpg,149.61328125,1154,768,1.5026,3,JPEG,239.16,208.09,160.64,15.18,89.25,239.18,False
train,potato,Image_54.jpg,C:\Users\Computer\OneDrive\เดสก์ท็อป\imageprocessing-prj\data\train\potato\Image_54.jpg,19.3623046875,350,233,1.5021,3,JPEG,226.56,182.47,123.26,17.31,120.9,226.56,False
train,potato,Image_55.jpg,C:\Users\Computer\OneDrive\เดสก์ท็อป\imageprocessing-prj\data\train\potato\Image_55.jpg,140.3974609375,1200,1800,0.6667,3,JPEG,175.75,117.85,54.18,22.83,181.5,175.83,False
train,potato,Image_56.jpg,C:\Users\Computer\OneDrive\เดสก์ท็อป\imageprocessing-prj\data\train\potato\Image_56.jpg,149.1220703125,1396,785,1.7783,3,JPEG,224.63,192.6,145.55,10.71,103.58,224.64,False
train,potato,Image_57.jpg,C:\Users\Computer\OneDrive\เดสก์ท็อป\imageprocessing-prj\data\train\potato\Image_57.jpg,126.103515625,1920,1280,1.5,3,JPEG,225.25,199.57,162.88,11.27,82.36,225.26,False
train,potato,Image_58.jpg,C:\Users\Computer\OneDrive\เดสก์ท็อป\imageprocessing-prj\data\train\potato\Image_58.jpg,217.7109375,1500,1125,1.3333,3,JPEG,136.45,105.76,79.71,15.78,126.26,136.61,False
train,potato,Image_6.jpg,C:\Users\Computer\OneDrive\เดสก์ท็อป\imageprocessing-prj\data\train\potato\Image_6.jpg,59.619140625,876,493,1.7769,3,JPEG,184.99,127.27,91.47,14.57,138.1,184.99,False
train,potato,Image_60.jpg,C:\Users\Computer\OneDrive\เดสก์ท็อป\imageprocessing-prj\data\train\potato\Image_60.jpg,378.8857421875,1359,1096,1.24,3,JPEG,197.58,174.66,154.21,49.13,75.81,203.91,False
train,potato,Image_61.jpg,C:\Users\Computer\OneDrive\เดสก์ท็อป\imageprocessing-prj\data\train\potato\Image_61.jpg,17.873046875,814,739,1.1015,3,JPEG,226.39,215.65,201.66,8.55,38.13,226.42,False
train,potato,Image_62.jpg,C:\Users\Computer\OneDrive\เดสก์ท็อป\imageprocessing-prj\data\train\potato\Image_62.jpg,37.0009765625,550,500,1.1,3,JPEG,234.34,214.42,188.16,11.54,57.01,234.37,False
train,potato,Image_63.jpg,C:\Users\Computer\OneDrive\เดสก์ท็อป\imageprocessing-prj\data\train\potato\Image_63.jpg,1235.7294921875,2209,3323,0.6648,3,MPO,206.12,202.24,200.95,75.27,49.89,221.5,False
train,potato,Image_64.jpg,C:\Users\Computer\OneDrive\เดสก์ท็อป\imageprocessing-prj\data\train\potato\Image_64.jpg,1252.8994140625,1632,1224,1.3333,3,JPEG,119.14,105.63,96.5,29.24,55.89,120.12,False
train,potato,Image_65.png,C:\Users\Computer\OneDrive\เดสก์ท็อป\imageprocessing-prj\data\train\potato\Image_65.png,41.1650390625,375,300,1.25,3,PNG,153.84,139.3,82.28,35.29,133.0,169.54,False
train,potato,Image_66.jpg,C:\Users\Computer\OneDrive\เดสก์ท็อป\imageprocessing-prj\data\train\potato\Image_66.jpg,33.9580078125,447,286,1.5629,3,JPEG,225.17,201.05,175.52,9.3,67.13,225.2,False
train,potato,Image_67.jpg,C:\Users\Computer\OneDrive\เดสก์ท็อป\imageprocessing-prj\data\train\potato\Image_67.jpg,147.4208984375,1098,960,1.1438,3,JPEG,184.61,147.82,104.9,16.28,116.02,184.61,False
train,potato,Image_68.jpg,C:\Users\Computer\OneDrive\เดสก์ท็อป\imageprocessing-prj\data\train\potato\Image_68.jpg,2169.7158203125,4000,3000,1.3333,3,JPEG,192.42,170.41,148.83,23.3,73.44,192.43,False
train,potato,Image_69.png,C:\Users\Computer\OneDrive\เดสก์ท็อป\imageprocessing-prj\data\train\potato\Image_69.png,1925.927734375,2181,1674,1.3029,3,PNG,129.74,101.34,64.3,18.01,94.17,129.74,False
train,potato,Image_7.jpg,C:\Users\Computer\OneDrive\เดสก์ท็อป\imageprocessing-prj\data\train\potato\Image_7.jpg,111.2421875,1280,720,1.7778,3,JPEG,174.18,117.86,9.84,19.67,237.53,174.2,False
train,potato,Image_71.jpg,C:\Users\Computer\OneDrive\เดสก์ท็อป\imageprocessing-prj\data\train\potato\Image_71.jpg,622.423828125,1920,1920,1.0,3,JPEG,172.79,154.64,134.48,8.94,95.4,172.8,False
train,potato,Image_72.jpg,C:\Users\Computer\OneDrive\เดสก์ท็อป\imageprocessing-prj\data\train\potato\Image_72.jpg,13.0009765625,310,310,1.0,3,JPEG,207.97,195.63,182.74,9.37,43.33,208.05,False
train,potato,Image_73.jpg,C:\Users\Computer\OneDrive\เดสก์ท็อป\imageprocessing-prj\data\train\potato\Image_73.jpg,511.6982421875,1698,1131,1.5013,3,JPEG,116.38,89.26,59.97,21.83,119.64,117.66,False
train,potato,Image_74.jpg,C:\Users\Computer\OneDrive\เดสก์ท็อป\imageprocessing-prj\data\train\potato\Image_74.jpg,515.873046875,1280,1911,0.6698,3,JPEG,178.16,149.96,122.13,42.24,109.2,188.84,False
train,potato,Image_76.jpg,C:\Users\Computer\OneDrive\เดสก์ท็อป\imageprocessing-prj\data\train\potato\Image_76.jpg,646.75,1707,1280,1.3336,3,JPEG,202.8,182.47,154.82,8.49,74.97,202.8,False
train,potato,Image_77.jpg,C:\Users\Computer\OneDrive\เดสก์ท็อป\imageprocessing-prj\data\train\potato\Image_77.jpg,120.7724609375,640,480,1.3333,3,JPEG,114.37,86.56,58.8,15.29,141.58,114.43,False
train,potato,Image_78.jpg,C:\Users\Computer\OneDrive\เดสก์ท็อป\imageprocessing-prj\data\train\potato\Image_78.jpg,37.072265625,1000,635,1.5748,3,JPEG,238.97,209.03,161.34,13.86,86.97,239.0,False
train,potato,Image_79.jpg,C:\Users\Computer\OneDrive\เดสก์ท็อป\imageprocessing-prj\data\train\potato\Image_79.jpg,121.72265625,1154,768,1.5026,3,JPEG,249.56,226.57,187.75,19.85,64.76,249.57,False
train,potato,Image_8.jpg,C:\Users\Computer\OneDrive\เดสก์ท็อป\imageprocessing-prj\data\train\potato\Image_8.jpg,410.93359375,2000,1125,1.7778,3,JPEG,134.95,81.61,54.61,14.96,158.3,135.0,False
train,potato,Image_80.png,C:\Users\Computer\OneDrive\เดสก์ท็อป\imageprocessing-prj\data\train\potato\Image_80.png,487.2763671875,872,512,1.7031,3,PNG,220.79,190.47,127.86,14.96,119.43,220.79,False
train,potato,Image_81.jpg,C:\Users\Computer\OneDrive\เดสก์ท็อป\imageprocessing-prj\data\train\potato\Image_81.jpg,245.166015625,1200,798,1.5038,3,JPEG,172.17,104.74,56.84,14.69,165.64,172.2,False
train,potato,Image_82.jpg,C:\Users\Computer\OneDrive\เดสก์ท็อป\imageprocessing-prj\data\train\potato\Image_82.jpg,1476.9580078125,1698,1131,1.5013,3,JPEG,209.13,173.82,163.95,28.07,82.76,209.21,False
train,potato,Image_83.jpg,C:\Users\Computer\OneDrive\เดสก์ท็อป\imageprocessing-prj\data\train\potato\Image_83.jpg,24.169921875,400,268,1.4925,3,JPEG,204.66,156.75,87.45,17.99,155.42,204.68,False
train,potato,Image_84.png,C:\Users\Computer\OneDrive\เดสก์ท็อป\imageprocessing-prj\data\train\potato\Image_84.png,611.4072265625,948,675,1.4044,3,PNG,138.34,109.85,68.25,10.49,78.35,138.34,False
train,potato,Image_85.jpg,C:\Users\Computer\OneDrive\เดสก์ท็อป\imageprocessing-prj\data\train\potato\Image_85.jpg,126.8359375,900,501,1.7964,3,JPEG,164.04,123.48,97.95,53.95,110.64,164.1,False
train,potato,Image_86.jpg,C:\Users\Computer\OneDrive\เดสก์ท็อป\imageprocessing-prj\data\train\potato\Image_86.jpg,2421.8564453125,3264,2448,1.3333,3,JPEG,186.47,171.1,155.62,57.46,61.47,190.53,False
train,potato,Image_88.jpeg,C:\Users\Computer\OneDrive\เดสก์ท็อป\imageprocessing-prj\data\train\potato\Image_88.jpeg,335.4189453125,1514,1047,1.446,3,JPEG,209.32,182.38,137.33,38.68,96.76,211.64,False
train,potato,Image_89.jpg,C:\Users\Computer\OneDrive\เดสก์ท็อป\imageprocessing-prj\data\train\potato\Image_89.jpg,136.095703125,1080,790,1.3671,3,JPEG,123.99,121.34,68.3,26.89,141.12,139.7,False
train,potato,Image_90.png,C:\Users\Computer\OneDrive\เดสก์ท็อป\imageprocessing-prj\data\train\potato\Image_90.png,137.4345703125,339,220,1.5409,3,PNG,117.99,89.95,50.24,11.93,103.1,117.99,False
train,potato,Image_91.jpg,C:\Users\Computer\OneDrive\เดสก์ท็อป\imageprocessing-prj\data\train\potato\Image_91.jpg,21.4169921875,620,350,1.7714,3,JPEG,237.11,220.29,181.04,13.54,65.99,237.14,False
train,potato,Image_92.jpg,C:\Users\Computer\OneDrive\เดสก์ท็อป\imageprocessing-prj\data\train\potato\Image_92.jpg,12.71484375,500,500,1.0,3,JPEG,209.63,198.39,174.79,11.62,60.3,209.67,False
train,potato,Image_94.jpg,C:\Users\Computer\OneDrive\เดสก์ท็อป\imageprocessing-prj\data\train\potato\Image_94.jpg,33.626953125,455,315,1.4444,3,JPEG,140.23,114.9,79.87,20.37,114.93,140.89,False
train,potato,Image_95.jpg,C:\Users\Computer\OneDrive\เดสก์ท็อป\imageprocessing-prj\data\train\potato\Image_95.jpg,140.7744140625,1200,801,1.4981,3,JPEG,222.2,202.63,147.92,19.17,89.58,222.2,False
train,potato,Image_97.jpg,C:\Users\Computer\OneDrive\เดสก์ท็อป\imageprocessing-prj\data\train\potato\Image_97.jpg,164.32421875,795,1024,0.7764,3,JPEG,115.38,89.47,53.48,22.38,155.18,115.39,False
train,potato,Image_98.jpg,C:\Users\Computer\OneDrive\เดสก์ท็อป\imageprocessing-prj\data\train\potato\Image_98.jpg,24.26171875,620,349,1.7765,3,JPEG,199.21,151.27,81.88,17.56,157.61,199.21,False
train,potato,Image_99.JPG,C:\Users\Computer\OneDrive\เดสก์ท็อป\imageprocessing-prj\data\train\potato\Image_99.JPG,72.353515625,1200,809,1.4833,3,JPEG,148.59,126.23,99.62,20.83,89.59,149.0,False
train,raddish,Image_1.jpg,C:\Users\Computer\OneDrive\เดสก์ท็อป\imageprocessing-prj\data\train\raddish\Image_1.jpg,120.51171875,1200,900,1.3333,3,JPEG,167.21,176.22,154.73,65.1,59.29,181.81,False
train,raddish,Image_10.jpg,C:\Users\Computer\OneDrive\เดสก์ท็อป\imageprocessing-prj\data\train\raddish\Image_10.jpg,79.2392578125,1300,867,1.4994,3,JPEG,225.29,228.41,218.91,19.38,26.76,232.5,False
train,raddish,Image_100.jpg,C:\Users\Computer\OneDrive\เดสก์ท็อป\imageprocessing-prj\data\train\raddish\Image_100.jpg,243.61328125,1018,960,1.0604,3,JPEG,191.08,185.5,152.81,25.26,74.01,196.45,False
train,raddish,Image_11.png,C:\Users\Computer\OneDrive\เดสก์ท็อป\imageprocessing-prj\data\train\raddish\Image_11.png,3170.1103515625,900,900,1.0,3,PNG,232.05,233.26,222.48,8.88,20.89,234.45,False
train,raddish,Image_12.jpg,C:\Users\Computer\OneDrive\เดสก์ท็อป\imageprocessing-prj\data\train\raddish\Image_12.jpg,210.7333984375,1060,1300,0.8154,3,JPEG,128.68,120.93,68.0,41.84,144.38,141.18,False
train,raddish,Image_13.jpg,C:\Users\Computer\OneDrive\เดสก์ท็อป\imageprocessing-prj\data\train\raddish\Image_13.jpg,78.3212890625,1300,956,1.3598,3,JPEG,210.38,213.24,206.53,28.86,30.86,218.77,False
train,raddish,Image_14.jpg,C:\Users\Computer\OneDrive\เดสก์ท็อป\imageprocessing-prj\data\train\raddish\Image_14.jpg,22.9873046875,500,375,1.3333,3,JPEG,245.74,239.96,231.17,13.9,22.3,248.3,False
train,raddish,Image_15.jpg,C:\Users\Computer\OneDrive\เดสก์ท็อป\imageprocessing-prj\data\train\raddish\Image_15.jpg,30.2578125,500,500,1.0,3,JPEG,231.12,232.91,218.41,16.41,24.38,234.37,False
train,raddish,Image_16.jpg,C:\Users\Computer\OneDrive\เดสก์ท็อป\imageprocessing-prj\data\train\raddish\Image_16.jpg,131.310546875,360,360,1.0,3,JPEG,162.79,120.15,107.94,82.63,118.58,170.35,False
train,raddish,Image_17.jpg,C:\Users\Computer\OneDrive\เดสก์ท็อป\imageprocessing-prj\data\train\raddish\Image_17.jpg,64.140625,1300,957,1.3584,3,JPEG,239.4,236.45,230.5,21.43,17.15,241.3,False
train,raddish,Image_18.jpg,C:\Users\Computer\OneDrive\เดสก์ท็อป\imageprocessing-prj\data\train\raddish\Image_18.jpg,157.5322265625,500,750,0.6667,3,JPEG,150.46,126.98,90.1,35.28,121.08,158.05,False
train,raddish,Image_19.jpg,C:\Users\Computer\OneDrive\เดสก์ท็อป\imageprocessing-prj\data\train\raddish\Image_19.jpg,141.6162109375,1300,1167,1.114,3,JPEG,235.23,200.3,192.96,47.43,61.21,236.08,False
train,raddish,Image_2.jpg,C:\Users\Computer\OneDrive\เดสก์ท็อป\imageprocessing-prj\data\train\raddish\Image_2.jpg,12.4658203125,700,700,1.0,3,JPEG,228.7,229.73,218.43,10.02,28.75,232.3,False
train,raddish,Image_20.jpg,C:\Users\Computer\OneDrive\เดสก์ท็อป\imageprocessing-prj\data\train\raddish\Image_20.jpg,324.4501953125,1024,683,1.4993,3,JPEG,92.55,71.9,45.45,29.12,140.17,95.57,False
train,raddish,Image_21.jpg,C:\Users\Computer\OneDrive\เดสก์ท็อป\imageprocessing-prj\data\train\raddish\Image_21.jpg,40.421875,450,537,0.838,3,JPEG,131.09,86.85,63.28,50.71,170.19,139.16,False
train,raddish,Image_22.jpg,C:\Users\Computer\OneDrive\เดสก์ท็อป\imageprocessing-prj\data\train\raddish\Image_22.jpg,66.51953125,338,470,0.7191,3,JPEG,135.58,97.56,70.4,81.52,162.26,148.53,False
train,raddish,Image_23.jpg,C:\Users\Computer\OneDrive\เดสก์ท็อป\imageprocessing-prj\data\train\raddish\Image_23.jpg,36.2119140625,600,399,1.5038,3,JPEG,141.37,93.81,82.82,102.7,153.05,156.05,False
train,raddish,Image_24.JPG,C:\Users\Computer\OneDrive\เดสก์ท็อป\imageprocessing-prj\data\train\raddish\Image_24.JPG,59.12890625,500,500,1.0,3,JPEG,74.64,88.94,58.22,71.88,110.79,95.44,False
train,raddish,Image_25.jpg,C:\Users\Computer\OneDrive\เดสก์ท็อป\imageprocessing-prj\data\train\raddish\Image_25.jpg,76.193359375,1200,1200,1.0,3,JPEG,244.93,242.36,231.09,7.05,18.59,245.32,False
train,raddish,Image_26.jpg,C:\Users\Computer\OneDrive\เดสก์ท็อป\imageprocessing-prj\data\train\raddish\Image_26.jpg,100.0341796875,1300,1014,1.2821,3,JPEG,228.02,211.71,195.19,25.57,52.23,229.65,False
train,raddish,Image_27.jpg,C:\Users\Computer\OneDrive\เดสก์ท็อป\imageprocessing-prj\data\train\raddish\Image_27.jpg,40.025390625,400,400,1.0,3,JPEG,153.41,143.88,115.92,22.77,79.71,153.9,False
train,raddish,Image_28.jpg,C:\Users\Computer\OneDrive\เดสก์ท็อป\imageprocessing-prj\data\train\raddish\Image_28.jpg,7.916015625,304,216,1.4074,3,JPEG,236.67,237.23,223.73,12.99,29.21,241.7,False
train,raddish,Image_29.jpg,C:\Users\Computer\OneDrive\เดสก์ท็อป\imageprocessing-prj\data\train\raddish\Image_29.jpg,158.189453125,1200,757,1.5852,3,JPEG,39.53,21.32,15.89,39.7,143.49,41.05,False
train,raddish,Image_3.jpg,C:\Users\Computer\OneDrive\เดสก์ท็อป\imageprocessing-prj\data\train\raddish\Image_3.jpg,236.3212890625,957,1300,0.7362,3,JPEG,142.03,156.02,128.53,43.83,76.26,160.45,False
train,raddish,Image_30.JPG,C:\Users\Computer\OneDrive\เดสก์ท็อป\imageprocessing-prj\data\train\raddish\Image_30.JPG,286.4814453125,1600,904,1.7699,3,JPEG,114.9,72.53,57.69,87.86,188.0,131.67,False
train,raddish,Image_31.jpg,C:\Users\Computer\OneDrive\เดสก์ท็อป\imageprocessing-prj\data\train\raddish\Image_31.jpg,48.693359375,450,319,1.4107,3,JPEG,156.18,156.88,97.71,28.74,120.82,161.61,False
train,raddish,Image_32.jpg,C:\Users\Computer\OneDrive\เดสก์ท็อป\imageprocessing-prj\data\train\raddish\Image_32.jpg,38.7001953125,300,300,1.0,3,JPEG,150.76,142.91,118.02,26.81,79.55,155.21,False
train,raddish,Image_33.jpg,C:\Users\Computer\OneDrive\เดสก์ท็อป\imageprocessing-prj\data\train\raddish\Image_33.jpg,1531.9873046875,4048,2688,1.506,3,JPEG,127.41,77.81,74.71,96.38,159.99,133.5,False
train,raddish,Image_34.jpg,C:\Users\Computer\OneDrive\เดสก์ท็อป\imageprocessing-prj\data\train\raddish\Image_34.jpg,21.7333984375,800,800,1.0,3,JPEG,247.27,247.88,244.13,3.48,7.59,248.41,False
train,raddish,Image_35.jpg,C:\Users\Computer\OneDrive\เดสก์ท็อป\imageprocessing-prj\data\train\raddish\Image_35.jpg,106.578125,600,600,1.0,3,JPEG,116.59,72.02,73.53,106.08,103.35,121.39,False
train,raddish,Image_36.jpg,C:\Users\Computer\OneDrive\เดสก์ท็อป\imageprocessing-prj\data\train\raddish\Image_36.jpg,38.220703125,347,280,1.2393,3,JPEG,131.68,89.44,84.21,102.34,147.77,147.9,False
train,raddish,Image_37.jpg,C:\Users\Computer\OneDrive\เดสก์ท็อป\imageprocessing-prj\data\train\raddish\Image_37.jpg,137.515625,1300,956,1.3598,3,JPEG,107.61,97.52,80.38,68.87,122.57,118.85,False
train,raddish,Image_38.png,C:\Users\Computer\OneDrive\เดสก์ท็อป\imageprocessing-prj\data\train\raddish\Image_38.png,9.0458984375,300,300,1.0,3,PNG,230.58,232.23,219.14,8.43,26.18,234.18,False
train,raddish,Image_39.jpg,C:\Users\Computer\OneDrive\เดสก์ท็อป\imageprocessing-prj\data\train\raddish\Image_39.jpg,364.9697265625,1440,776,1.8557,3,JPEG,145.68,134.17,124.71,7.25,45.97,146.71,False
train,raddish,Image_4.jpg,C:\Users\Computer\OneDrive\เดสก์ท็อป\imageprocessing-prj\data\train\raddish\Image_4.jpg,243.61328125,1018,960,1.0604,3,JPEG,191.08,185.5,152.81,25.26,74.01,196.45,False
train,raddish,Image_40.jpg,C:\Users\Computer\OneDrive\เดสก์ท็อป\imageprocessing-prj\data\train\raddish\Image_40.jpg,1681.0654296875,1936,1288,1.5031,3,JPEG,150.96,86.89,61.55,26.81,149.05,151.63,False
train,raddish,Image_41.jpg,C:\Users\Computer\OneDrive\เดสก์ท็อป\imageprocessing-prj\data\train\raddish\Image_41.jpg,66.0712890625,1300,957,1.3584,3,JPEG,227.71,227.67,219.96,79.12,26.05,231.7,False
train,raddish,Image_42.jpg,C:\Users\Computer\OneDrive\เดสก์ท็อป\imageprocessing-prj\data\train\raddish\Image_42.jpg,19.2685546875,390,280,1.3929,3,JPEG,224.65,199.16,188.07,25.08,57.32,226.89,False
train,raddish,Image_43.jpg,C:\Users\Computer\OneDrive\เดสก์ท็อป\imageprocessing-prj\data\train\raddish\Image_43.jpg,122.0107421875,800,1066,0.7505,3,JPEG,127.68,83.16,64.69,84.0,148.72,136.58,False
train,raddish,Image_44.jpg,C:\Users\Computer\OneDrive\เดสก์ท็อป\imageprocessing-prj\data\train\raddish\Image_44.jpg,110.81640625,600,900,0.6667,3,JPEG,95.54,66.38,53.04,41.14,140.82,96.45,False
train,raddish,Image_45.jpg,C:\Users\Computer\OneDrive\เดสก์ท็อป\imageprocessing-prj\data\train\raddish\Image_45.jpg,90.919921875,800,533,1.5009,3,JPEG,179.57,186.42,146.62,57.37,84.87,201.47,False
train,raddish,Image_48.png,C:\Users\Computer\OneDrive\เดสก์ท็อป\imageprocessing-prj\data\train\raddish\Image_48.png,451.1728515625,674,858,0.7855,3,PNG,95.49,71.66,62.55,40.7,61.59,96.29,False
train,raddish,Image_49.jpg,C:\Users\Computer\OneDrive\เดสก์ท็อป\imageprocessing-prj\data\train\raddish\Image_49.jpg,18.9736328125,660,330,2.0,3,JPEG,170.21,116.75,98.79,56.71,119.35,172.46,False
train,raddish,Image_5.jpg,C:\Users\Computer\OneDrive\เดสก์ท็อป\imageprocessing-prj\data\train\raddish\Image_5.jpg,61.1689453125,500,500,1.0,3,JPEG,152.29,158.91,139.53,34.74,75.66,162.61,False
train,raddish,Image_50.jpg,C:\Users\Computer\OneDrive\เดสก์ท็อป\imageprocessing-prj\data\train\raddish\Image_50.jpg,141.6640625,1300,1065,1.2207,3,JPEG,177.55,176.06,152.43,38.49,78.7,188.74,False
train,raddish,Image_52.jpg,C:\Users\Computer\OneDrive\เดสก์ท็อป\imageprocessing-prj\data\train\raddish\Image_52.jpg,230.765625,1300,1159,1.1217,3,JPEG,140.05,110.09,62.12,35.44,163.32,143.3,False
train,raddish,Image_54.png,C:\Users\Computer\OneDrive\เดสก์ท็อป\imageprocessing-prj\data\train\raddish\Image_54.png,210.8974609375,650,830,0.7831,3,PNG,238.28,239.67,231.41,5.4,16.8,240.78,False
train,raddish,Image_55.jpg,C:\Users\Computer\OneDrive\เดสก์ท็อป\imageprocessing-prj\data\train\raddish\Image_55.jpg,74.7705078125,640,427,1.4988,3,JPEG,163.76,35.6,67.41,150.52,206.37,163.88,False
train,raddish,Image_56.jpg,C:\Users\Computer\OneDrive\เดสก์ท็อป\imageprocessing-prj\data\train\raddish\Image_56.jpg,10.626953125,236,214,1.1028,3,JPEG,179.59,178.87,167.87,53.6,39.3,185.04,False
train,raddish,Image_57.jpg,C:\Users\Computer\OneDrive\เดสก์ท็อป\imageprocessing-prj\data\train\raddish\Image_57.jpg,55.0068359375,720,340,2.1176,3,JPEG,95.66,97.02,93.48,81.41,53.07,104.53,False
train,raddish,Image_58.jpg,C:\Users\Computer\OneDrive\เดสก์ท็อป\imageprocessing-prj\data\train\raddish\Image_58.jpg,25.6044921875,600,600,1.0,3,JPEG,222.48,190.58,190.39,61.41,62.45,227.09,False
train,raddish,Image_59.png,C:\Users\Computer\OneDrive\เดสก์ท็อป\imageprocessing-prj\data\train\raddish\Image_59.png,315.8876953125,339,500,0.678,3,PNG,126.82,169.07,137.46,59.4,109.55,169.39,False
train,raddish,Image_6.jpg,C:\Users\Computer\OneDrive\เดสก์ท็อป\imageprocessing-prj\data\train\raddish\Image_6.jpg,119.279296875,800,800,1.0,3,JPEG,149.31,136.46,114.65,63.73,99.58,160.33,False
train,raddish,Image_60.jpg,C:\Users\Computer\OneDrive\เดสก์ท็อป\imageprocessing-prj\data\train\raddish\Image_60.jpg,359.3837890625,1024,660,1.5515,3,JPEG,80.03,60.9,35.84,26.18,143.66,82.03,False
train,raddish,Image_63.jpg,C:\Users\Computer\OneDrive\เดสก์ท็อป\imageprocessing-prj\data\train\raddish\Image_63.jpg,53.30078125,600,450,1.3333,3,JPEG,203.36,178.32,103.22,23.86,140.6,208.75,False
train,raddish,Image_64.jpg,C:\Users\Computer\OneDrive\เดสก์ท็อป\imageprocessing-prj\data\train\raddish\Image_64.jpg,20.9365234375,500,257,1.9455,3,JPEG,176.85,131.16,127.01,48.34,119.89,177.0,False
train,raddish,Image_65.jpg,C:\Users\Computer\OneDrive\เดสก์ท็อป\imageprocessing-prj\data\train\raddish\Image_65.jpg,25.4375,500,500,1.0,3,JPEG,238.84,240.75,230.56,8.19,19.78,241.96,False
train,raddish,Image_66.jpg,C:\Users\Computer\OneDrive\เดสก์ท็อป\imageprocessing-prj\data\train\raddish\Image_66.jpg,40.525390625,800,531,1.5066,3,JPEG,238.11,206.61,206.41,38.76,48.98,239.21,False
train,raddish,Image_67.jpg,C:\Users\Computer\OneDrive\เดสก์ท็อป\imageprocessing-prj\data\train\raddish\Image_67.jpg,56.84765625,480,360,1.3333,3,JPEG,112.35,126.89,87.95,39.28,86.41,128.46,False
train,raddish,Image_68.jpg,C:\Users\Computer\OneDrive\เดสก์ท็อป\imageprocessing-prj\data\train\raddish\Image_68.jpg,125.94921875,1065,1300,0.8192,3,JPEG,168.08,158.55,145.19,25.61,44.06,169.53,False
train,raddish,Image_69.jpg,C:\Users\Computer\OneDrive\เดสก์ท็อป\imageprocessing-prj\data\train\raddish\Image_69.jpg,1111.015625,1201,1371,0.876,3,JPEG,49.33,48.45,55.36,106.29,117.7,66.43,False
train,raddish,Image_7.jpg,C:\Users\Computer\OneDrive\เดสก์ท็อป\imageprocessing-prj\data\train\raddish\Image_7.jpg,224.90234375,800,800,1.0,3,JPEG,169.02,160.73,108.7,26.66,124.64,178.03,False
train,raddish,Image_70.jpg,C:\Users\Computer\OneDrive\เดสก์ท็อป\imageprocessing-prj\data\train\raddish\Image_70.jpg,115.203125,800,531,1.5066,3,JPEG,215.22,104.85,161.49,154.4,135.42,218.36,False
train,raddish,Image_71.png,C:\Users\Computer\OneDrive\เดสก์ท็อป\imageprocessing-prj\data\train\raddish\Image_71.png,143.9833984375,250,202,1.2376,3,PNG,130.21,155.18,113.97,47.87,78.47,157.92,False
train,raddish,Image_72.jpg,C:\Users\Computer\OneDrive\เดสก์ท็อป\imageprocessing-prj\data\train\raddish\Image_72.jpg,80.7841796875,638,479,1.3319,3,JPEG,171.67,183.55,174.69,45.96,58.27,189.62,False
train,raddish,Image_75.jpg,C:\Users\Computer\OneDrive\เดสก์ท็อป\imageprocessing-prj\data\train\raddish\Image_75.jpg,16.142578125,460,345,1.3333,3,JPEG,242.66,241.57,222.21,10.89,27.58,244.26,False
train,raddish,Image_78.jpg,C:\Users\Computer\OneDrive\เดสก์ท็อป\imageprocessing-prj\data\train\raddish\Image_78.jpg,119.0986328125,953,1300,0.7331,3,JPEG,222.92,222.31,214.14,60.63,24.65,229.56,False
train,raddish,Image_8.jpeg,C:\Users\Computer\OneDrive\เดสก์ท็อป\imageprocessing-prj\data\train\raddish\Image_8.jpeg,774.8125,1385,1793,0.7724,3,JPEG,160.89,163.27,125.19,31.3,96.96,170.68,False
train,raddish,Image_81.jpg,C:\Users\Computer\OneDrive\เดสก์ท็อป\imageprocessing-prj\data\train\raddish\Image_81.jpg,135.814453125,1600,1066,1.5009,3,JPEG,113.51,100.38,36.49,28.87,189.55,121.82,False
train,raddish,Image_82.jpg,C:\Users\Computer\OneDrive\เดสก์ท็อป\imageprocessing-prj\data\train\raddish\Image_82.jpg,294.666015625,1920,1280,1.5,3,JPEG,77.35,63.71,62.24,101.44,61.41,82.68,False
train,raddish,Image_84.jpg,C:\Users\Computer\OneDrive\เดสก์ท็อป\imageprocessing-prj\data\train\raddish\Image_84.jpg,127.9814453125,800,1000,0.8,3,JPEG,119.15,117.82,91.24,63.8,121.55,140.04,False
train,raddish,Image_85.jpg,C:\Users\Computer\OneDrive\เดสก์ท็อป\imageprocessing-prj\data\train\raddish\Image_85.jpg,119.7001953125,700,870,0.8046,3,JPEG,162.67,148.01,104.3,38.42,116.65,170.94,False
train,raddish,Image_88.png,C:\Users\Computer\OneDrive\เดสก์ท็อป\imageprocessing-prj\data\train\raddish\Image_88.png,644.96875,598,597,1.0017,3,PNG,123.72,109.13,92.85,71.6,98.03,130.43,False
train,raddish,Image_89.jpg,C:\Users\Computer\OneDrive\เดสก์ท็อป\imageprocessing-prj\data\train\raddish\Image_89.jpg,341.4873046875,1536,2048,0.75,3,JPEG,145.34,121.65,132.95,105.62,84.43,150.79,False
train,raddish,Image_9.png,C:\Users\Computer\OneDrive\เดสก์ท็อป\imageprocessing-prj\data\train\raddish\Image_9.png,153.2353515625,450,284,1.5845,3,PNG,183.19,176.52,144.14,39.21,94.16,196.73,False
train,raddish,Image_90.jpg,C:\Users\Computer\OneDrive\เดสก์ท็อป\imageprocessing-prj\data\train\raddish\Image_90.jpg,31.0771484375,295,440,0.6705,3,JPEG,218.71,207.14,205.34,64.7,34.26,220.27,False
train,raddish,Image_91.jpg,C:\Users\Computer\OneDrive\เดสก์ท็อป\imageprocessing-prj\data\train\raddish\Image_91.jpg,90.7275390625,600,400,1.5,3,JPEG,155.24,67.18,79.25,137.02,150.24,156.95,False
train,raddish,Image_96.jpg,C:\Users\Computer\OneDrive\เดสก์ท็อป\imageprocessing-prj\data\train\raddish\Image_96.jpg,7.8388671875,240,160,1.5,3,JPEG,229.5,227.57,216.86,10.78,23.65,230.57,False
train,raddish,Image_97.jpg,C:\Users\Computer\OneDrive\เดสก์ท็อป\imageprocessing-prj\data\train\raddish\Image_97.jpg,120.51171875,1200,900,1.3333,3,JPEG,167.21,176.22,154.73,65.1,59.29,181.81,False
train,raddish,Image_98.jpg,C:\Users\Computer\OneDrive\เดสก์ท็อป\imageprocessing-prj\data\train\raddish\Image_98.jpg,12.4658203125,700,700,1.0,3,JPEG,228.7,229.73,218.43,10.02,28.75,232.3,False
train,raddish,Image_99.jpg,C:\Users\Computer\OneDrive\เดสก์ท็อป\imageprocessing-prj\data\train\raddish\Image_99.jpg,236.3212890625,957,1300,0.7362,3,JPEG,142.03,156.02,128.53,43.83,76.26,160.45,False
train,soy beans,Image_1.jpg,C:\Users\Computer\OneDrive\เดสก์ท็อป\imageprocessing-prj\data\train\soy beans\Image_1.jpg,105.1826171875,1000,667,1.4993,3,JPEG,170.87,127.35,75.59,16.2,149.6,170.95,False
train,soy beans,Image_10.jpg,C:\Users\Computer\OneDrive\เดสก์ท็อป\imageprocessing-prj\data\train\soy beans\Image_10.jpg,428.1630859375,1000,664,1.506,3,JPEG,226.25,207.49,183.79,11.78,59.05,226.27,False
train,soy beans,Image_100.jpg,C:\Users\Computer\OneDrive\เดสก์ท็อป\imageprocessing-prj\data\train\soy beans\Image_100.jpg,44.01171875,1024,683,1.4993,3,JPEG,234.72,226.57,211.67,53.09,35.1,235.78,False
train,soy beans,Image_11.jpg,C:\Users\Computer\OneDrive\เดสก์ท็อป\imageprocessing-prj\data\train\soy beans\Image_11.jpg,486.1337890625,1280,1053,1.2156,3,JPEG,152.36,152.7,105.83,36.88,111.81,170.43,False
train,soy beans,Image_12.jpg,C:\Users\Computer\OneDrive\เดสก์ท็อป\imageprocessing-prj\data\train\soy beans\Image_12.jpg,468.84765625,4122,2748,1.5,3,JPEG,139.79,128.4,120.4,68.63,58.66,143.98,False
train,soy beans,Image_13.png,C:\Users\Computer\OneDrive\เดสก์ท็อป\imageprocessing-prj\data\train\soy beans\Image_13.png,568.845703125,1371,774,1.7713,3,PNG,204.5,150.19,99.8,14.37,136.26,204.5,False
train,soy beans,Image_14.jpg,C:\Users\Computer\OneDrive\เดสก์ท็อป\imageprocessing-prj\data\train\soy beans\Image_14.jpg,986.865234375,1200,800,1.5,3,JPEG,208.78,155.4,111.19,13.67,128.65,208.78,False
train,soy beans,Image_15.jpg,C:\Users\Computer\OneDrive\เดสก์ท็อป\imageprocessing-prj\data\train\soy beans\Image_15.jpg,50.837890625,467,309,1.5113,3,JPEG,130.2,101.71,67.43,26.67,137.02,131.96,False
train,soy beans,Image_16.jpg,C:\Users\Computer\OneDrive\เดสก์ท็อป\imageprocessing-prj\data\train\soy beans\Image_16.jpg,272.224609375,1280,720,1.7778,3,JPEG,160.62,124.38,95.68,32.55,118.63,160.62,False
train,soy beans,Image_17.jpg,C:\Users\Computer\OneDrive\เดสก์ท็อป\imageprocessing-prj\data\train\soy beans\Image_17.jpg,659.703125,1200,800,1.5,3,JPEG,189.71,172.67,149.68,23.25,68.88,190.05,False
train,soy beans,Image_18.JPG,C:\Users\Computer\OneDrive\เดสก์ท็อป\imageprocessing-prj\data\train\soy beans\Image_18.JPG,51.6875,774,398,1.9447,3,JPEG,181.71,129.84,96.48,12.05,134.26,181.71,False
train,soy beans,Image_19.jpg,C:\Users\Computer\OneDrive\เดสก์ท็อป\imageprocessing-prj\data\train\soy beans\Image_19.jpg,1013.583984375,1200,800,1.5,3,JPEG,139.78,118.69,85.44,19.1,108.95,139.84,False
train,soy beans,Image_2.jpg,C:\Users\Computer\OneDrive\เดสก์ท็อป\imageprocessing-prj\data\train\soy beans\Image_2.jpg,204.1435546875,1200,667,1.7991,3,JPEG,158.27,113.63,62.56,30.69,168.37,161.96,False
train,soy beans,Image_20.jpg,C:\Users\Computer\OneDrive\เดสก์ท็อป\imageprocessing-prj\data\train\soy beans\Image_20.jpg,93.982421875,900,600,1.5,3,JPEG,152.15,132.05,91.96,21.2,121.04,152.22,False
train,soy beans,Image_21.jpg,C:\Users\Computer\OneDrive\เดสก์ท็อป\imageprocessing-prj\data\train\soy beans\Image_21.jpg,67.9697265625,1000,767,1.3038,3,JPEG,234.5,210.97,185.86,11.33,60.45,234.52,False
train,soy beans,Image_22.jpg,C:\Users\Computer\OneDrive\เดสก์ท็อป\imageprocessing-prj\data\train\soy beans\Image_22.jpg,321.96484375,1255,837,1.4994,3,JPEG,234.55,218.27,180.63,36.8,67.03,234.91,False
train,soy beans,Image_23.jpg,C:\Users\Computer\OneDrive\เดสก์ท็อป\imageprocessing-prj\data\train\soy beans\Image_23.jpg,41.939453125,250,188,1.3298,3,JPEG,183.89,162.37,131.17,25.99,87.47,183.97,False
train,soy beans,Image_24.jpg,C:\Users\Computer\OneDrive\เดสก์ท็อป\imageprocessing-prj\data\train\soy beans\Image_24.jpg,750.662109375,1334,1334,1.0,3,JPEG,138.02,114.91,92.2,47.65,81.2,138.63,False
train,soy beans,Image_25.jpg,C:\Users\Computer\OneDrive\เดสก์ท็อป\imageprocessing-prj\data\train\soy beans\Image_25.jpg,56.966796875,1280,880,1.4545,3,JPEG,243.28,231.98,213.89,6.68,37.48,243.32,False
train,soy beans,Image_26.jpg,C:\Users\Computer\OneDrive\เดสก์ท็อป\imageprocessing-prj\data\train\soy beans\Image_26.jpg,289.6689453125,500,334,1.497,3,JPEG,169.81,140.39,94.46,20.1,124.31,170.0,False
train,soy beans,Image_27.jpg,C:\Users\Computer\OneDrive\เดสก์ท็อป\imageprocessing-prj\data\train\soy beans\Image_27.jpg,52.5263671875,678,381,1.7795,3,JPEG,144.64,108.66,69.83,15.84,149.21,144.65,False
train,soy beans,Image_28.jpg,C:\Users\Computer\OneDrive\เดสก์ท็อป\imageprocessing-prj\data\train\soy beans\Image_28.jpg,47.5703125,700,450,1.5556,3,JPEG,181.7,176.3,77.77,25.84,157.85,194.0,False
train,soy beans,Image_29.jpg,C:\Users\Computer\OneDrive\เดสก์ท็อป\imageprocessing-prj\data\train\soy beans\Image_29.jpg,173.4140625,800,600,1.3333,3,JPEG,206.55,159.94,114.72,14.9,123.43,206.55,False
train,soy beans,Image_3.jpg,C:\Users\Computer\OneDrive\เดสก์ท็อป\imageprocessing-prj\data\train\soy beans\Image_3.jpg,195.556640625,900,600,1.5,3,JPEG,148.48,101.24,75.05,36.64,143.35,148.51,False
train,soy beans,Image_30.jpg,C:\Users\Computer\OneDrive\เดสก์ท็อป\imageprocessing-prj\data\train\soy beans\Image_30.jpg,652.3427734375,1200,806,1.4888,3,JPEG,185.31,153.74,95.36,19.3,132.27,185.32,False
train,soy beans,Image_31.jpg,C:\Users\Computer\OneDrive\เดสก์ท็อป\imageprocessing-prj\data\train\soy beans\Image_31.jpg,47.65234375,400,300,1.3333,3,JPEG,137.72,115.48,75.16,21.38,126.41,137.81,False
train,soy beans,Image_32.png,C:\Users\Computer\OneDrive\เดสก์ท็อป\imageprocessing-prj\data\train\soy beans\Image_32.png,329.125,468,314,1.4904,3,PNG,150.06,103.32,50.23,15.62,185.49,150.06,False
train,soy beans,Image_33.jpg,C:\Users\Computer\OneDrive\เดสก์ท็อป\imageprocessing-prj\data\train\soy beans\Image_33.jpg,65.58984375,700,455,1.5385,3,JPEG,193.82,154.58,111.17,15.69,119.85,193.83,False
train,soy beans,Image_34.png,C:\Users\Computer\OneDrive\เดสก์ท็อป\imageprocessing-prj\data\train\soy beans\Image_34.png,463.7099609375,600,600,1.0,3,PNG,214.05,172.5,118.08,17.64,121.86,214.05,False
train,soy beans,Image_35.jpg,C:\Users\Computer\OneDrive\เดสก์ท็อป\imageprocessing-prj\data\train\soy beans\Image_35.jpg,404.6025390625,1300,958,1.357,3,JPEG,203.53,165.28,98.53,17.9,146.04,203.71,False
train,soy beans,Image_36.jpg,C:\Users\Computer\OneDrive\เดสก์ท็อป\imageprocessing-prj\data\train\soy beans\Image_36.jpg,23.1748046875,673,450,1.4956,3,JPEG,240.46,225.29,207.22,7.72,42.47,240.49,False
train,soy beans,Image_37.jpg,C:\Users\Computer\OneDrive\เดสก์ท็อป\imageprocessing-prj\data\train\soy beans\Image_37.jpg,45.2685546875,500,500,1.0,3,JPEG,225.44,214.12,168.87,21.95,76.93,230.72,False
train,soy beans,Image_38.jpg,C:\Users\Computer\OneDrive\เดสก์ท็อป\imageprocessing-prj\data\train\soy beans\Image_38.jpg,168.6982421875,1000,750,1.3333,3,JPEG,158.98,119.93,63.56,17.46,160.0,158.98,False
train,soy beans,Image_39.jpg,C:\Users\Computer\OneDrive\เดสก์ท็อป\imageprocessing-prj\data\train\soy beans\Image_39.jpg,18.228515625,325,249,1.3052,3,JPEG,229.63,207.76,189.85,18.6,53.12,229.87,False
train,soy beans,Image_4.jpg,C:\Users\Computer\OneDrive\เดสก์ท็อป\imageprocessing-prj\data\train\soy beans\Image_4.jpg,44.01171875,1024,683,1.4993,3,JPEG,234.72,226.57,211.67,53.09,35.1,235.78,False
train,soy beans,Image_40.jpg,C:\Users\Computer\OneDrive\เดสก์ท็อป\imageprocessing-prj\data\train\soy beans\Image_40.jpg,22.6318359375,280,246,1.1382,3,JPEG,166.48,146.26,116.78,19.63,87.58,166.63,False
train,soy beans,Image_41.jpg,C:\Users\Computer\OneDrive\เดสก์ท็อป\imageprocessing-prj\data\train\soy beans\Image_41.jpg,54.48046875,500,500,1.0,3,JPEG,155.77,179.34,117.46,51.85,105.19,182.05,False
train,soy beans,Image_42.png,C:\Users\Computer\OneDrive\เดสก์ท็อป\imageprocessing-prj\data\train\soy beans\Image_42.png,284.900390625,400,357,1.1204,3,PNG,131.12,107.22,73.2,12.28,80.28,131.12,False
train,soy beans,Image_43.jpg,C:\Users\Computer\OneDrive\เดสก์ท็อป\imageprocessing-prj\data\train\soy beans\Image_43.jpg,101.1513671875,500,400,1.25,3,JPEG,145.61,89.53,76.41,32.01,149.06,145.83,False
train,soy beans,Image_44.jpg,C:\Users\Computer\OneDrive\เดสก์ท็อป\imageprocessing-prj\data\train\soy beans\Image_44.jpg,181.0712890625,960,640,1.5,3,JPEG,233.64,203.47,175.91,13.43,76.25,233.65,False
train,soy beans,Image_45.jpg,C:\Users\Computer\OneDrive\เดสก์ท็อป\imageprocessing-prj\data\train\soy beans\Image_45.jpg,360.830078125,1000,750,1.3333,3,JPEG,148.76,120.01,71.79,32.11,160.55,151.94,False
train,soy beans,Image_46.jpg,C:\Users\Computer\OneDrive\เดสก์ท็อป\imageprocessing-prj\data\train\soy beans\Image_46.jpg,70.4873046875,500,500,1.0,3,JPEG,87.65,132.96,55.24,48.07,159.06,132.98,False
train,soy beans,Image_47.jpg,C:\Users\Computer\OneDrive\เดสก์ท็อป\imageprocessing-prj\data\train\soy beans\Image_47.jpg,59.837890625,781,615,1.2699,3,JPEG,123.4,168.82,72.7,45.13,160.13,168.82,False
train,soy beans,Image_48.jpg,C:\Users\Computer\OneDrive\เดสก์ท็อป\imageprocessing-prj\data\train\soy beans\Image_48.jpg,125.0283203125,1067,1600,0.6669,3,JPEG,151.86,175.87,115.37,50.15,103.93,176.5,False
train,soy beans,Image_49.jpg,C:\Users\Computer\OneDrive\เดสก์ท็อป\imageprocessing-prj\data\train\soy beans\Image_49.jpg,370.2939453125,1600,1100,1.4545,3,JPEG,162.76,195.35,124.43,48.06,102.24,195.96,False
train,soy beans,Image_5.jpg,C:\Users\Computer\OneDrive\เดสก์ท็อป\imageprocessing-prj\data\train\soy beans\Image_5.jpg,2383.853515625,3264,2448,1.3333,3,JPEG,181.05,141.19,79.72,20.69,149.89,181.7,False
train,soy beans,Image_50.jpg,C:\Users\Computer\OneDrive\เดสก์ท็อป\imageprocessing-prj\data\train\soy beans\Image_50.jpg,396.6806640625,1626,1080,1.5056,3,JPEG,138.24,139.52,61.82,30.27,170.66,145.68,False
train,soy beans,Image_51.jpg,C:\Users\Computer\OneDrive\เดสก์ท็อป\imageprocessing-prj\data\train\soy beans\Image_51.jpg,264.9169921875,1200,800,1.5,3,JPEG,178.13,154.45,123.31,18.1,90.44,178.16,False
train,soy beans,Image_52.jpg,C:\Users\Computer\OneDrive\เดสก์ท็อป\imageprocessing-prj\data\train\soy beans\Image_52.jpg,79.6630859375,412,498,0.8273,3,JPEG,89.03,131.41,72.43,52.65,120.81,131.75,False
train,soy beans,Image_54.jpg,C:\Users\Computer\OneDrive\เดสก์ท็อป\imageprocessing-prj\data\train\soy beans\Image_54.jpg,226.6708984375,1600,790,2.0253,3,JPEG,208.34,175.9,114.17,16.25,126.14,208.34,False
train,soy beans,Image_55.jpg,C:\Users\Computer\OneDrive\เดสก์ท็อป\imageprocessing-prj\data\train\soy beans\Image_55.jpg,559.8955078125,3500,2391,1.4638,3,JPEG,147.16,120.39,84.69,22.34,121.24,147.71,False
train,soy beans,Image_56.jpg,C:\Users\Computer\OneDrive\เดสก์ท็อป\imageprocessing-prj\data\train\soy beans\Image_56.jpg,63.1650390625,1280,880,1.4545,3,JPEG,234.68,222.64,208.54,6.13,40.16,234.71,False
train,soy beans,Image_57.jpg,C:\Users\Computer\OneDrive\เดสก์ท็อป\imageprocessing-prj\data\train\soy beans\Image_57.jpg,149.5283203125,1024,768,1.3333,3,JPEG,146.64,135.94,125.11,56.57,80.81,150.31,False
train,soy beans,Image_58.jpg,C:\Users\Computer\OneDrive\เดสก์ท็อป\imageprocessing-prj\data\train\soy beans\Image_58.jpg,418.6015625,750,750,1.0,3,JPEG,140.48,153.3,79.27,35.13,128.57,153.31,False
train,soy beans,Image_59.jpg,C:\Users\Computer\OneDrive\เดสก์ท็อป\imageprocessing-prj\data\train\soy beans\Image_59.jpg,917.5703125,5112,3648,1.4013,3,JPEG,190.38,141.68,97.75,24.85,133.91,193.02,False
train,soy beans,Image_6.jpg,C:\Users\Computer\OneDrive\เดสก์ท็อป\imageprocessing-prj\data\train\soy beans\Image_6.jpg,274.2607421875,2560,2035,1.258,3,JPEG,225.04,203.13,184.57,11.58,56.48,225.05,False
train,soy beans,Image_60.jpg,C:\Users\Computer\OneDrive\เดสก์ท็อป\imageprocessing-prj\data\train\soy beans\Image_60.jpg,189.740234375,1504,1139,1.3205,3,JPEG,152.64,89.67,50.29,20.45,188.98,153.05,False
train,soy beans,Image_61.jpg,C:\Users\Computer\OneDrive\เดสก์ท็อป\imageprocessing-prj\data\train\soy beans\Image_61.jpg,27.9736328125,1000,700,1.4286,3,JPEG,247.74,232.7,215.39,15.08,37.19,247.77,False
train,soy beans,Image_62.jpg,C:\Users\Computer\OneDrive\เดสก์ท็อป\imageprocessing-prj\data\train\soy beans\Image_62.jpg,241.80859375,1000,700,1.4286,3,JPEG,123.91,138.08,82.17,40.56,114.4,140.15,False
train,soy beans,Image_63.jpg,C:\Users\Computer\OneDrive\เดสก์ท็อป\imageprocessing-prj\data\train\soy beans\Image_63.jpg,839.5517578125,2352,1568,1.5,3,JPEG,169.27,121.62,43.5,18.0,193.8,169.27,False
train,soy beans,Image_64.jpg,C:\Users\Computer\OneDrive\เดสก์ท็อป\imageprocessing-prj\data\train\soy beans\Image_64.jpg,26.904296875,400,332,1.2048,3,JPEG,120.6,113.58,77.68,31.83,97.09,123.16,False
train,soy beans,Image_65.jpg,C:\Users\Computer\OneDrive\เดสก์ท็อป\imageprocessing-prj\data\train\soy beans\Image_65.jpg,78.7373046875,1000,1000,1.0,3,JPEG,211.36,172.24,122.6,17.15,113.82,211.36,False
train,soy beans,Image_66.jpg,C:\Users\Computer\OneDrive\เดสก์ท็อป\imageprocessing-prj\data\train\soy beans\Image_66.jpg,325.9794921875,1300,957,1.3584,3,JPEG,178.99,148.17,100.2,23.2,134.72,180.28,False
train,soy beans,Image_67.jpg,C:\Users\Computer\OneDrive\เดสก์ท็อป\imageprocessing-prj\data\train\soy beans\Image_67.jpg,288.275390625,955,1300,0.7346,3,JPEG,202.01,180.91,143.27,18.97,86.32,202.23,False
train,soy beans,Image_68.jpg,C:\Users\Computer\OneDrive\เดสก์ท็อป\imageprocessing-prj\data\train\soy beans\Image_68.jpg,2908.0283203125,3008,2000,1.504,3,JPEG,88.07,94.07,56.79,37.34,107.16,99.19,False
train,soy beans,Image_69.jpg,C:\Users\Computer\OneDrive\เดสก์ท็อป\imageprocessing-prj\data\train\soy beans\Image_69.jpg,100.345703125,423,284,1.4894,3,JPEG,160.3,121.23,57.38,18.29,184.41,160.3,False
train,soy beans,Image_7.jpg,C:\Users\Computer\OneDrive\เดสก์ท็อป\imageprocessing-prj\data\train\soy beans\Image_7.jpg,102.63671875,700,525,1.3333,3,JPEG,191.16,136.35,106.17,10.96,127.53,191.16,False
train,soy beans,Image_70.jpg,C:\Users\Computer\OneDrive\เดสก์ท็อป\imageprocessing-prj\data\train\soy beans\Image_70.jpg,105.978515625,640,480,1.3333,3,JPEG,156.7,162.54,106.7,29.59,110.33,169.3,False
train,soy beans,Image_71.jpg,C:\Users\Computer\OneDrive\เดสก์ท็อป\imageprocessing-prj\data\train\soy beans\Image_71.jpg,46.853515625,900,600,1.5,3,JPEG,212.92,215.54,168.21,30.59,80.5,216.58,False
train,soy beans,Image_72.jpg,C:\Users\Computer\OneDrive\เดสก์ท็อป\imageprocessing-prj\data\train\soy beans\Image_72.jpg,185.7607421875,600,400,1.5,3,JPEG,173.2,166.82,140.8,47.73,73.34,177.82,False
train,soy beans,Image_73.jpg,C:\Users\Computer\OneDrive\เดสก์ท็อป\imageprocessing-prj\data\train\soy beans\Image_73.jpg,46.4267578125,877,500,1.754,3,JPEG,176.61,123.78,64.79,15.83,170.68,176.61,False
train,soy beans,Image_74.jpg,C:\Users\Computer\OneDrive\เดสก์ท็อป\imageprocessing-prj\data\train\soy beans\Image_74.jpg,104.6044921875,1280,720,1.7778,3,JPEG,109.47,147.28,76.8,45.65,120.46,147.62,False
train,soy beans,Image_75.jpg,C:\Users\Computer\OneDrive\เดสก์ท็อป\imageprocessing-prj\data\train\soy beans\Image_75.jpg,128.853515625,500,750,0.6667,3,JPEG,114.26,137.26,57.44,42.39,169.17,138.44,False
train,soy beans,Image_76.jpg,C:\Users\Computer\OneDrive\เดสก์ท็อป\imageprocessing-prj\data\train\soy beans\Image_76.jpg,54.9443359375,830,556,1.4928,3,JPEG,226.78,205.56,171.04,35.27,77.41,227.58,False
train,soy beans,Image_77.jpg,C:\Users\Computer\OneDrive\เดสก์ท็อป\imageprocessing-prj\data\train\soy beans\Image_77.jpg,163.568359375,1160,872,1.3303,3,JPEG,194.78,146.7,80.01,17.27,157.87,194.78,False
train,soy beans,Image_78.jpg,C:\Users\Computer\OneDrive\เดสก์ท็อป\imageprocessing-prj\data\train\soy beans\Image_78.jpg,58.384765625,500,500,1.0,3,JPEG,109.34,148.79,35.14,41.68,202.35,148.82,False
train,soy beans,Image_79.jpg,C:\Users\Computer\OneDrive\เดสก์ท็อป\imageprocessing-prj\data\train\soy beans\Image_79.jpg,256.7470703125,600,550,1.0909,3,JPEG,149.77,139.46,92.98,23.9,125.28,154.83,False
train,soy beans,Image_8.jpg,C:\Users\Computer\OneDrive\เดสก์ท็อป\imageprocessing-prj\data\train\soy beans\Image_8.jpg,105.9453125,735,350,2.1,3,JPEG,84.01,94.37,53.02,41.73,159.5,105.23,False
train,soy beans,Image_80.jpg,C:\Users\Computer\OneDrive\เดสก์ท็อป\imageprocessing-prj\data\train\soy beans\Image_80.jpg,150.970703125,1280,720,1.7778,3,JPEG,212.83,123.42,100.7,29.03,131.13,215.1,False
train,soy beans,Image_81.jpg,C:\Users\Computer\OneDrive\เดสก์ท็อป\imageprocessing-prj\data\train\soy beans\Image_81.jpg,35.4091796875,600,385,1.5584,3,JPEG,102.36,126.22,77.78,44.77,120.24,133.02,False
train,soy beans,Image_83.jpg,C:\Users\Computer\OneDrive\เดสก์ท็อป\imageprocessing-prj\data\train\soy beans\Image_83.jpg,84.486328125,1000,667,1.4993,3,JPEG,214.61,197.93,186.51,7.36,58.71,214.65,False
train,soy beans,Image_84.jpg,C:\Users\Computer\OneDrive\เดสก์ท็อป\imageprocessing-prj\data\train\soy beans\Image_84.jpg,202.8349609375,1000,1000,1.0,3,JPEG,101.94,130.45,83.16,55.51,115.68,131.54,False
train,soy beans,Image_85.jpg,C:\Users\Computer\OneDrive\เดสก์ท็อป\imageprocessing-prj\data\train\soy beans\Image_85.jpg,23.3349609375,390,280,1.3929,3,JPEG,203.63,167.36,127.89,17.35,107.71,203.66,False
train,soy beans,Image_86.jpg,C:\Users\Computer\OneDrive\เดสก์ท็อป\imageprocessing-prj\data\train\soy beans\Image_86.jpg,22.4365234375,436,320,1.3625,3,JPEG,218.07,178.04,137.39,16.34,107.67,218.21,False
train,soy beans,Image_87.jpg,C:\Users\Computer\OneDrive\เดสก์ท็อป\imageprocessing-prj\data\train\soy beans\Image_87.jpg,298.2529296875,1024,600,1.7067,3,JPEG,124.89,150.83,96.17,55.59,117.97,151.52,False
train,soy beans,Image_88.jpg,C:\Users\Computer\OneDrive\เดสก์ท็อป\imageprocessing-prj\data\train\soy beans\Image_88.jpg,45.6376953125,572,864,0.662,3,JPEG,109.84,120.3,69.16,70.56,115.16,123.61,False
train,soy beans,Image_89.jpg,C:\Users\Computer\OneDrive\เดสก์ท็อป\imageprocessing-prj\data\train\soy beans\Image_89.jpg,16.783203125,300,192,1.5625,3,JPEG,165.3,128.91,90.52,15.45,124.6,165.41,False
train,soy beans,Image_9.jpg,C:\Users\Computer\OneDrive\เดสก์ท็อป\imageprocessing-prj\data\train\soy beans\Image_9.jpg,215.6474609375,1200,800,1.5,3,JPEG,161.16,125.08,79.55,20.05,129.49,161.19,False
train,soy beans,Image_90.jpg,C:\Users\Computer\OneDrive\เดสก์ท็อป\imageprocessing-prj\data\train\soy beans\Image_90.jpg,408.5478515625,800,1071,0.747,3,JPEG,133.96,104.39,57.02,18.45,159.4,134.59,False
train,soy beans,Image_91.jpg,C:\Users\Computer\OneDrive\เดสก์ท็อป\imageprocessing-prj\data\train\soy beans\Image_91.jpg,265.76171875,925,520,1.7788,3,JPEG,108.82,121.23,80.6,51.92,128.17,127.45,False
train,soy beans,Image_92.jpg,C:\Users\Computer\OneDrive\เดสก์ท็อป\imageprocessing-prj\data\train\soy beans\Image_92.jpg,370.14453125,1200,900,1.3333,3,JPEG,106.74,128.76,85.49,52.84,124.02,131.84,False
train,soy beans,Image_93.jpg,C:\Users\Computer\OneDrive\เดสก์ท็อป\imageprocessing-prj\data\train\soy beans\Image_93.jpg,92.8193359375,800,600,1.3333,3,JPEG,92.54,118.86,57.26,46.31,152.54,119.23,False
train,soy beans,Image_94.jpg,C:\Users\Computer\OneDrive\เดสก์ท็อป\imageprocessing-prj\data\train\soy beans\Image_94.jpg,303.822265625,1200,900,1.3333,3,JPEG,112.0,147.0,88.1,49.68,106.62,148.07,False
train,soy beans,Image_95.jpg,C:\Users\Computer\OneDrive\เดสก์ท็อป\imageprocessing-prj\data\train\soy beans\Image_95.jpg,1765.724609375,2500,1406,1.7781,3,JPEG,207.04,163.31,94.68,18.77,144.38,207.06,False
train,soy beans,Image_97.jpg,C:\Users\Computer\OneDrive\เดสก์ท็อป\imageprocessing-prj\data\train\soy beans\Image_97.jpg,105.1826171875,1000,667,1.4993,3,JPEG,170.87,127.35,75.59,16.2,149.6,170.95,False
train,soy beans,Image_98.jpg,C:\Users\Computer\OneDrive\เดสก์ท็อป\imageprocessing-prj\data\train\soy beans\Image_98.jpg,204.1435546875,1200,667,1.7991,3,JPEG,158.27,113.63,62.56,30.69,168.37,161.96,False
train,soy beans,Image_99.jpg,C:\Users\Computer\OneDrive\เดสก์ท็อป\imageprocessing-prj\data\train\soy beans\Image_99.jpg,195.556640625,900,600,1.5,3,JPEG,148.48,101.24,75.05,36.64,143.35,148.51,False
train,spinach,Image_1.jpg,C:\Users\Computer\OneDrive\เดสก์ท็อป\imageprocessing-prj\data\train\spinach\Image_1.jpg,614.375,2500,1638,1.5263,3,JPEG,144.96,155.46,94.95,34.19,114.41,157.58,False
train,spinach,Image_10.jpg,C:\Users\Computer\OneDrive\เดสก์ท็อป\imageprocessing-prj\data\train\spinach\Image_10.jpg,240.6953125,900,900,1.0,3,JPEG,147.8,170.48,137.79,67.18,84.69,171.67,False
train,spinach,Image_100.jpg,C:\Users\Computer\OneDrive\เดสก์ท็อป\imageprocessing-prj\data\train\spinach\Image_100.jpg,132.89453125,800,1000,0.8,3,JPEG,167.71,190.61,149.41,58.03,89.74,193.32,False
train,spinach,Image_11.jpg,C:\Users\Computer\OneDrive\เดสก์ท็อป\imageprocessing-prj\data\train\spinach\Image_11.jpg,125.2890625,900,600,1.5,3,JPEG,88.1,153.2,57.09,51.22,174.57,153.2,False
train,spinach,Image_12.jpg,C:\Users\Computer\OneDrive\เดสก์ท็อป\imageprocessing-prj\data\train\spinach\Image_12.jpg,2251.3115234375,2448,3264,0.75,3,JPEG,102.91,143.07,99.87,60.07,91.68,143.3,False
train,spinach,Image_13.jpg,C:\Users\Computer\OneDrive\เดสก์ท็อป\imageprocessing-prj\data\train\spinach\Image_13.jpg,4545.97265625,4272,2848,1.5,3,JPEG,86.95,110.58,59.24,43.64,123.63,111.83,False
train,spinach,Image_14.jpg,C:\Users\Computer\OneDrive\เดสก์ท็อป\imageprocessing-prj\data\train\spinach\Image_14.jpg,2789.595703125,3968,2976,1.3333,3,JPEG,94.38,139.39,51.74,45.89,170.95,139.39,False
train,spinach,Image_15.jpg,C:\Users\Computer\OneDrive\เดสก์ท็อป\imageprocessing-prj\data\train\spinach\Image_15.jpg,210.7255859375,1280,1108,1.1552,3,JPEG,176.11,211.87,137.17,27.85,108.73,212.03,False
train,spinach,Image_16.jpg,C:\Users\Computer\OneDrive\เดสก์ท็อป\imageprocessing-prj\data\train\spinach\Image_16.jpg,155.5927734375,1280,853,1.5006,3,JPEG,196.44,178.42,119.57,24.12,120.87,209.33,False
train,spinach,Image_17.jpg,C:\Users\Computer\OneDrive\เดสก์ท็อป\imageprocessing-prj\data\train\spinach\Image_17.jpg,708.9169921875,800,1067,0.7498,3,JPEG,138.69,176.66,121.61,53.13,91.79,177.45,False
train,spinach,Image_18.jpg,C:\Users\Computer\OneDrive\เดสก์ท็อป\imageprocessing-prj\data\train\spinach\Image_18.jpg,167.3681640625,1600,1600,1.0,3,JPEG,115.05,171.99,47.99,43.97,189.57,172.06,False
train,spinach,Image_19.jpg,C:\Users\Computer\OneDrive\เดสก์ท็อป\imageprocessing-prj\data\train\spinach\Image_19.jpg,240.4404296875,1600,1200,1.3333,3,JPEG,117.24,144.0,92.63,63.69,124.78,149.44,False
train,spinach,Image_2.jpg,C:\Users\Computer\OneDrive\เดสก์ท็อป\imageprocessing-prj\data\train\spinach\Image_2.jpg,105.7333984375,1200,628,1.9108,3,JPEG,176.53,180.4,134.53,26.6,96.06,194.51,False
train,spinach,Image_20.jpg,C:\Users\Computer\OneDrive\เดสก์ท็อป\imageprocessing-prj\data\train\spinach\Image_20.jpg,1245.4501953125,3888,2592,1.5,3,JPEG,103.87,130.84,72.14,45.24,132.04,130.85,False
train,spinach,Image_21.jpg,C:\Users\Computer\OneDrive\เดสก์ท็อป\imageprocessing-prj\data\train\spinach\Image_21.jpg,360.5458984375,1920,1285,1.4942,3,JPEG,88.44,171.61,66.58,54.38,164.38,171.63,False
train,spinach,Image_22.jpg,C:\Users\Computer\OneDrive\เดสก์ท็อป\imageprocessing-prj\data\train\spinach\Image_22.jpg,93.0361328125,1280,853,1.5006,3,JPEG,188.16,195.95,165.35,28.4,60.74,197.77,False
train,spinach,Image_23.jpg,C:\Users\Computer\OneDrive\เดสก์ท็อป\imageprocessing-prj\data\train\spinach\Image_23.jpg,1333.978515625,1250,680,1.8382,3,JPEG,87.71,142.92,44.42,49.64,197.22,143.11,False
train,spinach,Image_24.jpg,C:\Users\Computer\OneDrive\เดสก์ท็อป\imageprocessing-prj\data\train\spinach\Image_24.jpg,582.419921875,1920,1280,1.5,3,JPEG,88.04,114.62,39.12,54.9,200.26,117.88,False
train,spinach,Image_25.jpg,C:\Users\Computer\OneDrive\เดสก์ท็อป\imageprocessing-prj\data\train\spinach\Image_25.jpg,320.740234375,1344,1068,1.2584,3,JPEG,108.58,149.94,81.39,42.87,122.4,153.65,False
train,spinach,Image_26.jpg,C:\Users\Computer\OneDrive\เดสก์ท็อป\imageprocessing-prj\data\train\spinach\Image_26.jpg,611.55859375,1244,933,1.3333,3,JPEG,104.51,111.11,56.3,46.67,138.53,123.81,False
train,spinach,Image_27.jpg,C:\Users\Computer\OneDrive\เดสก์ท็อป\imageprocessing-prj\data\train\spinach\Image_27.jpg,3991.91015625,3072,2048,1.5,3,JPEG,162.55,183.21,126.36,27.79,106.58,183.21,False
train,spinach,Image_28.jpg,C:\Users\Computer\OneDrive\เดสก์ท็อป\imageprocessing-prj\data\train\spinach\Image_28.jpg,27.8056640625,600,469,1.2793,3,JPEG,206.61,220.21,179.54,18.11,68.33,220.35,False
train,spinach,Image_29.jpg,C:\Users\Computer\OneDrive\เดสก์ท็อป\imageprocessing-prj\data\train\spinach\Image_29.jpg,196.759765625,1000,750,1.3333,3,JPEG,83.88,126.54,41.78,45.1,180.38,128.59,False
train,spinach,Image_3.jpg,C:\Users\Computer\OneDrive\เดสก์ท็อป\imageprocessing-prj\data\train\spinach\Image_3.jpg,1155.93359375,1920,1280,1.5,3,JPEG,78.91,149.49,46.19,52.82,189.99,149.5,False
train,spinach,Image_30.jpg,C:\Users\Computer\OneDrive\เดสก์ท็อป\imageprocessing-prj\data\train\spinach\Image_30.jpg,220.1123046875,1500,993,1.5106,3,JPEG,164.05,184.01,145.77,51.83,77.3,185.16,False
train,spinach,Image_31.jpg,C:\Users\Computer\OneDrive\เดสก์ท็อป\imageprocessing-prj\data\train\spinach\Image_31.jpg,40.669921875,575,262,2.1947,3,JPEG,150.27,172.74,124.19,34.59,103.14,172.77,False
train,spinach,Image_32.jpg,C:\Users\Computer\OneDrive\เดสก์ท็อป\imageprocessing-prj\data\train\spinach\Image_32.jpg,550.58984375,700,933,0.7503,3,JPEG,138.62,150.04,103.25,37.6,116.0,150.36,False
train,spinach,Image_33.jpg,C:\Users\Computer\OneDrive\เดสก์ท็อป\imageprocessing-prj\data\train\spinach\Image_33.jpg,149.919921875,1100,880,1.25,3,JPEG,93.7,115.08,43.51,64.1,156.43,117.87,False
train,spinach,Image_34.jpg,C:\Users\Computer\OneDrive\เดสก์ท็อป\imageprocessing-prj\data\train\spinach\Image_34.jpg,138.091796875,1000,1000,1.0,3,JPEG,93.12,147.78,71.32,53.64,140.6,147.79,False
train,spinach,Image_35.jpg,C:\Users\Computer\OneDrive\เดสก์ท็อป\imageprocessing-prj\data\train\spinach\Image_35.jpg,1659.076171875,2048,1536,1.3333,3,JPEG,99.61,125.24,68.54,47.94,149.25,126.7,False
train,spinach,Image_36.jpg,C:\Users\Computer\OneDrive\เดสก์ท็อป\imageprocessing-prj\data\train\spinach\Image_36.jpg,405.6376953125,1600,1067,1.4995,3,JPEG,86.25,134.28,32.51,44.24,197.91,134.47,False
train,spinach,Image_37.jpg,C:\Users\Computer\OneDrive\เดสก์ท็อป\imageprocessing-prj\data\train\spinach\Image_37.jpg,197.396484375,800,734,1.0899,3,JPEG,77.68,109.1,56.59,51.22,140.44,111.64,False
train,spinach,Image_38.jpg,C:\Users\Computer\OneDrive\เดสก์ท็อป\imageprocessing-prj\data\train\spinach\Image_38.jpg,117.8837890625,500,752,0.6649,3,JPEG,93.88,119.02,66.12,45.96,149.92,122.64,False
train,spinach,Image_39.jpg,C:\Users\Computer\OneDrive\เดสก์ท็อป\imageprocessing-prj\data\train\spinach\Image_39.jpg,47.677734375,640,480,1.3333,3,JPEG,103.19,146.06,48.3,43.74,180.92,146.07,False
train,spinach,Image_4.jpg,C:\Users\Computer\OneDrive\เดสก์ท็อป\imageprocessing-prj\data\train\spinach\Image_4.jpg,1944.033203125,1793,1200,1.4942,3,JPEG,126.26,181.5,68.12,44.35,168.5,181.75,False
train,spinach,Image_40.jpg,C:\Users\Computer\OneDrive\เดสก์ท็อป\imageprocessing-prj\data\train\spinach\Image_40.jpg,127.376953125,600,600,1.0,3,JPEG,135.22,129.48,59.76,34.44,159.11,153.99,False
train,spinach,Image_41.jpg,C:\Users\Computer\OneDrive\เดสก์ท็อป\imageprocessing-prj\data\train\spinach\Image_41.jpg,42.94921875,800,334,2.3952,3,JPEG,113.99,134.04,57.32,38.33,155.89,134.1,False
train,spinach,Image_42.jpg,C:\Users\Computer\OneDrive\เดสก์ท็อป\imageprocessing-prj\data\train\spinach\Image_42.jpg,667.3642578125,1000,1000,1.0,3,JPEG,185.26,200.48,165.48,18.47,83.07,200.49,False
train,spinach,Image_43.jpg,C:\Users\Computer\OneDrive\เดสก์ท็อป\imageprocessing-prj\data\train\spinach\Image_43.jpg,235.76953125,1008,756,1.3333,3,JPEG,104.55,145.01,93.68,61.85,117.53,147.44,False
train,spinach,Image_44.jpg,C:\Users\Computer\OneDrive\เดสก์ท็อป\imageprocessing-prj\data\train\spinach\Image_44.jpg,307.3271484375,900,600,1.5,3,JPEG,79.5,109.61,59.02,48.68,137.52,110.29,False
train,spinach,Image_45.jpg,C:\Users\Computer\OneDrive\เดสก์ท็อป\imageprocessing-prj\data\train\spinach\Image_45.jpg,269.8505859375,1024,768,1.3333,3,JPEG,130.37,152.83,106.02,46.0,99.16,154.5,False
train,spinach,Image_46.jpg,C:\Users\Computer\OneDrive\เดสก์ท็อป\imageprocessing-prj\data\train\spinach\Image_46.jpg,100.1298828125,565,376,1.5027,3,JPEG,124.53,154.72,90.61,45.27,122.42,157.99,False
train,spinach,Image_47.jpg,C:\Users\Computer\OneDrive\เดสก์ท็อป\imageprocessing-prj\data\train\spinach\Image_47.jpg,46.0,576,720,0.8,3,JPEG,157.28,174.78,92.41,37.93,127.1,175.89,False
train,spinach,Image_48.jpg,C:\Users\Computer\OneDrive\เดสก์ท็อป\imageprocessing-prj\data\train\spinach\Image_48.jpg,89.0751953125,900,1125,0.8,3,JPEG,105.75,112.11,71.3,34.94,147.09,117.89,False
train,spinach,Image_49.png,C:\Users\Computer\OneDrive\เดสก์ท็อป\imageprocessing-prj\data\train\spinach\Image_49.png,855.41015625,805,894,0.9004,3,PNG,179.26,191.42,144.03,24.87,89.02,194.08,False
train,spinach,Image_5.jpg,C:\Users\Computer\OneDrive\เดสก์ท็อป\imageprocessing-prj\data\train\spinach\Image_5.jpg,1748.7841796875,1590,1590,1.0,3,JPEG,130.19,125.18,50.58,28.86,171.15,135.78,False
train,spinach,Image_50.jpg,C:\Users\Computer\OneDrive\เดสก์ท็อป\imageprocessing-prj\data\train\spinach\Image_50.jpg,182.1806640625,1024,768,1.3333,3,JPEG,109.76,149.1,61.74,41.12,156.95,151.87,False
train,spinach,Image_51.jpg,C:\Users\Computer\OneDrive\เดสก์ท็อป\imageprocessing-prj\data\train\spinach\Image_51.jpg,216.7568359375,800,800,1.0,3,JPEG,87.95,129.99,66.43,53.31,121.78,130.25,False
train,spinach,Image_52.jpeg,C:\Users\Computer\OneDrive\เดสก์ท็อป\imageprocessing-prj\data\train\spinach\Image_52.jpeg,31.892578125,360,460,0.7826,3,JPEG,172.76,186.44,150.55,22.97,81.55,187.29,False
train,spinach,Image_53.jpg,C:\Users\Computer\OneDrive\เดสก์ท็อป\imageprocessing-prj\data\train\spinach\Image_53.jpg,2067.3779296875,3072,2304,1.3333,3,JPEG,95.79,110.35,85.35,70.21,82.38,114.39,False
train,spinach,Image_54.jpg,C:\Users\Computer\OneDrive\เดสก์ท็อป\imageprocessing-prj\data\train\spinach\Image_54.jpg,41.484375,550,558,0.9857,3,JPEG,101.22,147.02,65.58,47.26,149.92,147.03,False
train,spinach,Image_55.jpg,C:\Users\Computer\OneDrive\เดสก์ท็อป\imageprocessing-prj\data\train\spinach\Image_55.jpg,100.19140625,720,720,1.0,3,JPEG,118.51,148.2,87.44,49.35,122.53,149.29,False
train,spinach,Image_57.jpg,C:\Users\Computer\OneDrive\เดสก์ท็อป\imageprocessing-prj\data\train\spinach\Image_57.jpg,51.28515625,1000,1000,1.0,3,JPEG,202.27,221.09,187.42,18.87,59.79,221.12,False
train,spinach,Image_58.jpg,C:\Users\Computer\OneDrive\เดสก์ท็อป\imageprocessing-prj\data\train\spinach\Image_58.jpg,183.724609375,1811,900,2.0122,3,JPEG,161.3,176.67,142.25,27.75,80.27,177.4,False
train,spinach,Image_59.jpg,C:\Users\Computer\OneDrive\เดสก์ท็อป\imageprocessing-prj\data\train\spinach\Image_59.jpg,217.5703125,1024,768,1.3333,3,JPEG,128.11,136.52,103.7,48.21,85.97,140.72,False
train,spinach,Image_6.jpg,C:\Users\Computer\OneDrive\เดสก์ท็อป\imageprocessing-prj\data\train\spinach\Image_6.jpg,586.6748046875,1208,803,1.5044,3,JPEG,85.22,100.34,53.44,33.56,134.55,106.43,False
train,spinach,Image_60.jpg,C:\Users\Computer\OneDrive\เดสก์ท็อป\imageprocessing-prj\data\train\spinach\Image_60.jpg,362.1484375,1000,1503,0.6653,3,JPEG,36.43,57.4,18.43,42.93,164.95,57.76,False
train,spinach,Image_61.jpg,C:\Users\Computer\OneDrive\เดสก์ท็อป\imageprocessing-prj\data\train\spinach\Image_61.jpg,301.7890625,1698,1131,1.5013,3,JPEG,109.62,143.11,69.82,46.69,120.81,144.19,False
train,spinach,Image_62.jpg,C:\Users\Computer\OneDrive\เดสก์ท็อป\imageprocessing-prj\data\train\spinach\Image_62.jpg,4174.685546875,3888,2592,1.5,3,JPEG,111.54,134.15,62.44,40.11,148.6,134.15,False
train,spinach,Image_63.png,C:\Users\Computer\OneDrive\เดสก์ท็อป\imageprocessing-prj\data\train\spinach\Image_63.png,618.9873046875,872,591,1.4755,3,PNG,174.03,198.98,131.57,35.49,110.46,199.06,False
train,spinach,Image_65.jpg,C:\Users\Computer\OneDrive\เดสก์ท็อป\imageprocessing-prj\data\train\spinach\Image_65.jpg,21.421875,450,450,1.0,3,JPEG,200.03,212.32,187.15,21.47,51.81,212.35,False
train,spinach,Image_66.jpg,C:\Users\Computer\OneDrive\เดสก์ท็อป\imageprocessing-prj\data\train\spinach\Image_66.jpg,201.0986328125,598,800,0.7475,3,JPEG,145.02,163.94,123.84,54.62,112.22,181.13,False
train,spinach,Image_67.png,C:\Users\Computer\OneDrive\เดสก์ท็อป\imageprocessing-prj\data\train\spinach\Image_67.png,62.9013671875,448,446,1.0045,3,PNG,204.51,213.62,186.13,19.5,52.59,214.59,False
train,spinach,Image_68.png,C:\Users\Computer\OneDrive\เดสก์ท็อป\imageprocessing-prj\data\train\spinach\Image_68.png,317.4150390625,433,348,1.2443,3,PNG,72.81,132.14,52.95,53.51,162.26,132.14,False
train,spinach,Image_69.jpg,C:\Users\Computer\OneDrive\เดสก์ท็อป\imageprocessing-prj\data\train\spinach\Image_69.jpg,50.572265625,600,900,0.6667,3,JPEG,108.22,123.62,89.85,50.63,103.86,129.46,False
train,spinach,Image_7.jpg,C:\Users\Computer\OneDrive\เดสก์ท็อป\imageprocessing-prj\data\train\spinach\Image_7.jpg,132.89453125,800,1000,0.8,3,JPEG,167.71,190.61,149.41,58.03,89.74,193.32,False
train,spinach,Image_70.JPG,C:\Users\Computer\OneDrive\เดสก์ท็อป\imageprocessing-prj\data\train\spinach\Image_70.JPG,439.3671875,1600,1200,1.3333,3,JPEG,96.06,117.84,83.93,57.96,87.62,119.27,False
train,spinach,Image_71.JPG,C:\Users\Computer\OneDrive\เดสก์ท็อป\imageprocessing-prj\data\train\spinach\Image_71.JPG,297.873046875,1600,1200,1.3333,3,JPEG,110.38,128.49,73.56,41.38,120.35,131.44,False
train,spinach,Image_72.jpg,C:\Users\Computer\OneDrive\เดสก์ท็อป\imageprocessing-prj\data\train\spinach\Image_72.jpg,86.9833984375,900,950,0.9474,3,JPEG,119.67,135.69,67.12,35.65,141.55,136.56,False
train,spinach,Image_73.jpg,C:\Users\Computer\OneDrive\เดสก์ท็อป\imageprocessing-prj\data\train\spinach\Image_73.jpg,289.1396484375,1024,768,1.3333,3,JPEG,88.37,125.67,69.6,51.62,139.75,125.67,False
train,spinach,Image_74.jpg,C:\Users\Computer\OneDrive\เดสก์ท็อป\imageprocessing-prj\data\train\spinach\Image_74.jpg,78.9765625,480,640,0.75,3,JPEG,101.69,126.4,90.02,59.94,83.38,128.53,False
train,spinach,Image_75.jpg,C:\Users\Computer\OneDrive\เดสก์ท็อป\imageprocessing-prj\data\train\spinach\Image_75.jpg,3759.4013671875,3868,2576,1.5016,3,JPEG,73.33,94.6,57.67,64.31,144.54,99.66,False
train,spinach,Image_76.jpg,C:\Users\Computer\OneDrive\เดสก์ท็อป\imageprocessing-prj\data\train\spinach\Image_76.jpg,2020.091796875,3264,2448,1.3333,3,JPEG,81.46,108.69,63.28,48.78,140.75,109.47,False
train,spinach,Image_77.jpg,C:\Users\Computer\OneDrive\เดสก์ท็อป\imageprocessing-prj\data\train\spinach\Image_77.jpg,140.3125,700,468,1.4957,3,JPEG,183.39,185.24,121.92,23.59,118.04,202.38,False
train,spinach,Image_78.jpg,C:\Users\Computer\OneDrive\เดสก์ท็อป\imageprocessing-prj\data\train\spinach\Image_78.jpg,116.87890625,680,1021,0.666,3,JPEG,121.88,142.23,102.46,49.74,93.18,143.79,False
train,spinach,Image_79.jpg,C:\Users\Computer\OneDrive\เดสก์ท็อป\imageprocessing-prj\data\train\spinach\Image_79.jpg,124.3896484375,1507,1535,0.9818,3,JPEG,85.02,106.54,38.94,39.53,171.01,107.54,False
train,spinach,Image_8.jpg,C:\Users\Computer\OneDrive\เดสก์ท็อป\imageprocessing-prj\data\train\spinach\Image_8.jpg,354.9208984375,1200,1741,0.6893,3,JPEG,79.74,135.54,62.43,54.29,162.66,135.64,False
train,spinach,Image_80.png,C:\Users\Computer\OneDrive\เดสก์ท็อป\imageprocessing-prj\data\train\spinach\Image_80.png,2175.7060546875,2014,1612,1.2494,3,PNG,148.31,174.21,135.39,41.04,88.96,174.95,False
train,spinach,Image_81.jpg,C:\Users\Computer\OneDrive\เดสก์ท็อป\imageprocessing-prj\data\train\spinach\Image_81.jpg,116.9736328125,720,540,1.3333,3,JPEG,97.0,130.94,46.09,41.54,170.49,135.72,False
train,spinach,Image_82.jpg,C:\Users\Computer\OneDrive\เดสก์ท็อป\imageprocessing-prj\data\train\spinach\Image_82.jpg,22.673828125,640,428,1.4953,3,JPEG,182.76,208.67,163.33,25.39,82.01,208.73,False
train,spinach,Image_83.jpg,C:\Users\Computer\OneDrive\เดสก์ท็อป\imageprocessing-prj\data\train\spinach\Image_83.jpg,26.8974609375,450,274,1.6423,3,JPEG,198.43,211.82,178.01,23.72,61.1,211.94,False
train,spinach,Image_84.jpg,C:\Users\Computer\OneDrive\เดสก์ท็อป\imageprocessing-prj\data\train\spinach\Image_84.jpg,172.39453125,1300,1300,1.0,3,JPEG,213.41,222.84,191.37,14.95,54.94,222.85,False
train,spinach,Image_85.jpg,C:\Users\Computer\OneDrive\เดสก์ท็อป\imageprocessing-prj\data\train\spinach\Image_85.jpg,25.830078125,400,300,1.3333,3,JPEG,107.82,137.06,88.49,47.47,121.85,137.66,False
train,spinach,Image_86.jpg,C:\Users\Computer\OneDrive\เดสก์ท็อป\imageprocessing-prj\data\train\spinach\Image_86.jpg,60.171875,359,359,1.0,3,JPEG,79.65,97.41,66.66,76.01,89.13,98.83,False
train,spinach,Image_88.jpg,C:\Users\Computer\OneDrive\เดสก์ท็อป\imageprocessing-prj\data\train\spinach\Image_88.jpg,168.490234375,1200,821,1.4616,3,JPEG,136.79,130.59,99.48,24.48,91.59,140.45,False
train,spinach,Image_89.jpg,C:\Users\Computer\OneDrive\เดสก์ท็อป\imageprocessing-prj\data\train\spinach\Image_89.jpg,107.134765625,1280,853,1.5006,3,JPEG,203.34,214.05,175.86,43.54,67.91,214.39,False
train,spinach,Image_9.jpg,C:\Users\Computer\OneDrive\เดสก์ท็อป\imageprocessing-prj\data\train\spinach\Image_9.jpg,2625.083984375,3781,2531,1.4939,3,JPEG,78.2,90.71,56.99,45.01,112.43,91.94,False
train,spinach,Image_90.png,C:\Users\Computer\OneDrive\เดสก์ท็อป\imageprocessing-prj\data\train\spinach\Image_90.png,283.62890625,600,600,1.0,3,PNG,210.56,222.74,189.24,14.44,60.93,223.16,False
train,spinach,Image_91.JPG,C:\Users\Computer\OneDrive\เดสก์ท็อป\imageprocessing-prj\data\train\spinach\Image_91.JPG,103.619140625,1024,768,1.3333,3,JPEG,82.91,151.77,57.9,53.49,164.92,151.82,False
train,spinach,Image_92.jpg,C:\Users\Computer\OneDrive\เดสก์ท็อป\imageprocessing-prj\data\train\spinach\Image_92.jpg,1105.7705078125,1800,1200,1.5,3,JPEG,66.76,93.94,47.5,58.22,144.69,96.75,False
train,spinach,Image_93.jpg,C:\Users\Computer\OneDrive\เดสก์ท็อป\imageprocessing-prj\data\train\spinach\Image_93.jpg,23.974609375,300,390,0.7692,3,JPEG,180.97,202.38,155.95,26.28,86.64,203.06,False
train,spinach,Image_94.jpg,C:\Users\Computer\OneDrive\เดสก์ท็อป\imageprocessing-prj\data\train\spinach\Image_94.jpg,614.375,2500,1638,1.5263,3,JPEG,144.96,155.46,94.95,34.19,114.41,157.58,False
train,spinach,Image_95.jpg,C:\Users\Computer\OneDrive\เดสก์ท็อป\imageprocessing-prj\data\train\spinach\Image_95.jpg,105.7333984375,1200,628,1.9108,3,JPEG,176.53,180.4,134.53,26.6,96.06,194.51,False
train,spinach,Image_96.jpg,C:\Users\Computer\OneDrive\เดสก์ท็อป\imageprocessing-prj\data\train\spinach\Image_96.jpg,1155.93359375,1920,1280,1.5,3,JPEG,78.91,149.49,46.19,52.82,189.99,149.5,False
train,spinach,Image_97.jpg,C:\Users\Computer\OneDrive\เดสก์ท็อป\imageprocessing-prj\data\train\spinach\Image_97.jpg,1944.033203125,1793,1200,1.4942,3,JPEG,126.26,181.5,68.12,44.35,168.5,181.75,False
train,spinach,Image_98.jpg,C:\Users\Computer\OneDrive\เดสก์ท็อป\imageprocessing-prj\data\train\spinach\Image_98.jpg,1748.7841796875,1590,1590,1.0,3,JPEG,130.19,125.18,50.58,28.86,171.15,135.78,False
train,spinach,Image_99.jpg,C:\Users\Computer\OneDrive\เดสก์ท็อป\imageprocessing-prj\data\train\spinach\Image_99.jpg,586.6748046875,1208,803,1.5044,3,JPEG,85.22,100.34,53.44,33.56,134.55,106.43,False
train,sweetcorn,Image_1.jpg,C:\Users\Computer\OneDrive\เดสก์ท็อป\imageprocessing-prj\data\train\sweetcorn\Image_1.jpg,144.6630859375,1000,1000,1.0,3,JPEG,216.4,212.62,145.2,20.33,100.05,225.71,False
train,sweetcorn,Image_10.jpg,C:\Users\Computer\OneDrive\เดสก์ท็อป\imageprocessing-prj\data\train\sweetcorn\Image_10.jpg,232.4794921875,720,720,1.0,3,JPEG,165.64,161.46,63.71,29.5,176.79,176.66,False
train,sweetcorn,Image_100.jpg,C:\Users\Computer\OneDrive\เดสก์ท็อป\imageprocessing-prj\data\train\sweetcorn\Image_100.jpg,665.5244140625,848,565,1.5009,3,JPEG,140.53,117.66,44.21,20.75,174.56,141.64,False
train,sweetcorn,Image_11.jpg,C:\Users\Computer\OneDrive\เดสก์ท็อป\imageprocessing-prj\data\train\sweetcorn\Image_11.jpg,531.1123046875,1360,901,1.5094,3,JPEG,183.32,169.49,47.15,27.48,199.13,188.36,False
train,sweetcorn,Image_12.jpg,C:\Users\Computer\OneDrive\เดสก์ท็อป\imageprocessing-prj\data\train\sweetcorn\Image_12.jpg,281.5087890625,1998,1332,1.5,3,JPEG,196.93,149.21,52.8,23.88,185.81,197.44,False
train,sweetcorn,Image_13.jpg,C:\Users\Computer\OneDrive\เดสก์ท็อป\imageprocessing-prj\data\train\sweetcorn\Image_13.jpg,61.80859375,800,800,1.0,3,JPEG,235.88,232.88,199.5,11.34,50.18,238.81,False
train,sweetcorn,Image_14.jpg,C:\Users\Computer\OneDrive\เดสก์ท็อป\imageprocessing-prj\data\train\sweetcorn\Image_14.jpg,330.28125,1600,1200,1.3333,3,JPEG,95.75,99.88,40.05,37.16,184.96,106.21,False
train,sweetcorn,Image_15.JPG,C:\Users\Computer\OneDrive\เดสก์ท็อป\imageprocessing-prj\data\train\sweetcorn\Image_15.JPG,265.3740234375,1200,1600,0.75,3,JPEG,137.72,146.14,73.79,37.73,146.16,153.11,False
train,sweetcorn,Image_16.JPG,C:\Users\Computer\OneDrive\เดสก์ท็อป\imageprocessing-prj\data\train\sweetcorn\Image_16.JPG,609.2880859375,1296,968,1.3388,3,JPEG,150.42,126.37,34.6,43.35,209.05,159.25,False
train,sweetcorn,Image_17.jpg,C:\Users\Computer\OneDrive\เดสก์ท็อป\imageprocessing-prj\data\train\sweetcorn\Image_17.jpg,671.244140625,1050,750,1.4,3,JPEG,198.53,167.25,58.18,23.79,184.38,200.03,False
train,sweetcorn,Image_19.jpg,C:\Users\Computer\OneDrive\เดสก์ท็อป\imageprocessing-prj\data\train\sweetcorn\Image_19.jpg,429.38671875,600,600,1.0,3,JPEG,154.82,135.72,79.95,24.65,119.82,160.38,False
train,sweetcorn,Image_2.jpg,C:\Users\Computer\OneDrive\เดสก์ท็อป\imageprocessing-prj\data\train\sweetcorn\Image_2.jpg,49.7578125,1280,960,1.3333,3,JPEG,158.04,154.14,88.75,44.5,129.79,166.86,False
train,sweetcorn,Image_20.jpg,C:\Users\Computer\OneDrive\เดสก์ท็อป\imageprocessing-prj\data\train\sweetcorn\Image_20.jpg,98.412109375,720,720,1.0,3,JPEG,188.25,164.79,74.96,27.61,165.8,195.06,False
train,sweetcorn,Image_21.jpg,C:\Users\Computer\OneDrive\เดสก์ท็อป\imageprocessing-prj\data\train\sweetcorn\Image_21.jpg,61.6669921875,1024,1024,1.0,3,JPEG,169.95,170.53,84.71,31.45,135.3,178.79,False
train,sweetcorn,Image_22.jpg,C:\Users\Computer\OneDrive\เดสก์ท็อป\imageprocessing-prj\data\train\sweetcorn\Image_22.jpg,449.7802734375,2309,1809,1.2764,3,JPEG,113.62,125.89,60.94,37.59,158.04,128.5,False
train,sweetcorn,Image_23.jpg,C:\Users\Computer\OneDrive\เดสก์ท็อป\imageprocessing-prj\data\train\sweetcorn\Image_23.jpg,1471.5263671875,1415,2122,0.6668,3,JPEG,165.05,158.13,98.38,38.85,119.72,169.35,False
train,sweetcorn,Image_24.jpg,C:\Users\Computer\OneDrive\เดสก์ท็อป\imageprocessing-prj\data\train\sweetcorn\Image_24.jpg,147.576171875,800,800,1.0,3,JPEG,135.58,128.0,77.32,30.15,116.68,139.33,False
train,sweetcorn,Image_25.jpg,C:\Users\Computer\OneDrive\เดสก์ท็อป\imageprocessing-prj\data\train\sweetcorn\Image_25.jpg,531.7666015625,1500,1000,1.5,3,JPEG,192.27,163.89,44.63,24.57,193.8,192.49,False
train,sweetcorn,Image_26.jpg,C:\Users\Computer\OneDrive\เดสก์ท็อป\imageprocessing-prj\data\train\sweetcorn\Image_26.jpg,116.646484375,700,700,1.0,3,JPEG,147.82,132.37,34.98,28.64,207.51,152.12,False
train,sweetcorn,Image_27.jpg,C:\Users\Computer\OneDrive\เดสก์ท็อป\imageprocessing-prj\data\train\sweetcorn\Image_27.jpg,180.1708984375,330,330,1.0,3,JPEG,152.78,150.65,59.23,37.03,159.47,171.73,False
train,sweetcorn,Image_28.JPG,C:\Users\Computer\OneDrive\เดสก์ท็อป\imageprocessing-prj\data\train\sweetcorn\Image_28.JPG,315.2734375,1388,1084,1.2804,3,JPEG,206.04,188.05,39.99,28.1,205.82,211.1,False
train,sweetcorn,Image_29.jpg,C:\Users\Computer\OneDrive\เดสก์ท็อป\imageprocessing-prj\data\train\sweetcorn\Image_29.jpg,462.2001953125,600,600,1.0,3,JPEG,159.08,155.98,72.14,37.72,151.39,179.22,False
train,sweetcorn,Image_3.jpg,C:\Users\Computer\OneDrive\เดสก์ท็อป\imageprocessing-prj\data\train\sweetcorn\Image_3.jpg,102.5654296875,800,800,1.0,3,JPEG,157.29,145.88,52.12,33.86,175.36,171.73,False
train,sweetcorn,Image_30.png,C:\Users\Computer\OneDrive\เดสก์ท็อป\imageprocessing-prj\data\train\sweetcorn\Image_30.png,77.9501953125,350,161,2.1739,3,PNG,108.62,93.16,17.42,15.16,124.87,112.94,False
train,sweetcorn,Image_31.jpg,C:\Users\Computer\OneDrive\เดสก์ท็อป\imageprocessing-prj\data\train\sweetcorn\Image_31.jpg,72.1748046875,510,510,1.0,3,JPEG,191.87,193.89,108.37,34.15,123.35,203.65,False
train,sweetcorn,Image_32.jpg,C:\Users\Computer\OneDrive\เดสก์ท็อป\imageprocessing-prj\data\train\sweetcorn\Image_32.jpg,135.38671875,960,640,1.5,3,JPEG,140.63,119.85,53.4,35.14,166.5,144.87,False
train,sweetcorn,Image_33.jpg,C:\Users\Computer\OneDrive\เดสก์ท็อป\imageprocessing-prj\data\train\sweetcorn\Image_33.jpg,240.8798828125,600,450,1.3333,3,JPEG,236.7,177.98,72.26,19.89,177.49,236.76,False
train,sweetcorn,Image_34.jpg,C:\Users\Computer\OneDrive\เดสก์ท็อป\imageprocessing-prj\data\train\sweetcorn\Image_34.jpg,26.6650390625,450,450,1.0,3,JPEG,236.54,228.84,189.47,14.26,61.15,239.35,False
train,sweetcorn,Image_35.jpg,C:\Users\Computer\OneDrive\เดสก์ท็อป\imageprocessing-prj\data\train\sweetcorn\Image_35.jpg,169.64453125,1200,800,1.5,3,JPEG,177.23,161.26,63.96,27.34,165.77,181.53,False
train,sweetcorn,Image_36.jpg,C:\Users\Computer\OneDrive\เดสก์ท็อป\imageprocessing-prj\data\train\sweetcorn\Image_36.jpg,148.3876953125,1300,1300,1.0,3,JPEG,237.1,235.88,199.85,11.7,51.32,241.9,False
train,sweetcorn,Image_37.jpg,C:\Users\Computer\OneDrive\เดสก์ท็อป\imageprocessing-prj\data\train\sweetcorn\Image_37.jpg,64.2890625,800,800,1.0,3,JPEG,222.85,215.86,201.94,12.81,36.33,223.29,False
train,sweetcorn,Image_38.jpg,C:\Users\Computer\OneDrive\เดสก์ท็อป\imageprocessing-prj\data\train\sweetcorn\Image_38.jpg,262.7431640625,2118,1188,1.7828,3,JPEG,159.92,153.68,74.94,38.25,130.83,167.63,False
train,sweetcorn,Image_39.jpg,C:\Users\Computer\OneDrive\เดสก์ท็อป\imageprocessing-prj\data\train\sweetcorn\Image_39.jpg,152.8857421875,1504,1128,1.3333,3,JPEG,111.04,138.47,54.6,44.84,183.35,142.11,False
train,sweetcorn,Image_4.jpg,C:\Users\Computer\OneDrive\เดสก์ท็อป\imageprocessing-prj\data\train\sweetcorn\Image_4.jpg,399.080078125,600,600,1.0,3,JPEG,184.49,149.27,62.12,26.79,157.94,186.97,False
train,sweetcorn,Image_40.jpg,C:\Users\Computer\OneDrive\เดสก์ท็อป\imageprocessing-prj\data\train\sweetcorn\Image_40.jpg,260.4384765625,1200,1200,1.0,3,JPEG,133.19,95.12,53.18,34.73,155.56,136.67,False
train,sweetcorn,Image_41.jpg,C:\Users\Computer\OneDrive\เดสก์ท็อป\imageprocessing-prj\data\train\sweetcorn\Image_41.jpg,14.833984375,300,214,1.4019,3,JPEG,190.82,177.92,120.28,57.76,111.32,199.55,False
train,sweetcorn,Image_42.jpg,C:\Users\Computer\OneDrive\เดสก์ท็อป\imageprocessing-prj\data\train\sweetcorn\Image_42.jpg,165.97265625,1200,800,1.5,3,JPEG,220.01,218.6,172.21,45.25,70.14,226.41,False
train,sweetcorn,Image_43.jpg,C:\Users\Computer\OneDrive\เดสก์ท็อป\imageprocessing-prj\data\train\sweetcorn\Image_43.jpg,106.0341796875,683,512,1.334,3,JPEG,202.08,170.55,93.58,29.69,137.3,203.62,False
train,sweetcorn,Image_44.jpg,C:\Users\Computer\OneDrive\เดสก์ท็อป\imageprocessing-prj\data\train\sweetcorn\Image_44.jpg,1098.271484375,2573,1709,1.5056,3,JPEG,191.04,159.18,48.68,24.3,201.14,194.02,False
train,sweetcorn,Image_45.jpg,C:\Users\Computer\OneDrive\เดสก์ท็อป\imageprocessing-prj\data\train\sweetcorn\Image_45.jpg,12.486328125,200,200,1.0,3,JPEG,104.07,113.77,70.35,45.52,126.75,122.09,False
train,sweetcorn,Image_46.jpg,C:\Users\Computer\OneDrive\เดสก์ท็อป\imageprocessing-prj\data\train\sweetcorn\Image_46.jpg,78.556640625,800,600,1.3333,3,JPEG,224.41,207.85,131.43,20.83,116.59,229.78,False
train,sweetcorn,Image_47.jpg,C:\Users\Computer\OneDrive\เดสก์ท็อป\imageprocessing-prj\data\train\sweetcorn\Image_47.jpg,1843.923828125,1823,900,2.0256,3,JPEG,160.8,139.35,48.63,30.84,184.64,171.79,False
train,sweetcorn,Image_48.jpg,C:\Users\Computer\OneDrive\เดสก์ท็อป\imageprocessing-prj\data\train\sweetcorn\Image_48.jpg,110.1484375,1000,664,1.506,3,JPEG,180.19,160.02,82.93,29.14,142.59,184.46,False
train,sweetcorn,Image_5.jpg,C:\Users\Computer\OneDrive\เดสก์ท็อป\imageprocessing-prj\data\train\sweetcorn\Image_5.jpg,98.7939453125,720,720,1.0,3,JPEG,151.3,147.92,84.6,44.21,117.44,163.29,False
train,sweetcorn,Image_50.jpg,C:\Users\Computer\OneDrive\เดสก์ท็อป\imageprocessing-prj\data\train\sweetcorn\Image_50.jpg,131.6796875,1000,1000,1.0,3,JPEG,172.4,138.82,60.2,22.71,164.27,172.69,False
train,sweetcorn,Image_51.jpg,C:\Users\Computer\OneDrive\เดสก์ท็อป\imageprocessing-prj\data\train\sweetcorn\Image_51.jpg,210.6552734375,1098,1098,1.0,3,JPEG,183.7,168.07,104.55,27.58,125.22,187.3,False
train,sweetcorn,Image_52.jpg,C:\Users\Computer\OneDrive\เดสก์ท็อป\imageprocessing-prj\data\train\sweetcorn\Image_52.jpg,1386.4541015625,2352,1568,1.5,3,JPEG,186.74,147.35,93.13,18.04,136.67,186.79,False
train,sweetcorn,Image_53.jpg,C:\Users\Computer\OneDrive\เดสก์ท็อป\imageprocessing-prj\data\train\sweetcorn\Image_53.jpg,141.802734375,800,800,1.0,3,JPEG,172.81,176.34,104.89,39.62,110.79,185.93,False
train,sweetcorn,Image_54.jpg,C:\Users\Computer\OneDrive\เดสก์ท็อป\imageprocessing-prj\data\train\sweetcorn\Image_54.jpg,194.62890625,1426,713,2.0,3,JPEG,109.27,105.52,63.98,35.3,124.32,111.46,False
train,sweetcorn,Image_55.png,C:\Users\Computer\OneDrive\เดสก์ท็อป\imageprocessing-prj\data\train\sweetcorn\Image_55.png,244.4794921875,512,276,1.8551,3,PNG,139.08,154.71,76.48,45.54,146.61,161.86,False
train,sweetcorn,Image_56.png,C:\Users\Computer\OneDrive\เดสก์ท็อป\imageprocessing-prj\data\train\sweetcorn\Image_56.png,657.16796875,1000,1000,1.0,3,PNG,247.16,237.11,203.23,7.78,49.42,247.88,False
train,sweetcorn,Image_57.jpg,C:\Users\Computer\OneDrive\เดสก์ท็อป\imageprocessing-prj\data\train\sweetcorn\Image_57.jpg,74.4287109375,760,760,1.0,3,JPEG,118.86,113.5,19.33,30.14,218.13,126.96,False
train,sweetcorn,Image_58.jpg,C:\Users\Computer\OneDrive\เดสก์ท็อป\imageprocessing-prj\data\train\sweetcorn\Image_58.jpg,158.4033203125,2000,1200,1.6667,3,JPEG,236.16,176.4,45.43,20.56,205.87,236.16,False
train,sweetcorn,Image_59.jpg,C:\Users\Computer\OneDrive\เดสก์ท็อป\imageprocessing-prj\data\train\sweetcorn\Image_59.jpg,156.5693359375,760,1064,0.7143,3,JPEG,225.72,226.38,179.85,13.24,73.04,235.79,False
train,sweetcorn,Image_6.jpg,C:\Users\Computer\OneDrive\เดสก์ท็อป\imageprocessing-prj\data\train\sweetcorn\Image_6.jpg,93.63671875,769,500,1.538,3,JPEG,172.11,154.6,49.06,28.46,182.93,175.73,False
train,sweetcorn,Image_60.jpg,C:\Users\Computer\OneDrive\เดสก์ท็อป\imageprocessing-prj\data\train\sweetcorn\Image_60.jpg,58.1953125,640,420,1.5238,3,JPEG,173.84,158.39,70.11,25.24,156.06,174.17,False
train,sweetcorn,Image_61.jpg,C:\Users\Computer\OneDrive\เดสก์ท็อป\imageprocessing-prj\data\train\sweetcorn\Image_61.jpg,5470.8837890625,3872,2592,1.4938,3,JPEG,153.0,123.71,57.44,23.61,168.62,156.15,False
train,sweetcorn,Image_62.jpg,C:\Users\Computer\OneDrive\เดสก์ท็อป\imageprocessing-prj\data\train\sweetcorn\Image_62.jpg,63.4072265625,800,600,1.3333,3,JPEG,157.5,154.51,87.97,44.49,130.59,166.62,False
train,sweetcorn,Image_63.jpg,C:\Users\Computer\OneDrive\เดสก์ท็อป\imageprocessing-prj\data\train\sweetcorn\Image_63.jpg,1149.6201171875,2304,2304,1.0,3,JPEG,161.55,125.44,72.88,17.91,160.34,161.56,False
train,sweetcorn,Image_64.png,C:\Users\Computer\OneDrive\เดสก์ท็อป\imageprocessing-prj\data\train\sweetcorn\Image_64.png,173.0,540,491,1.0998,3,PNG,242.82,235.33,203.7,16.1,45.76,243.89,False
train,sweetcorn,Image_65.jpg,C:\Users\Computer\OneDrive\เดสก์ท็อป\imageprocessing-prj\data\train\sweetcorn\Image_65.jpg,112.271484375,800,600,1.3333,3,JPEG,119.39,128.28,49.24,35.21,172.82,134.91,False
train,sweetcorn,Image_66.jpg,C:\Users\Computer\OneDrive\เดสก์ท็อป\imageprocessing-prj\data\train\sweetcorn\Image_66.jpg,76.50390625,300,300,1.0,3,JPEG,233.97,223.72,181.49,14.8,66.89,236.73,False
train,sweetcorn,Image_67.jpg,C:\Users\Computer\OneDrive\เดสก์ท็อป\imageprocessing-prj\data\train\sweetcorn\Image_67.jpg,196.93359375,450,450,1.0,3,JPEG,164.09,147.98,74.2,25.81,144.38,168.64,False
train,sweetcorn,Image_69.jpg,C:\Users\Computer\OneDrive\เดสก์ท็อป\imageprocessing-prj\data\train\sweetcorn\Image_69.jpg,135.8173828125,960,640,1.5,3,JPEG,81.35,70.57,50.21,23.14,97.92,82.12,False
train,sweetcorn,Image_7.jpg,C:\Users\Computer\OneDrive\เดสก์ท็อป\imageprocessing-prj\data\train\sweetcorn\Image_7.jpg,2263.59375,3504,2336,1.5,3,JPEG,215.02,184.74,95.91,22.94,143.62,215.06,False
train,sweetcorn,Image_70.jpg,C:\Users\Computer\OneDrive\เดสก์ท็อป\imageprocessing-prj\data\train\sweetcorn\Image_70.jpg,39.90234375,500,406,1.2315,3,JPEG,224.87,218.91,160.05,18.93,88.8,232.35,False
train,sweetcorn,Image_71.jpg,C:\Users\Computer\OneDrive\เดสก์ท็อป\imageprocessing-prj\data\train\sweetcorn\Image_71.jpg,45.666015625,768,576,1.3333,3,JPEG,91.81,97.74,33.61,37.7,193.32,105.43,False
train,sweetcorn,Image_72.jpg,C:\Users\Computer\OneDrive\เดสก์ท็อป\imageprocessing-prj\data\train\sweetcorn\Image_72.jpg,882.6171875,1000,1000,1.0,3,JPEG,153.92,135.74,90.95,27.01,124.6,158.96,False
train,sweetcorn,Image_74.jpg,C:\Users\Computer\OneDrive\เดสก์ท็อป\imageprocessing-prj\data\train\sweetcorn\Image_74.jpg,131.333984375,700,700,1.0,3,JPEG,176.29,150.44,92.5,26.59,132.46,180.97,False
train,sweetcorn,Image_75.png,C:\Users\Computer\OneDrive\เดสก์ท็อป\imageprocessing-prj\data\train\sweetcorn\Image_75.png,46.3984375,250,250,1.0,3,PNG,110.93,99.77,62.3,8.51,50.95,110.96,False
train,sweetcorn,Image_76.jpg,C:\Users\Computer\OneDrive\เดสก์ท็อป\imageprocessing-prj\data\train\sweetcorn\Image_76.jpg,295.4970703125,1200,1200,1.0,3,JPEG,111.56,112.71,79.4,61.45,114.46,128.35,False
train,sweetcorn,Image_77.jpg,C:\Users\Computer\OneDrive\เดสก์ท็อป\imageprocessing-prj\data\train\sweetcorn\Image_77.jpg,372.2939453125,1536,2048,0.75,3,JPEG,135.31,134.66,91.15,35.59,105.77,145.93,False
train,sweetcorn,Image_78.jpg,C:\Users\Computer\OneDrive\เดสก์ท็อป\imageprocessing-prj\data\train\sweetcorn\Image_78.jpg,156.7783203125,1300,946,1.3742,3,JPEG,193.66,165.99,67.26,21.87,178.57,194.16,False
train,sweetcorn,Image_79.jpg,C:\Users\Computer\OneDrive\เดสก์ท็อป\imageprocessing-prj\data\train\sweetcorn\Image_79.jpg,273.037109375,1000,1000,1.0,3,JPEG,224.13,206.22,158.49,50.08,86.57,226.45,False
train,sweetcorn,Image_8.jpg,C:\Users\Computer\OneDrive\เดสก์ท็อป\imageprocessing-prj\data\train\sweetcorn\Image_8.jpg,665.5244140625,848,565,1.5009,3,JPEG,140.53,117.66,44.21,20.75,174.56,141.64,False
train,sweetcorn,Image_80.jpg,C:\Users\Computer\OneDrive\เดสก์ท็อป\imageprocessing-prj\data\train\sweetcorn\Image_80.jpg,200.0078125,465,280,1.6607,3,JPEG,136.22,112.6,52.59,47.51,147.43,141.02,False
train,sweetcorn,Image_83.jpg,C:\Users\Computer\OneDrive\เดสก์ท็อป\imageprocessing-prj\data\train\sweetcorn\Image_83.jpg,128.65234375,1000,1542,0.6485,3,JPEG,91.38,99.2,56.64,42.93,161.68,106.56,False
train,sweetcorn,Image_84.jpg,C:\Users\Computer\OneDrive\เดสก์ท็อป\imageprocessing-prj\data\train\sweetcorn\Image_84.jpg,73.3955078125,450,628,0.7166,3,JPEG,139.11,120.38,43.33,25.8,174.1,139.98,False
train,sweetcorn,Image_85.jpg,C:\Users\Computer\OneDrive\เดสก์ท็อป\imageprocessing-prj\data\train\sweetcorn\Image_85.jpg,15.681640625,263,263,1.0,3,JPEG,247.13,237.06,207.93,8.39,45.13,247.19,False
train,sweetcorn,Image_87.jpg,C:\Users\Computer\OneDrive\เดสก์ท็อป\imageprocessing-prj\data\train\sweetcorn\Image_87.jpg,166.6201171875,1000,1000,1.0,3,JPEG,169.85,136.96,48.96,21.59,195.69,169.93,False
train,sweetcorn,Image_88.jpg,C:\Users\Computer\OneDrive\เดสก์ท็อป\imageprocessing-prj\data\train\sweetcorn\Image_88.jpg,1130.884765625,1312,1620,0.8099,3,JPEG,89.8,70.6,38.55,31.14,132.01,96.49,False
train,sweetcorn,Image_89.jpg,C:\Users\Computer\OneDrive\เดสก์ท็อป\imageprocessing-prj\data\train\sweetcorn\Image_89.jpg,618.6025390625,1600,1205,1.3278,3,JPEG,121.31,123.39,105.89,42.37,61.57,128.85,False
train,sweetcorn,Image_9.jpg,C:\Users\Computer\OneDrive\เดสก์ท็อป\imageprocessing-prj\data\train\sweetcorn\Image_9.jpg,533.2451171875,2000,1333,1.5004,3,JPEG,197.22,171.0,71.08,25.2,169.11,200.13,False
train,sweetcorn,Image_90.jpg,C:\Users\Computer\OneDrive\เดสก์ท็อป\imageprocessing-prj\data\train\sweetcorn\Image_90.jpg,25.6767578125,300,300,1.0,3,JPEG,225.93,171.77,64.96,20.42,183.86,225.94,False
train,sweetcorn,Image_93.jpg,C:\Users\Computer\OneDrive\เดสก์ท็อป\imageprocessing-prj\data\train\sweetcorn\Image_93.jpg,144.6630859375,1000,1000,1.0,3,JPEG,216.4,212.62,145.2,20.33,100.05,225.71,False
train,sweetcorn,Image_94.jpg,C:\Users\Computer\OneDrive\เดสก์ท็อป\imageprocessing-prj\data\train\sweetcorn\Image_94.jpg,49.7578125,1280,960,1.3333,3,JPEG,158.04,154.14,88.75,44.5,129.79,166.86,False
train,sweetcorn,Image_95.jpg,C:\Users\Computer\OneDrive\เดสก์ท็อป\imageprocessing-prj\data\train\sweetcorn\Image_95.jpg,102.5654296875,800,800,1.0,3,JPEG,157.29,145.88,52.12,33.86,175.36,171.73,False
train,sweetcorn,Image_96.jpg,C:\Users\Computer\OneDrive\เดสก์ท็อป\imageprocessing-prj\data\train\sweetcorn\Image_96.jpg,399.080078125,600,600,1.0,3,JPEG,184.49,149.27,62.12,26.79,157.94,186.97,False
train,sweetcorn,Image_97.jpg,C:\Users\Computer\OneDrive\เดสก์ท็อป\imageprocessing-prj\data\train\sweetcorn\Image_97.jpg,98.7939453125,720,720,1.0,3,JPEG,151.3,147.92,84.6,44.21,117.44,163.29,False
train,sweetcorn,Image_98.jpg,C:\Users\Computer\OneDrive\เดสก์ท็อป\imageprocessing-prj\data\train\sweetcorn\Image_98.jpg,93.63671875,769,500,1.538,3,JPEG,172.11,154.6,49.06,28.46,182.93,175.73,False
train,sweetcorn,Image_99.jpg,C:\Users\Computer\OneDrive\เดสก์ท็อป\imageprocessing-prj\data\train\sweetcorn\Image_99.jpg,2263.59375,3504,2336,1.5,3,JPEG,215.02,184.74,95.91,22.94,143.62,215.06,False
train,sweetpotato,Image_10.jpg,C:\Users\Computer\OneDrive\เดสก์ท็อป\imageprocessing-prj\data\train\sweetpotato\Image_10.jpg,47.9873046875,600,900,0.6667,3,JPEG,202.93,154.15,133.99,14.84,97.48,203.15,False
train,sweetpotato,Image_100.jpg,C:\Users\Computer\OneDrive\เดสก์ท็อป\imageprocessing-prj\data\train\sweetpotato\Image_100.jpg,410.93359375,2000,1125,1.7778,3,JPEG,134.95,81.61,54.61,14.96,158.3,135.0,False
train,sweetpotato,Image_11.jpg,C:\Users\Computer\OneDrive\เดสก์ท็อป\imageprocessing-prj\data\train\sweetpotato\Image_11.jpg,484.443359375,2920,1788,1.6331,3,JPEG,170.48,157.84,144.14,64.37,71.34,177.45,False
train,sweetpotato,Image_12.jpg,C:\Users\Computer\OneDrive\เดสก์ท็อป\imageprocessing-prj\data\train\sweetpotato\Image_12.jpg,1499.32421875,4288,2848,1.5056,3,JPEG,162.18,94.13,32.89,13.71,204.38,162.19,False
train,sweetpotato,Image_13.jpg,C:\Users\Computer\OneDrive\เดสก์ท็อป\imageprocessing-prj\data\train\sweetpotato\Image_13.jpg,5086.44921875,3009,2400,1.2537,3,JPEG,188.73,144.34,82.48,18.98,163.58,188.79,False
train,sweetpotato,Image_14.jpg,C:\Users\Computer\OneDrive\เดสก์ท็อป\imageprocessing-prj\data\train\sweetpotato\Image_14.jpg,226.9697265625,1500,983,1.5259,3,JPEG,230.74,189.23,167.9,6.14,76.97,230.76,False
train,sweetpotato,Image_15.jpg,C:\Users\Computer\OneDrive\เดสก์ท็อป\imageprocessing-prj\data\train\sweetpotato\Image_15.jpg,272.412109375,1600,1062,1.5066,3,JPEG,155.64,94.56,76.81,54.52,156.4,155.65,False
train,sweetpotato,Image_16.jpg,C:\Users\Computer\OneDrive\เดสก์ท็อป\imageprocessing-prj\data\train\sweetpotato\Image_16.jpg,199.5595703125,1000,1000,1.0,3,JPEG,147.74,107.76,100.94,39.83,98.87,147.75,False
train,sweetpotato,Image_18.jpg,C:\Users\Computer\OneDrive\เดสก์ท็อป\imageprocessing-prj\data\train\sweetpotato\Image_18.jpg,45.810546875,541,385,1.4052,3,JPEG,235.48,186.89,174.68,7.06,71.05,235.52,False
train,sweetpotato,Image_19.jpg,C:\Users\Computer\OneDrive\เดสก์ท็อป\imageprocessing-prj\data\train\sweetpotato\Image_19.jpg,1141.6162109375,1500,1126,1.3321,3,JPEG,128.53,88.28,83.34,60.04,113.76,129.0,False
train,sweetpotato,Image_2.jpg,C:\Users\Computer\OneDrive\เดสก์ท็อป\imageprocessing-prj\data\train\sweetpotato\Image_2.jpg,132.02734375,1709,2560,0.6676,3,JPEG,126.92,87.44,69.89,29.28,117.58,130.08,False
train,sweetpotato,Image_21.jpg,C:\Users\Computer\OneDrive\เดสก์ท็อป\imageprocessing-prj\data\train\sweetpotato\Image_21.jpg,46.2724609375,600,492,1.2195,3,JPEG,147.24,78.17,34.9,14.21,203.93,147.44,False
train,sweetpotato,Image_22.jpg,C:\Users\Computer\OneDrive\เดสก์ท็อป\imageprocessing-prj\data\train\sweetpotato\Image_22.jpg,144.740234375,660,297,2.2222,3,JPEG,155.38,93.07,47.47,13.26,189.86,155.42,False
train,sweetpotato,Image_23.jpg,C:\Users\Computer\OneDrive\เดสก์ท็อป\imageprocessing-prj\data\train\sweetpotato\Image_23.jpg,127.7333984375,1500,2250,0.6667,3,JPEG,194.85,100.21,34.89,17.87,207.84,195.18,False
train,sweetpotato,Image_25.jpg,C:\Users\Computer\OneDrive\เดสก์ท็อป\imageprocessing-prj\data\train\sweetpotato\Image_25.jpg,34.75390625,700,525,1.3333,3,JPEG,213.33,179.12,171.92,8.0,63.59,213.37,False
train,sweetpotato,Image_28.jpg,C:\Users\Computer\OneDrive\เดสก์ท็อป\imageprocessing-prj\data\train\sweetpotato\Image_28.jpg,59.0048828125,600,894,0.6711,3,JPEG,148.39,125.12,111.83,56.14,89.28,149.75,False
train,sweetpotato,Image_29.jpg,C:\Users\Computer\OneDrive\เดสก์ท็อป\imageprocessing-prj\data\train\sweetpotato\Image_29.jpg,89.2197265625,670,1005,0.6667,3,JPEG,177.24,129.33,110.73,58.92,127.5,180.81,False
train,sweetpotato,Image_3.jpg,C:\Users\Computer\OneDrive\เดสก์ท็อป\imageprocessing-prj\data\train\sweetpotato\Image_3.jpg,1198.97265625,1000,1000,1.0,3,JPEG,109.64,99.7,81.46,87.96,110.72,128.12,False
train,sweetpotato,Image_30.jpg,C:\Users\Computer\OneDrive\เดสก์ท็อป\imageprocessing-prj\data\train\sweetpotato\Image_30.jpg,78.9892578125,1024,768,1.3333,3,JPEG,178.51,157.44,142.97,38.06,80.64,185.51,False
train,sweetpotato,Image_32.jpg,C:\Users\Computer\OneDrive\เดสก์ท็อป\imageprocessing-prj\data\train\sweetpotato\Image_32.jpg,69.2666015625,1048,1572,0.6667,3,JPEG,178.09,129.9,98.36,28.78,115.56,179.83,False
train,sweetpotato,Image_34.jpg,C:\Users\Computer\OneDrive\เดสก์ท็อป\imageprocessing-prj\data\train\sweetpotato\Image_34.jpg,152.1279296875,682,1024,0.666,3,JPEG,207.81,152.1,115.74,34.55,123.78,211.49,False
train,sweetpotato,Image_35.jpg,C:\Users\Computer\OneDrive\เดสก์ท็อป\imageprocessing-prj\data\train\sweetpotato\Image_35.jpg,89.8466796875,1404,936,1.5,3,JPEG,230.31,207.55,203.25,7.21,43.42,230.33,False
train,sweetpotato,Image_36.jpg,C:\Users\Computer\OneDrive\เดสก์ท็อป\imageprocessing-prj\data\train\sweetpotato\Image_36.jpg,165.0048828125,1200,1800,0.6667,3,JPEG,147.37,95.01,48.1,15.72,161.38,147.38,False
train,sweetpotato,Image_37.jpg,C:\Users\Computer\OneDrive\เดสก์ท็อป\imageprocessing-prj\data\train\sweetpotato\Image_37.jpg,730.9091796875,2356,1571,1.4997,3,JPEG,206.2,146.87,113.39,18.97,124.01,206.68,False
train,sweetpotato,Image_38.jpg,C:\Users\Computer\OneDrive\เดสก์ท็อป\imageprocessing-prj\data\train\sweetpotato\Image_38.jpg,229.9970703125,750,1125,0.6667,3,JPEG,186.8,101.98,50.45,19.88,190.11,187.72,False
train,sweetpotato,Image_39.jpg,C:\Users\Computer\OneDrive\เดสก์ท็อป\imageprocessing-prj\data\train\sweetpotato\Image_39.jpg,267.015625,1200,797,1.5056,3,JPEG,102.63,66.69,64.66,74.18,132.28,102.74,False
train,sweetpotato,Image_4.jpg,C:\Users\Computer\OneDrive\เดสก์ท็อป\imageprocessing-prj\data\train\sweetpotato\Image_4.jpg,410.93359375,2000,1125,1.7778,3,JPEG,134.95,81.61,54.61,14.96,158.3,135.0,False
train,sweetpotato,Image_40.jpg,C:\Users\Computer\OneDrive\เดสก์ท็อป\imageprocessing-prj\data\train\sweetpotato\Image_40.jpg,898.0986328125,1698,1131,1.5013,3,JPEG,240.54,218.12,202.64,5.1,46.18,240.54,False
train,sweetpotato,Image_41.jpg,C:\Users\Computer\OneDrive\เดสก์ท็อป\imageprocessing-prj\data\train\sweetpotato\Image_41.jpg,26.4443359375,400,300,1.3333,3,JPEG,163.98,73.47,30.51,12.44,213.49,164.0,False
train,sweetpotato,Image_42.jpg,C:\Users\Computer\OneDrive\เดสก์ท็อป\imageprocessing-prj\data\train\sweetpotato\Image_42.jpg,101.2998046875,730,997,0.7322,3,JPEG,137.32,101.74,74.69,31.12,132.35,140.75,False
train,sweetpotato,Image_43.jpg,C:\Users\Computer\OneDrive\เดสก์ท็อป\imageprocessing-prj\data\train\sweetpotato\Image_43.jpg,729.4208984375,3274,2182,1.5005,3,JPEG,198.72,122.39,80.69,16.36,158.81,199.02,False
train,sweetpotato,Image_5.jpg,C:\Users\Computer\OneDrive\เดสก์ท็อป\imageprocessing-prj\data\train\sweetpotato\Image_5.jpg,384.0947265625,1000,821,1.218,3,JPEG,213.62,191.13,179.72,9.66,53.61,213.62,False
train,sweetpotato,Image_50.jpg,C:\Users\Computer\OneDrive\เดสก์ท็อป\imageprocessing-prj\data\train\sweetpotato\Image_50.jpg,268.595703125,1224,1632,0.75,3,JPEG,173.08,113.71,81.56,31.51,142.61,175.55,False
train,sweetpotato,Image_53.jpg,C:\Users\Computer\OneDrive\เดสก์ท็อป\imageprocessing-prj\data\train\sweetpotato\Image_53.jpg,199.52734375,1200,734,1.6349,3,JPEG,138.82,83.94,35.05,13.19,192.42,138.82,False
train,sweetpotato,Image_54.jpg,C:\Users\Computer\OneDrive\เดสก์ท็อป\imageprocessing-prj\data\train\sweetpotato\Image_54.jpg,167.609375,1200,1800,0.6667,3,JPEG,119.11,82.02,71.89,39.19,120.19,125.54,False
train,sweetpotato,Image_55.jpg,C:\Users\Computer\OneDrive\เดสก์ท็อป\imageprocessing-prj\data\train\sweetpotato\Image_55.jpg,195.439453125,1698,1131,1.5013,3,JPEG,213.75,200.42,187.51,8.84,42.41,213.76,False
train,sweetpotato,Image_57.jpg,C:\Users\Computer\OneDrive\เดสก์ท็อป\imageprocessing-prj\data\train\sweetpotato\Image_57.jpg,201.4921875,1080,1620,0.6667,3,JPEG,168.42,83.25,38.18,16.11,207.34,168.47,False
train,sweetpotato,Image_58.jpg,C:\Users\Computer\OneDrive\เดสก์ท็อป\imageprocessing-prj\data\train\sweetpotato\Image_58.jpg,134.6025390625,575,413,1.3923,3,JPEG,171.14,110.73,71.5,11.84,161.85,171.14,False
train,sweetpotato,Image_60.jpg,C:\Users\Computer\OneDrive\เดสก์ท็อป\imageprocessing-prj\data\train\sweetpotato\Image_60.jpg,1290.9609375,3456,2304,1.5,3,JPEG,206.74,137.09,86.29,14.82,154.38,207.23,False
train,sweetpotato,Image_62.jpg,C:\Users\Computer\OneDrive\เดสก์ท็อป\imageprocessing-prj\data\train\sweetpotato\Image_62.jpg,149.0126953125,1200,800,1.5,3,JPEG,214.57,193.83,170.2,30.94,62.37,215.62,False
train,sweetpotato,Image_63.jpg,C:\Users\Computer\OneDrive\เดสก์ท็อป\imageprocessing-prj\data\train\sweetpotato\Image_63.jpg,189.3359375,1100,1239,0.8878,3,JPEG,169.7,119.85,133.18,86.7,106.88,169.74,False
train,sweetpotato,Image_64.jpg,C:\Users\Computer\OneDrive\เดสก์ท็อป\imageprocessing-prj\data\train\sweetpotato\Image_64.jpg,54.0634765625,600,480,1.25,3,JPEG,153.63,71.21,35.02,12.8,206.19,153.74,False
train,sweetpotato,Image_66.jpg,C:\Users\Computer\OneDrive\เดสก์ท็อป\imageprocessing-prj\data\train\sweetpotato\Image_66.jpg,255.890625,3648,2736,1.3333,3,JPEG,155.15,138.82,125.61,61.52,71.7,158.71,False
train,sweetpotato,Image_67.jpg,C:\Users\Computer\OneDrive\เดสก์ท็อป\imageprocessing-prj\data\train\sweetpotato\Image_67.jpg,253.0068359375,750,1125,0.6667,3,JPEG,213.22,159.06,112.29,39.59,130.58,216.78,False
train,sweetpotato,Image_68.jpg,C:\Users\Computer\OneDrive\เดสก์ท็อป\imageprocessing-prj\data\train\sweetpotato\Image_68.jpg,58.697265625,600,490,1.2245,3,JPEG,158.18,95.57,40.61,15.46,200.1,158.34,False
train,sweetpotato,Image_69.jpg,C:\Users\Computer\OneDrive\เดสก์ท็อป\imageprocessing-prj\data\train\sweetpotato\Image_69.jpg,1574.525390625,4608,3072,1.5,3,JPEG,182.32,142.02,126.64,54.49,86.79,184.57,False
train,sweetpotato,Image_70.jpg,C:\Users\Computer\OneDrive\เดสก์ท็อป\imageprocessing-prj\data\train\sweetpotato\Image_70.jpg,270.1630859375,1024,768,1.3333,3,JPEG,151.5,97.73,71.95,11.87,144.65,151.5,False
train,sweetpotato,Image_71.jpg,C:\Users\Computer\OneDrive\เดสก์ท็อป\imageprocessing-prj\data\train\sweetpotato\Image_71.jpg,476.404296875,1200,628,1.9108,3,JPEG,156.22,91.71,52.18,25.8,175.53,157.31,False
train,sweetpotato,Image_73.jpg,C:\Users\Computer\OneDrive\เดสก์ท็อป\imageprocessing-prj\data\train\sweetpotato\Image_73.jpg,533.8525390625,1386,1385,1.0007,3,JPEG,180.55,154.73,122.4,45.99,99.43,188.25,False
train,sweetpotato,Image_76.jpg,C:\Users\Computer\OneDrive\เดสก์ท็อป\imageprocessing-prj\data\train\sweetpotato\Image_76.jpg,79.2978515625,1200,628,1.9108,3,JPEG,154.79,103.91,59.39,18.5,157.12,154.93,False
train,sweetpotato,Image_77.jpg,C:\Users\Computer\OneDrive\เดสก์ท็อป\imageprocessing-prj\data\train\sweetpotato\Image_77.jpg,164.0966796875,1147,1147,1.0,3,JPEG,137.05,93.58,78.95,28.8,132.45,137.12,False
train,sweetpotato,Image_78.jpg,C:\Users\Computer\OneDrive\เดสก์ท็อป\imageprocessing-prj\data\train\sweetpotato\Image_78.jpg,232.1220703125,1125,1500,0.75,3,JPEG,192.98,153.11,132.14,14.56,84.09,193.05,False
train,sweetpotato,Image_8.jpg,C:\Users\Computer\OneDrive\เดสก์ท็อป\imageprocessing-prj\data\train\sweetpotato\Image_8.jpg,1248.7216796875,3024,2016,1.5,3,JPEG,199.44,154.28,132.83,44.83,101.0,202.77,False
train,sweetpotato,Image_80.jpg,C:\Users\Computer\OneDrive\เดสก์ท็อป\imageprocessing-prj\data\train\sweetpotato\Image_80.jpg,165.59765625,1000,750,1.3333,3,JPEG,126.71,114.71,115.59,79.48,47.22,130.84,False
train,sweetpotato,Image_81.jpg,C:\Users\Computer\OneDrive\เดสก์ท็อป\imageprocessing-prj\data\train\sweetpotato\Image_81.jpg,110.4990234375,1200,1200,1.0,3,JPEG,195.32,117.66,65.53,26.12,173.47,196.94,False
train,sweetpotato,Image_84.jpg,C:\Users\Computer\OneDrive\เดสก์ท็อป\imageprocessing-prj\data\train\sweetpotato\Image_84.jpg,242.63671875,2399,1799,1.3335,3,JPEG,231.62,200.56,178.43,6.91,69.4,231.63,False
train,sweetpotato,Image_85.jpg,C:\Users\Computer\OneDrive\เดสก์ท็อป\imageprocessing-prj\data\train\sweetpotato\Image_85.jpg,9.599609375,300,199,1.5075,3,JPEG,226.08,200.45,192.43,13.66,49.37,226.15,False
train,sweetpotato,Image_86.jpg,C:\Users\Computer\OneDrive\เดสก์ท็อป\imageprocessing-prj\data\train\sweetpotato\Image_86.jpg,107.49609375,680,450,1.5111,3,JPEG,185.5,166.5,150.48,34.97,52.39,186.38,False
train,sweetpotato,Image_87.jpg,C:\Users\Computer\OneDrive\เดสก์ท็อป\imageprocessing-prj\data\train\sweetpotato\Image_87.jpg,140.4501953125,700,996,0.7028,3,JPEG,110.96,77.38,51.59,39.13,108.3,112.4,False
train,sweetpotato,Image_88.jpg,C:\Users\Computer\OneDrive\เดสก์ท็อป\imageprocessing-prj\data\train\sweetpotato\Image_88.jpg,701.08203125,2139,1426,1.5,3,JPEG,197.56,110.69,91.76,44.32,143.6,197.85,False
train,sweetpotato,Image_9.jpg,C:\Users\Computer\OneDrive\เดสก์ท็อป\imageprocessing-prj\data\train\sweetpotato\Image_9.jpg,789.9150390625,3456,2032,1.7008,3,JPEG,158.93,122.82,99.96,14.74,110.26,158.93,False
train,sweetpotato,Image_90.jpg,C:\Users\Computer\OneDrive\เดสก์ท็อป\imageprocessing-prj\data\train\sweetpotato\Image_90.jpg,175.7431640625,2000,1333,1.5004,3,JPEG,173.97,124.03,103.07,10.72,124.38,174.17,False
train,sweetpotato,Image_92.jpg,C:\Users\Computer\OneDrive\เดสก์ท็อป\imageprocessing-prj\data\train\sweetpotato\Image_92.jpg,82.7548828125,1028,691,1.4877,3,JPEG,190.7,147.93,130.53,53.5,97.49,194.24,False
train,sweetpotato,Image_93.jpg,C:\Users\Computer\OneDrive\เดสก์ท็อป\imageprocessing-prj\data\train\sweetpotato\Image_93.jpg,207.302734375,1500,1125,1.3333,3,JPEG,225.51,185.37,167.66,9.04,75.82,225.55,False
train,sweetpotato,Image_94.jpg,C:\Users\Computer\OneDrive\เดสก์ท็อป\imageprocessing-prj\data\train\sweetpotato\Image_94.jpg,50.0673828125,1200,630,1.9048,3,JPEG,235.18,209.04,191.52,7.24,52.55,235.19,False
train,sweetpotato,Image_95.jpg,C:\Users\Computer\OneDrive\เดสก์ท็อป\imageprocessing-prj\data\train\sweetpotato\Image_95.jpg,68.9296875,500,750,0.6667,3,JPEG,192.44,136.33,100.52,17.26,130.7,192.62,False
train,sweetpotato,Image_97.jpg,C:\Users\Computer\OneDrive\เดสก์ท็อป\imageprocessing-prj\data\train\sweetpotato\Image_97.jpg,154.8427734375,1024,1536,0.6667,3,JPEG,181.07,145.71,121.92,42.63,99.58,182.26,False
train,sweetpotato,Image_98.jpg,C:\Users\Computer\OneDrive\เดสก์ท็อป\imageprocessing-prj\data\train\sweetpotato\Image_98.jpg,132.02734375,1709,2560,0.6676,3,JPEG,126.92,87.44,69.89,29.28,117.58,130.08,False
train,sweetpotato,Image_99.jpg,C:\Users\Computer\OneDrive\เดสก์ท็อป\imageprocessing-prj\data\train\sweetpotato\Image_99.jpg,1198.97265625,1000,1000,1.0,3,JPEG,109.64,99.7,81.46,87.96,110.72,128.12,False
train,tomato,Image_1.jpg,C:\Users\Computer\OneDrive\เดสก์ท็อป\imageprocessing-prj\data\train\tomato\Image_1.jpg,121.58984375,1600,1067,1.4995,3,JPEG,145.96,124.97,57.27,30.9,161.44,157.01,False
train,tomato,Image_10.jpg,C:\Users\Computer\OneDrive\เดสก์ท็อป\imageprocessing-prj\data\train\tomato\Image_10.jpg,1039.42578125,1800,1200,1.5,3,JPEG,202.68,112.14,97.28,36.36,149.11,204.71,False
train,tomato,Image_100.jpg,C:\Users\Computer\OneDrive\เดสก์ท็อป\imageprocessing-prj\data\train\tomato\Image_100.jpg,100.8291015625,1024,1120,0.9143,3,JPEG,182.83,103.62,94.33,31.84,124.5,183.55,False
train,tomato,Image_11.jpg,C:\Users\Computer\OneDrive\เดสก์ท็อป\imageprocessing-prj\data\train\tomato\Image_11.jpg,156.5869140625,1024,1120,0.9143,3,JPEG,206.58,97.99,91.28,53.5,149.45,207.08,False
train,tomato,Image_12.jpg,C:\Users\Computer\OneDrive\เดสก์ท็อป\imageprocessing-prj\data\train\tomato\Image_12.jpg,29.3017578125,800,600,1.3333,3,JPEG,129.98,119.83,47.82,32.1,185.33,149.9,False
train,tomato,Image_13.jpg,C:\Users\Computer\OneDrive\เดสก์ท็อป\imageprocessing-prj\data\train\tomato\Image_13.jpg,86.4365234375,1000,1000,1.0,3,JPEG,170.92,70.06,42.69,16.16,188.26,170.92,False
train,tomato,Image_14.jpg,C:\Users\Computer\OneDrive\เดสก์ท็อป\imageprocessing-prj\data\train\tomato\Image_14.jpg,220.85546875,1600,1200,1.3333,3,JPEG,140.59,90.96,41.36,23.27,174.95,145.41,False
train,tomato,Image_15.jpg,C:\Users\Computer\OneDrive\เดสก์ท็อป\imageprocessing-prj\data\train\tomato\Image_15.jpg,132.419921875,407,435,0.9356,3,JPEG,180.11,99.72,68.95,12.66,155.11,180.12,False
train,tomato,Image_16.jpg,C:\Users\Computer\OneDrive\เดสก์ท็อป\imageprocessing-prj\data\train\tomato\Image_16.jpg,266.2236328125,960,1280,0.75,3,JPEG,116.32,98.18,74.23,55.23,124.35,137.75,False
train,tomato,Image_17.jpg,C:\Users\Computer\OneDrive\เดสก์ท็อป\imageprocessing-prj\data\train\tomato\Image_17.jpg,59.96875,402,600,0.67,3,JPEG,132.63,121.24,91.77,54.23,126.61,159.88,False
train,tomato,Image_18.jpg,C:\Users\Computer\OneDrive\เดสก์ท็อป\imageprocessing-prj\data\train\tomato\Image_18.jpg,2730.267578125,2329,3500,0.6654,3,JPEG,115.12,128.39,70.71,41.67,125.47,135.15,False
train,tomato,Image_19.jpg,C:\Users\Computer\OneDrive\เดสก์ท็อป\imageprocessing-prj\data\train\tomato\Image_19.jpg,144.9765625,1000,1000,1.0,3,JPEG,125.72,103.79,36.33,28.69,189.11,137.82,False
train,tomato,Image_2.jpg,C:\Users\Computer\OneDrive\เดสก์ท็อป\imageprocessing-prj\data\train\tomato\Image_2.jpg,100.8291015625,1024,1120,0.9143,3,JPEG,182.83,103.62,94.33,31.84,124.5,183.55,False
train,tomato,Image_20.jpg,C:\Users\Computer\OneDrive\เดสก์ท็อป\imageprocessing-prj\data\train\tomato\Image_20.jpg,202.4853515625,2978,1494,1.9933,3,JPEG,170.15,111.43,82.84,15.17,139.94,170.5,False
train,tomato,Image_21.jpg,C:\Users\Computer\OneDrive\เดสก์ท็อป\imageprocessing-prj\data\train\tomato\Image_21.jpg,210.109375,1024,1120,0.9143,3,JPEG,192.42,122.74,117.2,52.02,108.21,196.14,False
train,tomato,Image_22.jpg,C:\Users\Computer\OneDrive\เดสก์ท็อป\imageprocessing-prj\data\train\tomato\Image_22.jpg,102.224609375,683,1024,0.667,3,JPEG,136.91,115.65,91.25,42.67,102.73,146.97,False
train,tomato,Image_23.jpg,C:\Users\Computer\OneDrive\เดสก์ท็อป\imageprocessing-prj\data\train\tomato\Image_23.jpg,1378.8798828125,3872,2592,1.4938,3,JPEG,74.97,85.82,45.42,50.04,172.05,113.32,False
train,tomato,Image_24.jpg,C:\Users\Computer\OneDrive\เดสก์ท็อป\imageprocessing-prj\data\train\tomato\Image_24.jpg,104.7978515625,1000,1000,1.0,3,JPEG,123.72,62.29,39.89,13.41,172.4,124.04,False
train,tomato,Image_25.jpg,C:\Users\Computer\OneDrive\เดสก์ท็อป\imageprocessing-prj\data\train\tomato\Image_25.jpg,108.82421875,900,950,0.9474,3,JPEG,178.2,103.59,63.19,26.47,175.71,179.58,False
train,tomato,Image_26.jpg,C:\Users\Computer\OneDrive\เดสก์ท็อป\imageprocessing-prj\data\train\tomato\Image_26.jpg,154.4609375,1000,1000,1.0,3,JPEG,162.0,107.66,91.5,106.3,136.56,176.7,False
train,tomato,Image_27.jpg,C:\Users\Computer\OneDrive\เดสก์ท็อป\imageprocessing-prj\data\train\tomato\Image_27.jpg,3970.9755859375,3000,1995,1.5038,3,JPEG,99.61,104.25,41.03,38.07,183.33,124.83,False
train,tomato,Image_28.jpg,C:\Users\Computer\OneDrive\เดสก์ท็อป\imageprocessing-prj\data\train\tomato\Image_28.jpg,69.435546875,960,640,1.5,3,JPEG,155.72,101.1,79.45,23.97,127.8,157.92,False
train,tomato,Image_29.jpg,C:\Users\Computer\OneDrive\เดสก์ท็อป\imageprocessing-prj\data\train\tomato\Image_29.jpg,96.7060546875,800,710,1.1268,3,JPEG,171.64,86.91,62.79,25.77,153.5,172.1,False
train,tomato,Image_3.jpg,C:\Users\Computer\OneDrive\เดสก์ท็อป\imageprocessing-prj\data\train\tomato\Image_3.jpg,657.521484375,2008,2008,1.0,3,JPEG,235.95,184.04,176.79,5.72,73.94,237.88,False
train,tomato,Image_30.jpg,C:\Users\Computer\OneDrive\เดสก์ท็อป\imageprocessing-prj\data\train\tomato\Image_30.jpg,2307.015625,1072,1706,0.6284,3,JPEG,97.16,96.29,46.18,44.89,145.21,113.65,False
train,tomato,Image_31.png,C:\Users\Computer\OneDrive\เดสก์ท็อป\imageprocessing-prj\data\train\tomato\Image_31.png,1603.634765625,2438,2337,1.0432,3,PNG,167.68,104.9,74.36,28.83,144.13,184.25,False
train,tomato,Image_32.jpg,C:\Users\Computer\OneDrive\เดสก์ท็อป\imageprocessing-prj\data\train\tomato\Image_32.jpg,205.62890625,850,1170,0.7265,3,JPEG,123.07,78.27,57.64,53.55,149.36,136.98,False
train,tomato,Image_33.jpg,C:\Users\Computer\OneDrive\เดสก์ท็อป\imageprocessing-prj\data\train\tomato\Image_33.jpg,234.95703125,1600,1200,1.3333,3,JPEG,132.31,119.77,57.45,40.28,169.99,148.46,False
train,tomato,Image_34.jpg,C:\Users\Computer\OneDrive\เดสก์ท็อป\imageprocessing-prj\data\train\tomato\Image_34.jpg,261.7890625,1160,774,1.4987,3,JPEG,129.24,125.62,59.31,38.87,163.18,152.35,False
train,tomato,Image_35.jpeg,C:\Users\Computer\OneDrive\เดสก์ท็อป\imageprocessing-prj\data\train\tomato\Image_35.jpeg,2002.5126953125,1880,1000,1.88,3,JPEG,179.83,94.16,35.25,18.27,213.44,181.06,False
train,tomato,Image_37.jpg,C:\Users\Computer\OneDrive\เดสก์ท็อป\imageprocessing-prj\data\train\tomato\Image_37.jpg,813.05078125,2592,3872,0.6694,3,JPEG,109.15,71.73,39.25,25.95,169.64,116.64,False
train,tomato,Image_38.jpg,C:\Users\Computer\OneDrive\เดสก์ท็อป\imageprocessing-prj\data\train\tomato\Image_38.jpg,298.8935546875,1600,1200,1.3333,3,JPEG,101.93,82.91,20.31,33.24,218.96,117.36,False
train,tomato,Image_39.jpg,C:\Users\Computer\OneDrive\เดสก์ท็อป\imageprocessing-prj\data\train\tomato\Image_39.jpg,239.3037109375,1024,1120,0.9143,3,JPEG,107.63,101.95,62.03,38.84,158.08,138.5,False
train,tomato,Image_4.jpg,C:\Users\Computer\OneDrive\เดสก์ท็อป\imageprocessing-prj\data\train\tomato\Image_4.jpg,328.15234375,1200,1600,0.75,3,JPEG,119.57,126.36,54.66,36.53,162.19,139.16,False
train,tomato,Image_40.jpg,C:\Users\Computer\OneDrive\เดสก์ท็อป\imageprocessing-prj\data\train\tomato\Image_40.jpg,18.0693359375,600,489,1.227,3,JPEG,245.03,212.16,205.46,9.48,46.41,245.41,False
train,tomato,Image_41.jpg,C:\Users\Computer\OneDrive\เดสก์ท็อป\imageprocessing-prj\data\train\tomato\Image_41.jpg,939.60546875,1600,2838,0.5638,3,JPEG,119.05,136.64,72.75,40.23,145.96,143.03,False
train,tomato,Image_42.png,C:\Users\Computer\OneDrive\เดสก์ท็อป\imageprocessing-prj\data\train\tomato\Image_42.png,23.90625,305,381,0.8005,3,PNG,117.08,86.37,62.41,40.43,122.53,139.92,False
train,tomato,Image_43.jpg,C:\Users\Computer\OneDrive\เดสก์ท็อป\imageprocessing-prj\data\train\tomato\Image_43.jpg,211.61328125,600,600,1.0,3,JPEG,147.84,100.59,69.08,44.75,143.28,163.88,False
train,tomato,Image_44.jpg,C:\Users\Computer\OneDrive\เดสก์ท็อป\imageprocessing-prj\data\train\tomato\Image_44.jpg,143.0673828125,728,546,1.3333,3,JPEG,222.82,160.68,150.98,8.74,96.36,222.87,False
train,tomato,Image_45.jpg,C:\Users\Computer\OneDrive\เดสก์ท็อป\imageprocessing-prj\data\train\tomato\Image_45.jpg,37.6845703125,700,800,0.875,3,JPEG,241.53,160.53,143.85,7.36,105.0,242.18,False
train,tomato,Image_46.png,C:\Users\Computer\OneDrive\เดสก์ท็อป\imageprocessing-prj\data\train\tomato\Image_46.png,1324.9794921875,2683,3000,0.8943,3,PNG,229.94,156.25,146.22,11.06,102.72,230.0,False
train,tomato,Image_47.jpg,C:\Users\Computer\OneDrive\เดสก์ท็อป\imageprocessing-prj\data\train\tomato\Image_47.jpg,178.833984375,1024,1120,0.9143,3,JPEG,178.94,109.15,68.62,27.9,165.17,190.47,False
train,tomato,Image_48.png,C:\Users\Computer\OneDrive\เดสก์ท็อป\imageprocessing-prj\data\train\tomato\Image_48.png,194.9716796875,512,512,1.0,3,PNG,242.22,167.77,151.37,5.72,100.46,242.82,False
train,tomato,Image_5.jpg,C:\Users\Computer\OneDrive\เดสก์ท็อป\imageprocessing-prj\data\train\tomato\Image_5.jpg,212.98046875,1600,1064,1.5038,3,JPEG,107.65,98.32,64.02,59.16,146.37,135.2,False
train,tomato,Image_50.jpg,C:\Users\Computer\OneDrive\เดสก์ท็อป\imageprocessing-prj\data\train\tomato\Image_50.jpg,351.947265625,800,800,1.0,3,JPEG,204.87,91.22,48.01,10.58,199.93,205.46,False
train,tomato,Image_51.jpg,C:\Users\Computer\OneDrive\เดสก์ท็อป\imageprocessing-prj\data\train\tomato\Image_51.jpg,53.0537109375,600,600,1.0,3,JPEG,153.59,136.3,67.57,27.38,160.59,162.33,False
train,tomato,Image_52.jpg,C:\Users\Computer\OneDrive\เดสก์ท็อป\imageprocessing-prj\data\train\tomato\Image_52.jpg,77.5458984375,800,600,1.3333,3,JPEG,135.6,115.06,73.43,39.08,138.6,152.24,False
train,tomato,Image_53.jpg,C:\Users\Computer\OneDrive\เดสก์ท็อป\imageprocessing-prj\data\train\tomato\Image_53.jpg,94.220703125,1374,1455,0.9443,3,JPEG,108.66,70.33,58.13,38.89,95.41,108.76,False
train,tomato,Image_54.jpg,C:\Users\Computer\OneDrive\เดสก์ท็อป\imageprocessing-prj\data\train\tomato\Image_54.jpg,415.634765625,2000,2000,1.0,3,JPEG,184.76,122.99,88.47,21.35,129.43,187.21,False
train,tomato,Image_55.jpg,C:\Users\Computer\OneDrive\เดสก์ท็อป\imageprocessing-prj\data\train\tomato\Image_55.jpg,67.1728515625,600,600,1.0,3,JPEG,146.36,83.26,52.15,25.68,166.42,157.95,False
train,tomato,Image_56.jpg,C:\Users\Computer\OneDrive\เดสก์ท็อป\imageprocessing-prj\data\train\tomato\Image_56.jpg,146.6357421875,1000,1000,1.0,3,JPEG,78.8,64.83,50.84,36.55,127.07,89.98,False
train,tomato,Image_57.jpg,C:\Users\Computer\OneDrive\เดสก์ท็อป\imageprocessing-prj\data\train\tomato\Image_57.jpg,52.4287109375,300,300,1.0,3,JPEG,102.22,93.57,61.62,40.53,129.27,118.35,False
train,tomato,Image_58.jpg,C:\Users\Computer\OneDrive\เดสก์ท็อป\imageprocessing-prj\data\train\tomato\Image_58.jpg,235.1689453125,1024,1240,0.8258,3,JPEG,170.89,85.76,63.51,17.42,148.56,173.19,False
train,tomato,Image_59.jpg,C:\Users\Computer\OneDrive\เดสก์ท็อป\imageprocessing-prj\data\train\tomato\Image_59.jpg,38.6484375,600,444,1.3514,3,JPEG,225.75,171.62,168.38,44.08,75.21,226.98,False
train,tomato,Image_6.jpg,C:\Users\Computer\OneDrive\เดสก์ท็อป\imageprocessing-prj\data\train\tomato\Image_6.jpg,465.15234375,3353,2384,1.4065,3,JPEG,248.51,174.88,162.82,18.34,91.74,248.58,False
train,tomato,Image_60.jpg,C:\Users\Computer\OneDrive\เดสก์ท็อป\imageprocessing-prj\data\train\tomato\Image_60.jpg,396.6103515625,1920,1080,1.7778,3,JPEG,106.55,110.24,56.74,45.63,155.19,133.34,False
train,tomato,Image_61.jpg,C:\Users\Computer\OneDrive\เดสก์ท็อป\imageprocessing-prj\data\train\tomato\Image_61.jpg,125.361328125,900,900,1.0,3,JPEG,146.24,96.28,77.94,50.66,116.46,154.45,False
train,tomato,Image_62.png,C:\Users\Computer\OneDrive\เดสก์ท็อป\imageprocessing-prj\data\train\tomato\Image_62.png,189.8984375,460,460,1.0,3,PNG,209.79,140.74,124.79,9.78,101.01,210.22,False
train,tomato,Image_63.jpg,C:\Users\Computer\OneDrive\เดสก์ท็อป\imageprocessing-prj\data\train\tomato\Image_63.jpg,2367.8212890625,2400,1606,1.4944,3,JPEG,115.15,66.93,41.25,36.6,161.94,124.24,False
train,tomato,Image_65.jpg,C:\Users\Computer\OneDrive\เดสก์ท็อป\imageprocessing-prj\data\train\tomato\Image_65.jpg,518.6142578125,832,624,1.3333,3,JPEG,182.7,109.88,64.47,29.15,170.22,195.17,False
train,tomato,Image_66.jpg,C:\Users\Computer\OneDrive\เดสก์ท็อป\imageprocessing-prj\data\train\tomato\Image_66.jpg,38.05078125,500,361,1.385,3,JPEG,227.73,153.73,154.44,65.63,95.12,228.37,False
train,tomato,Image_67.jpg,C:\Users\Computer\OneDrive\เดสก์ท็อป\imageprocessing-prj\data\train\tomato\Image_67.jpg,132.1865234375,1000,1000,1.0,3,JPEG,130.55,81.01,51.5,43.41,171.38,147.33,False
train,tomato,Image_68.jpg,C:\Users\Computer\OneDrive\เดสก์ท็อป\imageprocessing-prj\data\train\tomato\Image_68.jpg,689.0615234375,2144,1424,1.5056,3,JPEG,90.19,105.06,95.9,78.27,54.39,108.74,False
train,tomato,Image_69.jpg,C:\Users\Computer\OneDrive\เดสก์ท็อป\imageprocessing-prj\data\train\tomato\Image_69.jpg,90.8173828125,600,600,1.0,3,JPEG,146.36,121.9,75.8,33.39,138.71,166.95,False
train,tomato,Image_7.jpg,C:\Users\Computer\OneDrive\เดสก์ท็อป\imageprocessing-prj\data\train\tomato\Image_7.jpg,123.52734375,802,1200,0.6683,3,JPEG,88.91,90.62,62.2,42.92,117.33,102.84,False
train,tomato,Image_70.jpg,C:\Users\Computer\OneDrive\เดสก์ท็อป\imageprocessing-prj\data\train\tomato\Image_70.jpg,147.501953125,1000,1000,1.0,3,JPEG,195.61,138.95,59.79,17.87,174.53,196.13,False
train,tomato,Image_71.jpg,C:\Users\Computer\OneDrive\เดสก์ท็อป\imageprocessing-prj\data\train\tomato\Image_71.jpg,90.23046875,848,636,1.3333,3,JPEG,130.91,104.59,55.5,36.36,170.2,152.94,False
train,tomato,Image_72.jpg,C:\Users\Computer\OneDrive\เดสก์ท็อป\imageprocessing-prj\data\train\tomato\Image_72.jpg,75.158203125,1200,949,1.2645,3,JPEG,123.68,120.87,78.72,53.19,112.75,139.99,False
train,tomato,Image_73.jpg,C:\Users\Computer\OneDrive\เดสก์ท็อป\imageprocessing-prj\data\train\tomato\Image_73.jpg,597.45703125,3464,2309,1.5002,3,JPEG,213.66,165.96,152.89,17.25,82.17,213.74,False
train,tomato,Image_74.jpg,C:\Users\Computer\OneDrive\เดสก์ท็อป\imageprocessing-prj\data\train\tomato\Image_74.jpg,147.6865234375,900,900,1.0,3,JPEG,151.41,82.45,53.69,62.4,195.05,178.23,False
train,tomato,Image_75.jpeg,C:\Users\Computer\OneDrive\เดสก์ท็อป\imageprocessing-prj\data\train\tomato\Image_75.jpeg,281.490234375,2048,1536,1.3333,3,JPEG,154.51,104.59,67.4,25.26,172.95,177.19,False
train,tomato,Image_76.jpg,C:\Users\Computer\OneDrive\เดสก์ท็อป\imageprocessing-prj\data\train\tomato\Image_76.jpg,208.189453125,1500,1125,1.3333,3,JPEG,215.82,179.34,170.71,49.12,72.1,217.04,False
train,tomato,Image_77.jpg,C:\Users\Computer\OneDrive\เดสก์ท็อป\imageprocessing-prj\data\train\tomato\Image_77.jpg,341.0625,1280,887,1.4431,3,JPEG,234.81,165.94,154.8,22.33,92.19,236.68,False
train,tomato,Image_78.jpg,C:\Users\Computer\OneDrive\เดสก์ท็อป\imageprocessing-prj\data\train\tomato\Image_78.jpg,130.58203125,745,533,1.3977,3,JPEG,118.73,72.92,20.09,21.42,210.4,123.71,False
train,tomato,Image_79.jpg,C:\Users\Computer\OneDrive\เดสก์ท็อป\imageprocessing-prj\data\train\tomato\Image_79.jpg,54.4169921875,250,250,1.0,3,JPEG,125.22,86.82,52.24,30.93,158.6,134.92,False
train,tomato,Image_8.jpg,C:\Users\Computer\OneDrive\เดสก์ท็อป\imageprocessing-prj\data\train\tomato\Image_8.jpg,135.7587890625,1000,1000,1.0,3,JPEG,102.73,97.23,44.01,42.04,184.14,133.1,False
train,tomato,Image_80.png,C:\Users\Computer\OneDrive\เดสก์ท็อป\imageprocessing-prj\data\train\tomato\Image_80.png,4178.8779296875,2790,1735,1.6081,3,PNG,217.57,166.21,156.77,25.85,89.4,220.23,False
train,tomato,Image_81.jpg,C:\Users\Computer\OneDrive\เดสก์ท็อป\imageprocessing-prj\data\train\tomato\Image_81.jpg,277.5859375,700,700,1.0,3,JPEG,161.97,111.48,101.21,33.95,116.16,163.82,False
train,tomato,Image_82.jpg,C:\Users\Computer\OneDrive\เดสก์ท็อป\imageprocessing-prj\data\train\tomato\Image_82.jpg,33.0703125,387,387,1.0,3,JPEG,162.63,98.97,77.25,31.04,139.14,163.38,False
train,tomato,Image_83.jpg,C:\Users\Computer\OneDrive\เดสก์ท็อป\imageprocessing-prj\data\train\tomato\Image_83.jpg,222.9736328125,1024,1120,0.9143,3,JPEG,163.82,103.85,106.37,41.22,149.62,186.51,False
train,tomato,Image_84.jpg,C:\Users\Computer\OneDrive\เดสก์ท็อป\imageprocessing-prj\data\train\tomato\Image_84.jpg,3029.0205078125,2008,3008,0.6676,3,JPEG,124.18,123.21,89.53,33.63,92.25,133.54,False
train,tomato,Image_86.jpg,C:\Users\Computer\OneDrive\เดสก์ท็อป\imageprocessing-prj\data\train\tomato\Image_86.jpg,102.3583984375,1000,699,1.4306,3,JPEG,117.15,115.97,64.09,42.79,152.61,146.43,False
train,tomato,Image_87.jpg,C:\Users\Computer\OneDrive\เดสก์ท็อป\imageprocessing-prj\data\train\tomato\Image_87.jpg,52.2158203125,1000,739,1.3532,3,JPEG,122.02,92.64,50.84,32.74,163.81,137.48,False
train,tomato,Image_89.jpg,C:\Users\Computer\OneDrive\เดสก์ท็อป\imageprocessing-prj\data\train\tomato\Image_89.jpg,136.5302734375,1800,1125,1.6,3,JPEG,156.92,136.85,115.82,50.29,85.38,163.95,False
train,tomato,Image_9.jpg,C:\Users\Computer\OneDrive\เดสก์ท็อป\imageprocessing-prj\data\train\tomato\Image_9.jpg,3755.8291015625,2400,1800,1.3333,3,JPEG,171.88,157.36,155.84,75.91,38.17,174.33,False
train,tomato,Image_90.jpg,C:\Users\Computer\OneDrive\เดสก์ท็อป\imageprocessing-prj\data\train\tomato\Image_90.jpg,959.404296875,2990,2384,1.2542,3,JPEG,104.89,72.48,40.93,31.7,163.9,112.94,False
train,tomato,Image_91.jpg,C:\Users\Computer\OneDrive\เดสก์ท็อป\imageprocessing-prj\data\train\tomato\Image_91.jpg,100.2060546875,800,800,1.0,3,JPEG,175.42,93.03,79.31,45.07,139.23,181.05,False
train,tomato,Image_93.jpg,C:\Users\Computer\OneDrive\เดสก์ท็อป\imageprocessing-prj\data\train\tomato\Image_93.jpg,34.892578125,948,710,1.3352,3,JPEG,127.17,89.88,47.24,31.27,169.52,141.56,False
train,tomato,Image_96.jpg,C:\Users\Computer\OneDrive\เดสก์ท็อป\imageprocessing-prj\data\train\tomato\Image_96.jpg,115.9111328125,960,720,1.3333,3,JPEG,134.31,141.41,78.44,43.47,142.8,163.26,False
train,tomato,Image_97.jpg,C:\Users\Computer\OneDrive\เดสก์ท็อป\imageprocessing-prj\data\train\tomato\Image_97.jpg,785.9833984375,1280,1800,0.7111,3,JPEG,120.53,95.27,51.07,31.25,161.54,134.71,False
train,tomato,Image_98.jpg,C:\Users\Computer\OneDrive\เดสก์ท็อป\imageprocessing-prj\data\train\tomato\Image_98.jpg,330.830078125,1200,628,1.9108,3,JPEG,196.93,148.5,122.4,62.48,121.72,203.42,False
train,tomato,Image_99.jpg,C:\Users\Computer\OneDrive\เดสก์ท็อป\imageprocessing-prj\data\train\tomato\Image_99.jpg,121.58984375,1600,1067,1.4995,3,JPEG,145.96,124.97,57.27,30.9,161.44,157.01,False
train,turnip,Image_1.jpg,C:\Users\Computer\OneDrive\เดสก์ท็อป\imageprocessing-prj\data\train\turnip\Image_1.jpg,94.869140625,1200,799,1.5019,3,JPEG,153.62,138.09,133.83,69.11,64.5,157.84,False
train,turnip,Image_10.jpg,C:\Users\Computer\OneDrive\เดสก์ท็อป\imageprocessing-prj\data\train\turnip\Image_10.jpg,321.6875,600,600,1.0,3,JPEG,123.38,137.93,104.14,50.18,122.44,153.17,False
train,turnip,Image_100.jpg,C:\Users\Computer\OneDrive\เดสก์ท็อป\imageprocessing-prj\data\train\turnip\Image_100.jpg,94.9697265625,1300,1300,1.0,3,JPEG,242.81,243.59,234.68,7.61,17.9,244.93,False
train,turnip,Image_11.jpg,C:\Users\Computer\OneDrive\เดสก์ท็อป\imageprocessing-prj\data\train\turnip\Image_11.jpg,141.83984375,885,560,1.5804,3,JPEG,139.51,138.57,127.98,75.41,60.16,147.64,False
train,turnip,Image_12.jpg,C:\Users\Computer\OneDrive\เดสก์ท็อป\imageprocessing-prj\data\train\turnip\Image_12.jpg,127.306640625,1024,683,1.4993,3,JPEG,98.22,108.15,86.67,78.04,106.87,124.08,False
train,turnip,Image_13.jpg,C:\Users\Computer\OneDrive\เดสก์ท็อป\imageprocessing-prj\data\train\turnip\Image_13.jpg,1861.33984375,2816,1584,1.7778,3,JPEG,152.6,127.85,55.78,25.0,180.92,157.61,False
train,turnip,Image_14.jpg,C:\Users\Computer\OneDrive\เดสก์ท็อป\imageprocessing-prj\data\train\turnip\Image_14.jpg,746.328125,2248,1640,1.3707,3,JPEG,119.17,124.28,101.82,57.59,88.31,131.71,False
train,turnip,Image_15.jpeg,C:\Users\Computer\OneDrive\เดสก์ท็อป\imageprocessing-prj\data\train\turnip\Image_15.jpeg,919.6904296875,1200,1579,0.76,3,JPEG,89.69,127.22,93.3,63.89,100.17,128.86,False
train,turnip,Image_16.JPG,C:\Users\Computer\OneDrive\เดสก์ท็อป\imageprocessing-prj\data\train\turnip\Image_16.JPG,347.7783203125,1600,1600,1.0,3,JPEG,119.16,102.75,95.82,63.62,72.48,123.62,False
train,turnip,Image_17.jpg,C:\Users\Computer\OneDrive\เดสก์ท็อป\imageprocessing-prj\data\train\turnip\Image_17.jpg,23.5322265625,296,296,1.0,3,JPEG,114.85,116.74,101.46,79.34,76.55,132.1,False
train,turnip,Image_18.jpg,C:\Users\Computer\OneDrive\เดสก์ท็อป\imageprocessing-prj\data\train\turnip\Image_18.jpg,1384.23828125,2077,2077,1.0,3,JPEG,215.26,189.37,193.09,46.4,55.72,215.27,False
train,turnip,Image_19.jpg,C:\Users\Computer\OneDrive\เดสก์ท็อป\imageprocessing-prj\data\train\turnip\Image_19.jpg,2678.2470703125,3264,2448,1.3333,3,JPEG,105.77,108.5,77.33,51.12,119.29,118.95,False
train,turnip,Image_2.jpg,C:\Users\Computer\OneDrive\เดสก์ท็อป\imageprocessing-prj\data\train\turnip\Image_2.jpg,238.1201171875,1024,1024,1.0,3,JPEG,79.09,102.23,57.11,58.38,131.45,108.54,False
train,turnip,Image_20.jpg,C:\Users\Computer\OneDrive\เดสก์ท็อป\imageprocessing-prj\data\train\turnip\Image_20.jpg,107.619140625,700,700,1.0,3,JPEG,131.58,123.4,87.27,29.08,114.14,140.23,False
train,turnip,Image_21.jpg,C:\Users\Computer\OneDrive\เดสก์ท็อป\imageprocessing-prj\data\train\turnip\Image_21.jpg,1720.41796875,2448,2448,1.0,3,JPEG,143.27,113.4,98.06,51.81,103.82,145.2,False
train,turnip,Image_22.png,C:\Users\Computer\OneDrive\เดสก์ท็อป\imageprocessing-prj\data\train\turnip\Image_22.png,88.29296875,1200,1200,1.0,3,JPEG,181.99,177.63,172.89,11.53,15.88,182.06,False
train,turnip,Image_23.jpg,C:\Users\Computer\OneDrive\เดสก์ท็อป\imageprocessing-prj\data\train\turnip\Image_23.jpg,64.814453125,900,950,0.9474,3,JPEG,170.86,134.68,132.34,62.99,86.05,171.04,False
train,turnip,Image_24.jpg,C:\Users\Computer\OneDrive\เดสก์ท็อป\imageprocessing-prj\data\train\turnip\Image_24.jpg,6.234375,285,241,1.1826,3,JPEG,211.39,196.04,184.35,39.91,47.87,213.57,False
train,turnip,Image_25.jpg,C:\Users\Computer\OneDrive\เดสก์ท็อป\imageprocessing-prj\data\train\turnip\Image_25.jpg,201.513671875,900,900,1.0,3,JPEG,119.55,112.88,83.9,44.4,98.6,125.8,False
train,turnip,Image_26.jpg,C:\Users\Computer\OneDrive\เดสก์ท็อป\imageprocessing-prj\data\train\turnip\Image_26.jpg,11.3310546875,250,250,1.0,3,JPEG,150.05,131.93,112.66,56.61,93.45,153.91,False
train,turnip,Image_27.jpg,C:\Users\Computer\OneDrive\เดสก์ท็อป\imageprocessing-prj\data\train\turnip\Image_27.jpg,27.2578125,620,350,1.7714,3,JPEG,74.34,56.5,58.16,82.05,117.55,80.79,False
train,turnip,Image_28.jpg,C:\Users\Computer\OneDrive\เดสก์ท็อป\imageprocessing-prj\data\train\turnip\Image_28.jpg,35.7470703125,400,300,1.3333,3,JPEG,119.63,102.15,57.54,41.89,161.35,124.65,False
train,turnip,Image_29.jpg,C:\Users\Computer\OneDrive\เดสก์ท็อป\imageprocessing-prj\data\train\turnip\Image_29.jpg,2074.6826171875,3529,2612,1.3511,3,JPEG,173.79,138.58,138.07,74.64,90.62,174.47,False
train,turnip,Image_3.jpg,C:\Users\Computer\OneDrive\เดสก์ท็อป\imageprocessing-prj\data\train\turnip\Image_3.jpg,431.16796875,567,850,0.6671,3,JPEG,103.15,107.4,89.12,66.45,94.74,119.93,False
train,turnip,Image_30.jpg,C:\Users\Computer\OneDrive\เดสก์ท็อป\imageprocessing-prj\data\train\turnip\Image_30.jpg,116.8310546875,1280,1280,1.0,3,JPEG,145.17,123.92,101.24,27.21,89.71,145.26,False
train,turnip,Image_31.jpg,C:\Users\Computer\OneDrive\เดสก์ท็อป\imageprocessing-prj\data\train\turnip\Image_31.jpg,514.0341796875,2120,1392,1.523,3,JPEG,112.96,128.15,89.41,52.28,101.35,131.31,False
train,turnip,Image_32.jpg,C:\Users\Computer\OneDrive\เดสก์ท็อป\imageprocessing-prj\data\train\turnip\Image_32.jpg,40.8095703125,325,450,0.7222,3,JPEG,177.99,168.18,156.48,50.71,73.41,185.59,False
train,turnip,Image_33.jpg,C:\Users\Computer\OneDrive\เดสก์ท็อป\imageprocessing-prj\data\train\turnip\Image_33.jpg,33.3642578125,693,350,1.98,3,JPEG,205.26,182.19,177.39,70.24,60.78,210.21,False
train,turnip,Image_34.jpg,C:\Users\Computer\OneDrive\เดสก์ท็อป\imageprocessing-prj\data\train\turnip\Image_34.jpg,687.6943359375,1600,1066,1.5009,3,JPEG,121.6,121.0,115.47,71.12,42.01,127.14,False
train,turnip,Image_35.jpg,C:\Users\Computer\OneDrive\เดสก์ท็อป\imageprocessing-prj\data\train\turnip\Image_35.jpg,245.408203125,1026,1365,0.7516,3,JPEG,107.4,88.19,75.85,45.61,102.14,110.9,False
train,turnip,Image_36.jpg,C:\Users\Computer\OneDrive\เดสก์ท็อป\imageprocessing-prj\data\train\turnip\Image_36.jpg,82.462890625,500,500,1.0,3,JPEG,103.27,111.2,104.78,80.63,67.62,118.67,False
train,turnip,Image_37.jpg,C:\Users\Computer\OneDrive\เดสก์ท็อป\imageprocessing-prj\data\train\turnip\Image_37.jpg,384.173828125,2048,1321,1.5503,3,JPEG,86.88,91.16,42.25,42.44,175.0,101.3,False
train,turnip,Image_38.jpg,C:\Users\Computer\OneDrive\เดสก์ท็อป\imageprocessing-prj\data\train\turnip\Image_38.jpg,89.85546875,700,545,1.2844,3,JPEG,211.69,194.43,192.5,44.82,46.65,212.42,False
train,turnip,Image_39.png,C:\Users\Computer\OneDrive\เดสก์ท็อป\imageprocessing-prj\data\train\turnip\Image_39.png,148.4228515625,680,539,1.2616,3,PNG,234.51,224.26,220.65,29.85,28.93,237.8,False
train,turnip,Image_4.jpg,C:\Users\Computer\OneDrive\เดสก์ท็อป\imageprocessing-prj\data\train\turnip\Image_4.jpg,243.0478515625,1052,1202,0.8752,3,JPEG,132.35,133.74,103.09,49.34,104.17,148.42,False
train,turnip,Image_40.jpg,C:\Users\Computer\OneDrive\เดสก์ท็อป\imageprocessing-prj\data\train\turnip\Image_40.jpg,37.619140625,320,240,1.3333,3,JPEG,97.22,95.25,80.93,68.95,84.21,105.8,False
train,turnip,Image_41.jpg,C:\Users\Computer\OneDrive\เดสก์ท็อป\imageprocessing-prj\data\train\turnip\Image_41.jpg,30.4541015625,300,299,1.0033,3,JPEG,137.36,147.94,78.39,33.82,131.32,152.43,False
train,turnip,Image_42.jpg,C:\Users\Computer\OneDrive\เดสก์ท็อป\imageprocessing-prj\data\train\turnip\Image_42.jpg,2525.609375,3264,2448,1.3333,3,JPEG,88.17,112.55,70.08,64.31,93.97,115.65,False
train,turnip,Image_43.jpg,C:\Users\Computer\OneDrive\เดสก์ท็อป\imageprocessing-prj\data\train\turnip\Image_43.jpg,149.7568359375,800,800,1.0,3,JPEG,233.34,230.93,218.82,15.44,23.36,234.61,False
train,turnip,Image_44.jpg,C:\Users\Computer\OneDrive\เดสก์ท็อป\imageprocessing-prj\data\train\turnip\Image_44.jpg,78.0244140625,1400,1050,1.3333,3,JPEG,129.7,138.0,120.96,61.58,68.14,145.35,False
train,turnip,Image_45.jpg,C:\Users\Computer\OneDrive\เดสก์ท็อป\imageprocessing-prj\data\train\turnip\Image_45.jpg,84.8857421875,2178,1367,1.5933,3,JPEG,178.11,157.62,159.94,97.53,53.85,182.87,False
train,turnip,Image_46.jpg,C:\Users\Computer\OneDrive\เดสก์ท็อป\imageprocessing-prj\data\train\turnip\Image_46.jpg,171.87109375,1000,1000,1.0,3,JPEG,127.64,143.38,139.5,78.62,46.36,144.97,False
train,turnip,Image_48.jpg,C:\Users\Computer\OneDrive\เดสก์ท็อป\imageprocessing-prj\data\train\turnip\Image_48.jpg,38.5068359375,660,440,1.5,3,JPEG,139.31,122.9,70.24,29.4,146.05,143.83,False
train,turnip,Image_5.jpg,C:\Users\Computer\OneDrive\เดสก์ท็อป\imageprocessing-prj\data\train\turnip\Image_5.jpg,93.3994140625,800,640,1.25,3,JPEG,148.31,132.88,86.62,25.52,125.03,157.52,False
train,turnip,Image_50.jpg,C:\Users\Computer\OneDrive\เดสก์ท็อป\imageprocessing-prj\data\train\turnip\Image_50.jpg,617.7236328125,3072,2304,1.3333,3,JPEG,108.85,115.64,90.53,58.85,107.61,125.17,False
train,turnip,Image_51.png,C:\Users\Computer\OneDrive\เดสก์ท็อป\imageprocessing-prj\data\train\turnip\Image_51.png,16.3134765625,256,256,1.0,3,PNG,63.21,58.04,55.18,18.42,28.36,65.49,False
train,turnip,Image_52.jpg,C:\Users\Computer\OneDrive\เดสก์ท็อป\imageprocessing-prj\data\train\turnip\Image_52.jpg,262.017578125,1178,622,1.8939,3,JPEG,203.19,184.32,180.42,41.27,45.25,203.37,False
train,turnip,Image_53.jpg,C:\Users\Computer\OneDrive\เดสก์ท็อป\imageprocessing-prj\data\train\turnip\Image_53.jpg,184.0078125,1280,1280,1.0,3,JPEG,106.85,121.18,70.95,42.65,130.21,129.56,False
train,turnip,Image_54.jpg,C:\Users\Computer\OneDrive\เดสก์ท็อป\imageprocessing-prj\data\train\turnip\Image_54.jpg,390.3828125,1024,669,1.5306,3,JPEG,99.04,99.79,74.14,62.08,114.92,115.72,False
train,turnip,Image_55.jpg,C:\Users\Computer\OneDrive\เดสก์ท็อป\imageprocessing-prj\data\train\turnip\Image_55.jpg,30.3876953125,386,495,0.7798,3,JPEG,111.27,85.66,88.52,91.45,123.82,116.16,False
train,turnip,Image_56.jpg,C:\Users\Computer\OneDrive\เดสก์ท็อป\imageprocessing-prj\data\train\turnip\Image_56.jpg,28.921875,480,322,1.4907,3,JPEG,81.26,87.43,39.99,28.42,156.37,96.44,False
train,turnip,Image_57.jpg,C:\Users\Computer\OneDrive\เดสก์ท็อป\imageprocessing-prj\data\train\turnip\Image_57.jpg,27.8349609375,600,450,1.3333,3,JPEG,98.8,91.49,91.89,63.67,47.54,102.55,False
train,turnip,Image_58.jpg,C:\Users\Computer\OneDrive\เดสก์ท็อป\imageprocessing-prj\data\train\turnip\Image_58.jpg,18.0791015625,600,450,1.3333,3,JPEG,159.23,147.48,110.84,22.03,88.32,160.43,False
train,turnip,Image_59.jpg,C:\Users\Computer\OneDrive\เดสก์ท็อป\imageprocessing-prj\data\train\turnip\Image_59.jpg,141.2529296875,1300,1390,0.9353,3,JPEG,220.93,210.06,214.5,33.29,42.46,224.49,False
train,turnip,Image_6.jpg,C:\Users\Computer\OneDrive\เดสก์ท็อป\imageprocessing-prj\data\train\turnip\Image_6.jpg,210.9501953125,1155,648,1.7824,3,JPEG,102.93,102.76,87.78,57.75,79.27,111.19,False
train,turnip,Image_60.jpg,C:\Users\Computer\OneDrive\เดสก์ท็อป\imageprocessing-prj\data\train\turnip\Image_60.jpg,422.4267578125,1200,899,1.3348,3,JPEG,96.3,98.44,56.06,38.53,120.44,102.88,False
train,turnip,Image_61.jpg,C:\Users\Computer\OneDrive\เดสก์ท็อป\imageprocessing-prj\data\train\turnip\Image_61.jpg,111.2666015625,1200,630,1.9048,3,JPEG,119.67,110.32,69.75,22.68,127.05,124.02,False
train,turnip,Image_62.jpg,C:\Users\Computer\OneDrive\เดสก์ท็อป\imageprocessing-prj\data\train\turnip\Image_62.jpg,130.9638671875,900,1207,0.7457,3,JPEG,214.93,208.75,199.75,35.51,29.83,217.77,False
train,turnip,Image_63.JPG,C:\Users\Computer\OneDrive\เดสก์ท็อป\imageprocessing-prj\data\train\turnip\Image_63.JPG,197.283203125,1600,1067,1.4995,3,JPEG,85.22,80.56,69.39,51.91,84.23,89.26,False
train,turnip,Image_64.jpg,C:\Users\Computer\OneDrive\เดสก์ท็อป\imageprocessing-prj\data\train\turnip\Image_64.jpg,439.53515625,1063,846,1.2565,3,JPEG,142.1,129.05,111.7,56.69,97.06,147.69,False
train,turnip,Image_65.jpg,C:\Users\Computer\OneDrive\เดสก์ท็อป\imageprocessing-prj\data\train\turnip\Image_65.jpg,55.326171875,600,600,1.0,3,JPEG,185.55,137.15,141.62,85.71,100.02,187.52,False
train,turnip,Image_66.png,C:\Users\Computer\OneDrive\เดสก์ท็อป\imageprocessing-prj\data\train\turnip\Image_66.png,93.5556640625,711,206,3.4515,3,PNG,112.17,79.68,81.22,91.76,114.17,120.86,False
train,turnip,Image_67.jpg,C:\Users\Computer\OneDrive\เดสก์ท็อป\imageprocessing-prj\data\train\turnip\Image_67.jpg,801.9384765625,779,1060,0.7349,3,PNG,92.12,65.05,69.39,61.48,66.21,93.48,False
train,turnip,Image_68.JPG,C:\Users\Computer\OneDrive\เดสก์ท็อป\imageprocessing-prj\data\train\turnip\Image_68.JPG,124.1875,1600,899,1.7798,3,JPEG,170.42,146.11,137.53,57.69,58.2,171.7,False
train,turnip,Image_69.png,C:\Users\Computer\OneDrive\เดสก์ท็อป\imageprocessing-prj\data\train\turnip\Image_69.png,12.7060546875,200,200,1.0,3,PNG,73.67,65.39,58.72,33.84,41.62,78.15,False
train,turnip,Image_7.jpg,C:\Users\Computer\OneDrive\เดสก์ท็อป\imageprocessing-prj\data\train\turnip\Image_7.jpg,94.9697265625,1300,1300,1.0,3,JPEG,242.81,243.59,234.68,7.61,17.9,244.93,False
train,turnip,Image_70.jpg,C:\Users\Computer\OneDrive\เดสก์ท็อป\imageprocessing-prj\data\train\turnip\Image_70.jpg,20.6181640625,220,293,0.7509,3,JPEG,127.2,142.97,87.02,36.92,143.42,153.7,False
train,turnip,Image_71.jpg,C:\Users\Computer\OneDrive\เดสก์ท็อป\imageprocessing-prj\data\train\turnip\Image_71.jpg,42.970703125,400,300,1.3333,3,JPEG,172.36,135.79,123.82,73.02,101.15,175.1,False
train,turnip,Image_72.JPG,C:\Users\Computer\OneDrive\เดสก์ท็อป\imageprocessing-prj\data\train\turnip\Image_72.JPG,114.482421875,1600,1067,1.4995,3,JPEG,156.46,134.24,125.96,53.3,70.27,160.9,False
train,turnip,Image_73.jpg,C:\Users\Computer\OneDrive\เดสก์ท็อป\imageprocessing-prj\data\train\turnip\Image_73.jpg,94.009765625,1088,816,1.3333,3,JPEG,247.21,240.59,239.92,13.87,12.47,247.23,False
train,turnip,Image_74.jpg,C:\Users\Computer\OneDrive\เดสก์ท็อป\imageprocessing-prj\data\train\turnip\Image_74.jpg,87.298828125,500,500,1.0,3,JPEG,78.65,102.58,87.8,79.21,90.8,107.95,False
train,turnip,Image_75.jpg,C:\Users\Computer\OneDrive\เดสก์ท็อป\imageprocessing-prj\data\train\turnip\Image_75.jpg,133.1923828125,960,720,1.3333,3,JPEG,151.13,153.43,115.13,54.99,84.85,163.3,False
train,turnip,Image_76.jpg,C:\Users\Computer\OneDrive\เดสก์ท็อป\imageprocessing-prj\data\train\turnip\Image_76.jpg,64.9931640625,1000,750,1.3333,3,JPEG,90.95,99.42,87.61,62.72,55.17,101.6,False
train,turnip,Image_77.jpg,C:\Users\Computer\OneDrive\เดสก์ท็อป\imageprocessing-prj\data\train\turnip\Image_77.jpg,75.431640625,564,754,0.748,3,JPEG,128.34,134.85,103.54,34.86,80.17,139.24,False
train,turnip,Image_78.jpg,C:\Users\Computer\OneDrive\เดสก์ท็อป\imageprocessing-prj\data\train\turnip\Image_78.jpg,103.44921875,960,720,1.3333,3,JPEG,124.57,133.56,78.33,55.93,138.08,146.07,False
train,turnip,Image_79.jpg,C:\Users\Computer\OneDrive\เดสก์ท็อป\imageprocessing-prj\data\train\turnip\Image_79.jpg,412.4140625,1800,1186,1.5177,3,JPEG,147.64,146.79,121.96,49.7,70.53,155.54,False
train,turnip,Image_8.jpg,C:\Users\Computer\OneDrive\เดสก์ท็อป\imageprocessing-prj\data\train\turnip\Image_8.jpg,1064.7568359375,3072,2304,1.3333,3,JPEG,94.98,99.3,80.48,60.41,100.08,107.63,False
train,turnip,Image_80.jpg,C:\Users\Computer\OneDrive\เดสก์ท็อป\imageprocessing-prj\data\train\turnip\Image_80.jpg,108.408203125,1100,730,1.5068,3,JPEG,114.77,120.06,97.08,58.07,100.34,133.09,False
train,turnip,Image_81.jpg,C:\Users\Computer\OneDrive\เดสก์ท็อป\imageprocessing-prj\data\train\turnip\Image_81.jpg,147.8740234375,725,483,1.501,3,JPEG,219.12,208.14,197.81,51.38,34.57,220.93,False
train,turnip,Image_82.jpg,C:\Users\Computer\OneDrive\เดสก์ท็อป\imageprocessing-prj\data\train\turnip\Image_82.jpg,47.8408203125,280,280,1.0,3,JPEG,99.66,98.55,60.99,27.58,135.89,105.62,False
train,turnip,Image_83.png,C:\Users\Computer\OneDrive\เดสก์ท็อป\imageprocessing-prj\data\train\turnip\Image_83.png,163.8603515625,300,225,1.3333,3,PNG,99.26,93.69,59.97,33.05,122.77,105.38,False
train,turnip,Image_84.jpg,C:\Users\Computer\OneDrive\เดสก์ท็อป\imageprocessing-prj\data\train\turnip\Image_84.jpg,63.3095703125,750,350,2.1429,3,JPEG,99.49,150.29,58.78,47.29,171.49,150.32,False
train,turnip,Image_85.jpg,C:\Users\Computer\OneDrive\เดสก์ท็อป\imageprocessing-prj\data\train\turnip\Image_85.jpg,151.095703125,1024,1024,1.0,3,JPEG,153.28,121.71,118.0,65.14,81.27,153.45,False
train,turnip,Image_86.jpg,C:\Users\Computer\OneDrive\เดสก์ท็อป\imageprocessing-prj\data\train\turnip\Image_86.jpg,17.328125,211,302,0.6987,3,JPEG,188.5,186.2,164.59,36.57,73.69,192.86,False
train,turnip,Image_87.jpg,C:\Users\Computer\OneDrive\เดสก์ท็อป\imageprocessing-prj\data\train\turnip\Image_87.jpg,41.48046875,640,416,1.5385,3,JPEG,120.28,119.51,85.5,25.91,94.65,130.56,False
train,turnip,Image_88.jpg,C:\Users\Computer\OneDrive\เดสก์ท็อป\imageprocessing-prj\data\train\turnip\Image_88.jpg,18.1796875,320,240,1.3333,3,JPEG,158.82,130.38,129.78,99.17,77.79,164.95,False
train,turnip,Image_89.jpg,C:\Users\Computer\OneDrive\เดสก์ท็อป\imageprocessing-prj\data\train\turnip\Image_89.jpg,106.83203125,1600,1057,1.5137,3,JPEG,208.72,179.87,134.3,41.82,104.9,211.1,False
train,turnip,Image_9.jpg,C:\Users\Computer\OneDrive\เดสก์ท็อป\imageprocessing-prj\data\train\turnip\Image_9.jpg,243.794921875,1024,1024,1.0,3,JPEG,145.51,147.28,137.22,70.85,42.94,156.58,False
train,turnip,Image_90.jpeg,C:\Users\Computer\OneDrive\เดสก์ท็อป\imageprocessing-prj\data\train\turnip\Image_90.jpeg,25.240234375,331,500,0.662,3,JPEG,128.27,124.37,82.44,27.05,112.86,139.46,False
train,turnip,Image_91.jpg,C:\Users\Computer\OneDrive\เดสก์ท็อป\imageprocessing-prj\data\train\turnip\Image_91.jpg,76.6318359375,864,960,0.9,3,JPEG,97.1,101.08,89.46,62.52,78.47,107.53,False
train,turnip,Image_92.jpg,C:\Users\Computer\OneDrive\เดสก์ท็อป\imageprocessing-prj\data\train\turnip\Image_92.jpg,149.7421875,1024,707,1.4484,3,JPEG,233.3,224.98,221.55,20.93,23.04,234.03,False
train,turnip,Image_93.JPG,C:\Users\Computer\OneDrive\เดสก์ท็อป\imageprocessing-prj\data\train\turnip\Image_93.JPG,289.076171875,1600,1182,1.3536,3,JPEG,143.48,88.96,98.89,104.91,130.4,144.61,False
train,turnip,Image_94.jpg,C:\Users\Computer\OneDrive\เดสก์ท็อป\imageprocessing-prj\data\train\turnip\Image_94.jpg,94.869140625,1200,799,1.5019,3,JPEG,153.62,138.09,133.83,69.11,64.5,157.84,False
train,turnip,Image_95.jpg,C:\Users\Computer\OneDrive\เดสก์ท็อป\imageprocessing-prj\data\train\turnip\Image_95.jpg,238.1201171875,1024,1024,1.0,3,JPEG,79.09,102.23,57.11,58.38,131.45,108.54,False
train,turnip,Image_96.jpg,C:\Users\Computer\OneDrive\เดสก์ท็อป\imageprocessing-prj\data\train\turnip\Image_96.jpg,431.16796875,567,850,0.6671,3,JPEG,103.15,107.4,89.12,66.45,94.74,119.93,False
train,turnip,Image_97.jpg,C:\Users\Computer\OneDrive\เดสก์ท็อป\imageprocessing-prj\data\train\turnip\Image_97.jpg,243.0478515625,1052,1202,0.8752,3,JPEG,132.35,133.74,103.09,49.34,104.17,148.42,False
train,turnip,Image_98.jpg,C:\Users\Computer\OneDrive\เดสก์ท็อป\imageprocessing-prj\data\train\turnip\Image_98.jpg,93.3994140625,800,640,1.25,3,JPEG,148.31,132.88,86.62,25.52,125.03,157.52,False
train,turnip,Image_99.jpg,C:\Users\Computer\OneDrive\เดสก์ท็อป\imageprocessing-prj\data\train\turnip\Image_99.jpg,210.9501953125,1155,648,1.7824,3,JPEG,102.93,102.76,87.78,57.75,79.27,111.19,False
train,watermelon,Image_1.jpg,C:\Users\Computer\OneDrive\เดสก์ท็อป\imageprocessing-prj\data\train\watermelon\Image_1.jpg,3360.1669921875,5114,4795,1.0665,3,JPEG,168.08,166.89,147.2,73.15,66.25,183.74,False
train,watermelon,Image_10.jpg,C:\Users\Computer\OneDrive\เดสก์ท็อป\imageprocessing-prj\data\train\watermelon\Image_10.jpg,912.669921875,2511,1872,1.3413,3,JPEG,108.4,101.93,96.29,102.26,117.68,136.8,False
train,watermelon,Image_100.jpg,C:\Users\Computer\OneDrive\เดสก์ท็อป\imageprocessing-prj\data\train\watermelon\Image_100.jpg,447.6259765625,1400,1101,1.2716,3,JPEG,208.85,206.26,190.17,10.6,45.81,214.29,False
train,watermelon,Image_13.jpg,C:\Users\Computer\OneDrive\เดสก์ท็อป\imageprocessing-prj\data\train\watermelon\Image_13.jpg,198.771484375,1200,941,1.2752,3,JPEG,142.4,141.46,44.2,32.85,199.31,156.54,False
train,watermelon,Image_14.jpeg,C:\Users\Computer\OneDrive\เดสก์ท็อป\imageprocessing-prj\data\train\watermelon\Image_14.jpeg,329.9208984375,1280,800,1.6,3,JPEG,186.5,70.21,67.14,105.17,181.34,188.34,False
train,watermelon,Image_15.jpg,C:\Users\Computer\OneDrive\เดสก์ท็อป\imageprocessing-prj\data\train\watermelon\Image_15.jpg,60.5751953125,600,424,1.4151,3,JPEG,102.92,139.28,70.74,48.24,153.65,145.64,False
train,watermelon,Image_16.jpg,C:\Users\Computer\OneDrive\เดสก์ท็อป\imageprocessing-prj\data\train\watermelon\Image_16.jpg,2376.59765625,2121,1414,1.5,3,JPEG,211.6,113.43,105.99,92.69,142.83,213.98,False
train,watermelon,Image_17.jpg,C:\Users\Computer\OneDrive\เดสก์ท็อป\imageprocessing-prj\data\train\watermelon\Image_17.jpg,59.326171875,620,600,1.0333,3,JPEG,196.77,141.61,129.95,28.21,100.93,199.81,False
train,watermelon,Image_18.jpg,C:\Users\Computer\OneDrive\เดสก์ท็อป\imageprocessing-prj\data\train\watermelon\Image_18.jpg,210.9443359375,1200,1108,1.083,3,JPEG,212.01,196.06,164.33,18.0,76.09,220.45,False
train,watermelon,Image_19.png,C:\Users\Computer\OneDrive\เดสก์ท็อป\imageprocessing-prj\data\train\watermelon\Image_19.png,2146.6591796875,6238,6240,0.9997,3,PNG,192.97,209.96,172.26,22.5,60.89,209.99,False
train,watermelon,Image_2.jpg,C:\Users\Computer\OneDrive\เดสก์ท็อป\imageprocessing-prj\data\train\watermelon\Image_2.jpg,105.7421875,1061,720,1.4736,3,JPEG,118.07,69.85,37.3,41.21,185.28,126.39,False
train,watermelon,Image_20.jpg,C:\Users\Computer\OneDrive\เดสก์ท็อป\imageprocessing-prj\data\train\watermelon\Image_20.jpg,88.8173828125,660,535,1.2336,3,JPEG,148.21,136.24,107.85,38.91,83.35,154.18,False
train,watermelon,Image_21.jpg,C:\Users\Computer\OneDrive\เดสก์ท็อป\imageprocessing-prj\data\train\watermelon\Image_21.jpg,699.80078125,2880,1620,1.7778,3,JPEG,206.89,194.18,167.52,17.19,67.09,213.09,False
train,watermelon,Image_22.jpg,C:\Users\Computer\OneDrive\เดสก์ท็อป\imageprocessing-prj\data\train\watermelon\Image_22.jpg,120.998046875,1024,1024,1.0,3,JPEG,220.05,188.82,170.39,9.81,70.22,223.8,False
train,watermelon,Image_23.jpg,C:\Users\Computer\OneDrive\เดสก์ท็อป\imageprocessing-prj\data\train\watermelon\Image_23.jpg,93.7802734375,800,600,1.3333,3,JPEG,118.26,135.87,70.78,37.55,135.3,137.08,False
train,watermelon,Image_24.jpg,C:\Users\Computer\OneDrive\เดสก์ท็อป\imageprocessing-prj\data\train\watermelon\Image_24.jpg,67.787109375,540,700,0.7714,3,JPEG,147.11,142.34,84.53,30.15,121.97,158.75,False
train,watermelon,Image_25.jpg,C:\Users\Computer\OneDrive\เดสก์ท็อป\imageprocessing-prj\data\train\watermelon\Image_25.jpg,649.6005859375,940,788,1.1929,3,JPEG,174.25,124.55,100.8,20.86,119.54,177.99,False
train,watermelon,Image_26.jpg,C:\Users\Computer\OneDrive\เดสก์ท็อป\imageprocessing-prj\data\train\watermelon\Image_26.jpg,138.6953125,731,533,1.3715,3,JPEG,134.44,141.06,62.83,29.44,145.54,146.24,False
train,watermelon,Image_27.jpg,C:\Users\Computer\OneDrive\เดสก์ท็อป\imageprocessing-prj\data\train\watermelon\Image_27.jpg,71.9970703125,423,333,1.2703,3,JPEG,100.28,64.45,41.16,53.68,142.4,107.96,False
train,watermelon,Image_28.jpg,C:\Users\Computer\OneDrive\เดสก์ท็อป\imageprocessing-prj\data\train\watermelon\Image_28.jpg,3814.904296875,6000,3109,1.9299,3,JPEG,129.51,129.53,92.24,43.2,91.07,139.86,False
train,watermelon,Image_29.jpg,C:\Users\Computer\OneDrive\เดสก์ท็อป\imageprocessing-prj\data\train\watermelon\Image_29.jpg,89.916015625,887,668,1.3278,3,JPEG,194.32,149.04,125.41,19.49,98.85,195.89,False
train,watermelon,Image_3.jpg,C:\Users\Computer\OneDrive\เดสก์ท็อป\imageprocessing-prj\data\train\watermelon\Image_3.jpg,554.5380859375,1200,1806,0.6645,3,JPEG,108.47,109.83,57.22,29.2,143.79,122.95,False
train,watermelon,Image_30.jpg,C:\Users\Computer\OneDrive\เดสก์ท็อป\imageprocessing-prj\data\train\watermelon\Image_30.jpg,123.0185546875,800,418,1.9139,3,JPEG,183.74,111.14,91.04,39.29,139.27,188.89,False
train,watermelon,Image_31.JPG,C:\Users\Computer\OneDrive\เดสก์ท็อป\imageprocessing-prj\data\train\watermelon\Image_31.JPG,196.640625,1600,1163,1.3758,3,JPEG,175.76,143.43,57.53,23.72,166.53,177.48,False
train,watermelon,Image_32.jpg,C:\Users\Computer\OneDrive\เดสก์ท็อป\imageprocessing-prj\data\train\watermelon\Image_32.jpg,4111.1982421875,4608,3072,1.5,3,JPEG,113.82,136.62,98.34,54.82,92.92,136.82,False
train,watermelon,Image_33.png,C:\Users\Computer\OneDrive\เดสก์ท็อป\imageprocessing-prj\data\train\watermelon\Image_33.png,1229.6796875,718,1004,0.7151,3,PNG,213.33,76.53,77.76,94.76,181.86,216.87,False
train,watermelon,Image_34.jpg,C:\Users\Computer\OneDrive\เดสก์ท็อป\imageprocessing-prj\data\train\watermelon\Image_34.jpg,418.181640625,3311,2217,1.4935,3,JPEG,113.64,88.88,74.2,38.16,81.21,120.08,False
train,watermelon,Image_35.jpg,C:\Users\Computer\OneDrive\เดสก์ท็อป\imageprocessing-prj\data\train\watermelon\Image_35.jpg,202.4697265625,2000,1000,2.0,3,JPEG,181.59,126.87,94.5,19.7,134.55,186.16,False
train,watermelon,Image_36.jpg,C:\Users\Computer\OneDrive\เดสก์ท็อป\imageprocessing-prj\data\train\watermelon\Image_36.jpg,254.861328125,1000,1000,1.0,3,JPEG,131.42,137.54,102.73,44.88,103.25,148.82,False
train,watermelon,Image_37.jpg,C:\Users\Computer\OneDrive\เดสก์ท็อป\imageprocessing-prj\data\train\watermelon\Image_37.jpg,168.919921875,900,600,1.5,3,JPEG,118.46,134.72,74.83,37.22,126.15,136.37,False
train,watermelon,Image_38.jpg,C:\Users\Computer\OneDrive\เดสก์ท็อป\imageprocessing-prj\data\train\watermelon\Image_38.jpg,68.6318359375,640,777,0.8237,3,JPEG,84.77,101.57,58.39,55.77,116.1,104.26,False
train,watermelon,Image_39.jpg,C:\Users\Computer\OneDrive\เดสก์ท็อป\imageprocessing-prj\data\train\watermelon\Image_39.jpg,114.9052734375,864,576,1.5,3,JPEG,151.51,112.47,88.04,29.85,119.42,153.89,False
train,watermelon,Image_4.jpg,C:\Users\Computer\OneDrive\เดสก์ท็อป\imageprocessing-prj\data\train\watermelon\Image_4.jpg,447.6259765625,1400,1101,1.2716,3,JPEG,208.85,206.26,190.17,10.6,45.81,214.29,False
train,watermelon,Image_40.jpg,C:\Users\Computer\OneDrive\เดสก์ท็อป\imageprocessing-prj\data\train\watermelon\Image_40.jpg,12.2294921875,379,314,1.207,3,JPEG,223.78,177.93,163.22,12.2,78.16,226.12,False
train,watermelon,Image_41.jpg,C:\Users\Computer\OneDrive\เดสก์ท็อป\imageprocessing-prj\data\train\watermelon\Image_41.jpg,183.7041015625,1024,1120,0.9143,3,JPEG,190.96,124.22,95.02,94.52,150.5,210.02,False
train,watermelon,Image_42.jpg,C:\Users\Computer\OneDrive\เดสก์ท็อป\imageprocessing-prj\data\train\watermelon\Image_42.jpg,204.923828125,700,700,1.0,3,JPEG,119.76,130.34,106.17,55.04,60.63,131.3,False
train,watermelon,Image_43.jpg,C:\Users\Computer\OneDrive\เดสก์ท็อป\imageprocessing-prj\data\train\watermelon\Image_43.jpg,11.2763671875,267,260,1.0269,3,JPEG,176.06,155.3,137.76,28.53,77.13,184.7,False
train,watermelon,Image_44.jpg,C:\Users\Computer\OneDrive\เดสก์ท็อป\imageprocessing-prj\data\train\watermelon\Image_44.jpg,148.375,1200,1680,0.7143,3,JPEG,184.87,89.07,80.35,23.58,150.1,185.39,False
train,watermelon,Image_45.jpg,C:\Users\Computer\OneDrive\เดสก์ท็อป\imageprocessing-prj\data\train\watermelon\Image_45.jpg,881.76171875,1227,1227,1.0,3,JPEG,101.08,45.21,40.78,49.1,141.37,104.99,False
train,watermelon,Image_46.jpg,C:\Users\Computer\OneDrive\เดสก์ท็อป\imageprocessing-prj\data\train\watermelon\Image_46.jpg,245.794921875,1868,1050,1.779,3,JPEG,152.45,151.81,136.68,74.32,89.81,172.91,False
train,watermelon,Image_47.jpg,C:\Users\Computer\OneDrive\เดสก์ท็อป\imageprocessing-prj\data\train\watermelon\Image_47.jpg,53.927734375,800,365,2.1918,3,JPEG,207.97,109.77,95.98,57.71,136.37,208.05,False
train,watermelon,Image_49.jpg,C:\Users\Computer\OneDrive\เดสก์ท็อป\imageprocessing-prj\data\train\watermelon\Image_49.jpg,120.275390625,1502,1001,1.5005,3,JPEG,157.39,111.65,100.58,48.94,126.77,163.25,False
train,watermelon,Image_5.jpg,C:\Users\Computer\OneDrive\เดสก์ท็อป\imageprocessing-prj\data\train\watermelon\Image_5.jpg,4640.224609375,2715,1810,1.5,3,JPEG,157.02,111.37,93.09,31.04,105.12,157.52,False
train,watermelon,Image_50.jpg,C:\Users\Computer\OneDrive\เดสก์ท็อป\imageprocessing-prj\data\train\watermelon\Image_50.jpg,181.056640625,1024,750,1.3653,3,JPEG,195.05,124.89,118.41,59.46,100.14,195.48,False
train,watermelon,Image_51.jpg,C:\Users\Computer\OneDrive\เดสก์ท็อป\imageprocessing-prj\data\train\watermelon\Image_51.jpg,702.68359375,2500,1674,1.4934,3,JPEG,241.65,208.79,200.18,7.03,49.89,241.96,False
train,watermelon,Image_52.jpg,C:\Users\Computer\OneDrive\เดสก์ท็อป\imageprocessing-prj\data\train\watermelon\Image_52.jpg,9417.9033203125,4416,3312,1.3333,3,JPEG,130.72,136.29,97.05,69.88,114.85,159.06,False
train,watermelon,Image_53.jpg,C:\Users\Computer\OneDrive\เดสก์ท็อป\imageprocessing-prj\data\train\watermelon\Image_53.jpg,17.8486328125,600,450,1.3333,3,JPEG,120.55,119.92,92.28,34.59,69.15,126.78,False
train,watermelon,Image_55.jpg,C:\Users\Computer\OneDrive\เดสก์ท็อป\imageprocessing-prj\data\train\watermelon\Image_55.jpg,53.44140625,1000,500,2.0,3,JPEG,190.77,135.65,92.28,37.71,140.84,190.81,False
train,watermelon,Image_56.jpg,C:\Users\Computer\OneDrive\เดสก์ท็อป\imageprocessing-prj\data\train\watermelon\Image_56.jpg,76.8173828125,400,321,1.2461,3,JPEG,166.67,175.51,159.41,43.02,52.32,176.94,False
train,watermelon,Image_57.jpg,C:\Users\Computer\OneDrive\เดสก์ท็อป\imageprocessing-prj\data\train\watermelon\Image_57.jpg,191.8515625,1600,1200,1.3333,3,JPEG,169.5,88.9,58.35,22.01,185.98,176.54,False
train,watermelon,Image_58.jpg,C:\Users\Computer\OneDrive\เดสก์ท็อป\imageprocessing-prj\data\train\watermelon\Image_58.jpg,929.705078125,2460,1793,1.372,3,JPEG,135.22,107.77,84.13,74.89,126.21,148.28,False
train,watermelon,Image_59.jpg,C:\Users\Computer\OneDrive\เดสก์ท็อป\imageprocessing-prj\data\train\watermelon\Image_59.jpg,1206.2626953125,2613,1980,1.3197,3,JPEG,152.19,134.85,131.59,68.59,43.99,154.61,False
train,watermelon,Image_6.jpg,C:\Users\Computer\OneDrive\เดสก์ท็อป\imageprocessing-prj\data\train\watermelon\Image_6.jpg,231.708984375,800,800,1.0,3,JPEG,209.83,175.3,151.19,30.59,84.46,210.74,False
train,watermelon,Image_61.jpg,C:\Users\Computer\OneDrive\เดสก์ท็อป\imageprocessing-prj\data\train\watermelon\Image_61.jpg,677.1904296875,1879,1253,1.4996,3,JPEG,204.55,103.17,93.95,57.55,147.41,208.05,False
train,watermelon,Image_62.jpg,C:\Users\Computer\OneDrive\เดสก์ท็อป\imageprocessing-prj\data\train\watermelon\Image_62.jpg,48.9609375,600,350,1.7143,3,JPEG,186.93,139.9,100.13,25.38,135.1,196.64,False
train,watermelon,Image_63.jpg,C:\Users\Computer\OneDrive\เดสก์ท็อป\imageprocessing-prj\data\train\watermelon\Image_63.jpg,127.1767578125,645,400,1.6125,3,JPEG,105.17,112.25,73.69,38.38,105.41,119.4,False
train,watermelon,Image_65.jpg,C:\Users\Computer\OneDrive\เดสก์ท็อป\imageprocessing-prj\data\train\watermelon\Image_65.jpg,211.3125,2048,1363,1.5026,3,JPEG,200.26,191.43,188.17,109.03,36.17,203.41,False
train,watermelon,Image_66.jpg,C:\Users\Computer\OneDrive\เดสก์ท็อป\imageprocessing-prj\data\train\watermelon\Image_66.jpg,922.5107421875,1920,1080,1.7778,3,JPEG,91.6,132.18,82.82,67.87,152.81,151.81,False
train,watermelon,Image_67.jpg,C:\Users\Computer\OneDrive\เดสก์ท็อป\imageprocessing-prj\data\train\watermelon\Image_67.jpg,223.009765625,800,600,1.3333,3,JPEG,72.43,100.24,30.41,40.11,190.87,102.46,False
train,watermelon,Image_68.jpg,C:\Users\Computer\OneDrive\เดสก์ท็อป\imageprocessing-prj\data\train\watermelon\Image_68.jpg,90.576171875,800,416,1.9231,3,JPEG,201.59,138.27,110.78,65.97,127.47,209.23,False
train,watermelon,Image_69.jpg,C:\Users\Computer\OneDrive\เดสก์ท็อป\imageprocessing-prj\data\train\watermelon\Image_69.jpg,2221.3642578125,2242,1462,1.5335,3,JPEG,72.53,69.92,37.96,26.31,107.26,77.7,False
train,watermelon,Image_7.jpg,C:\Users\Computer\OneDrive\เดสก์ท็อป\imageprocessing-prj\data\train\watermelon\Image_7.jpg,299.1806640625,1200,628,1.9108,3,JPEG,214.27,115.59,91.33,30.99,155.92,217.7,False
train,watermelon,Image_70.jpg,C:\Users\Computer\OneDrive\เดสก์ท็อป\imageprocessing-prj\data\train\watermelon\Image_70.jpg,17.0068359375,302,285,1.0596,3,JPEG,198.14,165.05,142.4,20.8,90.2,208.14,False
train,watermelon,Image_73.jpg,C:\Users\Computer\OneDrive\เดสก์ท็อป\imageprocessing-prj\data\train\watermelon\Image_73.jpg,239.3564453125,1000,875,1.1429,3,JPEG,216.53,220.0,163.92,20.08,76.18,224.29,False
train,watermelon,Image_78.jpg,C:\Users\Computer\OneDrive\เดสก์ท็อป\imageprocessing-prj\data\train\watermelon\Image_78.jpg,108.73828125,700,420,1.6667,3,JPEG,175.08,75.32,53.3,17.73,181.1,177.86,False
train,watermelon,Image_79.jpg,C:\Users\Computer\OneDrive\เดสก์ท็อป\imageprocessing-prj\data\train\watermelon\Image_79.jpg,24.9248046875,399,271,1.4723,3,JPEG,228.85,164.87,154.13,68.9,98.74,232.84,False
train,watermelon,Image_8.jpg,C:\Users\Computer\OneDrive\เดสก์ท็อป\imageprocessing-prj\data\train\watermelon\Image_8.jpg,289.6044921875,1536,960,1.6,3,JPEG,214.64,192.68,177.95,49.65,65.03,226.95,False
train,watermelon,Image_81.jpg,C:\Users\Computer\OneDrive\เดสก์ท็อป\imageprocessing-prj\data\train\watermelon\Image_81.jpg,1036.517578125,5472,3648,1.5,3,JPEG,210.8,197.38,169.11,20.87,72.62,222.1,False
train,watermelon,Image_83.jpg,C:\Users\Computer\OneDrive\เดสก์ท็อป\imageprocessing-prj\data\train\watermelon\Image_83.jpg,1790.0078125,1576,1050,1.501,3,JPEG,103.16,102.25,42.5,41.54,185.68,121.58,False
train,watermelon,Image_84.jpg,C:\Users\Computer\OneDrive\เดสก์ท็อป\imageprocessing-prj\data\train\watermelon\Image_84.jpg,49.4541015625,428,280,1.5286,3,JPEG,136.68,128.01,69.18,24.32,145.28,143.41,False
train,watermelon,Image_85.jpg,C:\Users\Computer\OneDrive\เดสก์ท็อป\imageprocessing-prj\data\train\watermelon\Image_85.jpg,118.767578125,1280,731,1.751,3,JPEG,122.27,101.88,103.41,107.38,106.36,140.01,False
train,watermelon,Image_86.jpg,C:\Users\Computer\OneDrive\เดสก์ท็อป\imageprocessing-prj\data\train\watermelon\Image_86.jpg,351.9345703125,973,933,1.0429,3,JPEG,146.01,101.53,99.26,79.32,80.4,148.0,False
train,watermelon,Image_88.jpg,C:\Users\Computer\OneDrive\เดสก์ท็อป\imageprocessing-prj\data\train\watermelon\Image_88.jpg,388.78515625,1000,661,1.5129,3,JPEG,239.73,194.29,184.57,3.84,64.93,240.03,False
train,watermelon,Image_89.png,C:\Users\Computer\OneDrive\เดสก์ท็อป\imageprocessing-prj\data\train\watermelon\Image_89.png,254.689453125,390,400,0.975,3,PNG,164.44,91.56,78.39,21.76,95.71,166.21,False
train,watermelon,Image_9.jpg,C:\Users\Computer\OneDrive\เดสก์ท็อป\imageprocessing-prj\data\train\watermelon\Image_9.jpg,136.4482421875,1024,1170,0.8752,3,JPEG,179.09,158.39,144.18,73.62,90.19,199.59,False
train,watermelon,Image_90.jpg,C:\Users\Computer\OneDrive\เดสก์ท็อป\imageprocessing-prj\data\train\watermelon\Image_90.jpg,95.4619140625,908,504,1.8016,3,JPEG,104.53,121.94,50.62,39.36,166.95,124.2,False
train,watermelon,Image_91.jpg,C:\Users\Computer\OneDrive\เดสก์ท็อป\imageprocessing-prj\data\train\watermelon\Image_91.jpg,672.033203125,2223,1884,1.1799,3,JPEG,98.4,109.79,86.74,73.01,113.23,125.79,False
train,watermelon,Image_92.jpg,C:\Users\Computer\OneDrive\เดสก์ท็อป\imageprocessing-prj\data\train\watermelon\Image_92.jpg,216.2880859375,1024,683,1.4993,3,JPEG,126.61,128.53,75.3,34.66,111.11,134.41,False
train,watermelon,Image_94.jpg,C:\Users\Computer\OneDrive\เดสก์ท็อป\imageprocessing-prj\data\train\watermelon\Image_94.jpg,135.8779296875,800,400,2.0,3,JPEG,76.88,113.16,58.21,58.7,134.63,113.31,False
train,watermelon,Image_95.jpg,C:\Users\Computer\OneDrive\เดสก์ท็อป\imageprocessing-prj\data\train\watermelon\Image_95.jpg,66.1357421875,900,600,1.5,3,JPEG,104.98,115.31,58.38,45.82,145.28,124.72,False
train,watermelon,Image_96.jpg,C:\Users\Computer\OneDrive\เดสก์ท็อป\imageprocessing-prj\data\train\watermelon\Image_96.jpg,178.728515625,1438,2165,0.6642,3,JPEG,195.83,166.1,158.81,58.18,56.04,200.01,False
train,watermelon,Image_97.jpg,C:\Users\Computer\OneDrive\เดสก์ท็อป\imageprocessing-prj\data\train\watermelon\Image_97.jpg,3360.1669921875,5114,4795,1.0665,3,JPEG,168.08,166.89,147.2,73.15,66.25,183.74,False
train,watermelon,Image_98.jpg,C:\Users\Computer\OneDrive\เดสก์ท็อป\imageprocessing-prj\data\train\watermelon\Image_98.jpg,105.7421875,1061,720,1.4736,3,JPEG,118.07,69.85,37.3,41.21,185.28,126.39,False
train,watermelon,Image_99.jpg,C:\Users\Computer\OneDrive\เดสก์ท็อป\imageprocessing-prj\data\train\watermelon\Image_99.jpg,554.5380859375,1200,1806,0.6645,3,JPEG,108.47,109.83,57.22,29.2,143.79,122.95,False
validation,apple,Image_1.jpg,C:\Users\Computer\OneDrive\เดสก์ท็อป\imageprocessing-prj\data\validation\apple\Image_1.jpg,1591.0302734375,2218,2216,1.0009,3,JPEG,214.4,185.18,179.78,26.96,60.83,215.18,False
validation,apple,Image_10.jpg,C:\Users\Computer\OneDrive\เดสก์ท็อป\imageprocessing-prj\data\validation\apple\Image_10.jpg,1591.0302734375,2218,2216,1.0009,3,JPEG,214.4,185.18,179.78,26.96,60.83,215.18,False
validation,apple,Image_2.jpg,C:\Users\Computer\OneDrive\เดสก์ท็อป\imageprocessing-prj\data\validation\apple\Image_2.jpg,74.166015625,1280,720,1.7778,3,JPEG,170.05,133.16,135.7,48.02,56.5,171.85,False
validation,apple,Image_3.jpg,C:\Users\Computer\OneDrive\เดสก์ท็อป\imageprocessing-prj\data\validation\apple\Image_3.jpg,348.6142578125,2000,1000,2.0,3,JPEG,194.93,154.58,157.47,86.43,72.86,195.08,False
validation,apple,Image_4.jpg,C:\Users\Computer\OneDrive\เดสก์ท็อป\imageprocessing-prj\data\validation\apple\Image_4.jpg,2569.765625,6228,4152,1.5,3,JPEG,127.06,162.18,195.75,83.25,106.53,201.01,False
validation,apple,Image_5.jpg,C:\Users\Computer\OneDrive\เดสก์ท็อป\imageprocessing-prj\data\validation\apple\Image_5.jpg,22.6181640625,800,863,0.927,3,JPEG,212.74,200.82,175.31,35.4,101.53,242.3,False
validation,apple,Image_6.JPG,C:\Users\Computer\OneDrive\เดสก์ท็อป\imageprocessing-prj\data\validation\apple\Image_6.JPG,155.14453125,1200,1600,0.75,3,JPEG,107.98,28.89,35.11,126.43,156.6,108.37,False
validation,apple,Image_7.jpg,C:\Users\Computer\OneDrive\เดสก์ท็อป\imageprocessing-prj\data\validation\apple\Image_7.jpg,710.94921875,1024,683,1.4993,3,JPEG,102.86,40.95,14.27,12.18,204.42,102.87,False
validation,apple,Image_8.jpg,C:\Users\Computer\OneDrive\เดสก์ท็อป\imageprocessing-prj\data\validation\apple\Image_8.jpg,585.9677734375,1188,810,1.4667,3,JPEG,109.31,86.78,69.04,69.82,134.73,127.37,False
validation,apple,Image_9.jpg,C:\Users\Computer\OneDrive\เดสก์ท็อป\imageprocessing-prj\data\validation\apple\Image_9.jpg,81.490234375,1280,720,1.7778,3,JPEG,130.32,92.09,66.81,25.63,129.25,131.97,False
validation,banana,Image_1.jpg,C:\Users\Computer\OneDrive\เดสก์ท็อป\imageprocessing-prj\data\validation\banana\Image_1.jpg,59.869140625,1200,800,1.5,3,JPEG,247.28,235.2,203.8,111.3,49.04,247.29,False
validation,banana,Image_10.jpg,C:\Users\Computer\OneDrive\เดสก์ท็อป\imageprocessing-prj\data\validation\banana\Image_10.jpg,59.869140625,1200,800,1.5,3,JPEG,247.28,235.2,203.8,111.3,49.04,247.29,False
validation,banana,Image_2.jpg,C:\Users\Computer\OneDrive\เดสก์ท็อป\imageprocessing-prj\data\validation\banana\Image_2.jpg,8.7724609375,480,360,1.3333,3,JPEG,42.26,37.0,29.0,8.31,23.55,42.48,False
validation,banana,Image_3.jpg,C:\Users\Computer\OneDrive\เดสก์ท็อป\imageprocessing-prj\data\validation\banana\Image_3.jpg,64.9375,1200,1057,1.1353,3,JPEG,246.2,235.46,204.33,7.5,47.52,246.22,False
validation,banana,Image_4.jpg,C:\Users\Computer\OneDrive\เดสก์ท็อป\imageprocessing-prj\data\validation\banana\Image_4.jpg,220.5380859375,851,478,1.7803,3,JPEG,245.0,232.41,172.28,12.48,80.12,245.08,False
validation,banana,Image_5.jpg,C:\Users\Computer\OneDrive\เดสก์ท็อป\imageprocessing-prj\data\validation\banana\Image_5.jpg,48.302734375,1280,720,1.7778,3,JPEG,237.54,220.08,164.14,13.14,82.6,237.58,False
validation,banana,Image_6.jpg,C:\Users\Computer\OneDrive\เดสก์ท็อป\imageprocessing-prj\data\validation\banana\Image_6.jpg,67.150390625,1280,720,1.7778,3,JPEG,227.05,220.17,175.53,15.07,71.48,229.45,False
validation,banana,Image_8.jpg,C:\Users\Computer\OneDrive\เดสก์ท็อป\imageprocessing-prj\data\validation\banana\Image_8.jpg,69.0693359375,1200,794,1.5113,3,JPEG,241.96,227.0,162.21,17.14,88.67,242.75,False
validation,banana,Image_9.jpg,C:\Users\Computer\OneDrive\เดสก์ท็อป\imageprocessing-prj\data\validation\banana\Image_9.jpg,9.0224609375,480,360,1.3333,3,JPEG,174.21,172.04,162.81,13.0,18.89,174.81,False
validation,beetroot,Image_1.jpg,C:\Users\Computer\OneDrive\เดสก์ท็อป\imageprocessing-prj\data\validation\beetroot\Image_1.jpg,1141.212890625,1254,836,1.5,3,JPEG,96.01,63.79,43.13,60.46,166.55,101.92,False
validation,beetroot,Image_10.jpg,C:\Users\Computer\OneDrive\เดสก์ท็อป\imageprocessing-prj\data\validation\beetroot\Image_10.jpg,1292.63671875,2125,1417,1.4996,3,JPEG,161.77,123.04,127.28,100.05,97.88,163.26,False
validation,beetroot,Image_2.jpg,C:\Users\Computer\OneDrive\เดสก์ท็อป\imageprocessing-prj\data\validation\beetroot\Image_2.jpg,806.2880859375,1000,1504,0.6649,3,JPEG,91.47,75.5,39.67,47.89,180.33,104.14,False
validation,beetroot,Image_3.jpg,C:\Users\Computer\OneDrive\เดสก์ท็อป\imageprocessing-prj\data\validation\beetroot\Image_3.jpg,198.1982421875,768,1024,0.75,3,JPEG,141.11,159.34,92.24,60.76,137.44,177.39,False
validation,beetroot,Image_4.jpg,C:\Users\Computer\OneDrive\เดสก์ท็อป\imageprocessing-prj\data\validation\beetroot\Image_4.jpg,175.8642578125,1600,1067,1.4995,3,JPEG,128.05,83.09,54.42,28.21,164.65,130.95,False
validation,beetroot,Image_5.jpg,C:\Users\Computer\OneDrive\เดสก์ท็อป\imageprocessing-prj\data\validation\beetroot\Image_5.jpg,170.619140625,1200,800,1.5,3,JPEG,172.69,139.9,119.69,34.8,104.57,179.39,False
validation,beetroot,Image_6.jpg,C:\Users\Computer\OneDrive\เดสก์ท็อป\imageprocessing-prj\data\validation\beetroot\Image_6.jpg,2389.134765625,3264,2448,1.3333,3,JPEG,154.86,133.03,123.53,60.73,89.72,164.79,False
validation,beetroot,Image_7.jpg,C:\Users\Computer\OneDrive\เดสก์ท็อป\imageprocessing-prj\data\validation\beetroot\Image_7.jpg,421.3369140625,1080,1400,0.7714,3,JPEG,110.08,91.08,71.55,64.12,109.3,123.12,False
validation,beetroot,Image_8.jpg,C:\Users\Computer\OneDrive\เดสก์ท็อป\imageprocessing-prj\data\validation\beetroot\Image_8.jpg,227.78515625,1000,1000,1.0,3,JPEG,132.89,92.28,85.3,77.07,113.55,133.73,False
validation,beetroot,Image_9.jpg,C:\Users\Computer\OneDrive\เดสก์ท็อป\imageprocessing-prj\data\validation\beetroot\Image_9.jpg,436.1142578125,1681,3058,0.5497,3,JPEG,136.93,124.91,117.98,77.21,75.26,147.27,False
validation,bell pepper,Image_1.jpg,C:\Users\Computer\OneDrive\เดสก์ท็อป\imageprocessing-prj\data\validation\bell pepper\Image_1.jpg,4268.560546875,5616,3744,1.5,3,JPEG,220.64,195.13,168.94,16.33,75.25,222.36,False
validation,bell pepper,Image_10.jpg,C:\Users\Computer\OneDrive\เดสก์ท็อป\imageprocessing-prj\data\validation\bell pepper\Image_10.jpg,67.0634765625,1200,800,1.5,3,JPEG,158.74,147.26,136.41,78.6,58.13,162.29,False
validation,bell pepper,Image_2.jpg,C:\Users\Computer\OneDrive\เดสก์ท็อป\imageprocessing-prj\data\validation\bell pepper\Image_2.jpg,67.0634765625,1200,800,1.5,3,JPEG,158.74,147.26,136.41,78.6,58.13,162.29,False
validation,bell pepper,Image_4.jpg,C:\Users\Computer\OneDrive\เดสก์ท็อป\imageprocessing-prj\data\validation\bell pepper\Image_4.jpg,3753.2119140625,4344,3475,1.2501,3,JPEG,215.96,186.48,141.73,17.58,107.66,222.97,False
validation,bell pepper,Image_5.jpg,C:\Users\Computer\OneDrive\เดสก์ท็อป\imageprocessing-prj\data\validation\bell pepper\Image_5.jpg,70.009765625,1040,1300,0.8,3,JPEG,198.65,168.66,144.39,23.05,70.4,199.69,False
validation,bell pepper,Image_6.jpg,C:\Users\Computer\OneDrive\เดสก์ท็อป\imageprocessing-prj\data\validation\bell pepper\Image_6.jpg,82.2431640625,800,800,1.0,3,JPEG,146.09,114.84,78.91,33.83,138.23,158.62,False
validation,bell pepper,Image_7.jpg,C:\Users\Computer\OneDrive\เดสก์ท็อป\imageprocessing-prj\data\validation\bell pepper\Image_7.jpg,1806.1044921875,2592,1936,1.3388,3,JPEG,142.32,59.39,15.28,31.78,226.24,146.7,False
validation,bell pepper,Image_8.jpg,C:\Users\Computer\OneDrive\เดสก์ท็อป\imageprocessing-prj\data\validation\bell pepper\Image_8.jpg,6606.990234375,4288,2848,1.5056,3,JPEG,125.75,120.56,63.27,35.82,147.64,152.91,False
validation,bell pepper,Image_9.jpg,C:\Users\Computer\OneDrive\เดสก์ท็อป\imageprocessing-prj\data\validation\bell pepper\Image_9.jpg,4268.560546875,5616,3744,1.5,3,JPEG,220.64,195.13,168.94,16.33,75.25,222.36,False
validation,cabbage,Image_1.jpg,C:\Users\Computer\OneDrive\เดสก์ท็อป\imageprocessing-prj\data\validation\cabbage\Image_1.jpg,269.4013671875,1024,1120,0.9143,3,JPEG,124.12,137.87,79.72,42.01,145.35,153.98,False
validation,cabbage,Image_10.jpg,C:\Users\Computer\OneDrive\เดสก์ท็อป\imageprocessing-prj\data\validation\cabbage\Image_10.jpg,269.4013671875,1024,1120,0.9143,3,JPEG,124.12,137.87,79.72,42.01,145.35,153.98,False
validation,cabbage,Image_2.jpg,C:\Users\Computer\OneDrive\เดสก์ท็อป\imageprocessing-prj\data\validation\cabbage\Image_2.jpg,1392.7685546875,3888,2592,1.5,3,JPEG,102.12,126.81,86.58,52.02,100.14,126.88,False
validation,cabbage,Image_3.jpg,C:\Users\Computer\OneDrive\เดสก์ท็อป\imageprocessing-prj\data\validation\cabbage\Image_3.jpg,94.080078125,900,950,0.9474,3,JPEG,124.93,147.34,124.97,64.37,52.85,147.5,False
validation,cabbage,Image_4.jpg,C:\Users\Computer\OneDrive\เดสก์ท็อป\imageprocessing-prj\data\validation\cabbage\Image_4.jpg,1674.73046875,2272,1704,1.3333,3,JPEG,103.72,134.1,81.5,49.6,107.56,134.13,False
validation,cabbage,Image_5.jpg,C:\Users\Computer\OneDrive\เดสก์ท็อป\imageprocessing-prj\data\validation\cabbage\Image_5.jpg,298.830078125,1200,1200,1.0,3,JPEG,121.97,161.1,90.89,49.61,125.38,163.29,False
validation,cabbage,Image_6.jpg,C:\Users\Computer\OneDrive\เดสก์ท็อป\imageprocessing-prj\data\validation\cabbage\Image_6.jpg,238.3984375,900,900,1.0,3,JPEG,138.54,166.43,60.44,36.69,180.04,173.66,False
validation,cabbage,Image_7.jpg,C:\Users\Computer\OneDrive\เดสก์ท็อป\imageprocessing-prj\data\validation\cabbage\Image_7.jpg,2275.4306640625,1606,2400,0.6692,3,JPEG,83.96,111.04,76.63,57.23,89.67,111.05,False
validation,cabbage,Image_8.jpg,C:\Users\Computer\OneDrive\เดสก์ท็อป\imageprocessing-prj\data\validation\cabbage\Image_8.jpg,182.2890625,1024,1340,0.7642,3,JPEG,95.19,133.96,109.74,81.97,138.76,148.1,False
validation,cabbage,Image_9.jpg,C:\Users\Computer\OneDrive\เดสก์ท็อป\imageprocessing-prj\data\validation\cabbage\Image_9.jpg,555.1201171875,1197,885,1.3525,3,JPEG,130.74,151.57,131.68,67.0,61.88,153.0,False
validation,capsicum,Image_1.jpg,C:\Users\Computer\OneDrive\เดสก์ท็อป\imageprocessing-prj\data\validation\capsicum\Image_1.jpg,232.4912109375,1396,785,1.7783,3,JPEG,174.93,117.83,22.93,32.17,227.47,182.13,False
validation,capsicum,Image_10.jpg,C:\Users\Computer\OneDrive\เดสก์ท็อป\imageprocessing-prj\data\validation\capsicum\Image_10.jpg,232.4912109375,1396,785,1.7783,3,JPEG,174.93,117.83,22.93,32.17,227.47,182.13,False
validation,capsicum,Image_2.jpg,C:\Users\Computer\OneDrive\เดสก์ท็อป\imageprocessing-prj\data\validation\capsicum\Image_2.jpg,527.05859375,1300,1300,1.0,3,JPEG,217.87,227.71,208.0,10.32,38.56,227.72,False
validation,capsicum,Image_3.JPG,C:\Users\Computer\OneDrive\เดสก์ท็อป\imageprocessing-prj\data\validation\capsicum\Image_3.JPG,243.3671875,1200,801,1.4981,3,JPEG,175.0,48.26,20.47,42.71,223.88,175.99,False
validation,capsicum,Image_4.jpg,C:\Users\Computer\OneDrive\เดสก์ท็อป\imageprocessing-prj\data\validation\capsicum\Image_4.jpg,103.998046875,1694,1133,1.4951,3,JPEG,217.99,190.45,163.51,17.97,81.13,221.88,False
validation,capsicum,Image_5.jpg,C:\Users\Computer\OneDrive\เดสก์ท็อป\imageprocessing-prj\data\validation\capsicum\Image_5.jpg,62.03125,1200,900,1.3333,3,JPEG,172.01,186.61,157.12,27.11,60.67,186.62,False
validation,capsicum,Image_6.jpg,C:\Users\Computer\OneDrive\เดสก์ท็อป\imageprocessing-prj\data\validation\capsicum\Image_6.jpg,570.404296875,2560,1912,1.3389,3,JPEG,142.23,59.37,15.76,32.22,225.0,146.57,False
validation,capsicum,Image_7.jpg,C:\Users\Computer\OneDrive\เดสก์ท็อป\imageprocessing-prj\data\validation\capsicum\Image_7.jpg,2400.3291015625,3607,2722,1.3251,3,JPEG,162.67,148.58,121.6,44.25,106.41,169.9,False
validation,capsicum,Image_8.jpg,C:\Users\Computer\OneDrive\เดสก์ท็อป\imageprocessing-prj\data\validation\capsicum\Image_8.jpg,1369.9208984375,2256,1504,1.5,3,JPEG,109.39,78.88,55.42,66.44,148.56,118.14,False
validation,capsicum,Image_9.jpg,C:\Users\Computer\OneDrive\เดสก์ท็อป\imageprocessing-prj\data\validation\capsicum\Image_9.jpg,657.0361328125,1125,1688,0.6665,3,JPEG,154.13,101.41,38.63,28.64,202.54,160.5,False
validation,carrot,Image_1.jpg,C:\Users\Computer\OneDrive\เดสก์ท็อป\imageprocessing-prj\data\validation\carrot\Image_1.jpg,190.7275390625,1280,720,1.7778,3,JPEG,124.49,77.17,25.43,22.37,209.52,132.99,False
validation,carrot,Image_10.jpg,C:\Users\Computer\OneDrive\เดสก์ท็อป\imageprocessing-prj\data\validation\carrot\Image_10.jpg,190.7275390625,1280,720,1.7778,3,JPEG,124.49,77.17,25.43,22.37,209.52,132.99,False
validation,carrot,Image_2.jpg,C:\Users\Computer\OneDrive\เดสก์ท็อป\imageprocessing-prj\data\validation\carrot\Image_2.jpg,103.40234375,1600,1250,1.28,3,JPEG,252.06,232.93,217.48,3.92,36.92,252.6,False
validation,carrot,Image_3.jpg,C:\Users\Computer\OneDrive\เดสก์ท็อป\imageprocessing-prj\data\validation\carrot\Image_3.jpg,373.0419921875,1920,1275,1.5059,3,JPEG,165.66,165.67,146.5,34.4,54.46,171.7,False
validation,carrot,Image_4.png,C:\Users\Computer\OneDrive\เดสก์ท็อป\imageprocessing-prj\data\validation\carrot\Image_4.png,190.0615234375,1920,1080,1.7778,3,PNG,231.33,218.99,206.07,5.31,31.3,232.17,False
validation,carrot,Image_5.jpg,C:\Users\Computer\OneDrive\เดสก์ท็อป\imageprocessing-prj\data\validation\carrot\Image_5.jpg,334.2724609375,1600,1066,1.5009,3,JPEG,183.72,125.61,95.52,51.27,133.95,185.06,False
validation,carrot,Image_6.jpg,C:\Users\Computer\OneDrive\เดสก์ท็อป\imageprocessing-prj\data\validation\carrot\Image_6.jpg,57.1376953125,953,1300,0.7331,3,JPEG,251.24,241.62,229.97,3.47,23.08,251.88,False
validation,carrot,Image_7.JPG,C:\Users\Computer\OneDrive\เดสก์ท็อป\imageprocessing-prj\data\validation\carrot\Image_7.JPG,179.58984375,960,1280,0.75,3,JPEG,169.57,132.28,78.12,21.16,148.63,175.16,False
validation,carrot,Image_8.jpg,C:\Users\Computer\OneDrive\เดสก์ท็อป\imageprocessing-prj\data\validation\carrot\Image_8.jpg,200.0400390625,1280,720,1.7778,3,JPEG,204.73,111.08,54.3,29.18,187.3,205.49,False
validation,cauliflower,Image_1.jpg,C:\Users\Computer\OneDrive\เดสก์ท็อป\imageprocessing-prj\data\validation\cauliflower\Image_1.jpg,361.0693359375,1456,2184,0.6667,3,JPEG,171.68,150.06,100.87,21.71,123.71,172.44,False
validation,cauliflower,Image_10.jpg,C:\Users\Computer\OneDrive\เดสก์ท็อป\imageprocessing-prj\data\validation\cauliflower\Image_10.jpg,330.662109375,1500,1341,1.1186,3,JPEG,216.71,206.18,164.46,20.84,70.98,217.81,False
validation,cauliflower,Image_2.jpg,C:\Users\Computer\OneDrive\เดสก์ท็อป\imageprocessing-prj\data\validation\cauliflower\Image_2.jpg,869.9736328125,3276,3276,1.0,3,JPEG,218.1,220.47,198.8,18.44,38.1,223.4,False
validation,cauliflower,Image_3.jpg,C:\Users\Computer\OneDrive\เดสก์ท็อป\imageprocessing-prj\data\validation\cauliflower\Image_3.jpg,288.4541015625,2000,1000,2.0,3,JPEG,224.23,222.59,198.04,16.95,38.73,226.16,False
validation,cauliflower,Image_4.jpg,C:\Users\Computer\OneDrive\เดสก์ท็อป\imageprocessing-prj\data\validation\cauliflower\Image_4.jpg,90.248046875,800,900,0.8889,3,JPEG,211.58,218.84,199.91,23.07,40.27,219.72,False
validation,cauliflower,Image_5.JPG,C:\Users\Computer\OneDrive\เดสก์ท็อป\imageprocessing-prj\data\validation\cauliflower\Image_5.JPG,1883.765625,3006,2933,1.0249,3,JPEG,114.51,108.67,95.41,38.59,73.13,120.65,False
validation,cauliflower,Image_6.jpg,C:\Users\Computer\OneDrive\เดสก์ท็อป\imageprocessing-prj\data\validation\cauliflower\Image_6.jpg,176.4052734375,1500,1125,1.3333,3,JPEG,170.39,142.93,112.27,25.64,107.99,171.48,False
validation,cauliflower,Image_7.jpg,C:\Users\Computer\OneDrive\เดสก์ท็อป\imageprocessing-prj\data\validation\cauliflower\Image_7.jpg,89.7646484375,1024,1024,1.0,3,JPEG,225.42,224.27,205.38,28.57,34.06,229.55,False
validation,cauliflower,Image_8.jpg,C:\Users\Computer\OneDrive\เดสก์ท็อป\imageprocessing-prj\data\validation\cauliflower\Image_8.jpg,149.9755859375,1024,750,1.3653,3,JPEG,110.7,105.98,91.84,49.33,68.11,115.48,False
validation,cauliflower,Image_9.jpg,C:\Users\Computer\OneDrive\เดสก์ท็อป\imageprocessing-prj\data\validation\cauliflower\Image_9.jpg,285.0537109375,2583,1956,1.3206,3,JPEG,107.48,122.2,91.81,49.33,88.17,125.02,False
validation,chilli pepper,Image_1.jpg,C:\Users\Computer\OneDrive\เดสก์ท็อป\imageprocessing-prj\data\validation\chilli pepper\Image_1.jpg,258.5322265625,1920,1536,1.25,3,JPEG,215.44,189.42,148.85,65.66,86.75,217.26,False
validation,chilli pepper,Image_10.jpg,C:\Users\Computer\OneDrive\เดสก์ท็อป\imageprocessing-prj\data\validation\chilli pepper\Image_10.jpg,258.5322265625,1920,1536,1.25,3,JPEG,215.44,189.42,148.85,65.66,86.75,217.26,False
validation,chilli pepper,Image_2.png,C:\Users\Computer\OneDrive\เดสก์ท็อป\imageprocessing-prj\data\validation\chilli pepper\Image_2.png,1470.513671875,1400,1120,1.25,3,PNG,230.05,180.33,171.89,54.51,74.66,233.02,False
validation,chilli pepper,Image_3.jpg,C:\Users\Computer\OneDrive\เดสก์ท็อป\imageprocessing-prj\data\validation\chilli pepper\Image_3.jpg,78.6689453125,1024,768,1.3333,3,JPEG,172.95,149.36,85.58,26.08,147.28,177.5,False
validation,chilli pepper,Image_4.jpg,C:\Users\Computer\OneDrive\เดสก์ท็อป\imageprocessing-prj\data\validation\chilli pepper\Image_4.jpg,188.0126953125,3264,2448,1.3333,3,JPEG,76.51,110.85,20.82,43.47,219.32,120.82,False
validation,chilli pepper,Image_5.png,C:\Users\Computer\OneDrive\เดสก์ท็อป\imageprocessing-prj\data\validation\chilli pepper\Image_5.png,1764.904296875,1000,1000,1.0,3,PNG,150.72,45.8,45.36,115.19,194.46,152.56,False
validation,chilli pepper,Image_7.jpg,C:\Users\Computer\OneDrive\เดสก์ท็อป\imageprocessing-prj\data\validation\chilli pepper\Image_7.jpg,558.025390625,2000,1500,1.3333,3,JPEG,151.21,141.18,120.89,79.64,118.33,174.71,False
validation,chilli pepper,Image_8.jpg,C:\Users\Computer\OneDrive\เดสก์ท็อป\imageprocessing-prj\data\validation\chilli pepper\Image_8.jpg,136.0,1920,1280,1.5,3,JPEG,206.41,202.48,187.3,28.13,41.37,208.58,False
validation,chilli pepper,Image_9.jpg,C:\Users\Computer\OneDrive\เดสก์ท็อป\imageprocessing-prj\data\validation\chilli pepper\Image_9.jpg,103.203125,800,800,1.0,3,JPEG,130.97,93.65,64.13,39.41,145.1,143.87,False
validation,corn,Image_1.jpg,C:\Users\Computer\OneDrive\เดสก์ท็อป\imageprocessing-prj\data\validation\corn\Image_1.jpg,533.2451171875,2000,1333,1.5004,3,JPEG,197.22,171.0,71.08,25.2,169.11,200.13,False
validation,corn,Image_10.jpg,C:\Users\Computer\OneDrive\เดสก์ท็อป\imageprocessing-prj\data\validation\corn\Image_10.jpg,328.671875,1195,1600,0.7469,3,JPEG,86.71,82.18,62.99,49.49,109.62,96.1,False
validation,corn,Image_2.jpg,C:\Users\Computer\OneDrive\เดสก์ท็อป\imageprocessing-prj\data\validation\corn\Image_2.jpg,1471.5263671875,1415,2122,0.6668,3,JPEG,165.05,158.13,98.38,38.85,119.72,169.35,False
validation,corn,Image_3.jpg,C:\Users\Computer\OneDrive\เดสก์ท็อป\imageprocessing-prj\data\validation\corn\Image_3.jpg,2263.59375,3504,2336,1.5,3,JPEG,215.02,184.74,95.91,22.94,143.62,215.06,False
validation,corn,Image_4.jpg,C:\Users\Computer\OneDrive\เดสก์ท็อป\imageprocessing-prj\data\validation\corn\Image_4.jpg,138.470703125,736,1109,0.6637,3,JPEG,231.96,223.65,162.77,14.03,88.38,234.52,False
validation,corn,Image_5.jpg,C:\Users\Computer\OneDrive\เดสก์ท็อป\imageprocessing-prj\data\validation\corn\Image_5.jpg,6602.0263671875,5016,3424,1.465,3,JPEG,163.42,173.08,90.64,35.56,138.91,180.04,False
validation,corn,Image_6.jpg,C:\Users\Computer\OneDrive\เดสก์ท็อป\imageprocessing-prj\data\validation\corn\Image_6.jpg,201.9853515625,2121,1060,2.0009,3,JPEG,199.75,190.69,44.7,29.76,204.07,212.5,False
validation,corn,Image_7.jpg,C:\Users\Computer\OneDrive\เดสก์ท็อป\imageprocessing-prj\data\validation\corn\Image_7.jpg,160.701171875,1000,750,1.3333,3,JPEG,136.28,145.2,92.89,49.07,137.44,161.35,False
validation,corn,Image_8.jpg,C:\Users\Computer\OneDrive\เดสก์ท็อป\imageprocessing-prj\data\validation\corn\Image_8.jpg,165.97265625,1200,800,1.5,3,JPEG,220.01,218.6,172.21,45.25,70.14,226.41,False
validation,corn,Image_9.jpg,C:\Users\Computer\OneDrive\เดสก์ท็อป\imageprocessing-prj\data\validation\corn\Image_9.jpg,305.6201171875,1200,900,1.3333,3,JPEG,224.41,222.14,159.31,18.4,89.05,232.74,False
validation,cucumber,Image_1.jpg,C:\Users\Computer\OneDrive\เดสก์ท็อป\imageprocessing-prj\data\validation\cucumber\Image_1.jpg,2732.5302734375,4000,3000,1.3333,3,JPEG,170.73,157.51,96.04,26.47,131.26,181.75,False
validation,cucumber,Image_10.jpg,C:\Users\Computer\OneDrive\เดสก์ท็อป\imageprocessing-prj\data\validation\cucumber\Image_10.jpg,2732.5302734375,4000,3000,1.3333,3,JPEG,170.73,157.51,96.04,26.47,131.26,181.75,False
validation,cucumber,Image_2.jpg,C:\Users\Computer\OneDrive\เดสก์ท็อป\imageprocessing-prj\data\validation\cucumber\Image_2.jpg,288.0029296875,1500,1000,1.5,3,JPEG,76.49,100.33,16.08,38.97,222.49,100.81,False
validation,cucumber,Image_3.jpg,C:\Users\Computer\OneDrive\เดสก์ท็อป\imageprocessing-prj\data\validation\cucumber\Image_3.jpg,36.3466796875,850,611,1.3912,3,JPEG,194.55,206.31,171.82,20.44,68.87,206.33,False
validation,cucumber,Image_4.jpg,C:\Users\Computer\OneDrive\เดสก์ท็อป\imageprocessing-prj\data\validation\cucumber\Image_4.jpg,103.0966796875,1000,1000,1.0,3,JPEG,118.93,130.0,107.76,64.21,77.93,131.68,False
validation,cucumber,Image_5.jpg,C:\Users\Computer\OneDrive\เดสก์ท็อป\imageprocessing-prj\data\validation\cucumber\Image_5.jpg,165.9228515625,1500,1000,1.5,3,JPEG,134.6,143.76,90.38,36.65,110.4,145.47,False
validation,cucumber,Image_6.jpg,C:\Users\Computer\OneDrive\เดสก์ท็อป\imageprocessing-prj\data\validation\cucumber\Image_6.jpg,42.318359375,994,615,1.6163,3,JPEG,182.31,193.81,171.97,23.04,58.48,193.84,False
validation,cucumber,Image_7.jpg,C:\Users\Computer\OneDrive\เดสก์ท็อป\imageprocessing-prj\data\validation\cucumber\Image_7.jpg,506.6298828125,3463,2309,1.4998,3,JPEG,202.86,210.41,189.78,15.71,47.82,210.41,False
validation,cucumber,Image_8.jpg,C:\Users\Computer\OneDrive\เดสก์ท็อป\imageprocessing-prj\data\validation\cucumber\Image_8.jpg,362.5634765625,1000,1000,1.0,3,JPEG,82.0,124.2,70.28,53.63,140.62,127.46,False
validation,cucumber,Image_9.jpg,C:\Users\Computer\OneDrive\เดสก์ท็อป\imageprocessing-prj\data\validation\cucumber\Image_9.jpg,630.984375,3500,2329,1.5028,3,JPEG,207.88,209.41,182.05,28.35,46.36,211.19,False
validation,eggplant,Image_1.jpg,C:\Users\Computer\OneDrive\เดสก์ท็อป\imageprocessing-prj\data\validation\eggplant\Image_1.jpg,3238.796875,2592,3456,0.75,3,JPEG,130.87,123.59,82.93,34.65,103.74,132.89,False
validation,eggplant,Image_10.jpg,C:\Users\Computer\OneDrive\เดสก์ท็อป\imageprocessing-prj\data\validation\eggplant\Image_10.jpg,3270.728515625,3216,4288,0.75,3,JPEG,90.5,115.27,77.78,63.32,90.75,117.77,False
validation,eggplant,Image_2.jpg,C:\Users\Computer\OneDrive\เดสก์ท็อป\imageprocessing-prj\data\validation\eggplant\Image_2.jpg,650.9052734375,3031,2021,1.4998,3,JPEG,67.98,57.51,64.43,110.4,104.59,78.2,False
validation,eggplant,Image_3.jpg,C:\Users\Computer\OneDrive\เดสก์ท็อป\imageprocessing-prj\data\validation\eggplant\Image_3.jpg,185.3349609375,1200,803,1.4944,3,JPEG,93.11,102.22,89.44,69.34,96.52,114.97,False
validation,eggplant,Image_4.jpg,C:\Users\Computer\OneDrive\เดสก์ท็อป\imageprocessing-prj\data\validation\eggplant\Image_4.jpg,94.3857421875,1024,732,1.3989,3,JPEG,89.69,88.96,66.08,78.03,141.12,105.76,False
validation,eggplant,Image_5.jpg,C:\Users\Computer\OneDrive\เดสก์ท็อป\imageprocessing-prj\data\validation\eggplant\Image_5.jpg,1802.9892578125,1001,1001,1.0,3,JPEG,118.87,107.39,116.57,77.17,158.13,161.73,False
validation,eggplant,Image_6.jpg,C:\Users\Computer\OneDrive\เดสก์ท็อป\imageprocessing-prj\data\validation\eggplant\Image_6.jpg,262.4033203125,1024,1024,1.0,3,JPEG,151.99,122.21,138.69,75.92,66.25,152.93,False
validation,eggplant,Image_7.jpg,C:\Users\Computer\OneDrive\เดสก์ท็อป\imageprocessing-prj\data\validation\eggplant\Image_7.jpg,242.3681640625,1000,1000,1.0,3,JPEG,111.58,75.99,100.61,120.07,138.54,118.83,False
validation,eggplant,Image_8.jpg,C:\Users\Computer\OneDrive\เดสก์ท็อป\imageprocessing-prj\data\validation\eggplant\Image_8.jpg,976.73828125,2272,1704,1.3333,3,JPEG,182.6,185.2,184.43,25.4,18.47,188.37,False
validation,eggplant,Image_9.jpg,C:\Users\Computer\OneDrive\เดสก์ท็อป\imageprocessing-prj\data\validation\eggplant\Image_9.jpg,287.8759765625,1668,1151,1.4492,3,JPEG,126.83,131.31,77.41,45.11,136.31,153.67,False
validation,garlic,Image_1.jpg,C:\Users\Computer\OneDrive\เดสก์ท็อป\imageprocessing-prj\data\validation\garlic\Image_1.jpg,497.8125,1501,1500,1.0007,3,JPEG,119.53,104.04,91.81,17.63,82.25,119.75,False
validation,garlic,Image_10.jpg,C:\Users\Computer\OneDrive\เดสก์ท็อป\imageprocessing-prj\data\validation\garlic\Image_10.jpg,128.8974609375,1650,1238,1.3328,3,JPEG,211.65,204.95,196.94,19.01,25.08,211.75,False
validation,garlic,Image_2.jpg,C:\Users\Computer\OneDrive\เดสก์ท็อป\imageprocessing-prj\data\validation\garlic\Image_2.jpg,134.9296875,1536,1024,1.5,3,JPEG,239.57,233.11,228.83,5.54,14.77,239.58,False
validation,garlic,Image_3.jpg,C:\Users\Computer\OneDrive\เดสก์ท็อป\imageprocessing-prj\data\validation\garlic\Image_3.jpg,1237.224609375,3732,3085,1.2097,3,JPEG,241.68,234.7,228.21,6.84,16.77,241.68,False
validation,garlic,Image_4.jpg,C:\Users\Computer\OneDrive\เดสก์ท็อป\imageprocessing-prj\data\validation\garlic\Image_4.jpg,800.89453125,2395,2100,1.1405,3,JPEG,138.7,113.97,87.61,15.09,96.84,138.7,False
validation,garlic,Image_5.jpg,C:\Users\Computer\OneDrive\เดสก์ท็อป\imageprocessing-prj\data\validation\garlic\Image_5.jpg,101.7431640625,1200,800,1.5,3,JPEG,104.27,79.9,64.66,11.65,119.71,104.27,False
validation,garlic,Image_6.jpg,C:\Users\Computer\OneDrive\เดสก์ท็อป\imageprocessing-prj\data\validation\garlic\Image_6.jpg,330.23046875,2048,1365,1.5004,3,JPEG,169.96,161.85,142.54,30.59,45.92,171.12,False
validation,garlic,Image_7.jpg,C:\Users\Computer\OneDrive\เดสก์ท็อป\imageprocessing-prj\data\validation\garlic\Image_7.jpg,130.65234375,1600,1200,1.3333,3,JPEG,158.5,138.08,120.92,15.84,74.01,158.56,False
validation,garlic,Image_8.jpg,C:\Users\Computer\OneDrive\เดสก์ท็อป\imageprocessing-prj\data\validation\garlic\Image_8.jpg,335.93359375,1240,1176,1.0544,3,JPEG,210.31,201.68,193.87,10.35,29.49,210.35,False
validation,garlic,Image_9.jpg,C:\Users\Computer\OneDrive\เดสก์ท็อป\imageprocessing-prj\data\validation\garlic\Image_9.jpg,173.3076171875,2304,3456,0.6667,3,JPEG,153.0,151.19,149.47,49.54,24.19,155.99,False
validation,ginger,Image_1.jpg,C:\Users\Computer\OneDrive\เดสก์ท็อป\imageprocessing-prj\data\validation\ginger\Image_1.jpg,459.625,1983,1983,1.0,3,JPEG,236.22,218.45,197.0,11.09,51.54,236.24,False
validation,ginger,Image_10.jpg,C:\Users\Computer\OneDrive\เดสก์ท็อป\imageprocessing-prj\data\validation\ginger\Image_10.jpg,151.20703125,1200,800,1.5,3,JPEG,126.45,94.72,67.28,13.33,132.09,126.45,False
validation,ginger,Image_2.jpg,C:\Users\Computer\OneDrive\เดสก์ท็อป\imageprocessing-prj\data\validation\ginger\Image_2.jpg,151.20703125,1200,800,1.5,3,JPEG,126.45,94.72,67.28,13.33,132.09,126.45,False
validation,ginger,Image_3.jpg,C:\Users\Computer\OneDrive\เดสก์ท็อป\imageprocessing-prj\data\validation\ginger\Image_3.jpg,448.3857421875,1000,667,1.4993,3,JPEG,231.92,215.7,198.59,8.56,42.98,231.92,False
validation,ginger,Image_4.jpg,C:\Users\Computer\OneDrive\เดสก์ท็อป\imageprocessing-prj\data\validation\ginger\Image_4.jpg,89.5517578125,1240,994,1.2475,3,JPEG,235.92,223.89,212.56,6.83,30.49,235.95,False
validation,ginger,Image_5.jpg,C:\Users\Computer\OneDrive\เดสก์ท็อป\imageprocessing-prj\data\validation\ginger\Image_5.jpg,43.751953125,849,565,1.5027,3,JPEG,230.34,209.49,190.47,8.6,55.53,230.38,False
validation,ginger,Image_6.jpg,C:\Users\Computer\OneDrive\เดสก์ท็อป\imageprocessing-prj\data\validation\ginger\Image_6.jpg,121.33203125,1100,628,1.7516,3,JPEG,151.64,110.83,64.91,18.08,168.76,151.66,False
validation,ginger,Image_7.jpg,C:\Users\Computer\OneDrive\เดสก์ท็อป\imageprocessing-prj\data\validation\ginger\Image_7.jpg,118.50390625,1200,800,1.5,3,JPEG,225.8,208.32,173.91,21.44,66.93,225.91,False
validation,ginger,Image_8.jpg,C:\Users\Computer\OneDrive\เดสก์ท็อป\imageprocessing-prj\data\validation\ginger\Image_8.jpg,335.224609375,1024,683,1.4993,3,JPEG,121.63,82.14,48.73,19.21,175.44,121.64,False
validation,ginger,Image_9.jpg,C:\Users\Computer\OneDrive\เดสก์ท็อป\imageprocessing-prj\data\validation\ginger\Image_9.jpg,7767.8232421875,6000,4000,1.5,3,JPEG,226.49,147.56,14.12,18.08,237.96,226.49,False
validation,grapes,Image_1.jpg,C:\Users\Computer\OneDrive\เดสก์ท็อป\imageprocessing-prj\data\validation\grapes\Image_1.jpg,392.091796875,999,694,1.4395,3,JPEG,201.54,190.74,177.41,50.36,57.67,204.3,False
validation,grapes,Image_10.jpg,C:\Users\Computer\OneDrive\เดสก์ท็อป\imageprocessing-prj\data\validation\grapes\Image_10.jpg,191.30859375,1600,1200,1.3333,3,JPEG,79.03,87.97,69.35,71.83,109.55,96.79,False
validation,grapes,Image_2.jpg,C:\Users\Computer\OneDrive\เดสก์ท็อป\imageprocessing-prj\data\validation\grapes\Image_2.jpg,177.955078125,1400,1000,1.4,3,JPEG,146.83,134.7,95.95,54.43,114.23,159.26,False
validation,grapes,Image_3.jpg,C:\Users\Computer\OneDrive\เดสก์ท็อป\imageprocessing-prj\data\validation\grapes\Image_3.jpg,209.9375,1060,1600,0.6625,3,JPEG,137.52,130.1,117.18,56.78,71.91,147.5,False
validation,grapes,Image_4.jpg,C:\Users\Computer\OneDrive\เดสก์ท็อป\imageprocessing-prj\data\validation\grapes\Image_4.jpg,273.083984375,1200,1049,1.1439,3,JPEG,99.99,96.2,80.06,71.87,92.18,111.75,False
validation,grapes,Image_6.jpg,C:\Users\Computer\OneDrive\เดสก์ท็อป\imageprocessing-prj\data\validation\grapes\Image_6.jpg,453.5888671875,1200,799,1.5019,3,JPEG,211.9,186.15,186.86,55.79,54.2,211.94,False
validation,grapes,Image_7.JPG,C:\Users\Computer\OneDrive\เดสก์ท็อป\imageprocessing-prj\data\validation\grapes\Image_7.JPG,447.9677734375,1600,1200,1.3333,3,JPEG,98.32,99.03,91.29,90.06,98.06,115.75,False
validation,grapes,Image_8.jpg,C:\Users\Computer\OneDrive\เดสก์ท็อป\imageprocessing-prj\data\validation\grapes\Image_8.jpg,16.646484375,300,300,1.0,3,JPEG,87.47,119.89,69.81,68.3,119.67,123.15,False
validation,grapes,Image_9.jpg,C:\Users\Computer\OneDrive\เดสก์ท็อป\imageprocessing-prj\data\validation\grapes\Image_9.jpg,269.115234375,1600,1200,1.3333,3,JPEG,144.67,103.86,96.12,109.85,133.49,149.5,False
validation,jalepeno,Image_10.jpg,C:\Users\Computer\OneDrive\เดสก์ท็อป\imageprocessing-prj\data\validation\jalepeno\Image_10.jpg,68.6904296875,1200,1200,1.0,3,JPEG,186.25,189.79,178.33,19.6,35.76,189.86,False
validation,jalepeno,Image_2.jpg,C:\Users\Computer\OneDrive\เดสก์ท็อป\imageprocessing-prj\data\validation\jalepeno\Image_2.jpg,167.6552734375,1240,1548,0.801,3,JPEG,126.28,128.99,110.99,73.64,86.07,137.98,False
validation,jalepeno,Image_3.jpg,C:\Users\Computer\OneDrive\เดสก์ท็อป\imageprocessing-prj\data\validation\jalepeno\Image_3.jpg,132.849609375,1024,1120,0.9143,3,JPEG,119.0,138.61,88.44,44.78,124.47,147.76,False
validation,jalepeno,Image_4.jpg,C:\Users\Computer\OneDrive\เดสก์ท็อป\imageprocessing-prj\data\validation\jalepeno\Image_4.jpg,638.3359375,2816,1877,1.5003,3,JPEG,232.24,234.86,225.59,6.7,20.82,235.26,False
validation,jalepeno,Image_5.jpg,C:\Users\Computer\OneDrive\เดสก์ท็อป\imageprocessing-prj\data\validation\jalepeno\Image_5.jpg,214.5068359375,1422,800,1.7775,3,JPEG,82.05,112.27,42.64,43.44,171.7,112.57,False
validation,jalepeno,Image_6.jpg,C:\Users\Computer\OneDrive\เดสก์ท็อป\imageprocessing-prj\data\validation\jalepeno\Image_6.jpg,199.7734375,1084,720,1.5056,3,JPEG,234.13,235.78,229.02,6.79,14.88,235.91,False
validation,jalepeno,Image_7.jpg,C:\Users\Computer\OneDrive\เดสก์ท็อป\imageprocessing-prj\data\validation\jalepeno\Image_7.jpg,1146.9755859375,2592,1944,1.3333,3,JPEG,64.37,103.38,23.1,45.51,217.43,103.46,False
validation,jalepeno,Image_8.jpg,C:\Users\Computer\OneDrive\เดสก์ท็อป\imageprocessing-prj\data\validation\jalepeno\Image_8.jpg,167.66796875,3262,3262,1.0,3,JPEG,222.79,227.14,220.96,9.6,17.98,227.14,False
validation,jalepeno,Image_9.jpg,C:\Users\Computer\OneDrive\เดสก์ท็อป\imageprocessing-prj\data\validation\jalepeno\Image_9.jpg,196.501953125,1024,1240,0.8258,3,JPEG,97.67,103.69,60.05,44.04,153.8,122.37,False
validation,kiwi,Image_1.jpg,C:\Users\Computer\OneDrive\เดสก์ท็อป\imageprocessing-prj\data\validation\kiwi\Image_1.jpg,243.14453125,1000,1000,1.0,3,JPEG,239.59,239.16,223.98,5.55,27.39,242.75,False
validation,kiwi,Image_10.jpg,C:\Users\Computer\OneDrive\เดสก์ท็อป\imageprocessing-prj\data\validation\kiwi\Image_10.jpg,25.0810546875,620,330,1.8788,3,JPEG,207.28,206.74,160.27,19.22,75.87,212.78,False
validation,kiwi,Image_2.jpg,C:\Users\Computer\OneDrive\เดสก์ท็อป\imageprocessing-prj\data\validation\kiwi\Image_2.jpg,807.6923828125,1920,1280,1.5,3,JPEG,118.67,135.15,57.41,38.02,158.66,139.26,False
validation,kiwi,Image_3.jpg,C:\Users\Computer\OneDrive\เดสก์ท็อป\imageprocessing-prj\data\validation\kiwi\Image_3.jpg,168.3701171875,1200,628,1.9108,3,JPEG,103.02,103.22,78.2,66.8,92.1,116.26,False
validation,kiwi,Image_4.jpg,C:\Users\Computer\OneDrive\เดสก์ท็อป\imageprocessing-prj\data\validation\kiwi\Image_4.jpg,596.185546875,1000,1000,1.0,3,JPEG,211.27,209.3,167.61,15.6,68.7,216.76,False
validation,kiwi,Image_5.jpg,C:\Users\Computer\OneDrive\เดสก์ท็อป\imageprocessing-prj\data\validation\kiwi\Image_5.jpg,55.9013671875,600,400,1.5,3,JPEG,194.78,204.32,150.9,28.47,82.32,208.4,False
validation,kiwi,Image_6.jpg,C:\Users\Computer\OneDrive\เดสก์ท็อป\imageprocessing-prj\data\validation\kiwi\Image_6.jpg,143.703125,1280,848,1.5094,3,JPEG,201.48,206.8,157.87,15.95,93.3,207.55,False
validation,kiwi,Image_7.jpg,C:\Users\Computer\OneDrive\เดสก์ท็อป\imageprocessing-prj\data\validation\kiwi\Image_7.jpg,182.537109375,620,345,1.7971,3,JPEG,171.25,177.19,109.79,32.55,124.24,188.56,False
validation,kiwi,Image_8.jpg,C:\Users\Computer\OneDrive\เดสก์ท็อป\imageprocessing-prj\data\validation\kiwi\Image_8.jpg,66.896484375,850,679,1.2518,3,JPEG,198.05,196.1,174.59,35.1,48.41,203.27,False
validation,kiwi,Image_9.jpg,C:\Users\Computer\OneDrive\เดสก์ท็อป\imageprocessing-prj\data\validation\kiwi\Image_9.jpg,189.873046875,1280,835,1.5329,3,JPEG,201.5,195.97,155.4,17.39,76.07,205.46,False
validation,lemon,Image_1.png,C:\Users\Computer\OneDrive\เดสก์ท็อป\imageprocessing-prj\data\validation\lemon\Image_1.png,573.8466796875,808,730,1.1068,3,PNG,244.82,223.61,142.24,15.85,110.01,244.82,False
validation,lemon,Image_10.jpg,C:\Users\Computer\OneDrive\เดสก์ท็อป\imageprocessing-prj\data\validation\lemon\Image_10.jpg,4510.341796875,2678,4027,0.665,3,JPEG,134.64,128.81,96.89,74.0,81.37,144.62,False
validation,lemon,Image_2.jpg,C:\Users\Computer\OneDrive\เดสก์ท็อป\imageprocessing-prj\data\validation\lemon\Image_2.jpg,56.6357421875,700,544,1.2868,3,JPEG,252.18,230.62,144.5,16.15,109.68,252.23,False
validation,lemon,Image_3.jpg,C:\Users\Computer\OneDrive\เดสก์ท็อป\imageprocessing-prj\data\validation\lemon\Image_3.jpg,142.0107421875,1024,681,1.5037,3,JPEG,193.16,168.0,107.09,25.86,114.06,193.65,False
validation,lemon,Image_4.jpg,C:\Users\Computer\OneDrive\เดสก์ท็อป\imageprocessing-prj\data\validation\lemon\Image_4.jpg,144.990234375,1000,1000,1.0,3,JPEG,169.0,162.84,85.41,29.52,144.06,178.08,False
validation,lemon,Image_5.jpg,C:\Users\Computer\OneDrive\เดสก์ท็อป\imageprocessing-prj\data\validation\lemon\Image_5.jpg,79.0849609375,700,700,1.0,3,JPEG,183.51,163.51,55.98,28.14,178.49,187.66,False
validation,lemon,Image_6.png,C:\Users\Computer\OneDrive\เดสก์ท็อป\imageprocessing-prj\data\validation\lemon\Image_6.png,994.18359375,1316,878,1.4989,3,PNG,89.21,83.43,29.1,12.84,75.86,93.85,False
validation,lemon,Image_7.jpg,C:\Users\Computer\OneDrive\เดสก์ท็อป\imageprocessing-prj\data\validation\lemon\Image_7.jpg,356.59765625,1000,1000,1.0,3,JPEG,238.83,228.5,167.34,14.19,86.53,242.08,False
validation,lemon,Image_8.jpg,C:\Users\Computer\OneDrive\เดสก์ท็อป\imageprocessing-prj\data\validation\lemon\Image_8.jpg,1584.328125,2304,3456,0.6667,3,JPEG,254.78,228.85,155.88,10.67,99.08,254.78,False
validation,lemon,Image_9.png,C:\Users\Computer\OneDrive\เดสก์ท็อป\imageprocessing-prj\data\validation\lemon\Image_9.png,6301.84375,3600,2282,1.5776,3,PNG,217.33,205.53,112.69,19.64,138.03,224.76,False
validation,lettuce,Image_1.jpg,C:\Users\Computer\OneDrive\เดสก์ท็อป\imageprocessing-prj\data\validation\lettuce\Image_1.jpg,881.072265625,1632,1224,1.3333,3,JPEG,97.81,140.35,77.44,51.75,134.9,140.39,False
validation,lettuce,Image_10.jpg,C:\Users\Computer\OneDrive\เดสก์ท็อป\imageprocessing-prj\data\validation\lettuce\Image_10.jpg,348.3515625,1600,1065,1.5023,3,JPEG,77.78,161.72,29.26,50.71,211.82,161.73,False
validation,lettuce,Image_2.jpg,C:\Users\Computer\OneDrive\เดสก์ท็อป\imageprocessing-prj\data\validation\lettuce\Image_2.jpg,2182.234375,2448,3264,0.75,3,JPEG,121.89,155.75,68.59,42.93,155.9,156.77,False
validation,lettuce,Image_3.jpg,C:\Users\Computer\OneDrive\เดสก์ท็อป\imageprocessing-prj\data\validation\lettuce\Image_3.jpg,118.1298828125,1600,1207,1.3256,3,JPEG,158.65,193.45,131.08,27.65,116.11,193.46,False
validation,lettuce,Image_4.jpg,C:\Users\Computer\OneDrive\เดสก์ท็อป\imageprocessing-prj\data\validation\lettuce\Image_4.jpg,1407.5537109375,2420,1644,1.472,3,JPEG,129.93,168.17,85.26,46.49,138.21,169.33,False
validation,lettuce,Image_6.jpg,C:\Users\Computer\OneDrive\เดสก์ท็อป\imageprocessing-prj\data\validation\lettuce\Image_6.jpg,538.888671875,2005,1335,1.5019,3,JPEG,100.64,143.72,49.23,44.19,181.13,143.72,False
validation,lettuce,Image_7.jpg,C:\Users\Computer\OneDrive\เดสก์ท็อป\imageprocessing-prj\data\validation\lettuce\Image_7.jpg,77.1123046875,1024,1024,1.0,3,JPEG,148.5,156.48,79.82,30.07,150.4,164.48,False
validation,lettuce,Image_8.jpg,C:\Users\Computer\OneDrive\เดสก์ท็อป\imageprocessing-prj\data\validation\lettuce\Image_8.jpg,742.1064453125,1208,825,1.4642,3,JPEG,118.56,151.84,70.27,46.62,121.61,152.99,False
validation,lettuce,Image_9.jpg,C:\Users\Computer\OneDrive\เดสก์ท็อป\imageprocessing-prj\data\validation\lettuce\Image_9.jpg,403.052734375,1025,780,1.3141,3,JPEG,104.55,148.25,26.99,43.23,216.78,148.84,False
validation,mango,Image_1.jpg,C:\Users\Computer\OneDrive\เดสก์ท็อป\imageprocessing-prj\data\validation\mango\Image_1.jpg,248.375,1200,1200,1.0,3,JPEG,89.4,104.5,36.67,40.28,192.8,122.1,False
validation,mango,Image_10.jpg,C:\Users\Computer\OneDrive\เดสก์ท็อป\imageprocessing-prj\data\validation\mango\Image_10.jpg,140.400390625,558,600,0.93,3,JPEG,246.85,225.74,196.05,12.68,57.43,247.64,False
validation,mango,Image_2.jpg,C:\Users\Computer\OneDrive\เดสก์ท็อป\imageprocessing-prj\data\validation\mango\Image_2.jpg,212.5830078125,1500,1250,1.2,3,JPEG,152.81,126.75,69.62,43.86,159.33,159.98,False
validation,mango,Image_3.jpg,C:\Users\Computer\OneDrive\เดสก์ท็อป\imageprocessing-prj\data\validation\mango\Image_3.jpg,202.716796875,800,599,1.3356,3,JPEG,177.01,144.23,90.81,27.24,133.81,181.3,False
validation,mango,Image_4.jpg,C:\Users\Computer\OneDrive\เดสก์ท็อป\imageprocessing-prj\data\validation\mango\Image_4.jpg,154.7880859375,1600,1071,1.4939,3,JPEG,210.62,155.45,39.03,20.7,207.44,211.07,False
validation,mango,Image_5.jpg,C:\Users\Computer\OneDrive\เดสก์ท็อป\imageprocessing-prj\data\validation\mango\Image_5.jpg,2853.943359375,5184,3456,1.5,3,JPEG,198.54,187.21,155.35,51.9,65.95,200.27,False
validation,mango,Image_6.jpg,C:\Users\Computer\OneDrive\เดสก์ท็อป\imageprocessing-prj\data\validation\mango\Image_6.jpg,269.9423828125,3648,2736,1.3333,3,JPEG,172.93,107.87,33.08,18.14,197.07,174.12,False
validation,mango,Image_7.jpg,C:\Users\Computer\OneDrive\เดสก์ท็อป\imageprocessing-prj\data\validation\mango\Image_7.jpg,106.40625,1090,1100,0.9909,3,JPEG,233.74,204.83,151.17,11.41,99.26,234.83,False
validation,mango,Image_8.jpg,C:\Users\Computer\OneDrive\เดสก์ท็อป\imageprocessing-prj\data\validation\mango\Image_8.jpg,109.25390625,800,800,1.0,3,JPEG,232.16,202.71,186.32,17.61,61.17,233.66,False
validation,mango,Image_9.jpg,C:\Users\Computer\OneDrive\เดสก์ท็อป\imageprocessing-prj\data\validation\mango\Image_9.jpg,38.1982421875,600,600,1.0,3,JPEG,249.9,230.28,169.76,13.78,84.01,249.93,False
validation,onion,Image_1.jpg,C:\Users\Computer\OneDrive\เดสก์ท็อป\imageprocessing-prj\data\validation\onion\Image_1.jpg,376.1748046875,1648,1153,1.4293,3,JPEG,240.82,213.54,192.28,8.14,56.01,240.83,False
validation,onion,Image_10.jpg,C:\Users\Computer\OneDrive\เดสก์ท็อป\imageprocessing-prj\data\validation\onion\Image_10.jpg,376.1748046875,1648,1153,1.4293,3,JPEG,240.82,213.54,192.28,8.14,56.01,240.83,False
validation,onion,Image_2.jpg,C:\Users\Computer\OneDrive\เดสก์ท็อป\imageprocessing-prj\data\validation\onion\Image_2.jpg,629.013671875,2122,1415,1.4996,3,JPEG,227.86,207.46,188.28,10.83,52.83,228.55,False
validation,onion,Image_3.jpg,C:\Users\Computer\OneDrive\เดสก์ท็อป\imageprocessing-prj\data\validation\onion\Image_3.jpg,49.24609375,1024,768,1.3333,3,JPEG,94.0,51.09,47.36,69.66,125.33,94.1,False
validation,onion,Image_4.jpg,C:\Users\Computer\OneDrive\เดสก์ท็อป\imageprocessing-prj\data\validation\onion\Image_4.jpg,369.2333984375,2300,1533,1.5003,3,JPEG,152.34,122.58,101.89,15.46,98.9,152.34,False
validation,onion,Image_5.jpg,C:\Users\Computer\OneDrive\เดสก์ท็อป\imageprocessing-prj\data\validation\onion\Image_5.jpg,37.5947265625,1000,667,1.4993,3,JPEG,218.88,192.64,198.21,71.52,44.72,218.9,False
validation,onion,Image_6.jpg,C:\Users\Computer\OneDrive\เดสก์ท็อป\imageprocessing-prj\data\validation\onion\Image_6.jpg,115.92578125,1612,1012,1.5929,3,JPEG,243.82,223.47,217.07,21.71,33.24,244.53,False
validation,onion,Image_7.png,C:\Users\Computer\OneDrive\เดสก์ท็อป\imageprocessing-prj\data\validation\onion\Image_7.png,1638.9580078125,1029,1109,0.9279,3,PNG,223.49,173.14,133.92,10.36,111.3,223.5,False
validation,onion,Image_8.jpg,C:\Users\Computer\OneDrive\เดสก์ท็อป\imageprocessing-prj\data\validation\onion\Image_8.jpg,219.599609375,1581,1239,1.276,3,JPEG,126.5,77.74,64.11,91.73,163.52,129.07,False
validation,onion,Image_9.jpg,C:\Users\Computer\OneDrive\เดสก์ท็อป\imageprocessing-prj\data\validation\onion\Image_9.jpg,296.5244140625,1500,1125,1.3333,3,JPEG,168.23,136.73,103.14,25.92,116.07,169.7,False
validation,orange,Image_1.png,C:\Users\Computer\OneDrive\เดสก์ท็อป\imageprocessing-prj\data\validation\orange\Image_1.png,1564.16015625,1173,1200,0.9775,3,PNG,174.91,128.64,46.6,13.17,130.75,174.91,False
validation,orange,Image_10.png,C:\Users\Computer\OneDrive\เดสก์ท็อป\imageprocessing-prj\data\validation\orange\Image_10.png,1564.16015625,1173,1200,0.9775,3,PNG,174.91,128.64,46.6,13.17,130.75,174.91,False
validation,orange,Image_2.jpg,C:\Users\Computer\OneDrive\เดสก์ท็อป\imageprocessing-prj\data\validation\orange\Image_2.jpg,70.552734375,1280,719,1.7803,3,JPEG,195.11,135.85,42.64,19.56,198.38,196.09,False
validation,orange,Image_3.jpg,C:\Users\Computer\OneDrive\เดสก์ท็อป\imageprocessing-prj\data\validation\orange\Image_3.jpg,220.0244140625,1920,1080,1.7778,3,JPEG,252.27,214.81,164.3,8.88,90.37,252.3,False
validation,orange,Image_4.jpg,C:\Users\Computer\OneDrive\เดสก์ท็อป\imageprocessing-prj\data\validation\orange\Image_4.jpg,830.98046875,3008,2000,1.504,3,JPEG,245.91,226.28,179.42,21.93,66.95,245.92,False
validation,orange,Image_5.jpg,C:\Users\Computer\OneDrive\เดสก์ท็อป\imageprocessing-prj\data\validation\orange\Image_5.jpg,797.2841796875,1024,1024,1.0,3,JPEG,250.87,169.92,40.17,18.62,214.52,250.87,False
validation,orange,Image_6.jpg,C:\Users\Computer\OneDrive\เดสก์ท็อป\imageprocessing-prj\data\validation\orange\Image_6.jpg,655.4599609375,5456,3632,1.5022,3,JPEG,190.18,148.39,61.27,27.32,173.3,192.17,False
validation,orange,Image_7.jpg,C:\Users\Computer\OneDrive\เดสก์ท็อป\imageprocessing-prj\data\validation\orange\Image_7.jpg,4311.904296875,3485,2548,1.3677,3,JPEG,248.81,225.66,161.03,13.11,92.97,250.62,False
validation,orange,Image_9.jpg,C:\Users\Computer\OneDrive\เดสก์ท็อป\imageprocessing-prj\data\validation\orange\Image_9.jpg,434.6689453125,2027,1812,1.1187,3,JPEG,190.76,159.92,74.23,26.92,147.14,191.41,False
validation,paprika,Image_1.jpg,C:\Users\Computer\OneDrive\เดสก์ท็อป\imageprocessing-prj\data\validation\paprika\Image_1.jpg,293.119140625,1200,979,1.2257,3,JPEG,206.59,151.75,123.4,22.68,115.75,207.66,False
validation,paprika,Image_10.jpg,C:\Users\Computer\OneDrive\เดสก์ท็อป\imageprocessing-prj\data\validation\paprika\Image_10.jpg,293.119140625,1200,979,1.2257,3,JPEG,206.59,151.75,123.4,22.68,115.75,207.66,False
validation,paprika,Image_2.jpg,C:\Users\Computer\OneDrive\เดสก์ท็อป\imageprocessing-prj\data\validation\paprika\Image_2.jpg,83.587890625,960,540,1.7778,3,JPEG,223.99,174.5,164.92,6.8,84.92,224.22,False
validation,paprika,Image_3.jpg,C:\Users\Computer\OneDrive\เดสก์ท็อป\imageprocessing-prj\data\validation\paprika\Image_3.jpg,113.3515625,1200,1800,0.6667,3,JPEG,182.03,74.63,26.57,17.61,217.98,182.06,False
validation,paprika,Image_4.jpg,C:\Users\Computer\OneDrive\เดสก์ท็อป\imageprocessing-prj\data\validation\paprika\Image_4.jpg,80.6630859375,849,564,1.5053,3,JPEG,107.84,117.26,58.39,51.94,175.4,147.16,False
validation,paprika,Image_5.jpg,C:\Users\Computer\OneDrive\เดสก์ท็อป\imageprocessing-prj\data\validation\paprika\Image_5.jpg,41.6240234375,720,810,0.8889,3,JPEG,170.52,88.44,79.1,45.96,141.46,171.13,False
validation,paprika,Image_6.jpg,C:\Users\Computer\OneDrive\เดสก์ท็อป\imageprocessing-prj\data\validation\paprika\Image_6.jpg,77.3701171875,1092,603,1.8109,3,JPEG,118.11,91.94,66.24,34.74,120.71,127.35,False
validation,paprika,Image_7.jpg,C:\Users\Computer\OneDrive\เดสก์ท็อป\imageprocessing-prj\data\validation\paprika\Image_7.jpg,99.5380859375,1200,1800,0.6667,3,JPEG,163.28,70.4,24.02,21.62,212.44,163.28,False
validation,paprika,Image_8.jpg,C:\Users\Computer\OneDrive\เดสก์ท็อป\imageprocessing-prj\data\validation\paprika\Image_8.jpg,89.6845703125,1200,1800,0.6667,3,JPEG,158.39,45.32,27.55,18.18,218.03,159.04,False
validation,paprika,Image_9.jpg,C:\Users\Computer\OneDrive\เดสก์ท็อป\imageprocessing-prj\data\validation\paprika\Image_9.jpg,1280.2119140625,2646,3909,0.6769,3,JPEG,121.28,154.79,86.38,47.33,134.83,168.82,False
validation,pear,Image_1.jpg,C:\Users\Computer\OneDrive\เดสก์ท็อป\imageprocessing-prj\data\validation\pear\Image_1.jpg,168.8818359375,1000,999,1.001,3,JPEG,95.71,102.83,38.51,33.83,178.91,105.52,False
validation,pear,Image_10.jpg,C:\Users\Computer\OneDrive\เดสก์ท็อป\imageprocessing-prj\data\validation\pear\Image_10.jpg,330.99609375,1000,867,1.1534,3,JPEG,234.24,233.13,196.54,11.94,52.84,235.07,False
validation,pear,Image_2.jpg,C:\Users\Computer\OneDrive\เดสก์ท็อป\imageprocessing-prj\data\validation\pear\Image_2.jpg,76.1923828125,821,1024,0.8018,3,JPEG,104.8,108.41,60.32,46.34,115.82,118.13,False
validation,pear,Image_3.jpg,C:\Users\Computer\OneDrive\เดสก์ท็อป\imageprocessing-prj\data\validation\pear\Image_3.jpg,330.99609375,1000,867,1.1534,3,JPEG,234.24,233.13,196.54,11.94,52.84,235.07,False
validation,pear,Image_4.jpg,C:\Users\Computer\OneDrive\เดสก์ท็อป\imageprocessing-prj\data\validation\pear\Image_4.jpg,344.0419921875,1326,1151,1.152,3,JPEG,227.29,230.82,204.87,8.24,41.5,231.13,False
validation,pear,Image_5.jpg,C:\Users\Computer\OneDrive\เดสก์ท็อป\imageprocessing-prj\data\validation\pear\Image_5.jpg,2314.7587890625,3750,2500,1.5,3,JPEG,226.15,226.7,206.82,8.97,36.89,228.06,False
validation,pear,Image_6.jpg,C:\Users\Computer\OneDrive\เดสก์ท็อป\imageprocessing-prj\data\validation\pear\Image_6.jpg,108.634765625,800,1066,0.7505,3,JPEG,107.11,113.8,53.37,35.4,147.81,115.91,False
validation,pear,Image_7.jpg,C:\Users\Computer\OneDrive\เดสก์ท็อป\imageprocessing-prj\data\validation\pear\Image_7.jpg,16.791015625,450,480,0.9375,3,JPEG,238.14,237.14,204.24,13.52,42.97,238.26,False
validation,pear,Image_8.jpg,C:\Users\Computer\OneDrive\เดสก์ท็อป\imageprocessing-prj\data\validation\pear\Image_8.jpg,76.1923828125,821,1024,0.8018,3,JPEG,104.8,108.41,60.32,46.34,115.82,118.13,False
validation,pear,Image_9.jpg,C:\Users\Computer\OneDrive\เดสก์ท็อป\imageprocessing-prj\data\validation\pear\Image_9.jpg,168.8818359375,1000,999,1.001,3,JPEG,95.71,102.83,38.51,33.83,178.91,105.52,False
validation,peas,Image_1.jpg,C:\Users\Computer\OneDrive\เดสก์ท็อป\imageprocessing-prj\data\validation\peas\Image_1.jpg,208.9599609375,1024,768,1.3333,3,JPEG,102.97,139.48,27.88,42.6,219.94,139.57,False
validation,peas,Image_10.jpg,C:\Users\Computer\OneDrive\เดสก์ท็อป\imageprocessing-prj\data\validation\peas\Image_10.jpg,3041.857421875,4200,2800,1.5,3,JPEG,98.62,169.68,60.0,50.44,177.06,169.69,False
validation,peas,Image_2.jpg,C:\Users\Computer\OneDrive\เดสก์ท็อป\imageprocessing-prj\data\validation\peas\Image_2.jpg,2319.259765625,3888,2592,1.5,3,JPEG,90.75,93.45,54.7,28.8,128.51,99.31,False
validation,peas,Image_3.jpg,C:\Users\Computer\OneDrive\เดสก์ท็อป\imageprocessing-prj\data\validation\peas\Image_3.jpg,59.6630859375,850,565,1.5044,3,JPEG,180.22,191.5,130.02,33.1,110.25,191.99,False
validation,peas,Image_4.jpg,C:\Users\Computer\OneDrive\เดสก์ท็อป\imageprocessing-prj\data\validation\peas\Image_4.jpg,99.4873046875,1024,1024,1.0,3,JPEG,100.13,121.97,56.18,54.13,146.82,123.08,False
validation,peas,Image_5.jpg,C:\Users\Computer\OneDrive\เดสก์ท็อป\imageprocessing-prj\data\validation\peas\Image_5.jpg,2939.1962890625,4200,2800,1.5,3,JPEG,88.62,162.09,61.65,53.48,177.69,162.09,False
validation,peas,Image_6.png,C:\Users\Computer\OneDrive\เดสก์ท็อป\imageprocessing-prj\data\validation\peas\Image_6.png,1102.1904296875,1000,750,1.3333,3,PNG,79.73,163.52,55.27,55.81,177.52,163.61,False
validation,peas,Image_7.jpg,C:\Users\Computer\OneDrive\เดสก์ท็อป\imageprocessing-prj\data\validation\peas\Image_7.jpg,1999.462890625,3888,2592,1.5,3,JPEG,109.48,106.63,74.03,24.95,114.59,115.82,False
validation,peas,Image_8.jpg,C:\Users\Computer\OneDrive\เดสก์ท็อป\imageprocessing-prj\data\validation\peas\Image_8.jpg,869.6455078125,1936,1288,1.5031,3,JPEG,130.85,156.7,93.94,54.14,138.05,157.4,False
validation,peas,Image_9.jpg,C:\Users\Computer\OneDrive\เดสก์ท็อป\imageprocessing-prj\data\validation\peas\Image_9.jpg,96.0625,1040,1300,0.8,3,JPEG,179.23,195.52,171.31,51.16,49.07,197.94,False
validation,pineapple,Image_1.jpg,C:\Users\Computer\OneDrive\เดสก์ท็อป\imageprocessing-prj\data\validation\pineapple\Image_1.jpg,85.7880859375,975,2048,0.4761,3,JPEG,153.12,144.2,130.92,32.12,77.27,154.96,False
validation,pineapple,Image_10.jpg,C:\Users\Computer\OneDrive\เดสก์ท็อป\imageprocessing-prj\data\validation\pineapple\Image_10.jpg,343.546875,1600,1061,1.508,3,JPEG,118.74,123.48,90.11,37.57,94.95,126.93,False
validation,pineapple,Image_2.jpg,C:\Users\Computer\OneDrive\เดสก์ท็อป\imageprocessing-prj\data\validation\pineapple\Image_2.jpg,231.923828125,1800,1200,1.5,3,JPEG,169.89,182.59,125.68,41.85,92.22,187.92,False
validation,pineapple,Image_3.jpg,C:\Users\Computer\OneDrive\เดสก์ท็อป\imageprocessing-prj\data\validation\pineapple\Image_3.jpg,1633.404296875,5703,3802,1.5,3,JPEG,136.65,127.38,94.45,29.46,99.99,140.43,False
validation,pineapple,Image_4.jpg,C:\Users\Computer\OneDrive\เดสก์ท็อป\imageprocessing-prj\data\validation\pineapple\Image_4.jpg,690.6943359375,1275,1800,0.7083,3,JPEG,142.73,149.17,124.2,51.2,81.15,161.63,False
validation,pineapple,Image_5.jpg,C:\Users\Computer\OneDrive\เดสก์ท็อป\imageprocessing-prj\data\validation\pineapple\Image_5.jpg,145.8623046875,1200,1740,0.6897,3,JPEG,216.64,207.33,195.2,9.17,41.56,217.38,False
validation,pineapple,Image_6.jpg,C:\Users\Computer\OneDrive\เดสก์ท็อป\imageprocessing-prj\data\validation\pineapple\Image_6.jpg,1237.205078125,1200,1800,0.6667,3,JPEG,173.45,160.0,139.05,50.28,76.9,175.73,False
validation,pineapple,Image_7.jpg,C:\Users\Computer\OneDrive\เดสก์ท็อป\imageprocessing-prj\data\validation\pineapple\Image_7.jpg,104.1884765625,1000,1000,1.0,3,JPEG,218.35,215.12,194.01,13.98,47.35,219.52,False
validation,pineapple,Image_8.jpg,C:\Users\Computer\OneDrive\เดสก์ท็อป\imageprocessing-prj\data\validation\pineapple\Image_8.jpg,7861.681640625,4756,5945,0.8,3,JPEG,224.0,224.63,204.61,14.31,39.75,230.41,False
validation,pineapple,Image_9.jpg,C:\Users\Computer\OneDrive\เดสก์ท็อป\imageprocessing-prj\data\validation\pineapple\Image_9.jpg,66.955078125,700,1050,0.6667,3,JPEG,211.5,210.25,197.38,12.09,38.95,213.14,False
validation,pomegranate,Image_1.jpg,C:\Users\Computer\OneDrive\เดสก์ท็อป\imageprocessing-prj\data\validation\pomegranate\Image_1.jpg,482.474609375,2000,1570,1.2739,3,JPEG,218.58,161.32,165.47,89.12,85.47,219.78,False
validation,pomegranate,Image_10.jpg,C:\Users\Computer\OneDrive\เดสก์ท็อป\imageprocessing-prj\data\validation\pomegranate\Image_10.jpg,482.474609375,2000,1570,1.2739,3,JPEG,218.58,161.32,165.47,89.12,85.47,219.78,False
validation,pomegranate,Image_2.jpg,C:\Users\Computer\OneDrive\เดสก์ท็อป\imageprocessing-prj\data\validation\pomegranate\Image_2.jpg,1513.0205078125,2808,1872,1.5,3,JPEG,213.85,186.88,186.81,44.86,56.46,213.85,False
validation,pomegranate,Image_3.jpg,C:\Users\Computer\OneDrive\เดสก์ท็อป\imageprocessing-prj\data\validation\pomegranate\Image_3.jpg,132.939453125,1000,791,1.2642,3,JPEG,206.29,149.09,150.07,93.68,95.81,209.18,False
validation,pomegranate,Image_4.jpg,C:\Users\Computer\OneDrive\เดสก์ท็อป\imageprocessing-prj\data\validation\pomegranate\Image_4.jpg,197.90625,1920,1074,1.7877,3,JPEG,102.41,95.93,54.81,49.09,192.36,130.67,False
validation,pomegranate,Image_5.jpg,C:\Users\Computer\OneDrive\เดสก์ท็อป\imageprocessing-prj\data\validation\pomegranate\Image_5.jpg,106.5791015625,1000,809,1.2361,3,JPEG,212.51,152.91,154.29,90.43,96.61,214.78,False
validation,pomegranate,Image_6.jpg,C:\Users\Computer\OneDrive\เดสก์ท็อป\imageprocessing-prj\data\validation\pomegranate\Image_6.jpg,297.177734375,1800,1111,1.6202,3,JPEG,218.71,175.57,178.4,53.12,73.32,218.93,False
validation,pomegranate,Image_7.jpg,C:\Users\Computer\OneDrive\เดสก์ท็อป\imageprocessing-prj\data\validation\pomegranate\Image_7.jpg,561.9794921875,4422,3038,1.4556,3,JPEG,230.29,200.1,201.78,42.38,46.83,230.32,False
validation,pomegranate,Image_8.jpg,C:\Users\Computer\OneDrive\เดสก์ท็อป\imageprocessing-prj\data\validation\pomegranate\Image_8.jpg,371.05078125,1024,1024,1.0,3,JPEG,131.2,82.68,76.74,31.69,121.56,131.2,False
validation,pomegranate,Image_9.jpg,C:\Users\Computer\OneDrive\เดสก์ท็อป\imageprocessing-prj\data\validation\pomegranate\Image_9.jpg,174.3837890625,1400,935,1.4973,3,JPEG,111.43,52.39,47.03,44.81,158.77,111.44,False
validation,potato,Image_1.jpg,C:\Users\Computer\OneDrive\เดสก์ท็อป\imageprocessing-prj\data\validation\potato\Image_1.jpg,140.7744140625,1200,801,1.4981,3,JPEG,222.2,202.63,147.92,19.17,89.58,222.2,False
validation,potato,Image_10.jpg,C:\Users\Computer\OneDrive\เดสก์ท็อป\imageprocessing-prj\data\validation\potato\Image_10.jpg,13.052734375,300,199,1.5075,3,JPEG,156.91,101.5,35.46,17.31,206.07,156.94,False
validation,potato,Image_2.jpg,C:\Users\Computer\OneDrive\เดสก์ท็อป\imageprocessing-prj\data\validation\potato\Image_2.jpg,61.3544921875,894,894,1.0,3,JPEG,180.33,135.64,177.82,102.37,102.01,199.89,False
validation,potato,Image_3.jpg,C:\Users\Computer\OneDrive\เดสก์ท็อป\imageprocessing-prj\data\validation\potato\Image_3.jpg,164.32421875,795,1024,0.7764,3,JPEG,115.38,89.47,53.48,22.38,155.18,115.39,False
validation,potato,Image_4.jpg,C:\Users\Computer\OneDrive\เดสก์ท็อป\imageprocessing-prj\data\validation\potato\Image_4.jpg,24.26171875,620,349,1.7765,3,JPEG,199.21,151.27,81.88,17.56,157.61,199.21,False
validation,potato,Image_5.JPG,C:\Users\Computer\OneDrive\เดสก์ท็อป\imageprocessing-prj\data\validation\potato\Image_5.JPG,72.353515625,1200,809,1.4833,3,JPEG,148.59,126.23,99.62,20.83,89.59,149.0,False
validation,potato,Image_6.jpg,C:\Users\Computer\OneDrive\เดสก์ท็อป\imageprocessing-prj\data\validation\potato\Image_6.jpg,59.619140625,876,493,1.7769,3,JPEG,184.99,127.27,91.47,14.57,138.1,184.99,False
validation,potato,Image_7.jpg,C:\Users\Computer\OneDrive\เดสก์ท็อป\imageprocessing-prj\data\validation\potato\Image_7.jpg,111.2421875,1280,720,1.7778,3,JPEG,174.18,117.86,9.84,19.67,237.53,174.2,False
validation,potato,Image_8.jpg,C:\Users\Computer\OneDrive\เดสก์ท็อป\imageprocessing-prj\data\validation\potato\Image_8.jpg,26.9931640625,550,550,1.0,3,JPEG,234.0,226.35,216.95,8.68,28.73,234.06,False
validation,potato,Image_9.jpg,C:\Users\Computer\OneDrive\เดสก์ท็อป\imageprocessing-prj\data\validation\potato\Image_9.jpg,132.0244140625,640,960,0.6667,3,JPEG,181.85,159.6,132.86,40.36,86.45,187.56,False
validation,raddish,Image_1.jpg,C:\Users\Computer\OneDrive\เดสก์ท็อป\imageprocessing-prj\data\validation\raddish\Image_1.jpg,120.51171875,1200,900,1.3333,3,JPEG,167.21,176.22,154.73,65.1,59.29,181.81,False
validation,raddish,Image_10.jpg,C:\Users\Computer\OneDrive\เดสก์ท็อป\imageprocessing-prj\data\validation\raddish\Image_10.jpg,120.51171875,1200,900,1.3333,3,JPEG,167.21,176.22,154.73,65.1,59.29,181.81,False
validation,raddish,Image_2.jpg,C:\Users\Computer\OneDrive\เดสก์ท็อป\imageprocessing-prj\data\validation\raddish\Image_2.jpg,12.4658203125,700,700,1.0,3,JPEG,228.7,229.73,218.43,10.02,28.75,232.3,False
validation,raddish,Image_3.jpg,C:\Users\Computer\OneDrive\เดสก์ท็อป\imageprocessing-prj\data\validation\raddish\Image_3.jpg,243.61328125,1018,960,1.0604,3,JPEG,191.08,185.5,152.81,25.26,74.01,196.45,False
validation,raddish,Image_4.jpg,C:\Users\Computer\OneDrive\เดสก์ท็อป\imageprocessing-prj\data\validation\raddish\Image_4.jpg,236.3212890625,957,1300,0.7362,3,JPEG,142.03,156.02,128.53,43.83,76.26,160.45,False
validation,raddish,Image_5.png,C:\Users\Computer\OneDrive\เดสก์ท็อป\imageprocessing-prj\data\validation\raddish\Image_5.png,153.2353515625,450,284,1.5845,3,PNG,183.19,176.52,144.14,39.21,94.16,196.73,False
validation,raddish,Image_6.jpg,C:\Users\Computer\OneDrive\เดสก์ท็อป\imageprocessing-prj\data\validation\raddish\Image_6.jpg,61.1689453125,500,500,1.0,3,JPEG,152.29,158.91,139.53,34.74,75.66,162.61,False
validation,raddish,Image_7.jpg,C:\Users\Computer\OneDrive\เดสก์ท็อป\imageprocessing-prj\data\validation\raddish\Image_7.jpg,119.279296875,800,800,1.0,3,JPEG,149.31,136.46,114.65,63.73,99.58,160.33,False
validation,raddish,Image_8.jpg,C:\Users\Computer\OneDrive\เดสก์ท็อป\imageprocessing-prj\data\validation\raddish\Image_8.jpg,224.90234375,800,800,1.0,3,JPEG,169.02,160.73,108.7,26.66,124.64,178.03,False
validation,soy beans,Image_1.jpg,C:\Users\Computer\OneDrive\เดสก์ท็อป\imageprocessing-prj\data\validation\soy beans\Image_1.jpg,105.1826171875,1000,667,1.4993,3,JPEG,170.87,127.35,75.59,16.2,149.6,170.95,False
validation,soy beans,Image_10.jpg,C:\Users\Computer\OneDrive\เดสก์ท็อป\imageprocessing-prj\data\validation\soy beans\Image_10.jpg,105.9453125,735,350,2.1,3,JPEG,84.01,94.37,53.02,41.73,159.5,105.23,False
validation,soy beans,Image_2.jpg,C:\Users\Computer\OneDrive\เดสก์ท็อป\imageprocessing-prj\data\validation\soy beans\Image_2.jpg,204.1435546875,1200,667,1.7991,3,JPEG,158.27,113.63,62.56,30.69,168.37,161.96,False
validation,soy beans,Image_3.jpg,C:\Users\Computer\OneDrive\เดสก์ท็อป\imageprocessing-prj\data\validation\soy beans\Image_3.jpg,195.556640625,900,600,1.5,3,JPEG,148.48,101.24,75.05,36.64,143.35,148.51,False
validation,soy beans,Image_4.jpg,C:\Users\Computer\OneDrive\เดสก์ท็อป\imageprocessing-prj\data\validation\soy beans\Image_4.jpg,43.677734375,1024,683,1.4993,3,JPEG,234.72,226.57,211.67,53.09,35.1,235.78,False
validation,soy beans,Image_5.jpg,C:\Users\Computer\OneDrive\เดสก์ท็อป\imageprocessing-prj\data\validation\soy beans\Image_5.jpg,2383.853515625,3264,2448,1.3333,3,JPEG,181.05,141.19,79.72,20.69,149.89,181.7,False
validation,soy beans,Image_6.jpg,C:\Users\Computer\OneDrive\เดสก์ท็อป\imageprocessing-prj\data\validation\soy beans\Image_6.jpg,274.2607421875,2560,2035,1.258,3,JPEG,225.04,203.13,184.57,11.58,56.48,225.05,False
validation,soy beans,Image_7.jpg,C:\Users\Computer\OneDrive\เดสก์ท็อป\imageprocessing-prj\data\validation\soy beans\Image_7.jpg,68.5341796875,700,525,1.3333,3,JPEG,191.14,136.35,106.29,11.07,127.67,191.14,False
validation,soy beans,Image_8.jpg,C:\Users\Computer\OneDrive\เดสก์ท็อป\imageprocessing-prj\data\validation\soy beans\Image_8.jpg,215.6474609375,1200,800,1.5,3,JPEG,161.16,125.08,79.55,20.05,129.49,161.19,False
validation,soy beans,Image_9.jpg,C:\Users\Computer\OneDrive\เดสก์ท็อป\imageprocessing-prj\data\validation\soy beans\Image_9.jpg,428.1630859375,1000,664,1.506,3,JPEG,226.25,207.49,183.79,11.78,59.05,226.27,False
validation,spinach,Image_1.jpg,C:\Users\Computer\OneDrive\เดสก์ท็อป\imageprocessing-prj\data\validation\spinach\Image_1.jpg,614.375,2500,1638,1.5263,3,JPEG,144.96,155.46,94.95,34.19,114.41,157.58,False
validation,spinach,Image_10.jpg,C:\Users\Computer\OneDrive\เดสก์ท็อป\imageprocessing-prj\data\validation\spinach\Image_10.jpg,240.6953125,900,900,1.0,3,JPEG,147.8,170.48,137.79,67.18,84.69,171.67,False
validation,spinach,Image_2.jpg,C:\Users\Computer\OneDrive\เดสก์ท็อป\imageprocessing-prj\data\validation\spinach\Image_2.jpg,105.7333984375,1200,628,1.9108,3,JPEG,176.53,180.4,134.53,26.6,96.06,194.51,False
validation,spinach,Image_3.jpg,C:\Users\Computer\OneDrive\เดสก์ท็อป\imageprocessing-prj\data\validation\spinach\Image_3.jpg,1155.93359375,1920,1280,1.5,3,JPEG,78.91,149.49,46.19,52.82,189.99,149.5,False
validation,spinach,Image_4.jpg,C:\Users\Computer\OneDrive\เดสก์ท็อป\imageprocessing-prj\data\validation\spinach\Image_4.jpg,1748.7841796875,1590,1590,1.0,3,JPEG,130.19,125.18,50.58,28.86,171.15,135.78,False
validation,spinach,Image_5.jpg,C:\Users\Computer\OneDrive\เดสก์ท็อป\imageprocessing-prj\data\validation\spinach\Image_5.jpg,1944.033203125,1793,1200,1.4942,3,JPEG,126.26,181.5,68.12,44.35,168.5,181.75,False
validation,spinach,Image_6.jpg,C:\Users\Computer\OneDrive\เดสก์ท็อป\imageprocessing-prj\data\validation\spinach\Image_6.jpg,586.6748046875,1208,803,1.5044,3,JPEG,85.22,100.34,53.44,33.56,134.55,106.43,False
validation,spinach,Image_7.jpg,C:\Users\Computer\OneDrive\เดสก์ท็อป\imageprocessing-prj\data\validation\spinach\Image_7.jpg,132.89453125,800,1000,0.8,3,JPEG,167.71,190.61,149.41,58.03,89.74,193.32,False
validation,spinach,Image_8.jpg,C:\Users\Computer\OneDrive\เดสก์ท็อป\imageprocessing-prj\data\validation\spinach\Image_8.jpg,354.9208984375,1200,1741,0.6893,3,JPEG,79.74,135.54,62.43,54.29,162.66,135.64,False
validation,spinach,Image_9.jpg,C:\Users\Computer\OneDrive\เดสก์ท็อป\imageprocessing-prj\data\validation\spinach\Image_9.jpg,2625.083984375,3781,2531,1.4939,3,JPEG,78.2,90.71,56.99,45.01,112.43,91.94,False
validation,sweetcorn,Image_1.jpg,C:\Users\Computer\OneDrive\เดสก์ท็อป\imageprocessing-prj\data\validation\sweetcorn\Image_1.jpg,144.6630859375,1000,1000,1.0,3,JPEG,216.4,212.62,145.2,20.33,100.05,225.71,False
validation,sweetcorn,Image_10.jpg,C:\Users\Computer\OneDrive\เดสก์ท็อป\imageprocessing-prj\data\validation\sweetcorn\Image_10.jpg,232.4794921875,720,720,1.0,3,JPEG,165.64,161.46,63.71,29.5,176.79,176.66,False
validation,sweetcorn,Image_2.jpg,C:\Users\Computer\OneDrive\เดสก์ท็อป\imageprocessing-prj\data\validation\sweetcorn\Image_2.jpg,49.7578125,1280,960,1.3333,3,JPEG,158.04,154.14,88.75,44.5,129.79,166.86,False
validation,sweetcorn,Image_3.jpg,C:\Users\Computer\OneDrive\เดสก์ท็อป\imageprocessing-prj\data\validation\sweetcorn\Image_3.jpg,102.5654296875,800,800,1.0,3,JPEG,157.29,145.88,52.12,33.86,175.36,171.73,False
validation,sweetcorn,Image_4.jpg,C:\Users\Computer\OneDrive\เดสก์ท็อป\imageprocessing-prj\data\validation\sweetcorn\Image_4.jpg,399.080078125,600,600,1.0,3,JPEG,184.49,149.27,62.12,26.79,157.94,186.97,False
validation,sweetcorn,Image_5.jpg,C:\Users\Computer\OneDrive\เดสก์ท็อป\imageprocessing-prj\data\validation\sweetcorn\Image_5.jpg,2263.59375,3504,2336,1.5,3,JPEG,215.02,184.74,95.91,22.94,143.62,215.06,False
validation,sweetcorn,Image_6.jpg,C:\Users\Computer\OneDrive\เดสก์ท็อป\imageprocessing-prj\data\validation\sweetcorn\Image_6.jpg,93.63671875,769,500,1.538,3,JPEG,172.11,154.6,49.06,28.46,182.93,175.73,False
validation,sweetcorn,Image_7.jpg,C:\Users\Computer\OneDrive\เดสก์ท็อป\imageprocessing-prj\data\validation\sweetcorn\Image_7.jpg,665.5244140625,848,565,1.5009,3,JPEG,140.53,117.66,44.21,20.75,174.56,141.64,False
validation,sweetcorn,Image_8.jpg,C:\Users\Computer\OneDrive\เดสก์ท็อป\imageprocessing-prj\data\validation\sweetcorn\Image_8.jpg,98.7939453125,720,720,1.0,3,JPEG,151.3,147.92,84.6,44.21,117.44,163.29,False
validation,sweetcorn,Image_9.jpg,C:\Users\Computer\OneDrive\เดสก์ท็อป\imageprocessing-prj\data\validation\sweetcorn\Image_9.jpg,533.2451171875,2000,1333,1.5004,3,JPEG,197.22,171.0,71.08,25.2,169.11,200.13,False
validation,sweetpotato,Image_1.jpg,C:\Users\Computer\OneDrive\เดสก์ท็อป\imageprocessing-prj\data\validation\sweetpotato\Image_1.jpg,132.02734375,1709,2560,0.6676,3,JPEG,126.92,87.44,69.89,29.28,117.58,130.08,False
validation,sweetpotato,Image_10.jpg,C:\Users\Computer\OneDrive\เดสก์ท็อป\imageprocessing-prj\data\validation\sweetpotato\Image_10.jpg,1198.97265625,1000,1000,1.0,3,JPEG,109.64,99.7,81.46,87.96,110.72,128.12,False
validation,sweetpotato,Image_2.jpg,C:\Users\Computer\OneDrive\เดสก์ท็อป\imageprocessing-prj\data\validation\sweetpotato\Image_2.jpg,1198.97265625,1000,1000,1.0,3,JPEG,109.64,99.7,81.46,87.96,110.72,128.12,False
validation,sweetpotato,Image_3.jpg,C:\Users\Computer\OneDrive\เดสก์ท็อป\imageprocessing-prj\data\validation\sweetpotato\Image_3.jpg,410.93359375,2000,1125,1.7778,3,JPEG,134.95,81.61,54.61,14.96,158.3,135.0,False
validation,sweetpotato,Image_4.jpg,C:\Users\Computer\OneDrive\เดสก์ท็อป\imageprocessing-prj\data\validation\sweetpotato\Image_4.jpg,154.8427734375,1024,1536,0.6667,3,JPEG,181.07,145.71,121.92,42.63,99.58,182.26,False
validation,sweetpotato,Image_5.jpg,C:\Users\Computer\OneDrive\เดสก์ท็อป\imageprocessing-prj\data\validation\sweetpotato\Image_5.jpg,383.3896484375,1360,2040,0.6667,3,JPEG,115.61,76.79,47.15,36.22,128.49,117.57,False
validation,sweetpotato,Image_6.jpg,C:\Users\Computer\OneDrive\เดสก์ท็อป\imageprocessing-prj\data\validation\sweetpotato\Image_6.jpg,384.0947265625,1000,821,1.218,3,JPEG,213.62,191.13,179.72,9.66,53.61,213.62,False
validation,sweetpotato,Image_7.jpg,C:\Users\Computer\OneDrive\เดสก์ท็อป\imageprocessing-prj\data\validation\sweetpotato\Image_7.jpg,343.30078125,1500,2250,0.6667,3,JPEG,167.22,101.13,50.8,35.38,171.57,169.57,False
validation,sweetpotato,Image_8.jpg,C:\Users\Computer\OneDrive\เดสก์ท็อป\imageprocessing-prj\data\validation\sweetpotato\Image_8.jpg,154.8427734375,1024,1536,0.6667,3,JPEG,181.07,145.71,121.92,42.63,99.58,182.26,False
validation,sweetpotato,Image_9.jpg,C:\Users\Computer\OneDrive\เดสก์ท็อป\imageprocessing-prj\data\validation\sweetpotato\Image_9.jpg,132.02734375,1709,2560,0.6676,3,JPEG,126.92,87.44,69.89,29.28,117.58,130.08,False
validation,tomato,Image_1.jpg,C:\Users\Computer\OneDrive\เดสก์ท็อป\imageprocessing-prj\data\validation\tomato\Image_1.jpg,121.58984375,1600,1067,1.4995,3,JPEG,145.96,124.97,57.27,30.9,161.44,157.01,False
validation,tomato,Image_10.jpg,C:\Users\Computer\OneDrive\เดสก์ท็อป\imageprocessing-prj\data\validation\tomato\Image_10.jpg,121.58984375,1600,1067,1.4995,3,JPEG,145.96,124.97,57.27,30.9,161.44,157.01,False
validation,tomato,Image_2.jpg,C:\Users\Computer\OneDrive\เดสก์ท็อป\imageprocessing-prj\data\validation\tomato\Image_2.jpg,100.8291015625,1024,1120,0.9143,3,JPEG,182.83,103.62,94.33,31.84,124.5,183.55,False
validation,tomato,Image_3.jpg,C:\Users\Computer\OneDrive\เดสก์ท็อป\imageprocessing-prj\data\validation\tomato\Image_3.jpg,657.521484375,2008,2008,1.0,3,JPEG,235.95,184.04,176.79,5.72,73.94,237.88,False
validation,tomato,Image_4.jpg,C:\Users\Computer\OneDrive\เดสก์ท็อป\imageprocessing-prj\data\validation\tomato\Image_4.jpg,465.15234375,3353,2384,1.4065,3,JPEG,248.51,174.88,162.82,18.34,91.74,248.58,False
validation,tomato,Image_5.jpg,C:\Users\Computer\OneDrive\เดสก์ท็อป\imageprocessing-prj\data\validation\tomato\Image_5.jpg,212.98046875,1600,1064,1.5038,3,JPEG,107.65,98.32,64.02,59.16,146.37,135.2,False
validation,tomato,Image_6.jpg,C:\Users\Computer\OneDrive\เดสก์ท็อป\imageprocessing-prj\data\validation\tomato\Image_6.jpg,328.15234375,1200,1600,0.75,3,JPEG,119.57,126.36,54.66,36.53,162.19,139.16,False
validation,tomato,Image_7.jpg,C:\Users\Computer\OneDrive\เดสก์ท็อป\imageprocessing-prj\data\validation\tomato\Image_7.jpg,1039.42578125,1800,1200,1.5,3,JPEG,202.68,112.14,97.28,36.36,149.11,204.71,False
validation,tomato,Image_8.jpg,C:\Users\Computer\OneDrive\เดสก์ท็อป\imageprocessing-prj\data\validation\tomato\Image_8.jpg,3755.8291015625,2400,1800,1.3333,3,JPEG,171.88,157.36,155.84,75.91,38.17,174.33,False
validation,tomato,Image_9.jpg,C:\Users\Computer\OneDrive\เดสก์ท็อป\imageprocessing-prj\data\validation\tomato\Image_9.jpg,123.52734375,802,1200,0.6683,3,JPEG,88.91,90.62,62.2,42.92,117.33,102.84,False
validation,turnip,Image_1.jpg,C:\Users\Computer\OneDrive\เดสก์ท็อป\imageprocessing-prj\data\validation\turnip\Image_1.jpg,94.869140625,1200,799,1.5019,3,JPEG,153.62,138.09,133.83,69.11,64.5,157.84,False
validation,turnip,Image_10.jpg,C:\Users\Computer\OneDrive\เดสก์ท็อป\imageprocessing-prj\data\validation\turnip\Image_10.jpg,94.869140625,1200,799,1.5019,3,JPEG,153.62,138.09,133.83,69.11,64.5,157.84,False
validation,turnip,Image_2.jpg,C:\Users\Computer\OneDrive\เดสก์ท็อป\imageprocessing-prj\data\validation\turnip\Image_2.jpg,238.1201171875,1024,1024,1.0,3,JPEG,79.09,102.23,57.11,58.38,131.45,108.54,False
validation,turnip,Image_3.jpg,C:\Users\Computer\OneDrive\เดสก์ท็อป\imageprocessing-prj\data\validation\turnip\Image_3.jpg,431.16796875,567,850,0.6671,3,JPEG,103.15,107.4,89.12,66.45,94.74,119.93,False
validation,turnip,Image_4.jpg,C:\Users\Computer\OneDrive\เดสก์ท็อป\imageprocessing-prj\data\validation\turnip\Image_4.jpg,243.0478515625,1052,1202,0.8752,3,JPEG,132.35,133.74,103.09,49.34,104.17,148.42,False
validation,turnip,Image_5.jpg,C:\Users\Computer\OneDrive\เดสก์ท็อป\imageprocessing-prj\data\validation\turnip\Image_5.jpg,210.9501953125,1155,648,1.7824,3,JPEG,102.93,102.76,87.78,57.75,79.27,111.19,False
validation,turnip,Image_6.jpg,C:\Users\Computer\OneDrive\เดสก์ท็อป\imageprocessing-prj\data\validation\turnip\Image_6.jpg,93.3994140625,800,640,1.25,3,JPEG,148.31,132.88,86.62,25.52,125.03,157.52,False
validation,turnip,Image_7.jpg,C:\Users\Computer\OneDrive\เดสก์ท็อป\imageprocessing-prj\data\validation\turnip\Image_7.jpg,94.9697265625,1300,1300,1.0,3,JPEG,242.81,243.59,234.68,7.61,17.9,244.93,False
validation,turnip,Image_8.jpg,C:\Users\Computer\OneDrive\เดสก์ท็อป\imageprocessing-prj\data\validation\turnip\Image_8.jpg,243.794921875,1024,1024,1.0,3,JPEG,145.51,147.28,137.22,70.85,42.94,156.58,False
validation,turnip,Image_9.jpg,C:\Users\Computer\OneDrive\เดสก์ท็อป\imageprocessing-prj\data\validation\turnip\Image_9.jpg,321.6875,600,600,1.0,3,JPEG,123.38,137.93,104.14,50.18,122.44,153.17,False
validation,watermelon,Image_1.jpg,C:\Users\Computer\OneDrive\เดสก์ท็อป\imageprocessing-prj\data\validation\watermelon\Image_1.jpg,3360.1669921875,5114,4795,1.0665,3,JPEG,168.08,166.89,147.2,73.15,66.25,183.74,False
validation,watermelon,Image_10.jpg,C:\Users\Computer\OneDrive\เดสก์ท็อป\imageprocessing-prj\data\validation\watermelon\Image_10.jpg,912.669921875,2511,1872,1.3413,3,JPEG,108.4,101.93,96.29,102.26,117.68,136.8,False
validation,watermelon,Image_2.jpg,C:\Users\Computer\OneDrive\เดสก์ท็อป\imageprocessing-prj\data\validation\watermelon\Image_2.jpg,105.7421875,1061,720,1.4736,3,JPEG,118.07,69.85,37.3,41.21,185.28,126.39,False
validation,watermelon,Image_3.jpg,C:\Users\Computer\OneDrive\เดสก์ท็อป\imageprocessing-prj\data\validation\watermelon\Image_3.jpg,554.5380859375,1200,1806,0.6645,3,JPEG,108.47,109.83,57.22,29.2,143.79,122.95,False
validation,watermelon,Image_4.jpg,C:\Users\Computer\OneDrive\เดสก์ท็อป\imageprocessing-prj\data\validation\watermelon\Image_4.jpg,447.6259765625,1400,1101,1.2716,3,JPEG,208.85,206.26,190.17,10.6,45.81,214.29,False
validation,watermelon,Image_5.jpg,C:\Users\Computer\OneDrive\เดสก์ท็อป\imageprocessing-prj\data\validation\watermelon\Image_5.jpg,4640.224609375,2715,1810,1.5,3,JPEG,157.02,111.37,93.09,31.04,105.12,157.52,False
validation,watermelon,Image_6.jpg,C:\Users\Computer\OneDrive\เดสก์ท็อป\imageprocessing-prj\data\validation\watermelon\Image_6.jpg,231.708984375,800,800,1.0,3,JPEG,209.83,175.3,151.19,30.59,84.46,210.74,False
validation,watermelon,Image_7.jpg,C:\Users\Computer\OneDrive\เดสก์ท็อป\imageprocessing-prj\data\validation\watermelon\Image_7.jpg,299.1806640625,1200,628,1.9108,3,JPEG,214.27,115.59,91.33,30.99,155.92,217.7,False
validation,watermelon,Image_8.jpg,C:\Users\Computer\OneDrive\เดสก์ท็อป\imageprocessing-prj\data\validation\watermelon\Image_8.jpg,289.6044921875,1536,960,1.6,3,JPEG,214.64,192.68,177.95,49.65,65.03,226.95,False
validation,watermelon,Image_9.jpg,C:\Users\Computer\OneDrive\เดสก์ท็อป\imageprocessing-prj\data\validation\watermelon\Image_9.jpg,136.4482421875,1024,1170,0.8752,3,JPEG,179.09,158.39,144.18,73.62,90.19,199.59,False
test,apple,Image_1.jpg,C:\Users\Computer\OneDrive\เดสก์ท็อป\imageprocessing-prj\data\test\apple\Image_1.jpg,1591.0302734375,2218,2216,1.0009,3,JPEG,214.4,185.18,179.78,26.96,60.83,215.18,False
test,apple,Image_10.jpg,C:\Users\Computer\OneDrive\เดสก์ท็อป\imageprocessing-prj\data\test\apple\Image_10.jpg,1591.0302734375,2218,2216,1.0009,3,JPEG,214.4,185.18,179.78,26.96,60.83,215.18,False
test,apple,Image_2.jpg,C:\Users\Computer\OneDrive\เดสก์ท็อป\imageprocessing-prj\data\test\apple\Image_2.jpg,74.166015625,1280,720,1.7778,3,JPEG,170.05,133.16,135.7,48.02,56.5,171.85,False
test,apple,Image_3.jpg,C:\Users\Computer\OneDrive\เดสก์ท็อป\imageprocessing-prj\data\test\apple\Image_3.jpg,348.6142578125,2000,1000,2.0,3,JPEG,194.93,154.58,157.47,86.43,72.86,195.08,False
test,apple,Image_4.jpg,C:\Users\Computer\OneDrive\เดสก์ท็อป\imageprocessing-prj\data\test\apple\Image_4.jpg,2569.765625,6228,4152,1.5,3,JPEG,127.06,162.18,195.75,83.25,106.53,201.01,False
test,apple,Image_5.jpg,C:\Users\Computer\OneDrive\เดสก์ท็อป\imageprocessing-prj\data\test\apple\Image_5.jpg,22.6181640625,800,863,0.927,3,JPEG,212.74,200.82,175.31,35.4,101.53,242.3,False
test,apple,Image_6.JPG,C:\Users\Computer\OneDrive\เดสก์ท็อป\imageprocessing-prj\data\test\apple\Image_6.JPG,155.14453125,1200,1600,0.75,3,JPEG,107.98,28.89,35.11,126.43,156.6,108.37,False
test,apple,Image_7.jpg,C:\Users\Computer\OneDrive\เดสก์ท็อป\imageprocessing-prj\data\test\apple\Image_7.jpg,710.94921875,1024,683,1.4993,3,JPEG,102.86,40.95,14.27,12.18,204.42,102.87,False
test,apple,Image_8.jpg,C:\Users\Computer\OneDrive\เดสก์ท็อป\imageprocessing-prj\data\test\apple\Image_8.jpg,585.9677734375,1188,810,1.4667,3,JPEG,109.31,86.78,69.04,69.82,134.73,127.37,False
test,apple,Image_9.jpg,C:\Users\Computer\OneDrive\เดสก์ท็อป\imageprocessing-prj\data\test\apple\Image_9.jpg,81.490234375,1280,720,1.7778,3,JPEG,130.32,92.09,66.81,25.63,129.25,131.97,False
test,banana,Image_1.jpg,C:\Users\Computer\OneDrive\เดสก์ท็อป\imageprocessing-prj\data\test\banana\Image_1.jpg,59.869140625,1200,800,1.5,3,JPEG,247.28,235.2,203.8,111.3,49.04,247.29,False
test,banana,Image_10.jpg,C:\Users\Computer\OneDrive\เดสก์ท็อป\imageprocessing-prj\data\test\banana\Image_10.jpg,59.869140625,1200,800,1.5,3,JPEG,247.28,235.2,203.8,111.3,49.04,247.29,False
test,banana,Image_2.jpg,C:\Users\Computer\OneDrive\เดสก์ท็อป\imageprocessing-prj\data\test\banana\Image_2.jpg,8.7724609375,480,360,1.3333,3,JPEG,42.26,37.0,29.0,8.31,23.55,42.48,False
test,banana,Image_3.jpg,C:\Users\Computer\OneDrive\เดสก์ท็อป\imageprocessing-prj\data\test\banana\Image_3.jpg,64.9375,1200,1057,1.1353,3,JPEG,246.2,235.46,204.33,7.5,47.52,246.22,False
test,banana,Image_4.jpg,C:\Users\Computer\OneDrive\เดสก์ท็อป\imageprocessing-prj\data\test\banana\Image_4.jpg,220.5380859375,851,478,1.7803,3,JPEG,245.0,232.41,172.28,12.48,80.12,245.08,False
test,banana,Image_5.jpg,C:\Users\Computer\OneDrive\เดสก์ท็อป\imageprocessing-prj\data\test\banana\Image_5.jpg,48.302734375,1280,720,1.7778,3,JPEG,237.54,220.08,164.14,13.14,82.6,237.58,False
test,banana,Image_6.jpg,C:\Users\Computer\OneDrive\เดสก์ท็อป\imageprocessing-prj\data\test\banana\Image_6.jpg,67.150390625,1280,720,1.7778,3,JPEG,227.05,220.17,175.53,15.07,71.48,229.45,False
test,banana,Image_8.jpg,C:\Users\Computer\OneDrive\เดสก์ท็อป\imageprocessing-prj\data\test\banana\Image_8.jpg,149.2080078125,1200,794,1.5113,3,JPEG,242.01,227.01,162.2,16.5,88.68,242.79,False
test,banana,Image_9.jpg,C:\Users\Computer\OneDrive\เดสก์ท็อป\imageprocessing-prj\data\test\banana\Image_9.jpg,9.0224609375,480,360,1.3333,3,JPEG,174.21,172.04,162.81,13.0,18.89,174.81,False
test,beetroot,Image_1.jpg,C:\Users\Computer\OneDrive\เดสก์ท็อป\imageprocessing-prj\data\test\beetroot\Image_1.jpg,1141.212890625,1254,836,1.5,3,JPEG,96.01,63.79,43.13,60.46,166.55,101.92,False
test,beetroot,Image_10.jpg,C:\Users\Computer\OneDrive\เดสก์ท็อป\imageprocessing-prj\data\test\beetroot\Image_10.jpg,1292.63671875,2125,1417,1.4996,3,JPEG,161.77,123.04,127.28,100.05,97.88,163.26,False
test,beetroot,Image_2.jpg,C:\Users\Computer\OneDrive\เดสก์ท็อป\imageprocessing-prj\data\test\beetroot\Image_2.jpg,806.2880859375,1000,1504,0.6649,3,JPEG,91.47,75.5,39.67,47.89,180.33,104.14,False
test,beetroot,Image_3.jpg,C:\Users\Computer\OneDrive\เดสก์ท็อป\imageprocessing-prj\data\test\beetroot\Image_3.jpg,198.1982421875,768,1024,0.75,3,JPEG,141.11,159.34,92.24,60.76,137.44,177.39,False
test,beetroot,Image_4.jpg,C:\Users\Computer\OneDrive\เดสก์ท็อป\imageprocessing-prj\data\test\beetroot\Image_4.jpg,175.8642578125,1600,1067,1.4995,3,JPEG,128.05,83.09,54.42,28.21,164.65,130.95,False
test,beetroot,Image_5.jpg,C:\Users\Computer\OneDrive\เดสก์ท็อป\imageprocessing-prj\data\test\beetroot\Image_5.jpg,170.619140625,1200,800,1.5,3,JPEG,172.69,139.9,119.69,34.8,104.57,179.39,False
test,beetroot,Image_6.jpg,C:\Users\Computer\OneDrive\เดสก์ท็อป\imageprocessing-prj\data\test\beetroot\Image_6.jpg,2389.134765625,3264,2448,1.3333,3,JPEG,154.86,133.03,123.53,60.73,89.72,164.79,False
test,beetroot,Image_7.jpg,C:\Users\Computer\OneDrive\เดสก์ท็อป\imageprocessing-prj\data\test\beetroot\Image_7.jpg,421.3369140625,1080,1400,0.7714,3,JPEG,110.08,91.08,71.55,64.12,109.3,123.12,False
test,beetroot,Image_8.jpg,C:\Users\Computer\OneDrive\เดสก์ท็อป\imageprocessing-prj\data\test\beetroot\Image_8.jpg,227.78515625,1000,1000,1.0,3,JPEG,132.89,92.28,85.3,77.07,113.55,133.73,False
test,beetroot,Image_9.jpg,C:\Users\Computer\OneDrive\เดสก์ท็อป\imageprocessing-prj\data\test\beetroot\Image_9.jpg,436.1142578125,1681,3058,0.5497,3,JPEG,136.93,124.91,117.98,77.21,75.26,147.27,False
test,bell pepper,Image_1.jpg,C:\Users\Computer\OneDrive\เดสก์ท็อป\imageprocessing-prj\data\test\bell pepper\Image_1.jpg,4268.560546875,5616,3744,1.5,3,JPEG,220.64,195.13,168.94,16.33,75.25,222.36,False
test,bell pepper,Image_10.jpg,C:\Users\Computer\OneDrive\เดสก์ท็อป\imageprocessing-prj\data\test\bell pepper\Image_10.jpg,67.0634765625,1200,800,1.5,3,JPEG,158.74,147.26,136.41,78.6,58.13,162.29,False
test,bell pepper,Image_2.jpg,C:\Users\Computer\OneDrive\เดสก์ท็อป\imageprocessing-prj\data\test\bell pepper\Image_2.jpg,67.0634765625,1200,800,1.5,3,JPEG,158.74,147.26,136.41,78.6,58.13,162.29,False
test,bell pepper,Image_3.jpeg,C:\Users\Computer\OneDrive\เดสก์ท็อป\imageprocessing-prj\data\test\bell pepper\Image_3.jpeg,75.4619140625,2000,1347,1.4848,3,JPEG,195.56,158.83,95.34,24.6,150.77,205.29,False
test,bell pepper,Image_4.jpg,C:\Users\Computer\OneDrive\เดสก์ท็อป\imageprocessing-prj\data\test\bell pepper\Image_4.jpg,3753.2119140625,4344,3475,1.2501,3,JPEG,215.96,186.48,141.73,17.58,107.66,222.97,False
test,bell pepper,Image_5.jpg,C:\Users\Computer\OneDrive\เดสก์ท็อป\imageprocessing-prj\data\test\bell pepper\Image_5.jpg,70.009765625,1040,1300,0.8,3,JPEG,198.65,168.66,144.39,23.05,70.4,199.69,False
test,bell pepper,Image_6.jpg,C:\Users\Computer\OneDrive\เดสก์ท็อป\imageprocessing-prj\data\test\bell pepper\Image_6.jpg,82.2431640625,800,800,1.0,3,JPEG,146.09,114.84,78.91,33.83,138.23,158.62,False
test,bell pepper,Image_7.jpg,C:\Users\Computer\OneDrive\เดสก์ท็อป\imageprocessing-prj\data\test\bell pepper\Image_7.jpg,1806.1044921875,2592,1936,1.3388,3,JPEG,142.32,59.39,15.28,31.78,226.24,146.7,False
test,bell pepper,Image_8.jpg,C:\Users\Computer\OneDrive\เดสก์ท็อป\imageprocessing-prj\data\test\bell pepper\Image_8.jpg,6606.990234375,4288,2848,1.5056,3,JPEG,125.75,120.56,63.27,35.82,147.64,152.91,False
test,bell pepper,Image_9.jpg,C:\Users\Computer\OneDrive\เดสก์ท็อป\imageprocessing-prj\data\test\bell pepper\Image_9.jpg,4268.560546875,5616,3744,1.5,3,JPEG,220.64,195.13,168.94,16.33,75.25,222.36,False
test,cabbage,Image_1.jpg,C:\Users\Computer\OneDrive\เดสก์ท็อป\imageprocessing-prj\data\test\cabbage\Image_1.jpg,269.4013671875,1024,1120,0.9143,3,JPEG,124.12,137.87,79.72,42.01,145.35,153.98,False
test,cabbage,Image_10.jpg,C:\Users\Computer\OneDrive\เดสก์ท็อป\imageprocessing-prj\data\test\cabbage\Image_10.jpg,269.4013671875,1024,1120,0.9143,3,JPEG,124.12,137.87,79.72,42.01,145.35,153.98,False
test,cabbage,Image_2.jpg,C:\Users\Computer\OneDrive\เดสก์ท็อป\imageprocessing-prj\data\test\cabbage\Image_2.jpg,1392.7685546875,3888,2592,1.5,3,JPEG,102.12,126.81,86.58,52.02,100.14,126.88,False
test,cabbage,Image_3.jpg,C:\Users\Computer\OneDrive\เดสก์ท็อป\imageprocessing-prj\data\test\cabbage\Image_3.jpg,94.080078125,900,950,0.9474,3,JPEG,124.93,147.34,124.97,64.37,52.85,147.5,False
test,cabbage,Image_4.jpg,C:\Users\Computer\OneDrive\เดสก์ท็อป\imageprocessing-prj\data\test\cabbage\Image_4.jpg,1674.73046875,2272,1704,1.3333,3,JPEG,103.72,134.1,81.5,49.6,107.56,134.13,False
test,cabbage,Image_5.jpg,C:\Users\Computer\OneDrive\เดสก์ท็อป\imageprocessing-prj\data\test\cabbage\Image_5.jpg,298.830078125,1200,1200,1.0,3,JPEG,121.97,161.1,90.89,49.61,125.38,163.29,False
test,cabbage,Image_6.jpg,C:\Users\Computer\OneDrive\เดสก์ท็อป\imageprocessing-prj\data\test\cabbage\Image_6.jpg,238.3984375,900,900,1.0,3,JPEG,138.54,166.43,60.44,36.69,180.04,173.66,False
test,cabbage,Image_7.jpg,C:\Users\Computer\OneDrive\เดสก์ท็อป\imageprocessing-prj\data\test\cabbage\Image_7.jpg,2275.4306640625,1606,2400,0.6692,3,JPEG,83.96,111.04,76.63,57.23,89.67,111.05,False
test,cabbage,Image_8.jpg,C:\Users\Computer\OneDrive\เดสก์ท็อป\imageprocessing-prj\data\test\cabbage\Image_8.jpg,182.2890625,1024,1340,0.7642,3,JPEG,95.19,133.96,109.74,81.97,138.76,148.1,False
test,cabbage,Image_9.jpg,C:\Users\Computer\OneDrive\เดสก์ท็อป\imageprocessing-prj\data\test\cabbage\Image_9.jpg,555.1201171875,1197,885,1.3525,3,JPEG,130.74,151.57,131.68,67.0,61.88,153.0,False
test,capsicum,Image_1.jpg,C:\Users\Computer\OneDrive\เดสก์ท็อป\imageprocessing-prj\data\test\capsicum\Image_1.jpg,232.4912109375,1396,785,1.7783,3,JPEG,174.93,117.83,22.93,32.17,227.47,182.13,False
test,capsicum,Image_10.jpg,C:\Users\Computer\OneDrive\เดสก์ท็อป\imageprocessing-prj\data\test\capsicum\Image_10.jpg,232.4912109375,1396,785,1.7783,3,JPEG,174.93,117.83,22.93,32.17,227.47,182.13,False
test,capsicum,Image_2.jpg,C:\Users\Computer\OneDrive\เดสก์ท็อป\imageprocessing-prj\data\test\capsicum\Image_2.jpg,527.05859375,1300,1300,1.0,3,JPEG,217.87,227.71,208.0,10.32,38.56,227.72,False
test,capsicum,Image_3.JPG,C:\Users\Computer\OneDrive\เดสก์ท็อป\imageprocessing-prj\data\test\capsicum\Image_3.JPG,243.3671875,1200,801,1.4981,3,JPEG,175.0,48.26,20.47,42.71,223.88,175.99,False
test,capsicum,Image_4.jpg,C:\Users\Computer\OneDrive\เดสก์ท็อป\imageprocessing-prj\data\test\capsicum\Image_4.jpg,103.998046875,1694,1133,1.4951,3,JPEG,217.99,190.45,163.51,17.97,81.13,221.88,False
test,capsicum,Image_5.jpg,C:\Users\Computer\OneDrive\เดสก์ท็อป\imageprocessing-prj\data\test\capsicum\Image_5.jpg,62.03125,1200,900,1.3333,3,JPEG,172.01,186.61,157.12,27.11,60.67,186.62,False
test,capsicum,Image_6.jpg,C:\Users\Computer\OneDrive\เดสก์ท็อป\imageprocessing-prj\data\test\capsicum\Image_6.jpg,570.404296875,2560,1912,1.3389,3,JPEG,142.23,59.37,15.76,32.22,225.0,146.57,False
test,capsicum,Image_7.jpg,C:\Users\Computer\OneDrive\เดสก์ท็อป\imageprocessing-prj\data\test\capsicum\Image_7.jpg,2400.3291015625,3607,2722,1.3251,3,JPEG,162.67,148.58,121.6,44.25,106.41,169.9,False
test,capsicum,Image_8.jpg,C:\Users\Computer\OneDrive\เดสก์ท็อป\imageprocessing-prj\data\test\capsicum\Image_8.jpg,1369.9208984375,2256,1504,1.5,3,JPEG,109.39,78.88,55.42,66.44,148.56,118.14,False
test,capsicum,Image_9.jpg,C:\Users\Computer\OneDrive\เดสก์ท็อป\imageprocessing-prj\data\test\capsicum\Image_9.jpg,657.0361328125,1125,1688,0.6665,3,JPEG,154.13,101.41,38.63,28.64,202.54,160.5,False
test,carrot,Image_1.jpg,C:\Users\Computer\OneDrive\เดสก์ท็อป\imageprocessing-prj\data\test\carrot\Image_1.jpg,190.7275390625,1280,720,1.7778,3,JPEG,124.49,77.17,25.43,22.37,209.52,132.99,False
test,carrot,Image_10.jpg,C:\Users\Computer\OneDrive\เดสก์ท็อป\imageprocessing-prj\data\test\carrot\Image_10.jpg,190.7275390625,1280,720,1.7778,3,JPEG,124.49,77.17,25.43,22.37,209.52,132.99,False
test,carrot,Image_2.jpg,C:\Users\Computer\OneDrive\เดสก์ท็อป\imageprocessing-prj\data\test\carrot\Image_2.jpg,103.40234375,1600,1250,1.28,3,JPEG,252.06,232.93,217.48,3.92,36.92,252.6,False
test,carrot,Image_3.jpg,C:\Users\Computer\OneDrive\เดสก์ท็อป\imageprocessing-prj\data\test\carrot\Image_3.jpg,373.0419921875,1920,1275,1.5059,3,JPEG,165.66,165.67,146.5,34.4,54.46,171.7,False
test,carrot,Image_4.png,C:\Users\Computer\OneDrive\เดสก์ท็อป\imageprocessing-prj\data\test\carrot\Image_4.png,190.0615234375,1920,1080,1.7778,3,PNG,231.33,218.99,206.07,5.31,31.3,232.17,False
test,carrot,Image_5.jpg,C:\Users\Computer\OneDrive\เดสก์ท็อป\imageprocessing-prj\data\test\carrot\Image_5.jpg,334.2724609375,1600,1066,1.5009,3,JPEG,183.72,125.61,95.52,51.27,133.95,185.06,False
test,carrot,Image_6.jpg,C:\Users\Computer\OneDrive\เดสก์ท็อป\imageprocessing-prj\data\test\carrot\Image_6.jpg,57.1376953125,953,1300,0.7331,3,JPEG,251.24,241.62,229.97,3.47,23.08,251.88,False
test,carrot,Image_7.JPG,C:\Users\Computer\OneDrive\เดสก์ท็อป\imageprocessing-prj\data\test\carrot\Image_7.JPG,179.58984375,960,1280,0.75,3,JPEG,169.57,132.28,78.12,21.16,148.63,175.16,False
test,carrot,Image_8.jpg,C:\Users\Computer\OneDrive\เดสก์ท็อป\imageprocessing-prj\data\test\carrot\Image_8.jpg,200.0400390625,1280,720,1.7778,3,JPEG,204.73,111.08,54.3,29.18,187.3,205.49,False
test,carrot,Image_9.jpeg,C:\Users\Computer\OneDrive\เดสก์ท็อป\imageprocessing-prj\data\test\carrot\Image_9.jpeg,80.6474609375,616,924,0.6667,3,JPEG,109.75,98.76,76.08,45.47,97.71,122.02,False
test,cauliflower,Image_1.jpg,C:\Users\Computer\OneDrive\เดสก์ท็อป\imageprocessing-prj\data\test\cauliflower\Image_1.jpg,361.0693359375,1456,2184,0.6667,3,JPEG,171.68,150.06,100.87,21.71,123.71,172.44,False
test,cauliflower,Image_10.jpg,C:\Users\Computer\OneDrive\เดสก์ท็อป\imageprocessing-prj\data\test\cauliflower\Image_10.jpg,330.662109375,1500,1341,1.1186,3,JPEG,216.71,206.18,164.46,20.84,70.98,217.81,False
test,cauliflower,Image_2.jpg,C:\Users\Computer\OneDrive\เดสก์ท็อป\imageprocessing-prj\data\test\cauliflower\Image_2.jpg,869.9736328125,3276,3276,1.0,3,JPEG,218.1,220.47,198.8,18.44,38.1,223.4,False
test,cauliflower,Image_3.jpg,C:\Users\Computer\OneDrive\เดสก์ท็อป\imageprocessing-prj\data\test\cauliflower\Image_3.jpg,288.4541015625,2000,1000,2.0,3,JPEG,224.23,222.59,198.04,16.95,38.73,226.16,False
test,cauliflower,Image_4.jpg,C:\Users\Computer\OneDrive\เดสก์ท็อป\imageprocessing-prj\data\test\cauliflower\Image_4.jpg,90.248046875,800,900,0.8889,3,JPEG,211.58,218.84,199.91,23.07,40.27,219.72,False
test,cauliflower,Image_5.JPG,C:\Users\Computer\OneDrive\เดสก์ท็อป\imageprocessing-prj\data\test\cauliflower\Image_5.JPG,1883.765625,3006,2933,1.0249,3,JPEG,114.51,108.67,95.41,38.59,73.13,120.65,False
test,cauliflower,Image_6.jpg,C:\Users\Computer\OneDrive\เดสก์ท็อป\imageprocessing-prj\data\test\cauliflower\Image_6.jpg,176.4052734375,1500,1125,1.3333,3,JPEG,170.39,142.93,112.27,25.64,107.99,171.48,False
test,cauliflower,Image_7.jpg,C:\Users\Computer\OneDrive\เดสก์ท็อป\imageprocessing-prj\data\test\cauliflower\Image_7.jpg,89.7646484375,1024,1024,1.0,3,JPEG,225.42,224.27,205.38,28.57,34.06,229.55,False
test,cauliflower,Image_8.jpg,C:\Users\Computer\OneDrive\เดสก์ท็อป\imageprocessing-prj\data\test\cauliflower\Image_8.jpg,149.9755859375,1024,750,1.3653,3,JPEG,110.7,105.98,91.84,49.33,68.11,115.48,False
test,cauliflower,Image_9.jpg,C:\Users\Computer\OneDrive\เดสก์ท็อป\imageprocessing-prj\data\test\cauliflower\Image_9.jpg,285.0537109375,2583,1956,1.3206,3,JPEG,107.48,122.2,91.81,49.33,88.17,125.02,False
test,chilli pepper,Image_1.jpg,C:\Users\Computer\OneDrive\เดสก์ท็อป\imageprocessing-prj\data\test\chilli pepper\Image_1.jpg,258.5322265625,1920,1536,1.25,3,JPEG,215.44,189.42,148.85,65.66,86.75,217.26,False
test,chilli pepper,Image_10.jpg,C:\Users\Computer\OneDrive\เดสก์ท็อป\imageprocessing-prj\data\test\chilli pepper\Image_10.jpg,258.5322265625,1920,1536,1.25,3,JPEG,215.44,189.42,148.85,65.66,86.75,217.26,False
test,chilli pepper,Image_2.png,C:\Users\Computer\OneDrive\เดสก์ท็อป\imageprocessing-prj\data\test\chilli pepper\Image_2.png,1470.513671875,1400,1120,1.25,3,PNG,230.05,180.33,171.89,54.51,74.66,233.02,False
test,chilli pepper,Image_3.jpg,C:\Users\Computer\OneDrive\เดสก์ท็อป\imageprocessing-prj\data\test\chilli pepper\Image_3.jpg,78.6689453125,1024,768,1.3333,3,JPEG,172.95,149.36,85.58,26.08,147.28,177.5,False
test,chilli pepper,Image_4.jpg,C:\Users\Computer\OneDrive\เดสก์ท็อป\imageprocessing-prj\data\test\chilli pepper\Image_4.jpg,188.0126953125,3264,2448,1.3333,3,JPEG,76.51,110.85,20.82,43.47,219.32,120.82,False
test,chilli pepper,Image_5.png,C:\Users\Computer\OneDrive\เดสก์ท็อป\imageprocessing-prj\data\test\chilli pepper\Image_5.png,1764.904296875,1000,1000,1.0,3,PNG,150.72,45.8,45.36,115.19,194.46,152.56,False
test,chilli pepper,Image_6.jpeg,C:\Users\Computer\OneDrive\เดสก์ท็อป\imageprocessing-prj\data\test\chilli pepper\Image_6.jpeg,63.0615234375,1500,1500,1.0,3,JPEG,228.52,212.97,204.08,9.26,40.88,231.61,False
test,chilli pepper,Image_7.jpg,C:\Users\Computer\OneDrive\เดสก์ท็อป\imageprocessing-prj\data\test\chilli pepper\Image_7.jpg,558.025390625,2000,1500,1.3333,3,JPEG,151.21,141.18,120.89,79.64,118.33,174.71,False
test,chilli pepper,Image_8.jpg,C:\Users\Computer\OneDrive\เดสก์ท็อป\imageprocessing-prj\data\test\chilli pepper\Image_8.jpg,136.0,1920,1280,1.5,3,JPEG,206.41,202.48,187.3,28.13,41.37,208.58,False
test,chilli pepper,Image_9.jpg,C:\Users\Computer\OneDrive\เดสก์ท็อป\imageprocessing-prj\data\test\chilli pepper\Image_9.jpg,103.203125,800,800,1.0,3,JPEG,130.97,93.65,64.13,39.41,145.1,143.87,False
test,corn,Image_1.jpg,C:\Users\Computer\OneDrive\เดสก์ท็อป\imageprocessing-prj\data\test\corn\Image_1.jpg,533.2451171875,2000,1333,1.5004,3,JPEG,197.22,171.0,71.08,25.2,169.11,200.13,False
test,corn,Image_10.jpg,C:\Users\Computer\OneDrive\เดสก์ท็อป\imageprocessing-prj\data\test\corn\Image_10.jpg,328.671875,1195,1600,0.7469,3,JPEG,86.71,82.18,62.99,49.49,109.62,96.1,False
test,corn,Image_2.jpg,C:\Users\Computer\OneDrive\เดสก์ท็อป\imageprocessing-prj\data\test\corn\Image_2.jpg,1471.5263671875,1415,2122,0.6668,3,JPEG,165.05,158.13,98.38,38.85,119.72,169.35,False
test,corn,Image_3.jpg,C:\Users\Computer\OneDrive\เดสก์ท็อป\imageprocessing-prj\data\test\corn\Image_3.jpg,2263.59375,3504,2336,1.5,3,JPEG,215.02,184.74,95.91,22.94,143.62,215.06,False
test,corn,Image_4.jpg,C:\Users\Computer\OneDrive\เดสก์ท็อป\imageprocessing-prj\data\test\corn\Image_4.jpg,138.470703125,736,1109,0.6637,3,JPEG,231.96,223.65,162.77,14.03,88.38,234.52,False
test,corn,Image_5.jpg,C:\Users\Computer\OneDrive\เดสก์ท็อป\imageprocessing-prj\data\test\corn\Image_5.jpg,6602.0263671875,5016,3424,1.465,3,JPEG,163.42,173.08,90.64,35.56,138.91,180.04,False
test,corn,Image_6.jpg,C:\Users\Computer\OneDrive\เดสก์ท็อป\imageprocessing-prj\data\test\corn\Image_6.jpg,201.9853515625,2121,1060,2.0009,3,JPEG,199.75,190.69,44.7,29.76,204.07,212.5,False
test,corn,Image_7.jpg,C:\Users\Computer\OneDrive\เดสก์ท็อป\imageprocessing-prj\data\test\corn\Image_7.jpg,165.61328125,1000,750,1.3333,3,JPEG,136.27,145.2,92.89,49.07,137.43,161.34,False
test,corn,Image_8.jpg,C:\Users\Computer\OneDrive\เดสก์ท็อป\imageprocessing-prj\data\test\corn\Image_8.jpg,165.97265625,1200,800,1.5,3,JPEG,220.01,218.6,172.21,45.25,70.14,226.41,False
test,corn,Image_9.jpg,C:\Users\Computer\OneDrive\เดสก์ท็อป\imageprocessing-prj\data\test\corn\Image_9.jpg,305.6201171875,1200,900,1.3333,3,JPEG,224.41,222.14,159.31,18.4,89.05,232.74,False
test,cucumber,Image_1.jpg,C:\Users\Computer\OneDrive\เดสก์ท็อป\imageprocessing-prj\data\test\cucumber\Image_1.jpg,2732.5302734375,4000,3000,1.3333,3,JPEG,170.73,157.51,96.04,26.47,131.26,181.75,False
test,cucumber,Image_10.jpg,C:\Users\Computer\OneDrive\เดสก์ท็อป\imageprocessing-prj\data\test\cucumber\Image_10.jpg,2732.5302734375,4000,3000,1.3333,3,JPEG,170.73,157.51,96.04,26.47,131.26,181.75,False
test,cucumber,Image_2.jpg,C:\Users\Computer\OneDrive\เดสก์ท็อป\imageprocessing-prj\data\test\cucumber\Image_2.jpg,288.0029296875,1500,1000,1.5,3,JPEG,76.49,100.33,16.08,38.97,222.49,100.81,False
test,cucumber,Image_3.jpg,C:\Users\Computer\OneDrive\เดสก์ท็อป\imageprocessing-prj\data\test\cucumber\Image_3.jpg,36.3466796875,850,611,1.3912,3,JPEG,194.55,206.31,171.82,20.44,68.87,206.33,False
test,cucumber,Image_4.jpg,C:\Users\Computer\OneDrive\เดสก์ท็อป\imageprocessing-prj\data\test\cucumber\Image_4.jpg,103.0966796875,1000,1000,1.0,3,JPEG,118.93,130.0,107.76,64.21,77.93,131.68,False
test,cucumber,Image_5.jpg,C:\Users\Computer\OneDrive\เดสก์ท็อป\imageprocessing-prj\data\test\cucumber\Image_5.jpg,165.9228515625,1500,1000,1.5,3,JPEG,134.6,143.76,90.38,36.65,110.4,145.47,False
test,cucumber,Image_6.jpg,C:\Users\Computer\OneDrive\เดสก์ท็อป\imageprocessing-prj\data\test\cucumber\Image_6.jpg,42.318359375,994,615,1.6163,3,JPEG,182.31,193.81,171.97,23.04,58.48,193.84,False
test,cucumber,Image_7.jpg,C:\Users\Computer\OneDrive\เดสก์ท็อป\imageprocessing-prj\data\test\cucumber\Image_7.jpg,506.6298828125,3463,2309,1.4998,3,JPEG,202.86,210.41,189.78,15.71,47.82,210.41,False
test,cucumber,Image_8.jpg,C:\Users\Computer\OneDrive\เดสก์ท็อป\imageprocessing-prj\data\test\cucumber\Image_8.jpg,362.5634765625,1000,1000,1.0,3,JPEG,82.0,124.2,70.28,53.63,140.62,127.46,False
test,cucumber,Image_9.jpg,C:\Users\Computer\OneDrive\เดสก์ท็อป\imageprocessing-prj\data\test\cucumber\Image_9.jpg,630.984375,3500,2329,1.5028,3,JPEG,207.88,209.41,182.05,28.35,46.36,211.19,False
test,eggplant,Image_1.jpg,C:\Users\Computer\OneDrive\เดสก์ท็อป\imageprocessing-prj\data\test\eggplant\Image_1.jpg,3238.796875,2592,3456,0.75,3,JPEG,130.87,123.59,82.93,34.65,103.74,132.89,False
test,eggplant,Image_10.jpg,C:\Users\Computer\OneDrive\เดสก์ท็อป\imageprocessing-prj\data\test\eggplant\Image_10.jpg,3270.728515625,3216,4288,0.75,3,JPEG,90.5,115.27,77.78,63.32,90.75,117.77,False
test,eggplant,Image_2.jpg,C:\Users\Computer\OneDrive\เดสก์ท็อป\imageprocessing-prj\data\test\eggplant\Image_2.jpg,650.9052734375,3031,2021,1.4998,3,JPEG,67.98,57.51,64.43,110.4,104.59,78.2,False
test,eggplant,Image_3.jpg,C:\Users\Computer\OneDrive\เดสก์ท็อป\imageprocessing-prj\data\test\eggplant\Image_3.jpg,185.3349609375,1200,803,1.4944,3,JPEG,93.11,102.22,89.44,69.34,96.52,114.97,False
test,eggplant,Image_4.jpg,C:\Users\Computer\OneDrive\เดสก์ท็อป\imageprocessing-prj\data\test\eggplant\Image_4.jpg,94.3857421875,1024,732,1.3989,3,JPEG,89.69,88.96,66.08,78.03,141.12,105.76,False
test,eggplant,Image_5.jpg,C:\Users\Computer\OneDrive\เดสก์ท็อป\imageprocessing-prj\data\test\eggplant\Image_5.jpg,1802.9892578125,1001,1001,1.0,3,JPEG,118.87,107.39,116.57,77.17,158.13,161.73,False
test,eggplant,Image_6.jpg,C:\Users\Computer\OneDrive\เดสก์ท็อป\imageprocessing-prj\data\test\eggplant\Image_6.jpg,262.4033203125,1024,1024,1.0,3,JPEG,151.99,122.21,138.69,75.92,66.25,152.93,False
test,eggplant,Image_7.jpg,C:\Users\Computer\OneDrive\เดสก์ท็อป\imageprocessing-prj\data\test\eggplant\Image_7.jpg,242.3681640625,1000,1000,1.0,3,JPEG,111.58,75.99,100.61,120.07,138.54,118.83,False
test,eggplant,Image_8.jpg,C:\Users\Computer\OneDrive\เดสก์ท็อป\imageprocessing-prj\data\test\eggplant\Image_8.jpg,976.73828125,2272,1704,1.3333,3,JPEG,182.6,185.2,184.43,25.4,18.47,188.37,False
test,eggplant,Image_9.jpg,C:\Users\Computer\OneDrive\เดสก์ท็อป\imageprocessing-prj\data\test\eggplant\Image_9.jpg,287.8759765625,1668,1151,1.4492,3,JPEG,126.83,131.31,77.41,45.11,136.31,153.67,False
test,garlic,Image_1.jpg,C:\Users\Computer\OneDrive\เดสก์ท็อป\imageprocessing-prj\data\test\garlic\Image_1.jpg,497.8125,1501,1500,1.0007,3,JPEG,119.53,104.04,91.81,17.63,82.25,119.75,False
test,garlic,Image_10.jpg,C:\Users\Computer\OneDrive\เดสก์ท็อป\imageprocessing-prj\data\test\garlic\Image_10.jpg,128.8974609375,1650,1238,1.3328,3,JPEG,211.65,204.95,196.94,19.01,25.08,211.75,False
test,garlic,Image_2.jpg,C:\Users\Computer\OneDrive\เดสก์ท็อป\imageprocessing-prj\data\test\garlic\Image_2.jpg,134.9296875,1536,1024,1.5,3,JPEG,239.57,233.11,228.83,5.54,14.77,239.58,False
test,garlic,Image_3.jpg,C:\Users\Computer\OneDrive\เดสก์ท็อป\imageprocessing-prj\data\test\garlic\Image_3.jpg,1237.224609375,3732,3085,1.2097,3,JPEG,241.68,234.7,228.21,6.84,16.77,241.68,False
test,garlic,Image_4.jpg,C:\Users\Computer\OneDrive\เดสก์ท็อป\imageprocessing-prj\data\test\garlic\Image_4.jpg,800.89453125,2395,2100,1.1405,3,JPEG,138.7,113.97,87.61,15.09,96.84,138.7,False
test,garlic,Image_5.jpg,C:\Users\Computer\OneDrive\เดสก์ท็อป\imageprocessing-prj\data\test\garlic\Image_5.jpg,101.7431640625,1200,800,1.5,3,JPEG,104.27,79.9,64.66,11.65,119.71,104.27,False
test,garlic,Image_6.jpg,C:\Users\Computer\OneDrive\เดสก์ท็อป\imageprocessing-prj\data\test\garlic\Image_6.jpg,330.23046875,2048,1365,1.5004,3,JPEG,169.96,161.85,142.54,30.59,45.92,171.12,False
test,garlic,Image_7.jpg,C:\Users\Computer\OneDrive\เดสก์ท็อป\imageprocessing-prj\data\test\garlic\Image_7.jpg,130.65234375,1600,1200,1.3333,3,JPEG,158.5,138.08,120.92,15.84,74.01,158.56,False
test,garlic,Image_8.jpg,C:\Users\Computer\OneDrive\เดสก์ท็อป\imageprocessing-prj\data\test\garlic\Image_8.jpg,335.93359375,1240,1176,1.0544,3,JPEG,210.31,201.68,193.87,10.35,29.49,210.35,False
test,garlic,Image_9.jpg,C:\Users\Computer\OneDrive\เดสก์ท็อป\imageprocessing-prj\data\test\garlic\Image_9.jpg,173.3076171875,2304,3456,0.6667,3,JPEG,153.0,151.19,149.47,49.54,24.19,155.99,False
test,ginger,Image_1.jpg,C:\Users\Computer\OneDrive\เดสก์ท็อป\imageprocessing-prj\data\test\ginger\Image_1.jpg,459.625,1983,1983,1.0,3,JPEG,236.22,218.45,197.0,11.09,51.54,236.24,False
test,ginger,Image_10.jpg,C:\Users\Computer\OneDrive\เดสก์ท็อป\imageprocessing-prj\data\test\ginger\Image_10.jpg,151.20703125,1200,800,1.5,3,JPEG,126.45,94.72,67.28,13.33,132.09,126.45,False
test,ginger,Image_2.jpg,C:\Users\Computer\OneDrive\เดสก์ท็อป\imageprocessing-prj\data\test\ginger\Image_2.jpg,151.20703125,1200,800,1.5,3,JPEG,126.45,94.72,67.28,13.33,132.09,126.45,False
test,ginger,Image_3.jpg,C:\Users\Computer\OneDrive\เดสก์ท็อป\imageprocessing-prj\data\test\ginger\Image_3.jpg,448.3857421875,1000,667,1.4993,3,JPEG,231.92,215.7,198.59,8.56,42.98,231.92,False
test,ginger,Image_4.jpg,C:\Users\Computer\OneDrive\เดสก์ท็อป\imageprocessing-prj\data\test\ginger\Image_4.jpg,89.5517578125,1240,994,1.2475,3,JPEG,235.92,223.89,212.56,6.83,30.49,235.95,False
test,ginger,Image_5.jpg,C:\Users\Computer\OneDrive\เดสก์ท็อป\imageprocessing-prj\data\test\ginger\Image_5.jpg,43.751953125,849,565,1.5027,3,JPEG,230.34,209.49,190.47,8.6,55.53,230.38,False
test,ginger,Image_6.jpg,C:\Users\Computer\OneDrive\เดสก์ท็อป\imageprocessing-prj\data\test\ginger\Image_6.jpg,121.33203125,1100,628,1.7516,3,JPEG,151.64,110.83,64.91,18.08,168.76,151.66,False
test,ginger,Image_7.jpg,C:\Users\Computer\OneDrive\เดสก์ท็อป\imageprocessing-prj\data\test\ginger\Image_7.jpg,118.50390625,1200,800,1.5,3,JPEG,225.8,208.32,173.91,21.44,66.93,225.91,False
test,ginger,Image_8.jpg,C:\Users\Computer\OneDrive\เดสก์ท็อป\imageprocessing-prj\data\test\ginger\Image_8.jpg,335.224609375,1024,683,1.4993,3,JPEG,121.63,82.14,48.73,19.21,175.44,121.64,False
test,ginger,Image_9.jpg,C:\Users\Computer\OneDrive\เดสก์ท็อป\imageprocessing-prj\data\test\ginger\Image_9.jpg,7767.8232421875,6000,4000,1.5,3,JPEG,226.49,147.56,14.12,18.08,237.96,226.49,False
test,grapes,Image_1.jpg,C:\Users\Computer\OneDrive\เดสก์ท็อป\imageprocessing-prj\data\test\grapes\Image_1.jpg,392.091796875,999,694,1.4395,3,JPEG,201.54,190.74,177.41,50.36,57.67,204.3,False
test,grapes,Image_10.jpg,C:\Users\Computer\OneDrive\เดสก์ท็อป\imageprocessing-prj\data\test\grapes\Image_10.jpg,191.30859375,1600,1200,1.3333,3,JPEG,79.03,87.97,69.35,71.83,109.55,96.79,False
test,grapes,Image_2.jpg,C:\Users\Computer\OneDrive\เดสก์ท็อป\imageprocessing-prj\data\test\grapes\Image_2.jpg,177.955078125,1400,1000,1.4,3,JPEG,146.83,134.7,95.95,54.43,114.23,159.26,False
test,grapes,Image_3.jpg,C:\Users\Computer\OneDrive\เดสก์ท็อป\imageprocessing-prj\data\test\grapes\Image_3.jpg,209.9375,1060,1600,0.6625,3,JPEG,137.52,130.1,117.18,56.78,71.91,147.5,False
test,grapes,Image_4.jpg,C:\Users\Computer\OneDrive\เดสก์ท็อป\imageprocessing-prj\data\test\grapes\Image_4.jpg,273.083984375,1200,1049,1.1439,3,JPEG,99.99,96.2,80.06,71.87,92.18,111.75,False
test,grapes,Image_5.jpeg,C:\Users\Computer\OneDrive\เดสก์ท็อป\imageprocessing-prj\data\test\grapes\Image_5.jpeg,134.69921875,2000,1333,1.5004,3,JPEG,235.06,237.06,203.7,11.55,44.73,237.36,False
test,grapes,Image_6.jpg,C:\Users\Computer\OneDrive\เดสก์ท็อป\imageprocessing-prj\data\test\grapes\Image_6.jpg,453.5888671875,1200,799,1.5019,3,JPEG,211.9,186.15,186.86,55.79,54.2,211.94,False
test,grapes,Image_7.JPG,C:\Users\Computer\OneDrive\เดสก์ท็อป\imageprocessing-prj\data\test\grapes\Image_7.JPG,447.9677734375,1600,1200,1.3333,3,JPEG,98.32,99.03,91.29,90.06,98.06,115.75,False
test,grapes,Image_8.jpg,C:\Users\Computer\OneDrive\เดสก์ท็อป\imageprocessing-prj\data\test\grapes\Image_8.jpg,16.646484375,300,300,1.0,3,JPEG,87.47,119.89,69.81,68.3,119.67,123.15,False
test,grapes,Image_9.jpg,C:\Users\Computer\OneDrive\เดสก์ท็อป\imageprocessing-prj\data\test\grapes\Image_9.jpg,269.115234375,1600,1200,1.3333,3,JPEG,144.67,103.86,96.12,109.85,133.49,149.5,False
test,jalepeno,Image_1.jpeg,C:\Users\Computer\OneDrive\เดสก์ท็อป\imageprocessing-prj\data\test\jalepeno\Image_1.jpeg,65.9267578125,1050,700,1.5,3,JPEG,94.03,109.45,74.51,53.17,107.04,116.55,False
test,jalepeno,Image_10.jpg,C:\Users\Computer\OneDrive\เดสก์ท็อป\imageprocessing-prj\data\test\jalepeno\Image_10.jpg,68.6904296875,1200,1200,1.0,3,JPEG,186.25,189.79,178.33,19.6,35.76,189.86,False
test,jalepeno,Image_2.jpg,C:\Users\Computer\OneDrive\เดสก์ท็อป\imageprocessing-prj\data\test\jalepeno\Image_2.jpg,167.6552734375,1240,1548,0.801,3,JPEG,126.28,128.99,110.99,73.64,86.07,137.98,False
test,jalepeno,Image_3.jpg,C:\Users\Computer\OneDrive\เดสก์ท็อป\imageprocessing-prj\data\test\jalepeno\Image_3.jpg,132.849609375,1024,1120,0.9143,3,JPEG,119.0,138.61,88.44,44.78,124.47,147.76,False
test,jalepeno,Image_4.jpg,C:\Users\Computer\OneDrive\เดสก์ท็อป\imageprocessing-prj\data\test\jalepeno\Image_4.jpg,638.3359375,2816,1877,1.5003,3,JPEG,232.24,234.86,225.59,6.7,20.82,235.26,False
test,jalepeno,Image_5.jpg,C:\Users\Computer\OneDrive\เดสก์ท็อป\imageprocessing-prj\data\test\jalepeno\Image_5.jpg,214.5068359375,1422,800,1.7775,3,JPEG,82.05,112.27,42.64,43.44,171.7,112.57,False
test,jalepeno,Image_6.jpg,C:\Users\Computer\OneDrive\เดสก์ท็อป\imageprocessing-prj\data\test\jalepeno\Image_6.jpg,199.7734375,1084,720,1.5056,3,JPEG,234.13,235.78,229.02,6.79,14.88,235.91,False
test,jalepeno,Image_7.jpg,C:\Users\Computer\OneDrive\เดสก์ท็อป\imageprocessing-prj\data\test\jalepeno\Image_7.jpg,1146.9755859375,2592,1944,1.3333,3,JPEG,64.37,103.38,23.1,45.51,217.43,103.46,False
test,jalepeno,Image_8.jpg,C:\Users\Computer\OneDrive\เดสก์ท็อป\imageprocessing-prj\data\test\jalepeno\Image_8.jpg,167.66796875,3262,3262,1.0,3,JPEG,222.79,227.14,220.96,9.6,17.98,227.14,False
test,jalepeno,Image_9.jpg,C:\Users\Computer\OneDrive\เดสก์ท็อป\imageprocessing-prj\data\test\jalepeno\Image_9.jpg,196.501953125,1024,1240,0.8258,3,JPEG,97.67,103.69,60.05,44.04,153.8,122.37,False
test,kiwi,Image_1.jpg,C:\Users\Computer\OneDrive\เดสก์ท็อป\imageprocessing-prj\data\test\kiwi\Image_1.jpg,243.14453125,1000,1000,1.0,3,JPEG,239.59,239.16,223.98,5.55,27.39,242.75,False
test,kiwi,Image_10.jpg,C:\Users\Computer\OneDrive\เดสก์ท็อป\imageprocessing-prj\data\test\kiwi\Image_10.jpg,25.0810546875,620,330,1.8788,3,JPEG,207.28,206.74,160.27,19.22,75.87,212.78,False
test,kiwi,Image_2.jpg,C:\Users\Computer\OneDrive\เดสก์ท็อป\imageprocessing-prj\data\test\kiwi\Image_2.jpg,807.6923828125,1920,1280,1.5,3,JPEG,118.67,135.15,57.41,38.02,158.66,139.26,False
test,kiwi,Image_3.jpg,C:\Users\Computer\OneDrive\เดสก์ท็อป\imageprocessing-prj\data\test\kiwi\Image_3.jpg,168.3701171875,1200,628,1.9108,3,JPEG,103.02,103.22,78.2,66.8,92.1,116.26,False
test,kiwi,Image_4.jpg,C:\Users\Computer\OneDrive\เดสก์ท็อป\imageprocessing-prj\data\test\kiwi\Image_4.jpg,596.185546875,1000,1000,1.0,3,JPEG,211.27,209.3,167.61,15.6,68.7,216.76,False
test,kiwi,Image_5.jpg,C:\Users\Computer\OneDrive\เดสก์ท็อป\imageprocessing-prj\data\test\kiwi\Image_5.jpg,55.9013671875,600,400,1.5,3,JPEG,194.78,204.32,150.9,28.47,82.32,208.4,False
test,kiwi,Image_6.jpg,C:\Users\Computer\OneDrive\เดสก์ท็อป\imageprocessing-prj\data\test\kiwi\Image_6.jpg,143.703125,1280,848,1.5094,3,JPEG,201.48,206.8,157.87,15.95,93.3,207.55,False
test,kiwi,Image_7.jpg,C:\Users\Computer\OneDrive\เดสก์ท็อป\imageprocessing-prj\data\test\kiwi\Image_7.jpg,182.537109375,620,345,1.7971,3,JPEG,171.25,177.19,109.79,32.55,124.24,188.56,False
test,kiwi,Image_8.jpg,C:\Users\Computer\OneDrive\เดสก์ท็อป\imageprocessing-prj\data\test\kiwi\Image_8.jpg,66.896484375,850,679,1.2518,3,JPEG,198.05,196.1,174.59,35.1,48.41,203.27,False
test,kiwi,Image_9.jpg,C:\Users\Computer\OneDrive\เดสก์ท็อป\imageprocessing-prj\data\test\kiwi\Image_9.jpg,189.873046875,1280,835,1.5329,3,JPEG,201.5,195.97,155.4,17.39,76.07,205.46,False
test,lemon,Image_1.png,C:\Users\Computer\OneDrive\เดสก์ท็อป\imageprocessing-prj\data\test\lemon\Image_1.png,573.8466796875,808,730,1.1068,3,PNG,244.82,223.61,142.24,15.85,110.01,244.82,False
test,lemon,Image_10.jpg,C:\Users\Computer\OneDrive\เดสก์ท็อป\imageprocessing-prj\data\test\lemon\Image_10.jpg,4510.341796875,2678,4027,0.665,3,JPEG,134.64,128.81,96.89,74.0,81.37,144.62,False
test,lemon,Image_2.jpg,C:\Users\Computer\OneDrive\เดสก์ท็อป\imageprocessing-prj\data\test\lemon\Image_2.jpg,56.6357421875,700,544,1.2868,3,JPEG,252.18,230.62,144.5,16.15,109.68,252.23,False
test,lemon,Image_3.jpg,C:\Users\Computer\OneDrive\เดสก์ท็อป\imageprocessing-prj\data\test\lemon\Image_3.jpg,142.0107421875,1024,681,1.5037,3,JPEG,193.16,168.0,107.09,25.86,114.06,193.65,False
test,lemon,Image_4.jpg,C:\Users\Computer\OneDrive\เดสก์ท็อป\imageprocessing-prj\data\test\lemon\Image_4.jpg,144.990234375,1000,1000,1.0,3,JPEG,169.0,162.84,85.41,29.52,144.06,178.08,False
test,lemon,Image_5.jpg,C:\Users\Computer\OneDrive\เดสก์ท็อป\imageprocessing-prj\data\test\lemon\Image_5.jpg,79.0849609375,700,700,1.0,3,JPEG,183.51,163.51,55.98,28.14,178.49,187.66,False
test,lemon,Image_6.png,C:\Users\Computer\OneDrive\เดสก์ท็อป\imageprocessing-prj\data\test\lemon\Image_6.png,994.18359375,1316,878,1.4989,3,PNG,89.21,83.43,29.1,12.84,75.86,93.85,False
test,lemon,Image_7.jpg,C:\Users\Computer\OneDrive\เดสก์ท็อป\imageprocessing-prj\data\test\lemon\Image_7.jpg,356.59765625,1000,1000,1.0,3,JPEG,238.83,228.5,167.34,14.19,86.53,242.08,False
test,lemon,Image_8.jpg,C:\Users\Computer\OneDrive\เดสก์ท็อป\imageprocessing-prj\data\test\lemon\Image_8.jpg,1584.328125,2304,3456,0.6667,3,JPEG,254.78,228.85,155.88,10.67,99.08,254.78,False
test,lemon,Image_9.png,C:\Users\Computer\OneDrive\เดสก์ท็อป\imageprocessing-prj\data\test\lemon\Image_9.png,6301.84375,3600,2282,1.5776,3,PNG,217.33,205.53,112.69,19.64,138.03,224.76,False
test,lettuce,Image_1.jpg,C:\Users\Computer\OneDrive\เดสก์ท็อป\imageprocessing-prj\data\test\lettuce\Image_1.jpg,881.072265625,1632,1224,1.3333,3,JPEG,97.81,140.35,77.44,51.75,134.9,140.39,False
test,lettuce,Image_10.jpg,C:\Users\Computer\OneDrive\เดสก์ท็อป\imageprocessing-prj\data\test\lettuce\Image_10.jpg,348.3515625,1600,1065,1.5023,3,JPEG,77.78,161.72,29.26,50.71,211.82,161.73,False
test,lettuce,Image_2.jpg,C:\Users\Computer\OneDrive\เดสก์ท็อป\imageprocessing-prj\data\test\lettuce\Image_2.jpg,2182.234375,2448,3264,0.75,3,JPEG,121.89,155.75,68.59,42.93,155.9,156.77,False
test,lettuce,Image_3.jpg,C:\Users\Computer\OneDrive\เดสก์ท็อป\imageprocessing-prj\data\test\lettuce\Image_3.jpg,118.1298828125,1600,1207,1.3256,3,JPEG,158.65,193.45,131.08,27.65,116.11,193.46,False
test,lettuce,Image_4.jpg,C:\Users\Computer\OneDrive\เดสก์ท็อป\imageprocessing-prj\data\test\lettuce\Image_4.jpg,1407.5537109375,2420,1644,1.472,3,JPEG,129.93,168.17,85.26,46.49,138.21,169.33,False
test,lettuce,Image_5.jpeg,C:\Users\Computer\OneDrive\เดสก์ท็อป\imageprocessing-prj\data\test\lettuce\Image_5.jpeg,513.8310546875,2560,1940,1.3196,3,JPEG,199.08,219.89,161.69,22.48,83.85,219.89,False
test,lettuce,Image_6.jpg,C:\Users\Computer\OneDrive\เดสก์ท็อป\imageprocessing-prj\data\test\lettuce\Image_6.jpg,538.888671875,2005,1335,1.5019,3,JPEG,100.64,143.72,49.23,44.19,181.13,143.72,False
test,lettuce,Image_7.jpg,C:\Users\Computer\OneDrive\เดสก์ท็อป\imageprocessing-prj\data\test\lettuce\Image_7.jpg,77.1123046875,1024,1024,1.0,3,JPEG,148.5,156.48,79.82,30.07,150.4,164.48,False
test,lettuce,Image_8.jpg,C:\Users\Computer\OneDrive\เดสก์ท็อป\imageprocessing-prj\data\test\lettuce\Image_8.jpg,742.1064453125,1208,825,1.4642,3,JPEG,118.56,151.84,70.27,46.62,121.61,152.99,False
test,lettuce,Image_9.jpg,C:\Users\Computer\OneDrive\เดสก์ท็อป\imageprocessing-prj\data\test\lettuce\Image_9.jpg,403.052734375,1025,780,1.3141,3,JPEG,104.55,148.25,26.99,43.23,216.78,148.84,False
test,mango,Image_1.jpg,C:\Users\Computer\OneDrive\เดสก์ท็อป\imageprocessing-prj\data\test\mango\Image_1.jpg,248.375,1200,1200,1.0,3,JPEG,89.4,104.5,36.67,40.28,192.8,122.1,False
test,mango,Image_10.jpg,C:\Users\Computer\OneDrive\เดสก์ท็อป\imageprocessing-prj\data\test\mango\Image_10.jpg,140.400390625,558,600,0.93,3,JPEG,246.85,225.74,196.05,12.68,57.43,247.64,False
test,mango,Image_2.jpg,C:\Users\Computer\OneDrive\เดสก์ท็อป\imageprocessing-prj\data\test\mango\Image_2.jpg,212.5830078125,1500,1250,1.2,3,JPEG,152.81,126.75,69.62,43.86,159.33,159.98,False
test,mango,Image_3.jpg,C:\Users\Computer\OneDrive\เดสก์ท็อป\imageprocessing-prj\data\test\mango\Image_3.jpg,202.716796875,800,599,1.3356,3,JPEG,177.01,144.23,90.81,27.24,133.81,181.3,False
test,mango,Image_4.jpg,C:\Users\Computer\OneDrive\เดสก์ท็อป\imageprocessing-prj\data\test\mango\Image_4.jpg,154.7880859375,1600,1071,1.4939,3,JPEG,210.62,155.45,39.03,20.7,207.44,211.07,False
test,mango,Image_5.jpg,C:\Users\Computer\OneDrive\เดสก์ท็อป\imageprocessing-prj\data\test\mango\Image_5.jpg,2853.943359375,5184,3456,1.5,3,JPEG,198.54,187.21,155.35,51.9,65.95,200.27,False
test,mango,Image_6.jpg,C:\Users\Computer\OneDrive\เดสก์ท็อป\imageprocessing-prj\data\test\mango\Image_6.jpg,269.9423828125,3648,2736,1.3333,3,JPEG,172.93,107.87,33.08,18.14,197.07,174.12,False
test,mango,Image_7.jpg,C:\Users\Computer\OneDrive\เดสก์ท็อป\imageprocessing-prj\data\test\mango\Image_7.jpg,106.40625,1090,1100,0.9909,3,JPEG,233.74,204.83,151.17,11.41,99.26,234.83,False
test,mango,Image_8.jpg,C:\Users\Computer\OneDrive\เดสก์ท็อป\imageprocessing-prj\data\test\mango\Image_8.jpg,109.25390625,800,800,1.0,3,JPEG,232.16,202.71,186.32,17.61,61.17,233.66,False
test,mango,Image_9.jpg,C:\Users\Computer\OneDrive\เดสก์ท็อป\imageprocessing-prj\data\test\mango\Image_9.jpg,38.1982421875,600,600,1.0,3,JPEG,249.9,230.28,169.76,13.78,84.01,249.93,False
test,onion,Image_1.jpg,C:\Users\Computer\OneDrive\เดสก์ท็อป\imageprocessing-prj\data\test\onion\Image_1.jpg,376.1748046875,1648,1153,1.4293,3,JPEG,240.82,213.54,192.28,8.14,56.01,240.83,False
test,onion,Image_10.jpg,C:\Users\Computer\OneDrive\เดสก์ท็อป\imageprocessing-prj\data\test\onion\Image_10.jpg,376.1748046875,1648,1153,1.4293,3,JPEG,240.82,213.54,192.28,8.14,56.01,240.83,False
test,onion,Image_2.jpg,C:\Users\Computer\OneDrive\เดสก์ท็อป\imageprocessing-prj\data\test\onion\Image_2.jpg,629.013671875,2122,1415,1.4996,3,JPEG,227.86,207.46,188.28,10.83,52.83,228.55,False
test,onion,Image_3.jpg,C:\Users\Computer\OneDrive\เดสก์ท็อป\imageprocessing-prj\data\test\onion\Image_3.jpg,49.24609375,1024,768,1.3333,3,JPEG,94.0,51.09,47.36,69.66,125.33,94.1,False
test,onion,Image_4.jpg,C:\Users\Computer\OneDrive\เดสก์ท็อป\imageprocessing-prj\data\test\onion\Image_4.jpg,369.2333984375,2300,1533,1.5003,3,JPEG,152.34,122.58,101.89,15.46,98.9,152.34,False
test,onion,Image_5.jpg,C:\Users\Computer\OneDrive\เดสก์ท็อป\imageprocessing-prj\data\test\onion\Image_5.jpg,37.5947265625,1000,667,1.4993,3,JPEG,218.88,192.64,198.21,71.52,44.72,218.9,False
test,onion,Image_6.jpg,C:\Users\Computer\OneDrive\เดสก์ท็อป\imageprocessing-prj\data\test\onion\Image_6.jpg,115.92578125,1612,1012,1.5929,3,JPEG,243.82,223.47,217.07,21.71,33.24,244.53,False
test,onion,Image_7.png,C:\Users\Computer\OneDrive\เดสก์ท็อป\imageprocessing-prj\data\test\onion\Image_7.png,1638.9580078125,1029,1109,0.9279,3,PNG,223.49,173.14,133.92,10.36,111.3,223.5,False
test,onion,Image_8.jpg,C:\Users\Computer\OneDrive\เดสก์ท็อป\imageprocessing-prj\data\test\onion\Image_8.jpg,219.599609375,1581,1239,1.276,3,JPEG,126.5,77.74,64.11,91.73,163.52,129.07,False
test,onion,Image_9.jpg,C:\Users\Computer\OneDrive\เดสก์ท็อป\imageprocessing-prj\data\test\onion\Image_9.jpg,296.5244140625,1500,1125,1.3333,3,JPEG,168.23,136.73,103.14,25.92,116.07,169.7,False
test,orange,Image_1.png,C:\Users\Computer\OneDrive\เดสก์ท็อป\imageprocessing-prj\data\test\orange\Image_1.png,1564.16015625,1173,1200,0.9775,3,PNG,174.91,128.64,46.6,13.17,130.75,174.91,False
test,orange,Image_10.png,C:\Users\Computer\OneDrive\เดสก์ท็อป\imageprocessing-prj\data\test\orange\Image_10.png,1564.16015625,1173,1200,0.9775,3,PNG,174.91,128.64,46.6,13.17,130.75,174.91,False
test,orange,Image_2.jpg,C:\Users\Computer\OneDrive\เดสก์ท็อป\imageprocessing-prj\data\test\orange\Image_2.jpg,70.552734375,1280,719,1.7803,3,JPEG,195.11,135.85,42.64,19.56,198.38,196.09,False
test,orange,Image_3.jpg,C:\Users\Computer\OneDrive\เดสก์ท็อป\imageprocessing-prj\data\test\orange\Image_3.jpg,220.0244140625,1920,1080,1.7778,3,JPEG,252.27,214.81,164.3,8.88,90.37,252.3,False
test,orange,Image_4.jpg,C:\Users\Computer\OneDrive\เดสก์ท็อป\imageprocessing-prj\data\test\orange\Image_4.jpg,830.98046875,3008,2000,1.504,3,JPEG,245.91,226.28,179.42,21.93,66.95,245.92,False
test,orange,Image_5.jpg,C:\Users\Computer\OneDrive\เดสก์ท็อป\imageprocessing-prj\data\test\orange\Image_5.jpg,797.2841796875,1024,1024,1.0,3,JPEG,250.87,169.92,40.17,18.62,214.52,250.87,False
test,orange,Image_6.jpg,C:\Users\Computer\OneDrive\เดสก์ท็อป\imageprocessing-prj\data\test\orange\Image_6.jpg,655.4599609375,5456,3632,1.5022,3,JPEG,190.18,148.39,61.27,27.32,173.3,192.17,False
test,orange,Image_7.jpg,C:\Users\Computer\OneDrive\เดสก์ท็อป\imageprocessing-prj\data\test\orange\Image_7.jpg,4311.904296875,3485,2548,1.3677,3,JPEG,248.81,225.66,161.03,13.11,92.97,250.62,False
test,orange,Image_8.jpeg,C:\Users\Computer\OneDrive\เดสก์ท็อป\imageprocessing-prj\data\test\orange\Image_8.jpeg,5081.1044921875,4937,3533,1.3974,3,JPEG,158.51,105.09,44.52,30.5,183.21,158.52,False
test,orange,Image_9.jpg,C:\Users\Computer\OneDrive\เดสก์ท็อป\imageprocessing-prj\data\test\orange\Image_9.jpg,434.6689453125,2027,1812,1.1187,3,JPEG,190.76,159.92,74.23,26.92,147.14,191.41,False
test,paprika,Image_1.jpg,C:\Users\Computer\OneDrive\เดสก์ท็อป\imageprocessing-prj\data\test\paprika\Image_1.jpg,293.119140625,1200,979,1.2257,3,JPEG,206.59,151.75,123.4,22.68,115.75,207.66,False
test,paprika,Image_10.jpg,C:\Users\Computer\OneDrive\เดสก์ท็อป\imageprocessing-prj\data\test\paprika\Image_10.jpg,293.119140625,1200,979,1.2257,3,JPEG,206.59,151.75,123.4,22.68,115.75,207.66,False
test,paprika,Image_2.jpg,C:\Users\Computer\OneDrive\เดสก์ท็อป\imageprocessing-prj\data\test\paprika\Image_2.jpg,83.587890625,960,540,1.7778,3,JPEG,223.99,174.5,164.92,6.8,84.92,224.22,False
test,paprika,Image_3.jpg,C:\Users\Computer\OneDrive\เดสก์ท็อป\imageprocessing-prj\data\test\paprika\Image_3.jpg,113.3515625,1200,1800,0.6667,3,JPEG,182.03,74.63,26.57,17.61,217.98,182.06,False
test,paprika,Image_4.jpg,C:\Users\Computer\OneDrive\เดสก์ท็อป\imageprocessing-prj\data\test\paprika\Image_4.jpg,80.6630859375,849,564,1.5053,3,JPEG,107.84,117.26,58.39,51.94,175.4,147.16,False
test,paprika,Image_5.jpg,C:\Users\Computer\OneDrive\เดสก์ท็อป\imageprocessing-prj\data\test\paprika\Image_5.jpg,41.6240234375,720,810,0.8889,3,JPEG,170.52,88.44,79.1,45.96,141.46,171.13,False
test,paprika,Image_6.jpg,C:\Users\Computer\OneDrive\เดสก์ท็อป\imageprocessing-prj\data\test\paprika\Image_6.jpg,77.3701171875,1092,603,1.8109,3,JPEG,118.11,91.94,66.24,34.74,120.71,127.35,False
test,paprika,Image_7.jpg,C:\Users\Computer\OneDrive\เดสก์ท็อป\imageprocessing-prj\data\test\paprika\Image_7.jpg,99.5380859375,1200,1800,0.6667,3,JPEG,163.28,70.4,24.02,21.62,212.44,163.28,False
test,paprika,Image_8.jpg,C:\Users\Computer\OneDrive\เดสก์ท็อป\imageprocessing-prj\data\test\paprika\Image_8.jpg,89.6845703125,1200,1800,0.6667,3,JPEG,158.39,45.32,27.55,18.18,218.03,159.04,False
test,paprika,Image_9.jpg,C:\Users\Computer\OneDrive\เดสก์ท็อป\imageprocessing-prj\data\test\paprika\Image_9.jpg,1280.2119140625,2646,3909,0.6769,3,JPEG,121.28,154.79,86.38,47.33,134.83,168.82,False
test,pear,Image_1.jpg,C:\Users\Computer\OneDrive\เดสก์ท็อป\imageprocessing-prj\data\test\pear\Image_1.jpg,168.8818359375,1000,999,1.001,3,JPEG,95.71,102.83,38.51,33.83,178.91,105.52,False
test,pear,Image_10.jpg,C:\Users\Computer\OneDrive\เดสก์ท็อป\imageprocessing-prj\data\test\pear\Image_10.jpg,330.99609375,1000,867,1.1534,3,JPEG,234.24,233.13,196.54,11.94,52.84,235.07,False
test,pear,Image_2.jpg,C:\Users\Computer\OneDrive\เดสก์ท็อป\imageprocessing-prj\data\test\pear\Image_2.jpg,76.1923828125,821,1024,0.8018,3,JPEG,104.8,108.41,60.32,46.34,115.82,118.13,False
test,pear,Image_3.jpg,C:\Users\Computer\OneDrive\เดสก์ท็อป\imageprocessing-prj\data\test\pear\Image_3.jpg,330.99609375,1000,867,1.1534,3,JPEG,234.24,233.13,196.54,11.94,52.84,235.07,False
test,pear,Image_4.jpg,C:\Users\Computer\OneDrive\เดสก์ท็อป\imageprocessing-prj\data\test\pear\Image_4.jpg,344.0419921875,1326,1151,1.152,3,JPEG,227.29,230.82,204.87,8.24,41.5,231.13,False
test,pear,Image_5.jpg,C:\Users\Computer\OneDrive\เดสก์ท็อป\imageprocessing-prj\data\test\pear\Image_5.jpg,2314.7587890625,3750,2500,1.5,3,JPEG,226.15,226.7,206.82,8.97,36.89,228.06,False
test,pear,Image_6.jpg,C:\Users\Computer\OneDrive\เดสก์ท็อป\imageprocessing-prj\data\test\pear\Image_6.jpg,108.634765625,800,1066,0.7505,3,JPEG,107.11,113.8,53.37,35.4,147.81,115.91,False
test,pear,Image_7.jpg,C:\Users\Computer\OneDrive\เดสก์ท็อป\imageprocessing-prj\data\test\pear\Image_7.jpg,16.791015625,450,480,0.9375,3,JPEG,238.14,237.14,204.24,13.52,42.97,238.26,False
test,pear,Image_8.jpg,C:\Users\Computer\OneDrive\เดสก์ท็อป\imageprocessing-prj\data\test\pear\Image_8.jpg,76.1923828125,821,1024,0.8018,3,JPEG,104.8,108.41,60.32,46.34,115.82,118.13,False
test,pear,Image_9.jpg,C:\Users\Computer\OneDrive\เดสก์ท็อป\imageprocessing-prj\data\test\pear\Image_9.jpg,168.8818359375,1000,999,1.001,3,JPEG,95.71,102.83,38.51,33.83,178.91,105.52,False
test,peas,Image_1.jpg,C:\Users\Computer\OneDrive\เดสก์ท็อป\imageprocessing-prj\data\test\peas\Image_1.jpg,208.9599609375,1024,768,1.3333,3,JPEG,102.97,139.48,27.88,42.6,219.94,139.57,False
test,peas,Image_10.jpg,C:\Users\Computer\OneDrive\เดสก์ท็อป\imageprocessing-prj\data\test\peas\Image_10.jpg,3041.857421875,4200,2800,1.5,3,JPEG,98.62,169.68,60.0,50.44,177.06,169.69,False
test,peas,Image_2.jpg,C:\Users\Computer\OneDrive\เดสก์ท็อป\imageprocessing-prj\data\test\peas\Image_2.jpg,2319.259765625,3888,2592,1.5,3,JPEG,90.75,93.45,54.7,28.8,128.51,99.31,False
test,peas,Image_3.jpg,C:\Users\Computer\OneDrive\เดสก์ท็อป\imageprocessing-prj\data\test\peas\Image_3.jpg,59.6630859375,850,565,1.5044,3,JPEG,180.22,191.5,130.02,33.1,110.25,191.99,False
test,peas,Image_4.jpg,C:\Users\Computer\OneDrive\เดสก์ท็อป\imageprocessing-prj\data\test\peas\Image_4.jpg,99.4873046875,1024,1024,1.0,3,JPEG,100.13,121.97,56.18,54.13,146.82,123.08,False
test,peas,Image_5.jpg,C:\Users\Computer\OneDrive\เดสก์ท็อป\imageprocessing-prj\data\test\peas\Image_5.jpg,2939.1962890625,4200,2800,1.5,3,JPEG,88.62,162.09,61.65,53.48,177.69,162.09,False
test,peas,Image_6.png,C:\Users\Computer\OneDrive\เดสก์ท็อป\imageprocessing-prj\data\test\peas\Image_6.png,1102.1904296875,1000,750,1.3333,3,PNG,79.73,163.52,55.27,55.81,177.52,163.61,False
test,peas,Image_7.jpg,C:\Users\Computer\OneDrive\เดสก์ท็อป\imageprocessing-prj\data\test\peas\Image_7.jpg,1999.462890625,3888,2592,1.5,3,JPEG,109.48,106.63,74.03,24.95,114.59,115.82,False
test,peas,Image_8.jpg,C:\Users\Computer\OneDrive\เดสก์ท็อป\imageprocessing-prj\data\test\peas\Image_8.jpg,869.6455078125,1936,1288,1.5031,3,JPEG,130.85,156.7,93.94,54.14,138.05,157.4,False
test,peas,Image_9.jpg,C:\Users\Computer\OneDrive\เดสก์ท็อป\imageprocessing-prj\data\test\peas\Image_9.jpg,96.0625,1040,1300,0.8,3,JPEG,179.23,195.52,171.31,51.16,49.07,197.94,False
test,pineapple,Image_1.jpg,C:\Users\Computer\OneDrive\เดสก์ท็อป\imageprocessing-prj\data\test\pineapple\Image_1.jpg,85.7880859375,975,2048,0.4761,3,JPEG,153.12,144.2,130.92,32.12,77.27,154.96,False
test,pineapple,Image_10.jpg,C:\Users\Computer\OneDrive\เดสก์ท็อป\imageprocessing-prj\data\test\pineapple\Image_10.jpg,343.546875,1600,1061,1.508,3,JPEG,118.74,123.48,90.11,37.57,94.95,126.93,False
test,pineapple,Image_2.jpg,C:\Users\Computer\OneDrive\เดสก์ท็อป\imageprocessing-prj\data\test\pineapple\Image_2.jpg,231.923828125,1800,1200,1.5,3,JPEG,169.89,182.59,125.68,41.85,92.22,187.92,False
test,pineapple,Image_3.jpg,C:\Users\Computer\OneDrive\เดสก์ท็อป\imageprocessing-prj\data\test\pineapple\Image_3.jpg,1633.404296875,5703,3802,1.5,3,JPEG,136.65,127.38,94.45,29.46,99.99,140.43,False
test,pineapple,Image_4.jpg,C:\Users\Computer\OneDrive\เดสก์ท็อป\imageprocessing-prj\data\test\pineapple\Image_4.jpg,690.6943359375,1275,1800,0.7083,3,JPEG,142.73,149.17,124.2,51.2,81.15,161.63,False
test,pineapple,Image_5.jpg,C:\Users\Computer\OneDrive\เดสก์ท็อป\imageprocessing-prj\data\test\pineapple\Image_5.jpg,145.8623046875,1200,1740,0.6897,3,JPEG,216.64,207.33,195.2,9.17,41.56,217.38,False
test,pineapple,Image_6.jpg,C:\Users\Computer\OneDrive\เดสก์ท็อป\imageprocessing-prj\data\test\pineapple\Image_6.jpg,1237.205078125,1200,1800,0.6667,3,JPEG,173.45,160.0,139.05,50.28,76.9,175.73,False
test,pineapple,Image_7.jpg,C:\Users\Computer\OneDrive\เดสก์ท็อป\imageprocessing-prj\data\test\pineapple\Image_7.jpg,104.1884765625,1000,1000,1.0,3,JPEG,218.35,215.12,194.01,13.98,47.35,219.52,False
test,pineapple,Image_8.jpg,C:\Users\Computer\OneDrive\เดสก์ท็อป\imageprocessing-prj\data\test\pineapple\Image_8.jpg,7861.681640625,4756,5945,0.8,3,JPEG,224.0,224.63,204.61,14.31,39.75,230.41,False
test,pineapple,Image_9.jpg,C:\Users\Computer\OneDrive\เดสก์ท็อป\imageprocessing-prj\data\test\pineapple\Image_9.jpg,66.955078125,700,1050,0.6667,3,JPEG,211.5,210.25,197.38,12.09,38.95,213.14,False
test,pomegranate,Image_1.jpg,C:\Users\Computer\OneDrive\เดสก์ท็อป\imageprocessing-prj\data\test\pomegranate\Image_1.jpg,482.474609375,2000,1570,1.2739,3,JPEG,218.58,161.32,165.47,89.12,85.47,219.78,False
test,pomegranate,Image_10.jpg,C:\Users\Computer\OneDrive\เดสก์ท็อป\imageprocessing-prj\data\test\pomegranate\Image_10.jpg,482.474609375,2000,1570,1.2739,3,JPEG,218.58,161.32,165.47,89.12,85.47,219.78,False
test,pomegranate,Image_2.jpg,C:\Users\Computer\OneDrive\เดสก์ท็อป\imageprocessing-prj\data\test\pomegranate\Image_2.jpg,1513.0205078125,2808,1872,1.5,3,JPEG,213.85,186.88,186.81,44.86,56.46,213.85,False
test,pomegranate,Image_3.jpg,C:\Users\Computer\OneDrive\เดสก์ท็อป\imageprocessing-prj\data\test\pomegranate\Image_3.jpg,132.939453125,1000,791,1.2642,3,JPEG,206.29,149.09,150.07,93.68,95.81,209.18,False
test,pomegranate,Image_4.jpg,C:\Users\Computer\OneDrive\เดสก์ท็อป\imageprocessing-prj\data\test\pomegranate\Image_4.jpg,197.90625,1920,1074,1.7877,3,JPEG,102.41,95.93,54.81,49.09,192.36,130.67,False
test,pomegranate,Image_5.jpg,C:\Users\Computer\OneDrive\เดสก์ท็อป\imageprocessing-prj\data\test\pomegranate\Image_5.jpg,106.5791015625,1000,809,1.2361,3,JPEG,212.51,152.91,154.29,90.43,96.61,214.78,False
test,pomegranate,Image_6.jpg,C:\Users\Computer\OneDrive\เดสก์ท็อป\imageprocessing-prj\data\test\pomegranate\Image_6.jpg,297.177734375,1800,1111,1.6202,3,JPEG,218.71,175.57,178.4,53.12,73.32,218.93,False
test,pomegranate,Image_7.jpg,C:\Users\Computer\OneDrive\เดสก์ท็อป\imageprocessing-prj\data\test\pomegranate\Image_7.jpg,561.9794921875,4422,3038,1.4556,3,JPEG,230.29,200.1,201.78,42.38,46.83,230.32,False
test,pomegranate,Image_8.jpg,C:\Users\Computer\OneDrive\เดสก์ท็อป\imageprocessing-prj\data\test\pomegranate\Image_8.jpg,371.05078125,1024,1024,1.0,3,JPEG,131.2,82.68,76.74,31.69,121.56,131.2,False
test,pomegranate,Image_9.jpg,C:\Users\Computer\OneDrive\เดสก์ท็อป\imageprocessing-prj\data\test\pomegranate\Image_9.jpg,174.3837890625,1400,935,1.4973,3,JPEG,111.43,52.39,47.03,44.81,158.77,111.44,False
test,potato,Image_1.jpg,C:\Users\Computer\OneDrive\เดสก์ท็อป\imageprocessing-prj\data\test\potato\Image_1.jpg,140.7744140625,1200,801,1.4981,3,JPEG,222.2,202.63,147.92,19.17,89.58,222.2,False
test,potato,Image_10.jpg,C:\Users\Computer\OneDrive\เดสก์ท็อป\imageprocessing-prj\data\test\potato\Image_10.jpg,13.052734375,300,199,1.5075,3,JPEG,156.91,101.5,35.46,17.31,206.07,156.94,False
test,potato,Image_2.jpg,C:\Users\Computer\OneDrive\เดสก์ท็อป\imageprocessing-prj\data\test\potato\Image_2.jpg,61.3544921875,894,894,1.0,3,JPEG,180.33,135.64,177.82,102.37,102.01,199.89,False
test,potato,Image_3.jpg,C:\Users\Computer\OneDrive\เดสก์ท็อป\imageprocessing-prj\data\test\potato\Image_3.jpg,164.32421875,795,1024,0.7764,3,JPEG,115.38,89.47,53.48,22.38,155.18,115.39,False
test,potato,Image_4.jpg,C:\Users\Computer\OneDrive\เดสก์ท็อป\imageprocessing-prj\data\test\potato\Image_4.jpg,24.26171875,620,349,1.7765,3,JPEG,199.21,151.27,81.88,17.56,157.61,199.21,False
test,potato,Image_5.JPG,C:\Users\Computer\OneDrive\เดสก์ท็อป\imageprocessing-prj\data\test\potato\Image_5.JPG,72.353515625,1200,809,1.4833,3,JPEG,148.59,126.23,99.62,20.83,89.59,149.0,False
test,potato,Image_6.jpg,C:\Users\Computer\OneDrive\เดสก์ท็อป\imageprocessing-prj\data\test\potato\Image_6.jpg,59.619140625,876,493,1.7769,3,JPEG,184.99,127.27,91.47,14.57,138.1,184.99,False
test,potato,Image_7.jpg,C:\Users\Computer\OneDrive\เดสก์ท็อป\imageprocessing-prj\data\test\potato\Image_7.jpg,111.2421875,1280,720,1.7778,3,JPEG,174.18,117.86,9.84,19.67,237.53,174.2,False
test,potato,Image_8.jpg,C:\Users\Computer\OneDrive\เดสก์ท็อป\imageprocessing-prj\data\test\potato\Image_8.jpg,26.9931640625,550,550,1.0,3,JPEG,234.0,226.35,216.95,8.68,28.73,234.06,False
test,potato,Image_9.jpg,C:\Users\Computer\OneDrive\เดสก์ท็อป\imageprocessing-prj\data\test\potato\Image_9.jpg,132.0244140625,640,960,0.6667,3,JPEG,181.85,159.6,132.86,40.36,86.45,187.56,False
test,raddish,Image_1.jpg,C:\Users\Computer\OneDrive\เดสก์ท็อป\imageprocessing-prj\data\test\raddish\Image_1.jpg,120.51171875,1200,900,1.3333,3,JPEG,167.21,176.22,154.73,65.1,59.29,181.81,False
test,raddish,Image_10.jpg,C:\Users\Computer\OneDrive\เดสก์ท็อป\imageprocessing-prj\data\test\raddish\Image_10.jpg,120.51171875,1200,900,1.3333,3,JPEG,167.21,176.22,154.73,65.1,59.29,181.81,False
test,raddish,Image_2.jpg,C:\Users\Computer\OneDrive\เดสก์ท็อป\imageprocessing-prj\data\test\raddish\Image_2.jpg,12.4658203125,700,700,1.0,3,JPEG,228.7,229.73,218.43,10.02,28.75,232.3,False
test,raddish,Image_3.jpg,C:\Users\Computer\OneDrive\เดสก์ท็อป\imageprocessing-prj\data\test\raddish\Image_3.jpg,243.61328125,1018,960,1.0604,3,JPEG,191.08,185.5,152.81,25.26,74.01,196.45,False
test,raddish,Image_4.jpg,C:\Users\Computer\OneDrive\เดสก์ท็อป\imageprocessing-prj\data\test\raddish\Image_4.jpg,236.3212890625,957,1300,0.7362,3,JPEG,142.03,156.02,128.53,43.83,76.26,160.45,False
test,raddish,Image_5.png,C:\Users\Computer\OneDrive\เดสก์ท็อป\imageprocessing-prj\data\test\raddish\Image_5.png,153.2353515625,450,284,1.5845,3,PNG,183.19,176.52,144.14,39.21,94.16,196.73,False
test,raddish,Image_6.jpg,C:\Users\Computer\OneDrive\เดสก์ท็อป\imageprocessing-prj\data\test\raddish\Image_6.jpg,61.1689453125,500,500,1.0,3,JPEG,152.29,158.91,139.53,34.74,75.66,162.61,False
test,raddish,Image_7.jpg,C:\Users\Computer\OneDrive\เดสก์ท็อป\imageprocessing-prj\data\test\raddish\Image_7.jpg,119.279296875,800,800,1.0,3,JPEG,149.31,136.46,114.65,63.73,99.58,160.33,False
test,raddish,Image_8.jpg,C:\Users\Computer\OneDrive\เดสก์ท็อป\imageprocessing-prj\data\test\raddish\Image_8.jpg,224.90234375,800,800,1.0,3,JPEG,169.02,160.73,108.7,26.66,124.64,178.03,False
test,raddish,Image_9.jpeg,C:\Users\Computer\OneDrive\เดสก์ท็อป\imageprocessing-prj\data\test\raddish\Image_9.jpeg,774.8125,1385,1793,0.7724,3,JPEG,160.89,163.27,125.19,31.3,96.96,170.68,False
test,soy beans,Image_1.jpg,C:\Users\Computer\OneDrive\เดสก์ท็อป\imageprocessing-prj\data\test\soy beans\Image_1.jpg,105.1826171875,1000,667,1.4993,3,JPEG,170.87,127.35,75.59,16.2,149.6,170.95,False
test,soy beans,Image_10.jpg,C:\Users\Computer\OneDrive\เดสก์ท็อป\imageprocessing-prj\data\test\soy beans\Image_10.jpg,105.9453125,735,350,2.1,3,JPEG,84.01,94.37,53.02,41.73,159.5,105.23,False
test,soy beans,Image_2.jpg,C:\Users\Computer\OneDrive\เดสก์ท็อป\imageprocessing-prj\data\test\soy beans\Image_2.jpg,204.1435546875,1200,667,1.7991,3,JPEG,158.27,113.63,62.56,30.69,168.37,161.96,False
test,soy beans,Image_3.jpg,C:\Users\Computer\OneDrive\เดสก์ท็อป\imageprocessing-prj\data\test\soy beans\Image_3.jpg,195.556640625,900,600,1.5,3,JPEG,148.48,101.24,75.05,36.64,143.35,148.51,False
test,soy beans,Image_4.jpg,C:\Users\Computer\OneDrive\เดสก์ท็อป\imageprocessing-prj\data\test\soy beans\Image_4.jpg,43.677734375,1024,683,1.4993,3,JPEG,234.72,226.57,211.67,53.09,35.1,235.78,False
test,soy beans,Image_5.jpg,C:\Users\Computer\OneDrive\เดสก์ท็อป\imageprocessing-prj\data\test\soy beans\Image_5.jpg,2383.853515625,3264,2448,1.3333,3,JPEG,181.05,141.19,79.72,20.69,149.89,181.7,False
test,soy beans,Image_6.jpg,C:\Users\Computer\OneDrive\เดสก์ท็อป\imageprocessing-prj\data\test\soy beans\Image_6.jpg,274.2607421875,2560,2035,1.258,3,JPEG,225.04,203.13,184.57,11.58,56.48,225.05,False
test,soy beans,Image_7.jpg,C:\Users\Computer\OneDrive\เดสก์ท็อป\imageprocessing-prj\data\test\soy beans\Image_7.jpg,68.5341796875,700,525,1.3333,3,JPEG,191.14,136.35,106.29,11.07,127.67,191.14,False
test,soy beans,Image_8.jpg,C:\Users\Computer\OneDrive\เดสก์ท็อป\imageprocessing-prj\data\test\soy beans\Image_8.jpg,215.6474609375,1200,800,1.5,3,JPEG,161.16,125.08,79.55,20.05,129.49,161.19,False
test,soy beans,Image_9.jpg,C:\Users\Computer\OneDrive\เดสก์ท็อป\imageprocessing-prj\data\test\soy beans\Image_9.jpg,428.1630859375,1000,664,1.506,3,JPEG,226.25,207.49,183.79,11.78,59.05,226.27,False
test,spinach,Image_1.jpg,C:\Users\Computer\OneDrive\เดสก์ท็อป\imageprocessing-prj\data\test\spinach\Image_1.jpg,614.375,2500,1638,1.5263,3,JPEG,144.96,155.46,94.95,34.19,114.41,157.58,False
test,spinach,Image_10.jpg,C:\Users\Computer\OneDrive\เดสก์ท็อป\imageprocessing-prj\data\test\spinach\Image_10.jpg,240.6953125,900,900,1.0,3,JPEG,147.8,170.48,137.79,67.18,84.69,171.67,False
test,spinach,Image_2.jpg,C:\Users\Computer\OneDrive\เดสก์ท็อป\imageprocessing-prj\data\test\spinach\Image_2.jpg,105.7333984375,1200,628,1.9108,3,JPEG,176.53,180.4,134.53,26.6,96.06,194.51,False
test,spinach,Image_3.jpg,C:\Users\Computer\OneDrive\เดสก์ท็อป\imageprocessing-prj\data\test\spinach\Image_3.jpg,1155.93359375,1920,1280,1.5,3,JPEG,78.91,149.49,46.19,52.82,189.99,149.5,False
test,spinach,Image_4.jpg,C:\Users\Computer\OneDrive\เดสก์ท็อป\imageprocessing-prj\data\test\spinach\Image_4.jpg,1748.7841796875,1590,1590,1.0,3,JPEG,130.19,125.18,50.58,28.86,171.15,135.78,False
test,spinach,Image_5.jpg,C:\Users\Computer\OneDrive\เดสก์ท็อป\imageprocessing-prj\data\test\spinach\Image_5.jpg,1944.033203125,1793,1200,1.4942,3,JPEG,126.26,181.5,68.12,44.35,168.5,181.75,False
test,spinach,Image_6.jpg,C:\Users\Computer\OneDrive\เดสก์ท็อป\imageprocessing-prj\data\test\spinach\Image_6.jpg,586.6748046875,1208,803,1.5044,3,JPEG,85.22,100.34,53.44,33.56,134.55,106.43,False
test,spinach,Image_7.jpg,C:\Users\Computer\OneDrive\เดสก์ท็อป\imageprocessing-prj\data\test\spinach\Image_7.jpg,132.89453125,800,1000,0.8,3,JPEG,167.71,190.61,149.41,58.03,89.74,193.32,False
test,spinach,Image_8.jpg,C:\Users\Computer\OneDrive\เดสก์ท็อป\imageprocessing-prj\data\test\spinach\Image_8.jpg,354.9208984375,1200,1741,0.6893,3,JPEG,79.74,135.54,62.43,54.29,162.66,135.64,False
test,spinach,Image_9.jpg,C:\Users\Computer\OneDrive\เดสก์ท็อป\imageprocessing-prj\data\test\spinach\Image_9.jpg,2625.083984375,3781,2531,1.4939,3,JPEG,78.2,90.71,56.99,45.01,112.43,91.94,False
test,sweetcorn,Image_1.jpg,C:\Users\Computer\OneDrive\เดสก์ท็อป\imageprocessing-prj\data\test\sweetcorn\Image_1.jpg,144.6630859375,1000,1000,1.0,3,JPEG,216.4,212.62,145.2,20.33,100.05,225.71,False
test,sweetcorn,Image_10.jpg,C:\Users\Computer\OneDrive\เดสก์ท็อป\imageprocessing-prj\data\test\sweetcorn\Image_10.jpg,232.4794921875,720,720,1.0,3,JPEG,165.64,161.46,63.71,29.5,176.79,176.66,False
test,sweetcorn,Image_2.jpg,C:\Users\Computer\OneDrive\เดสก์ท็อป\imageprocessing-prj\data\test\sweetcorn\Image_2.jpg,49.7578125,1280,960,1.3333,3,JPEG,158.04,154.14,88.75,44.5,129.79,166.86,False
test,sweetcorn,Image_3.jpg,C:\Users\Computer\OneDrive\เดสก์ท็อป\imageprocessing-prj\data\test\sweetcorn\Image_3.jpg,102.5654296875,800,800,1.0,3,JPEG,157.29,145.88,52.12,33.86,175.36,171.73,False
test,sweetcorn,Image_4.jpg,C:\Users\Computer\OneDrive\เดสก์ท็อป\imageprocessing-prj\data\test\sweetcorn\Image_4.jpg,399.080078125,600,600,1.0,3,JPEG,184.49,149.27,62.12,26.79,157.94,186.97,False
test,sweetcorn,Image_5.jpg,C:\Users\Computer\OneDrive\เดสก์ท็อป\imageprocessing-prj\data\test\sweetcorn\Image_5.jpg,2263.59375,3504,2336,1.5,3,JPEG,215.02,184.74,95.91,22.94,143.62,215.06,False
test,sweetcorn,Image_6.jpg,C:\Users\Computer\OneDrive\เดสก์ท็อป\imageprocessing-prj\data\test\sweetcorn\Image_6.jpg,93.63671875,769,500,1.538,3,JPEG,172.11,154.6,49.06,28.46,182.93,175.73,False
test,sweetcorn,Image_7.jpg,C:\Users\Computer\OneDrive\เดสก์ท็อป\imageprocessing-prj\data\test\sweetcorn\Image_7.jpg,665.5244140625,848,565,1.5009,3,JPEG,140.53,117.66,44.21,20.75,174.56,141.64,False
test,sweetcorn,Image_8.jpg,C:\Users\Computer\OneDrive\เดสก์ท็อป\imageprocessing-prj\data\test\sweetcorn\Image_8.jpg,98.7939453125,720,720,1.0,3,JPEG,151.3,147.92,84.6,44.21,117.44,163.29,False
test,sweetcorn,Image_9.jpg,C:\Users\Computer\OneDrive\เดสก์ท็อป\imageprocessing-prj\data\test\sweetcorn\Image_9.jpg,533.2451171875,2000,1333,1.5004,3,JPEG,197.22,171.0,71.08,25.2,169.11,200.13,False
test,sweetpotato,Image_1.jpg,C:\Users\Computer\OneDrive\เดสก์ท็อป\imageprocessing-prj\data\test\sweetpotato\Image_1.jpg,132.02734375,1709,2560,0.6676,3,JPEG,126.92,87.44,69.89,29.28,117.58,130.08,False
test,sweetpotato,Image_10.jpg,C:\Users\Computer\OneDrive\เดสก์ท็อป\imageprocessing-prj\data\test\sweetpotato\Image_10.jpg,1198.97265625,1000,1000,1.0,3,JPEG,109.64,99.7,81.46,87.96,110.72,128.12,False
test,sweetpotato,Image_2.jpg,C:\Users\Computer\OneDrive\เดสก์ท็อป\imageprocessing-prj\data\test\sweetpotato\Image_2.jpg,1198.97265625,1000,1000,1.0,3,JPEG,109.64,99.7,81.46,87.96,110.72,128.12,False
test,sweetpotato,Image_3.jpg,C:\Users\Computer\OneDrive\เดสก์ท็อป\imageprocessing-prj\data\test\sweetpotato\Image_3.jpg,410.93359375,2000,1125,1.7778,3,JPEG,134.95,81.61,54.61,14.96,158.3,135.0,False
test,sweetpotato,Image_4.jpg,C:\Users\Computer\OneDrive\เดสก์ท็อป\imageprocessing-prj\data\test\sweetpotato\Image_4.jpg,154.8427734375,1024,1536,0.6667,3,JPEG,181.07,145.71,121.92,42.63,99.58,182.26,False
test,sweetpotato,Image_5.jpg,C:\Users\Computer\OneDrive\เดสก์ท็อป\imageprocessing-prj\data\test\sweetpotato\Image_5.jpg,383.3896484375,1360,2040,0.6667,3,JPEG,115.61,76.79,47.15,36.22,128.49,117.57,False
test,sweetpotato,Image_6.jpg,C:\Users\Computer\OneDrive\เดสก์ท็อป\imageprocessing-prj\data\test\sweetpotato\Image_6.jpg,384.0947265625,1000,821,1.218,3,JPEG,213.62,191.13,179.72,9.66,53.61,213.62,False
test,sweetpotato,Image_7.jpg,C:\Users\Computer\OneDrive\เดสก์ท็อป\imageprocessing-prj\data\test\sweetpotato\Image_7.jpg,343.30078125,1500,2250,0.6667,3,JPEG,167.22,101.13,50.8,35.38,171.57,169.57,False
test,sweetpotato,Image_8.jpg,C:\Users\Computer\OneDrive\เดสก์ท็อป\imageprocessing-prj\data\test\sweetpotato\Image_8.jpg,154.8427734375,1024,1536,0.6667,3,JPEG,181.07,145.71,121.92,42.63,99.58,182.26,False
test,sweetpotato,Image_9.jpg,C:\Users\Computer\OneDrive\เดสก์ท็อป\imageprocessing-prj\data\test\sweetpotato\Image_9.jpg,132.02734375,1709,2560,0.6676,3,JPEG,126.92,87.44,69.89,29.28,117.58,130.08,False
test,tomato,Image_1.jpg,C:\Users\Computer\OneDrive\เดสก์ท็อป\imageprocessing-prj\data\test\tomato\Image_1.jpg,121.58984375,1600,1067,1.4995,3,JPEG,145.96,124.97,57.27,30.9,161.44,157.01,False
test,tomato,Image_10.jpg,C:\Users\Computer\OneDrive\เดสก์ท็อป\imageprocessing-prj\data\test\tomato\Image_10.jpg,121.58984375,1600,1067,1.4995,3,JPEG,145.96,124.97,57.27,30.9,161.44,157.01,False
test,tomato,Image_2.jpg,C:\Users\Computer\OneDrive\เดสก์ท็อป\imageprocessing-prj\data\test\tomato\Image_2.jpg,100.8291015625,1024,1120,0.9143,3,JPEG,182.83,103.62,94.33,31.84,124.5,183.55,False
test,tomato,Image_3.jpg,C:\Users\Computer\OneDrive\เดสก์ท็อป\imageprocessing-prj\data\test\tomato\Image_3.jpg,657.521484375,2008,2008,1.0,3,JPEG,235.95,184.04,176.79,5.72,73.94,237.88,False
test,tomato,Image_4.jpg,C:\Users\Computer\OneDrive\เดสก์ท็อป\imageprocessing-prj\data\test\tomato\Image_4.jpg,465.15234375,3353,2384,1.4065,3,JPEG,248.51,174.88,162.82,18.34,91.74,248.58,False
test,tomato,Image_5.jpg,C:\Users\Computer\OneDrive\เดสก์ท็อป\imageprocessing-prj\data\test\tomato\Image_5.jpg,212.98046875,1600,1064,1.5038,3,JPEG,107.65,98.32,64.02,59.16,146.37,135.2,False
test,tomato,Image_6.jpg,C:\Users\Computer\OneDrive\เดสก์ท็อป\imageprocessing-prj\data\test\tomato\Image_6.jpg,328.15234375,1200,1600,0.75,3,JPEG,119.57,126.36,54.66,36.53,162.19,139.16,False
test,tomato,Image_7.jpg,C:\Users\Computer\OneDrive\เดสก์ท็อป\imageprocessing-prj\data\test\tomato\Image_7.jpg,1039.42578125,1800,1200,1.5,3,JPEG,202.68,112.14,97.28,36.36,149.11,204.71,False
test,tomato,Image_8.jpg,C:\Users\Computer\OneDrive\เดสก์ท็อป\imageprocessing-prj\data\test\tomato\Image_8.jpg,3755.8291015625,2400,1800,1.3333,3,JPEG,171.88,157.36,155.84,75.91,38.17,174.33,False
test,tomato,Image_9.jpg,C:\Users\Computer\OneDrive\เดสก์ท็อป\imageprocessing-prj\data\test\tomato\Image_9.jpg,123.52734375,802,1200,0.6683,3,JPEG,88.91,90.62,62.2,42.92,117.33,102.84,False
test,turnip,Image_1.jpg,C:\Users\Computer\OneDrive\เดสก์ท็อป\imageprocessing-prj\data\test\turnip\Image_1.jpg,94.869140625,1200,799,1.5019,3,JPEG,153.62,138.09,133.83,69.11,64.5,157.84,False
test,turnip,Image_10.jpg,C:\Users\Computer\OneDrive\เดสก์ท็อป\imageprocessing-prj\data\test\turnip\Image_10.jpg,94.869140625,1200,799,1.5019,3,JPEG,153.62,138.09,133.83,69.11,64.5,157.84,False
test,turnip,Image_2.jpg,C:\Users\Computer\OneDrive\เดสก์ท็อป\imageprocessing-prj\data\test\turnip\Image_2.jpg,238.1201171875,1024,1024,1.0,3,JPEG,79.09,102.23,57.11,58.38,131.45,108.54,False
test,turnip,Image_3.jpg,C:\Users\Computer\OneDrive\เดสก์ท็อป\imageprocessing-prj\data\test\turnip\Image_3.jpg,431.16796875,567,850,0.6671,3,JPEG,103.15,107.4,89.12,66.45,94.74,119.93,False
test,turnip,Image_4.jpg,C:\Users\Computer\OneDrive\เดสก์ท็อป\imageprocessing-prj\data\test\turnip\Image_4.jpg,243.0478515625,1052,1202,0.8752,3,JPEG,132.35,133.74,103.09,49.34,104.17,148.42,False
test,turnip,Image_5.jpg,C:\Users\Computer\OneDrive\เดสก์ท็อป\imageprocessing-prj\data\test\turnip\Image_5.jpg,210.9501953125,1155,648,1.7824,3,JPEG,102.93,102.76,87.78,57.75,79.27,111.19,False
test,turnip,Image_6.jpg,C:\Users\Computer\OneDrive\เดสก์ท็อป\imageprocessing-prj\data\test\turnip\Image_6.jpg,93.3994140625,800,640,1.25,3,JPEG,148.31,132.88,86.62,25.52,125.03,157.52,False
test,turnip,Image_7.jpg,C:\Users\Computer\OneDrive\เดสก์ท็อป\imageprocessing-prj\data\test\turnip\Image_7.jpg,94.9697265625,1300,1300,1.0,3,JPEG,242.81,243.59,234.68,7.61,17.9,244.93,False
test,turnip,Image_8.jpg,C:\Users\Computer\OneDrive\เดสก์ท็อป\imageprocessing-prj\data\test\turnip\Image_8.jpg,243.794921875,1024,1024,1.0,3,JPEG,145.51,147.28,137.22,70.85,42.94,156.58,False
test,turnip,Image_9.jpg,C:\Users\Computer\OneDrive\เดสก์ท็อป\imageprocessing-prj\data\test\turnip\Image_9.jpg,321.6875,600,600,1.0,3,JPEG,123.38,137.93,104.14,50.18,122.44,153.17,False
test,watermelon,Image_1.jpg,C:\Users\Computer\OneDrive\เดสก์ท็อป\imageprocessing-prj\data\test\watermelon\Image_1.jpg,3360.1669921875,5114,4795,1.0665,3,JPEG,168.08,166.89,147.2,73.15,66.25,183.74,False
test,watermelon,Image_10.jpg,C:\Users\Computer\OneDrive\เดสก์ท็อป\imageprocessing-prj\data\test\watermelon\Image_10.jpg,912.669921875,2511,1872,1.3413,3,JPEG,108.4,101.93,96.29,102.26,117.68,136.8,False
test,watermelon,Image_2.jpg,C:\Users\Computer\OneDrive\เดสก์ท็อป\imageprocessing-prj\data\test\watermelon\Image_2.jpg,105.7421875,1061,720,1.4736,3,JPEG,118.07,69.85,37.3,41.21,185.28,126.39,False
test,watermelon,Image_3.jpg,C:\Users\Computer\OneDrive\เดสก์ท็อป\imageprocessing-prj\data\test\watermelon\Image_3.jpg,554.5380859375,1200,1806,0.6645,3,JPEG,108.47,109.83,57.22,29.2,143.79,122.95,False
test,watermelon,Image_4.jpg,C:\Users\Computer\OneDrive\เดสก์ท็อป\imageprocessing-prj\data\test\watermelon\Image_4.jpg,447.6259765625,1400,1101,1.2716,3,JPEG,208.85,206.26,190.17,10.6,45.81,214.29,False
test,watermelon,Image_5.jpg,C:\Users\Computer\OneDrive\เดสก์ท็อป\imageprocessing-prj\data\test\watermelon\Image_5.jpg,4640.224609375,2715,1810,1.5,3,JPEG,157.02,111.37,93.09,31.04,105.12,157.52,False
test,watermelon,Image_6.jpg,C:\Users\Computer\OneDrive\เดสก์ท็อป\imageprocessing-prj\data\test\watermelon\Image_6.jpg,231.708984375,800,800,1.0,3,JPEG,209.83,175.3,151.19,30.59,84.46,210.74,False
test,watermelon,Image_7.jpg,C:\Users\Computer\OneDrive\เดสก์ท็อป\imageprocessing-prj\data\test\watermelon\Image_7.jpg,299.1806640625,1200,628,1.9108,3,JPEG,214.27,115.59,91.33,30.99,155.92,217.7,False
test,watermelon,Image_8.jpg,C:\Users\Computer\OneDrive\เดสก์ท็อป\imageprocessing-prj\data\test\watermelon\Image_8.jpg,289.6044921875,1536,960,1.6,3,JPEG,214.64,192.68,177.95,49.65,65.03,226.95,False
test,watermelon,Image_9.jpg,C:\Users\Computer\OneDrive\เดสก์ท็อป\imageprocessing-prj\data\test\watermelon\Image_9.jpg,136.4482421875,1024,1170,0.8752,3,JPEG,179.09,158.39,144.18,73.62,90.19,199.59,False
